dates_start,dates_end,mean,err_pos,err_neg,sd_pos,sd_neg,region,metric
-1000.0,-900.0,3.6666666666666665,4.153333333333333,3.3400000000000003,3.95534180126148,3.3779915320718534,Anatolia & the Caucasus,Overall
-900.0,-800.0,3.6833333333333327,4.0,3.3400000000000003,3.9856392857869505,3.381027380879715,Anatolia & the Caucasus,Overall
-800.0,-700.0,3.641666666666667,4.16,3.013333333333333,4.119726983642116,3.1636063496912183,Anatolia & the Caucasus,Overall
-700.0,-600.0,3.45,4.166666666666667,2.8333333333333335,4.12515430335097,2.7748456966490305,Anatolia & the Caucasus,Overall
-600.0,-500.0,4.791666666666667,5.166666666666667,4.506666666666667,5.235372650399138,4.347960682934196,Anatolia & the Caucasus,Overall
-500.0,-400.0,4.841666666666667,5.333333333333333,4.346666666666667,5.323200673773123,4.360132659560211,Anatolia & the Caucasus,Overall
-400.0,-300.0,4.941666666666666,5.333333333333333,4.5,5.416812843004948,4.466520490328385,Anatolia & the Caucasus,Overall
-300.0,-200.0,4.841666666666668,5.166666666666667,4.5,5.280968511769908,4.4023648215634275,Anatolia & the Caucasus,Overall
-200.0,-100.0,5.491666666666666,6.0,4.84,6.098285254505113,4.88504807882822,Anatolia & the Caucasus,Overall
-100.0,0.0,6.1916666666666655,6.66,5.833333333333333,6.607582657115591,5.77575067621774,Anatolia & the Caucasus,Overall
0.0,100.0,5.658333333333333,5.833333333333333,5.34,6.001824397425416,5.31484226924125,Anatolia & the Caucasus,Overall
100.0,200.0,5.616666666666666,6.166666666666667,5.006666666666667,6.270926214213017,4.962407119120315,Anatolia & the Caucasus,Overall
200.0,300.0,4.05,4.66,3.6666666666666665,4.544694069321861,3.5553059306781387,Anatolia & the Caucasus,Overall
300.0,400.0,4.875,5.66,4.180000000000001,5.47331940559463,4.27668059440537,Anatolia & the Caucasus,Overall
400.0,500.0,3.9916666666666663,4.66,3.1866666666666665,4.562910436387129,3.420422896946204,Anatolia & the Caucasus,Overall
500.0,600.0,3.9333333333333327,4.486666666666666,3.3400000000000003,4.658668504899631,3.2079981617670343,Anatolia & the Caucasus,Overall
600.0,700.0,3.508333333333333,4.166666666666667,2.6799999999999997,4.126293688048747,2.890372978617919,Anatolia & the Caucasus,Overall
700.0,800.0,4.2333333333333325,4.819999999999999,3.8333333333333335,4.68178746823579,3.7848791984308754,Anatolia & the Caucasus,Overall
800.0,900.0,4.975,5.333333333333333,4.666666666666667,5.423066835292335,4.526933164707664,Anatolia & the Caucasus,Overall
900.0,1000.0,5.016666666666667,5.493333333333333,4.666666666666667,5.510798902679119,4.522534430654214,Anatolia & the Caucasus,Overall
1000.0,1100.0,4.333333333333334,4.826666666666666,3.8333333333333335,4.8524137167465815,3.814252949920086,Anatolia & the Caucasus,Overall
1100.0,1200.0,4.225,4.819999999999999,3.84,4.74213688280334,3.707863117196659,Anatolia & the Caucasus,Overall
1200.0,1300.0,2.8,3.0,2.6666666666666665,3.1358240279934977,2.464175972006502,Anatolia & the Caucasus,Overall
1300.0,1400.0,4.341666666666667,4.66,4.0,4.808556494261048,3.8747768390722857,Anatolia & the Caucasus,Overall
1400.0,1500.0,5.816666666666667,6.333333333333333,5.506666666666667,6.396177955023791,5.237155378309543,Anatolia & the Caucasus,Overall
1500.0,1600.0,6.425000000000002,6.666666666666667,6.0,6.929080571161222,5.920919428838781,Anatolia & the Caucasus,Overall
1600.0,1700.0,4.691666666666666,5.0,4.34,5.013445576271796,4.369887757061536,Anatolia & the Caucasus,Overall
1700.0,1800.0,3.875,4.326666666666666,3.506666666666667,4.216056365494685,3.533943634505315,Anatolia & the Caucasus,Overall
1800.0,1900.0,3.9583333333333335,4.5,3.3400000000000003,4.558969570076413,3.357697096590254,Anatolia & the Caucasus,Overall
1900.0,2000.0,4.558333333333334,5.333333333333333,4.0,5.237947194286742,3.878719472379924,Anatolia & the Caucasus,Overall
2000.0,2025.0,6.224999999999999,6.333333333333333,6.006666666666667,6.417028643696714,6.032971356303284,Anatolia & the Caucasus,Overall
-1000.0,-900.0,4.25,5.0,4.0,4.68301270189222,3.816987298107781,Anatolia & the Caucasus,Subset: Culture & Lesure
-900.0,-800.0,4.4,5.0,4.0,4.889897948556636,3.910102051443365,Anatolia & the Caucasus,Subset: Culture & Lesure
-800.0,-700.0,4.65,5.0,4.0,5.4421489758877435,3.857851024112257,Anatolia & the Caucasus,Subset: Culture & Lesure
-700.0,-600.0,4.35,5.0,3.04,5.259670269933013,3.4403297300669866,Anatolia & the Caucasus,Subset: Culture & Lesure
-600.0,-500.0,5.5,6.0,5.0,6.091607978309962,4.908392021690038,Anatolia & the Caucasus,Subset: Culture & Lesure
-500.0,-400.0,6.05,6.959999999999999,6.0,6.63949130612758,5.46050869387242,Anatolia & the Caucasus,Subset: Culture & Lesure
-400.0,-300.0,6.75,7.0,6.0,7.18301270189222,6.31698729810778,Anatolia & the Caucasus,Subset: Culture & Lesure
-300.0,-200.0,6.7,7.0,6.0,7.158257569495584,6.2417424305044165,Anatolia & the Caucasus,Subset: Culture & Lesure
-200.0,-100.0,6.6,7.0,6.0,7.089897948556636,6.110102051443364,Anatolia & the Caucasus,Subset: Culture & Lesure
-100.0,0.0,7.2,8.0,7.0,7.709901951359279,6.6900980486407216,Anatolia & the Caucasus,Subset: Culture & Lesure
0.0,100.0,7.05,7.0,7.0,7.43405728739343,6.66594271260657,Anatolia & the Caucasus,Subset: Culture & Lesure
100.0,200.0,7.15,8.0,7.0,7.72227615711298,6.57772384288702,Anatolia & the Caucasus,Subset: Culture & Lesure
200.0,300.0,5.9,6.0,5.0,6.52449979983984,5.2755002001601605,Anatolia & the Caucasus,Subset: Culture & Lesure
300.0,400.0,6.6,7.0,6.0,7.089897948556636,6.110102051443364,Anatolia & the Caucasus,Subset: Culture & Lesure
400.0,500.0,5.75,6.0,5.0,6.448212002188447,5.051787997811553,Anatolia & the Caucasus,Subset: Culture & Lesure
500.0,600.0,5.65,6.0,5.0,6.303834841531101,4.9961651584689,Anatolia & the Caucasus,Subset: Culture & Lesure
600.0,700.0,5.4,6.0,4.04,6.260232526704263,4.539767473295738,Anatolia & the Caucasus,Subset: Culture & Lesure
700.0,800.0,6.4,7.0,6.0,7.06332495807108,5.736675041928921,Anatolia & the Caucasus,Subset: Culture & Lesure
800.0,900.0,6.9,7.0,6.0,7.52449979983984,6.2755002001601605,Anatolia & the Caucasus,Subset: Culture & Lesure
900.0,1000.0,6.8,7.0,7.0,7.3099019513592784,6.290098048640721,Anatolia & the Caucasus,Subset: Culture & Lesure
1000.0,1100.0,6.6,7.0,6.0,7.460232526704262,5.739767473295737,Anatolia & the Caucasus,Subset: Culture & Lesure
1100.0,1200.0,6.55,7.0,6.0,7.414580823289529,5.685419176710471,Anatolia & the Caucasus,Subset: Culture & Lesure
1200.0,1300.0,5.0,6.0,4.0,5.707106781186548,4.292893218813452,Anatolia & the Caucasus,Subset: Culture & Lesure
1300.0,1400.0,6.35,7.0,6.0,7.0038348415311,5.696165158468899,Anatolia & the Caucasus,Subset: Culture & Lesure
1400.0,1500.0,7.45,8.0,7.0,8.03949130612758,6.86050869387242,Anatolia & the Caucasus,Subset: Culture & Lesure
1500.0,1600.0,8.1,8.0,8.0,8.4,7.8,Anatolia & the Caucasus,Subset: Culture & Lesure
1600.0,1700.0,6.75,7.0,6.0,7.18301270189222,6.31698729810778,Anatolia & the Caucasus,Subset: Culture & Lesure
1700.0,1800.0,5.9,6.0,5.04,6.438516480713451,5.3614835192865495,Anatolia & the Caucasus,Subset: Culture & Lesure
1800.0,1900.0,5.9,6.0,5.04,6.6000000000000005,5.2,Anatolia & the Caucasus,Subset: Culture & Lesure
1900.0,2000.0,6.55,7.0,6.0,7.13949130612758,5.96050869387242,Anatolia & the Caucasus,Subset: Culture & Lesure
2000.0,2025.0,7.7,8.0,7.0,8.158257569495584,7.241742430504416,Anatolia & the Caucasus,Subset: Culture & Lesure
-1000.0,-900.0,3.0,3.0,3.0,3.0,3.0,Anatolia & the Caucasus,Subset: Economic Opportunity
-900.0,-800.0,3.6,4.0,3.0,4.089897948556636,3.1101020514433646,Anatolia & the Caucasus,Subset: Economic Opportunity
-800.0,-700.0,3.55,4.0,3.0,4.0474937185533095,3.0525062814466897,Anatolia & the Caucasus,Subset: Economic Opportunity
-700.0,-600.0,3.5,4.0,3.0,4.091607978309962,2.9083920216900383,Anatolia & the Caucasus,Subset: Economic Opportunity
-600.0,-500.0,4.85,5.0,4.04,5.326969600708472,4.373030399291527,Anatolia & the Caucasus,Subset: Economic Opportunity
-500.0,-400.0,4.85,5.0,4.04,5.326969600708472,4.373030399291527,Anatolia & the Caucasus,Subset: Economic Opportunity
-400.0,-300.0,5.2,6.0,5.0,5.8,4.6000000000000005,Anatolia & the Caucasus,Subset: Economic Opportunity
-300.0,-200.0,5.1,5.959999999999999,5.0,5.6385164807134505,4.561483519286549,Anatolia & the Caucasus,Subset: Economic Opportunity
-200.0,-100.0,5.8,6.0,5.0,6.3999999999999995,5.2,Anatolia & the Caucasus,Subset: Economic Opportunity
-100.0,0.0,6.4,7.0,6.0,6.889897948556636,5.910102051443364,Anatolia & the Caucasus,Subset: Economic Opportunity
0.0,100.0,5.95,6.0,6.0,6.33405728739343,5.56594271260657,Anatolia & the Caucasus,Subset: Economic Opportunity
100.0,200.0,5.9,6.0,5.0,6.52449979983984,5.2755002001601605,Anatolia & the Caucasus,Subset: Economic Opportunity
200.0,300.0,4.4,5.0,4.0,4.98309518948453,3.8169048105154704,Anatolia & the Caucasus,Subset: Economic Opportunity
300.0,400.0,5.05,6.0,4.04,5.718954408012983,4.381045591987017,Anatolia & the Caucasus,Subset: Economic Opportunity
400.0,500.0,4.25,5.0,4.0,4.948212002188447,3.551787997811553,Anatolia & the Caucasus,Subset: Economic Opportunity
500.0,600.0,4.15,4.959999999999999,4.0,4.9421489758877435,3.357851024112257,Anatolia & the Caucasus,Subset: Economic Opportunity
600.0,700.0,3.75,4.959999999999999,3.0,4.516485485837794,2.9835145141622053,Anatolia & the Caucasus,Subset: Economic Opportunity
700.0,800.0,4.55,5.0,4.0,5.218954408012983,3.881045591987017,Anatolia & the Caucasus,Subset: Economic Opportunity
800.0,900.0,5.15,6.0,5.0,5.72227615711298,4.57772384288702,Anatolia & the Caucasus,Subset: Economic Opportunity
900.0,1000.0,5.25,6.0,5.0,5.78619026473818,4.71380973526182,Anatolia & the Caucasus,Subset: Economic Opportunity
1000.0,1100.0,4.75,5.959999999999999,4.0,5.516485485837794,3.9835145141622057,Anatolia & the Caucasus,Subset: Economic Opportunity
1100.0,1200.0,4.8,5.0,4.0,5.548331477354788,4.051668522645212,Anatolia & the Caucasus,Subset: Economic Opportunity
1200.0,1300.0,3.05,3.0,3.0,3.54749371855331,2.5525062814466897,Anatolia & the Caucasus,Subset: Economic Opportunity
1300.0,1400.0,4.6,5.0,4.0,5.183095189484529,4.01690481051547,Anatolia & the Caucasus,Subset: Economic Opportunity
1400.0,1500.0,6.15,7.0,6.0,6.72227615711298,5.57772384288702,Anatolia & the Caucasus,Subset: Economic Opportunity
1500.0,1600.0,6.95,7.0,7.0,7.447493718553311,6.45250628144669,Anatolia & the Caucasus,Subset: Economic Opportunity
1600.0,1700.0,5.05,5.0,5.0,5.43405728739343,4.66594271260657,Anatolia & the Caucasus,Subset: Economic Opportunity
1700.0,1800.0,4.15,4.959999999999999,4.0,4.626969600708473,3.673030399291528,Anatolia & the Caucasus,Subset: Economic Opportunity
1800.0,1900.0,4.45,5.0,4.0,5.189932429347437,3.710067570652563,Anatolia & the Caucasus,Subset: Economic Opportunity
1900.0,2000.0,5.35,6.0,5.0,6.0038348415311,4.696165158468899,Anatolia & the Caucasus,Subset: Economic Opportunity
2000.0,2025.0,6.9,7.0,7.0,7.2,6.6000000000000005,Anatolia & the Caucasus,Subset: Economic Opportunity
-1000.0,-900.0,2.65,3.959999999999999,2.0,3.4421489758877426,1.8578510241122572,Anatolia & the Caucasus,Subset: Equality
-900.0,-800.0,2.9,3.0,2.04,3.4385164807134503,2.3614835192865495,Anatolia & the Caucasus,Subset: Equality
-800.0,-700.0,2.9,3.959999999999999,2.0,3.5999999999999996,2.2,Anatolia & the Caucasus,Subset: Equality
-700.0,-600.0,2.7,3.959999999999999,2.0,3.4810249675906655,1.9189750324093349,Anatolia & the Caucasus,Subset: Equality
-600.0,-500.0,3.85,4.959999999999999,3.0,4.642148975887743,3.0578510241122574,Anatolia & the Caucasus,Subset: Equality
-500.0,-400.0,3.85,4.959999999999999,3.0,4.576291952316698,3.1237080476833023,Anatolia & the Caucasus,Subset: Equality
-400.0,-300.0,3.85,4.0,3.0,4.503834841531101,3.196165158468899,Anatolia & the Caucasus,Subset: Equality
-300.0,-200.0,3.8,4.0,3.0,4.478232998312526,3.121767001687473,Anatolia & the Caucasus,Subset: Equality
-200.0,-100.0,4.3,5.0,4.0,5.081024967590666,3.5189750324093345,Anatolia & the Caucasus,Subset: Equality
-100.0,0.0,4.85,5.0,4.0,5.42227615711298,4.27772384288702,Anatolia & the Caucasus,Subset: Equality
0.0,100.0,4.55,5.0,4.0,5.13949130612758,3.96050869387242,Anatolia & the Caucasus,Subset: Equality
100.0,200.0,4.55,5.0,4.0,5.354673846971554,3.7453261530284454,Anatolia & the Caucasus,Subset: Equality
200.0,300.0,3.25,4.0,3.0,3.948212002188447,2.551787997811553,Anatolia & the Caucasus,Subset: Equality
300.0,400.0,4.05,5.0,3.0,4.789932429347437,3.310067570652562,Anatolia & the Caucasus,Subset: Equality
400.0,500.0,3.2,4.0,3.0,3.878232998312527,2.521767001687474,Anatolia & the Caucasus,Subset: Equality
500.0,600.0,3.25,4.0,3.0,4.0791561975888495,2.42084380241115,Anatolia & the Caucasus,Subset: Equality
600.0,700.0,2.8,3.959999999999999,2.0,3.5483314773547883,2.0516685226452114,Anatolia & the Caucasus,Subset: Equality
700.0,800.0,3.25,4.0,3.0,3.78619026473818,2.71380973526182,Anatolia & the Caucasus,Subset: Equality
800.0,900.0,3.9,4.0,3.0,4.524499799839839,3.27550020016016,Anatolia & the Caucasus,Subset: Equality
900.0,1000.0,4.0,4.959999999999999,3.04,4.632455532033676,3.367544467966324,Anatolia & the Caucasus,Subset: Equality
1000.0,1100.0,3.35,4.0,3.0,3.826969600708473,2.8730303992915274,Anatolia & the Caucasus,Subset: Equality
1100.0,1200.0,3.25,4.0,3.0,3.78619026473818,2.71380973526182,Anatolia & the Caucasus,Subset: Equality
1200.0,1300.0,2.05,2.0,2.0,2.43405728739343,1.6659427126065696,Anatolia & the Caucasus,Subset: Equality
1300.0,1400.0,3.25,4.0,3.0,3.683012701892219,2.816987298107781,Anatolia & the Caucasus,Subset: Equality
1400.0,1500.0,4.55,5.0,4.0,5.218954408012983,3.881045591987017,Anatolia & the Caucasus,Subset: Equality
1500.0,1600.0,4.9,5.959999999999999,4.0,5.668114574786861,4.13188542521314,Anatolia & the Caucasus,Subset: Equality
1600.0,1700.0,3.55,4.0,3.0,4.0474937185533095,3.0525062814466897,Anatolia & the Caucasus,Subset: Equality
1700.0,1800.0,2.9,3.0,3.0,3.1999999999999997,2.6,Anatolia & the Caucasus,Subset: Equality
1800.0,1900.0,3.05,4.0,2.0,3.789932429347437,2.310067570652562,Anatolia & the Caucasus,Subset: Equality
1900.0,2000.0,3.45,4.0,3.0,4.189932429347437,2.710067570652563,Anatolia & the Caucasus,Subset: Equality
2000.0,2025.0,5.0,5.0,5.0,5.0,5.0,Anatolia & the Caucasus,Subset: Equality
-1000.0,-900.0,3.0,3.0,3.0,3.0,3.0,Anatolia & the Caucasus,Subset: Freedom
-900.0,-800.0,2.8,3.0,2.04,3.1999999999999997,2.4,Anatolia & the Caucasus,Subset: Freedom
-800.0,-700.0,2.75,3.0,2.0,3.183012701892219,2.316987298107781,Anatolia & the Caucasus,Subset: Freedom
-700.0,-600.0,2.55,3.0,2.0,3.2189544080129826,1.881045591987017,Anatolia & the Caucasus,Subset: Freedom
-600.0,-500.0,3.75,4.0,3.04,4.448212002188447,3.051787997811553,Anatolia & the Caucasus,Subset: Freedom
-500.0,-400.0,3.8,4.0,3.0,4.3099019513592784,3.290098048640721,Anatolia & the Caucasus,Subset: Freedom
-400.0,-300.0,4.4,5.0,4.0,5.134846922834954,3.665153077165047,Anatolia & the Caucasus,Subset: Freedom
-300.0,-200.0,4.1,5.0,4.0,4.7244997998398395,3.47550020016016,Anatolia & the Caucasus,Subset: Freedom
-200.0,-100.0,4.8,5.0,4.0,5.548331477354788,4.051668522645212,Anatolia & the Caucasus,Subset: Freedom
-100.0,0.0,5.55,6.0,5.0,6.0474937185533095,5.05250628144669,Anatolia & the Caucasus,Subset: Freedom
0.0,100.0,4.9,5.0,5.0,5.335889894354068,4.464110105645933,Anatolia & the Caucasus,Subset: Freedom
100.0,200.0,4.95,6.0,4.0,5.870597631976098,4.029402368023902,Anatolia & the Caucasus,Subset: Freedom
200.0,300.0,3.35,4.0,3.0,3.92227615711298,2.77772384288702,Anatolia & the Caucasus,Subset: Freedom
300.0,400.0,4.2,5.0,4.0,4.878232998312527,3.521767001687474,Anatolia & the Caucasus,Subset: Freedom
400.0,500.0,3.15,4.0,2.04,3.8762919523166977,2.423708047683302,Anatolia & the Caucasus,Subset: Freedom
500.0,600.0,3.15,3.0,3.0,3.8762919523166977,2.423708047683302,Anatolia & the Caucasus,Subset: Freedom
600.0,700.0,2.6,3.0,2.0,3.18309518948453,2.01690481051547,Anatolia & the Caucasus,Subset: Freedom
700.0,800.0,3.45,4.0,3.0,4.03949130612758,2.86050869387242,Anatolia & the Caucasus,Subset: Freedom
800.0,900.0,4.25,5.0,4.0,4.78619026473818,3.71380973526182,Anatolia & the Caucasus,Subset: Freedom
900.0,1000.0,4.3,5.0,4.0,4.856776436283002,3.7432235637169975,Anatolia & the Caucasus,Subset: Freedom
1000.0,1100.0,3.35,4.0,3.0,3.92227615711298,2.77772384288702,Anatolia & the Caucasus,Subset: Freedom
1100.0,1200.0,3.2,4.0,3.0,3.709901951359279,2.6900980486407216,Anatolia & the Caucasus,Subset: Freedom
1200.0,1300.0,1.9,2.0,2.0,2.1999999999999997,1.6,Anatolia & the Caucasus,Subset: Freedom
1300.0,1400.0,3.5,4.0,3.0,4.091607978309962,2.9083920216900383,Anatolia & the Caucasus,Subset: Freedom
1400.0,1500.0,5.2,6.0,5.0,5.8,4.6000000000000005,Anatolia & the Caucasus,Subset: Freedom
1500.0,1600.0,5.85,6.959999999999999,5.0,6.702936105461599,4.9970638945384005,Anatolia & the Caucasus,Subset: Freedom
1600.0,1700.0,4.1,4.959999999999999,4.0,4.6385164807134505,3.5614835192865493,Anatolia & the Caucasus,Subset: Freedom
1700.0,1800.0,3.2,4.0,3.0,3.709901951359279,2.6900980486407216,Anatolia & the Caucasus,Subset: Freedom
1800.0,1900.0,3.3,4.0,3.0,3.940312423743285,2.659687576256715,Anatolia & the Caucasus,Subset: Freedom
1900.0,2000.0,3.75,5.0,3.0,4.637411967464942,2.8625880325350574,Anatolia & the Caucasus,Subset: Freedom
2000.0,2025.0,6.1,6.0,6.0,6.3999999999999995,5.8,Anatolia & the Caucasus,Subset: Freedom
-1000.0,-900.0,4.0,4.0,4.0,4.0,4.0,Anatolia & the Caucasus,Subset: Health & Wellbeing
-900.0,-800.0,4.1,4.0,4.0,4.535889894354067,3.664110105645933,Anatolia & the Caucasus,Subset: Health & Wellbeing
-800.0,-700.0,4.05,4.959999999999999,4.0,4.63949130612758,3.46050869387242,Anatolia & the Caucasus,Subset: Health & Wellbeing
-700.0,-600.0,3.95,5.0,3.0,4.689932429347437,3.210067570652563,Anatolia & the Caucasus,Subset: Health & Wellbeing
-600.0,-500.0,5.1,5.0,5.0,5.3999999999999995,4.8,Anatolia & the Caucasus,Subset: Health & Wellbeing
-500.0,-400.0,5.2,5.959999999999999,5.0,5.6000000000000005,4.8,Anatolia & the Caucasus,Subset: Health & Wellbeing
-400.0,-300.0,5.05,5.959999999999999,5.0,5.63949130612758,4.46050869387242,Anatolia & the Caucasus,Subset: Health & Wellbeing
-300.0,-200.0,5.2,6.0,5.0,5.709901951359279,4.6900980486407216,Anatolia & the Caucasus,Subset: Health & Wellbeing
-200.0,-100.0,5.9,6.0,6.0,6.2,5.6000000000000005,Anatolia & the Caucasus,Subset: Health & Wellbeing
-100.0,0.0,6.35,7.0,6.0,6.826969600708472,5.873030399291527,Anatolia & the Caucasus,Subset: Health & Wellbeing
0.0,100.0,6.05,6.0,6.0,6.43405728739343,5.66594271260657,Anatolia & the Caucasus,Subset: Health & Wellbeing
100.0,200.0,6.0,6.959999999999999,5.04,6.632455532033676,5.367544467966324,Anatolia & the Caucasus,Subset: Health & Wellbeing
200.0,300.0,4.25,5.0,4.0,4.872494979899437,3.627505020100563,Anatolia & the Caucasus,Subset: Health & Wellbeing
300.0,400.0,5.1,5.959999999999999,5.0,5.6385164807134505,4.561483519286549,Anatolia & the Caucasus,Subset: Health & Wellbeing
400.0,500.0,4.35,5.0,4.0,5.0038348415311,3.6961651584688986,Anatolia & the Caucasus,Subset: Health & Wellbeing
500.0,600.0,4.3,5.0,4.0,5.014142842854285,3.585857157145715,Anatolia & the Caucasus,Subset: Health & Wellbeing
600.0,700.0,3.9,4.959999999999999,3.0,4.6,3.2,Anatolia & the Caucasus,Subset: Health & Wellbeing
700.0,800.0,4.45,5.0,4.0,4.94749371855331,3.95250628144669,Anatolia & the Caucasus,Subset: Health & Wellbeing
800.0,900.0,5.15,6.0,5.0,5.72227615711298,4.57772384288702,Anatolia & the Caucasus,Subset: Health & Wellbeing
900.0,1000.0,5.15,5.959999999999999,5.0,5.626969600708473,4.673030399291528,Anatolia & the Caucasus,Subset: Health & Wellbeing
1000.0,1100.0,4.8,5.0,4.0,5.478232998312526,4.1217670016874735,Anatolia & the Caucasus,Subset: Health & Wellbeing
1100.0,1200.0,4.6,5.0,4.0,5.183095189484529,4.01690481051547,Anatolia & the Caucasus,Subset: Health & Wellbeing
1200.0,1300.0,3.05,3.0,3.0,3.43405728739343,2.6659427126065696,Anatolia & the Caucasus,Subset: Health & Wellbeing
1300.0,1400.0,4.35,5.0,4.0,4.92227615711298,3.77772384288702,Anatolia & the Caucasus,Subset: Health & Wellbeing
1400.0,1500.0,5.85,6.0,5.0,6.576291952316697,5.123708047683302,Anatolia & the Caucasus,Subset: Health & Wellbeing
1500.0,1600.0,6.6,7.0,6.0,7.089897948556636,6.110102051443364,Anatolia & the Caucasus,Subset: Health & Wellbeing
1600.0,1700.0,5.25,6.0,5.0,5.78619026473818,4.71380973526182,Anatolia & the Caucasus,Subset: Health & Wellbeing
1700.0,1800.0,4.35,5.0,4.0,4.826969600708472,3.873030399291527,Anatolia & the Caucasus,Subset: Health & Wellbeing
1800.0,1900.0,4.45,5.0,4.0,5.118954408012983,3.7810455919870174,Anatolia & the Caucasus,Subset: Health & Wellbeing
1900.0,2000.0,5.2,6.0,4.04,5.948331477354788,4.451668522645212,Anatolia & the Caucasus,Subset: Health & Wellbeing
2000.0,2025.0,7.0,7.0,7.0,7.0,7.0,Anatolia & the Caucasus,Subset: Health & Wellbeing
-1000.0,-900.0,5.1,6.0,4.0,5.86811457478686,4.331885425213139,Anatolia & the Caucasus,Subset: Peace
-900.0,-800.0,4.3,5.0,4.0,5.014142842854285,3.585857157145715,Anatolia & the Caucasus,Subset: Peace
-800.0,-700.0,3.95,5.0,3.0,4.689932429347437,3.210067570652563,Anatolia & the Caucasus,Subset: Peace
-700.0,-600.0,3.65,5.0,3.0,4.802171862180291,2.4978281378197087,Anatolia & the Caucasus,Subset: Peace
-600.0,-500.0,5.7,6.0,5.0,6.6539392014169465,4.746060798583054,Anatolia & the Caucasus,Subset: Peace
-500.0,-400.0,5.3,6.0,4.0,6.607669683062202,3.9923303169377977,Anatolia & the Caucasus,Subset: Peace
-400.0,-300.0,4.4,5.0,4.0,5.2,3.6000000000000005,Anatolia & the Caucasus,Subset: Peace
-300.0,-200.0,4.15,5.0,4.0,4.8762919523166985,3.4237080476833026,Anatolia & the Caucasus,Subset: Peace
-200.0,-100.0,5.55,7.0,4.0,6.871930406640228,4.228069593359772,Anatolia & the Caucasus,Subset: Peace
-100.0,0.0,6.8,8.0,6.0,7.779795897113271,5.820204102886729,Anatolia & the Caucasus,Subset: Peace
0.0,100.0,5.45,6.0,5.0,6.254673846971555,4.645326153028446,Anatolia & the Caucasus,Subset: Peace
100.0,200.0,5.15,6.0,4.0,6.3447803145348525,3.955219685465148,Anatolia & the Caucasus,Subset: Peace
200.0,300.0,3.15,4.0,3.0,3.803834841531101,2.496165158468899,Anatolia & the Caucasus,Subset: Peace
300.0,400.0,4.25,5.0,3.0,5.24373034571759,3.2562696542824106,Anatolia & the Caucasus,Subset: Peace
400.0,500.0,3.25,4.0,3.0,3.872494979899437,2.627505020100563,Anatolia & the Caucasus,Subset: Peace
500.0,600.0,3.1,4.0,2.0,4.1908712114635716,2.0091287885364286,Anatolia & the Caucasus,Subset: Peace
600.0,700.0,2.6,3.0,2.0,3.18309518948453,2.01690481051547,Anatolia & the Caucasus,Subset: Peace
700.0,800.0,3.3,4.0,3.0,3.8567764362830017,2.743223563716998,Anatolia & the Caucasus,Subset: Peace
800.0,900.0,4.5,5.0,4.0,5.170820393249937,3.829179606750063,Anatolia & the Caucasus,Subset: Peace
900.0,1000.0,4.6,5.959999999999999,4.0,5.5695359714832655,3.6304640285167338,Anatolia & the Caucasus,Subset: Peace
1000.0,1100.0,3.15,4.0,3.0,3.72227615711298,2.57772384288702,Anatolia & the Caucasus,Subset: Peace
1100.0,1200.0,2.95,3.959999999999999,2.0,3.618954408012983,2.2810455919870174,Anatolia & the Caucasus,Subset: Peace
1200.0,1300.0,1.75,2.0,1.0,2.183012701892219,1.3169872981077808,Anatolia & the Caucasus,Subset: Peace
1300.0,1400.0,4.0,4.0,3.04,4.707106781186548,3.2928932188134525,Anatolia & the Caucasus,Subset: Peace
1400.0,1500.0,5.7,6.0,5.04,6.542614977317636,4.857385022682364,Anatolia & the Caucasus,Subset: Peace
1500.0,1600.0,6.15,7.0,6.0,7.211838029079765,5.088161970920235,Anatolia & the Caucasus,Subset: Peace
1600.0,1700.0,3.45,4.0,3.0,4.03949130612758,2.86050869387242,Anatolia & the Caucasus,Subset: Peace
1700.0,1800.0,2.75,3.0,2.0,3.183012701892219,2.316987298107781,Anatolia & the Caucasus,Subset: Peace
1800.0,1900.0,2.6,3.0,2.0,3.18309518948453,2.01690481051547,Anatolia & the Caucasus,Subset: Peace
1900.0,2000.0,3.05,4.0,2.0,3.914580823289529,2.1854191767104707,Anatolia & the Caucasus,Subset: Peace
2000.0,2025.0,4.65,5.0,4.0,5.22227615711298,4.07772384288702,Anatolia & the Caucasus,Subset: Peace
-1000.0,-900.0,2410000.0,3479999.9999999995,1820000.0,3094032.1629865076,1725967.8370134924,Anatolia & the Caucasus,Subset: Population
-900.0,-800.0,2565000.0,3679999.999999999,1920000.0,3311508.539803799,1818491.4601962012,Anatolia & the Caucasus,Subset: Population
-800.0,-700.0,2720000.0,3787999.999999999,2020000.0,3538901.70350293,1901098.2964970705,Anatolia & the Caucasus,Subset: Population
-700.0,-600.0,2900000.0,4000000.0,2120000.0,3812688.3367283703,1987311.6632716293,Anatolia & the Caucasus,Subset: Population
-600.0,-500.0,3080000.0,4488000.0,2220000.0,4100098.034504527,2059901.9654954723,Anatolia & the Caucasus,Subset: Population
-500.0,-400.0,3245000.0,4692000.0,2320000.0,4354267.77650845,2135732.2234915504,Anatolia & the Caucasus,Subset: Population
-400.0,-300.0,3375000.0,4792000.0,2420000.0,4543278.648268469,2206721.3517315313,Anatolia & the Caucasus,Subset: Population
-300.0,-200.0,3525000.0,4992000.0,2520000.0,4770341.318675326,2279658.681324674,Anatolia & the Caucasus,Subset: Population
-200.0,-100.0,3680000.0,5192000.0,2620000.0,5003857.998427324,2356142.001572676,Anatolia & the Caucasus,Subset: Population
-100.0,0.0,3845000.0,5392000.0,2720000.0,5250160.133223256,2439839.866776743,Anatolia & the Caucasus,Subset: Population
0.0,100.0,4005000.0,5592000.0,2820000.0,5491766.625936969,2518233.374063031,Anatolia & the Caucasus,Subset: Population
100.0,200.0,4155000.0,5792000.0,2920000.0,5723271.341318204,2586728.658681796,Anatolia & the Caucasus,Subset: Population
200.0,300.0,4285000.0,5980000.0,3020000.0,5924900.9116407,2645099.0883592996,Anatolia & the Caucasus,Subset: Population
300.0,400.0,4405000.0,6180000.0,3120000.0,6136032.928629609,2673967.071370391,Anatolia & the Caucasus,Subset: Population
400.0,500.0,4510000.0,6280000.0,3220000.0,6321325.481518989,2698674.5184810106,Anatolia & the Caucasus,Subset: Population
500.0,600.0,4620000.0,6384000.0,3320000.0,6518315.042346765,2721684.9576532347,Anatolia & the Caucasus,Subset: Population
600.0,700.0,4730000.0,6488000.0,3420000.0,6717988.933570809,2742011.0664291913,Anatolia & the Caucasus,Subset: Population
700.0,800.0,4840000.0,6588000.0,3516000.0,6920721.028874366,2759278.9711256344,Anatolia & the Caucasus,Subset: Population
800.0,900.0,4970000.0,6688000.0,3616000.0,7126409.052104911,2813590.947895089,Anatolia & the Caucasus,Subset: Population
900.0,1000.0,5120000.0,6788000.0,3720000.0,7359776.774591611,2880223.2254083892,Anatolia & the Caucasus,Subset: Population
1000.0,1100.0,5290000.0,6988000.0,3820000.0,7619356.134213916,2960643.865786084,Anatolia & the Caucasus,Subset: Population
1100.0,1200.0,5450000.0,7184000.0,3920000.0,7868780.684559887,3031219.3154401123,Anatolia & the Caucasus,Subset: Population
1200.0,1300.0,5515000.0,7384000.0,4012000.0,7769390.161440561,3260609.838559439,Anatolia & the Caucasus,Subset: Population
1300.0,1400.0,5425000.0,7488000.0,3528000.0,7588532.990273086,3261467.009726914,Anatolia & the Caucasus,Subset: Population
1400.0,1500.0,5865000.0,7692000.0,4020000.0,8479435.885616627,3250564.1143833725,Anatolia & the Caucasus,Subset: Population
1500.0,1600.0,6505000.0,8480000.0,4512000.0,9676667.542476667,3333332.45752333,Anatolia & the Caucasus,Subset: Population
1600.0,1700.0,6830000.0,8968000.0,4804000.0,10211730.32632704,3448269.6736729583,Anatolia & the Caucasus,Subset: Population
1700.0,1800.0,7140000.0,9460000.0,5000000.0,10750318.5455026,3529681.454497401,Anatolia & the Caucasus,Subset: Population
1800.0,1900.0,7805000.0,10000000.0,5200000.0,11891499.11293273,3718500.8870672686,Anatolia & the Caucasus,Subset: Population
1900.0,2000.0,12075000.0,15000000.0,6040000.0,18610049.73202194,5539950.267978062,Anatolia & the Caucasus,Subset: Population
2000.0,2025.0,31850000.0,73799999.99999997,8760000.0,57767224.00258176,5932775.997418243,Anatolia & the Caucasus,Subset: Population
-1000.0,-900.0,3.4750000000000005,3.6666666666666665,3.3333333333333335,3.6809867849051385,3.2690132150948625,Arabian Peninsula,Overall
-900.0,-800.0,3.475,3.6666666666666665,3.1666666666666665,3.7292691050398727,3.220730894960127,Arabian Peninsula,Overall
-800.0,-700.0,3.8083333333333327,4.16,3.5,4.116891809692893,3.4997748569737723,Arabian Peninsula,Overall
-700.0,-600.0,4.091666666666667,4.333333333333333,3.8333333333333335,4.3729089505114365,3.8104243828218967,Arabian Peninsula,Overall
-600.0,-500.0,4.275,4.5,4.0,4.512317181098303,4.037682818901698,Arabian Peninsula,Overall
-500.0,-400.0,4.333333333333334,4.666666666666667,4.0,4.706011329583299,3.960655337083369,Arabian Peninsula,Overall
-400.0,-300.0,4.291666666666666,4.66,3.8333333333333335,4.750756950694643,3.8325763826386887,Arabian Peninsula,Overall
-300.0,-200.0,4.5,4.833333333333333,4.006666666666667,4.971404520791031,4.028595479208969,Arabian Peninsula,Overall
-200.0,-100.0,4.6,5.319999999999999,4.0,5.180708379672811,4.019291620327189,Arabian Peninsula,Overall
-100.0,0.0,4.558333333333333,5.16,3.84,5.231788355340495,3.884878311326171,Arabian Peninsula,Overall
0.0,100.0,5.025,5.5,4.506666666666667,5.700514207433452,4.349485792566549,Arabian Peninsula,Overall
100.0,200.0,5.266666666666666,6.166666666666667,4.506666666666667,6.136532556713325,4.396800776620006,Arabian Peninsula,Overall
200.0,300.0,5.424999999999999,6.333333333333333,4.34,6.38021230915203,4.4697876908479675,Arabian Peninsula,Overall
300.0,400.0,5.491666666666666,6.66,4.673333333333334,6.455563560645593,4.52776977268774,Arabian Peninsula,Overall
400.0,500.0,5.458333333333333,6.493333333333333,4.666666666666667,6.387602759639109,4.529063907027557,Arabian Peninsula,Overall
500.0,600.0,5.916666666666666,6.666666666666667,5.506666666666667,6.780283093868774,5.053050239464558,Arabian Peninsula,Overall
600.0,700.0,6.599999999999999,7.0,6.166666666666667,7.171061389967059,6.028938610032938,Arabian Peninsula,Overall
700.0,800.0,6.241666666666667,6.833333333333333,5.833333333333333,6.772585681206549,5.710747652126785,Arabian Peninsula,Overall
800.0,900.0,5.799999999999999,6.833333333333333,4.84,6.640965054102857,4.959034945897141,Arabian Peninsula,Overall
900.0,1000.0,5.074999999999999,5.833333333333333,4.5,5.725800788772314,4.424199211227685,Arabian Peninsula,Overall
1000.0,1100.0,5.058333333333334,5.666666666666667,4.166666666666667,5.8405577256914345,4.276108940975233,Arabian Peninsula,Overall
1100.0,1200.0,4.908333333333334,5.833333333333333,4.166666666666667,5.704984309468918,4.1116823571977505,Arabian Peninsula,Overall
1200.0,1300.0,4.333333333333333,5.66,3.1733333333333333,5.43761791823183,3.2290487484348365,Arabian Peninsula,Overall
1300.0,1400.0,4.85,5.5,4.166666666666667,5.524742749333238,4.175257250666761,Arabian Peninsula,Overall
1400.0,1500.0,5.433333333333334,6.0,4.84,6.0924573311095065,4.774209335557161,Arabian Peninsula,Overall
1500.0,1600.0,5.6,6.0,5.166666666666667,6.11478150704935,5.085218492950649,Arabian Peninsula,Overall
1600.0,1700.0,5.000000000000002,5.486666666666666,4.5,5.598609499868934,4.401390500131069,Arabian Peninsula,Overall
1700.0,1800.0,4.233333333333333,4.993333333333333,3.6666666666666665,4.857833133173173,3.6088335334934936,Arabian Peninsula,Overall
1800.0,1900.0,4.341666666666668,4.826666666666666,3.673333333333334,4.86201644219164,3.821316891141695,Arabian Peninsula,Overall
1900.0,2000.0,7.008333333333335,7.166666666666667,6.833333333333333,7.308680354849003,6.707986311817666,Arabian Peninsula,Overall
2000.0,2025.0,7.625,8.0,7.0,8.084090284027978,7.165909715972023,Arabian Peninsula,Overall
-1000.0,-900.0,3.55,4.0,3.0,4.0474937185533095,3.0525062814466897,Arabian Peninsula,Subset: Culture & Lesure
-900.0,-800.0,3.55,4.0,3.0,4.0474937185533095,3.0525062814466897,Arabian Peninsula,Subset: Culture & Lesure
-800.0,-700.0,4.35,5.0,4.0,4.92227615711298,3.77772384288702,Arabian Peninsula,Subset: Culture & Lesure
-700.0,-600.0,4.7,5.0,4.0,5.340312423743285,4.0596875762567155,Arabian Peninsula,Subset: Culture & Lesure
-600.0,-500.0,5.25,6.0,5.0,5.78619026473818,4.71380973526182,Arabian Peninsula,Subset: Culture & Lesure
-500.0,-400.0,5.25,6.0,5.0,5.78619026473818,4.71380973526182,Arabian Peninsula,Subset: Culture & Lesure
-400.0,-300.0,5.25,6.0,4.0,6.137411967464942,4.362588032535058,Arabian Peninsula,Subset: Culture & Lesure
-300.0,-200.0,5.5,6.0,5.0,6.241619848709567,4.758380151290433,Arabian Peninsula,Subset: Culture & Lesure
-200.0,-100.0,5.55,6.0,5.0,6.289932429347437,4.810067570652563,Arabian Peninsula,Subset: Culture & Lesure
-100.0,0.0,5.7,6.0,5.0,6.481024967590666,4.918975032409334,Arabian Peninsula,Subset: Culture & Lesure
0.0,100.0,6.2,7.0,5.04,6.948331477354788,5.451668522645212,Arabian Peninsula,Subset: Culture & Lesure
100.0,200.0,6.25,7.0,5.04,7.016485485837794,5.483514514162206,Arabian Peninsula,Subset: Culture & Lesure
200.0,300.0,6.6,8.0,6.0,7.619803902718557,5.580196097281442,Arabian Peninsula,Subset: Culture & Lesure
300.0,400.0,6.7,8.0,5.04,7.8,5.6000000000000005,Arabian Peninsula,Subset: Culture & Lesure
400.0,500.0,6.7,7.959999999999999,6.0,7.653939201416946,5.746060798583055,Arabian Peninsula,Subset: Culture & Lesure
500.0,600.0,7.05,8.0,7.0,7.914580823289529,6.185419176710471,Arabian Peninsula,Subset: Culture & Lesure
600.0,700.0,7.7,8.0,7.0,8.414142842854286,6.985857157145715,Arabian Peninsula,Subset: Culture & Lesure
700.0,800.0,7.5,8.0,7.0,8.170820393249937,6.829179606750063,Arabian Peninsula,Subset: Culture & Lesure
800.0,900.0,7.0,8.0,6.0,7.707106781186548,6.292893218813452,Arabian Peninsula,Subset: Culture & Lesure
900.0,1000.0,6.4,7.0,6.0,6.98309518948453,5.816904810515471,Arabian Peninsula,Subset: Culture & Lesure
1000.0,1100.0,6.3,7.0,5.04,7.142614977317636,5.457385022682364,Arabian Peninsula,Subset: Culture & Lesure
1100.0,1200.0,6.1,7.0,5.0,6.86811457478686,5.331885425213139,Arabian Peninsula,Subset: Culture & Lesure
1200.0,1300.0,5.6,7.0,4.04,6.667707825203131,4.5322921747968685,Arabian Peninsula,Subset: Culture & Lesure
1300.0,1400.0,6.0,7.0,5.0,6.774596669241483,5.225403330758517,Arabian Peninsula,Subset: Culture & Lesure
1400.0,1500.0,6.5,7.0,6.0,7.170820393249937,5.829179606750063,Arabian Peninsula,Subset: Culture & Lesure
1500.0,1600.0,6.45,7.0,6.0,7.03949130612758,5.86050869387242,Arabian Peninsula,Subset: Culture & Lesure
1600.0,1700.0,5.85,6.0,5.04,6.5038348415311,5.196165158468899,Arabian Peninsula,Subset: Culture & Lesure
1700.0,1800.0,5.3,6.0,5.0,6.081024967590666,4.518975032409334,Arabian Peninsula,Subset: Culture & Lesure
1800.0,1900.0,5.45,6.0,5.0,6.03949130612758,4.86050869387242,Arabian Peninsula,Subset: Culture & Lesure
1900.0,2000.0,7.45,8.0,7.0,7.94749371855331,6.9525062814466905,Arabian Peninsula,Subset: Culture & Lesure
2000.0,2025.0,8.05,8.0,8.0,8.54749371855331,7.552506281446691,Arabian Peninsula,Subset: Culture & Lesure
-1000.0,-900.0,2.05,2.0,2.0,2.2679449471770337,1.8320550528229664,Arabian Peninsula,Subset: Economic Opportunity
-900.0,-800.0,2.8,3.0,2.04,3.1999999999999997,2.4,Arabian Peninsula,Subset: Economic Opportunity
-800.0,-700.0,3.15,3.0,3.0,3.5070714214271423,2.7929285785728575,Arabian Peninsula,Subset: Economic Opportunity
-700.0,-600.0,3.75,4.0,3.0,4.18301270189222,3.316987298107781,Arabian Peninsula,Subset: Economic Opportunity
-600.0,-500.0,3.95,4.0,4.0,4.167944947177034,3.7320550528229663,Arabian Peninsula,Subset: Economic Opportunity
-500.0,-400.0,4.25,5.0,4.0,4.68301270189222,3.816987298107781,Arabian Peninsula,Subset: Economic Opportunity
-400.0,-300.0,4.15,5.0,4.0,4.803834841531102,3.4961651584688993,Arabian Peninsula,Subset: Economic Opportunity
-300.0,-200.0,4.35,5.0,4.0,5.0038348415311,3.6961651584688986,Arabian Peninsula,Subset: Economic Opportunity
-200.0,-100.0,4.55,5.0,4.0,5.289932429347437,3.810067570652562,Arabian Peninsula,Subset: Economic Opportunity
-100.0,0.0,4.65,5.0,4.0,5.4421489758877435,3.857851024112257,Arabian Peninsula,Subset: Economic Opportunity
0.0,100.0,5.05,6.0,4.04,5.718954408012983,4.381045591987017,Arabian Peninsula,Subset: Economic Opportunity
100.0,200.0,5.5,6.0,4.04,6.52469507659596,4.47530492340404,Arabian Peninsula,Subset: Economic Opportunity
200.0,300.0,5.6,7.0,4.04,6.757583690279022,4.4424163097209775,Arabian Peninsula,Subset: Economic Opportunity
300.0,400.0,5.7,7.0,5.0,6.753565375285274,4.646434624714726,Arabian Peninsula,Subset: Economic Opportunity
400.0,500.0,5.6,6.959999999999999,4.04,6.713552872566003,4.486447127433996,Arabian Peninsula,Subset: Economic Opportunity
500.0,600.0,6.15,7.0,5.0,7.302171862180292,4.997828137819709,Arabian Peninsula,Subset: Economic Opportunity
600.0,700.0,6.8,7.0,6.0,7.478232998312526,6.1217670016874735,Arabian Peninsula,Subset: Economic Opportunity
700.0,800.0,6.6,7.0,6.0,7.263324958071079,5.93667504192892,Arabian Peninsula,Subset: Economic Opportunity
800.0,900.0,6.05,7.0,5.0,6.970597631976098,5.129402368023902,Arabian Peninsula,Subset: Economic Opportunity
900.0,1000.0,5.3,6.0,5.0,6.081024967590666,4.518975032409334,Arabian Peninsula,Subset: Economic Opportunity
1000.0,1100.0,5.25,6.0,4.0,6.24373034571759,4.25626965428241,Arabian Peninsula,Subset: Economic Opportunity
1100.0,1200.0,5.1,6.0,4.0,6.04339811320566,4.1566018867943395,Arabian Peninsula,Subset: Economic Opportunity
1200.0,1300.0,4.55,6.0,3.0,5.793985530462472,3.3060144695375273,Arabian Peninsula,Subset: Economic Opportunity
1300.0,1400.0,5.0,6.0,4.0,5.894427190999916,4.105572809000084,Arabian Peninsula,Subset: Economic Opportunity
1400.0,1500.0,5.65,6.0,5.0,6.559670269933013,4.740329730066987,Arabian Peninsula,Subset: Economic Opportunity
1500.0,1600.0,5.85,6.0,5.0,6.576291952316698,5.1237080476833015,Arabian Peninsula,Subset: Economic Opportunity
1600.0,1700.0,5.2,6.0,5.0,5.948331477354788,4.451668522645212,Arabian Peninsula,Subset: Economic Opportunity
1700.0,1800.0,4.45,5.0,4.0,5.254673846971555,3.6453261530284458,Arabian Peninsula,Subset: Economic Opportunity
1800.0,1900.0,4.7,5.0,4.0,5.481024967590666,3.918975032409335,Arabian Peninsula,Subset: Economic Opportunity
1900.0,2000.0,8.25,9.0,8.0,8.683012701892219,7.81698729810778,Arabian Peninsula,Subset: Economic Opportunity
2000.0,2025.0,8.75,9.0,8.0,9.18301270189222,8.316987298107781,Arabian Peninsula,Subset: Economic Opportunity
-1000.0,-900.0,3.25,4.0,2.0,4.0791561975888495,2.42084380241115,Arabian Peninsula,Subset: Equality
-900.0,-800.0,3.25,4.0,2.0,4.0791561975888495,2.42084380241115,Arabian Peninsula,Subset: Equality
-800.0,-700.0,3.25,4.0,3.0,3.78619026473818,2.71380973526182,Arabian Peninsula,Subset: Equality
-700.0,-600.0,3.35,4.0,3.0,3.826969600708473,2.8730303992915274,Arabian Peninsula,Subset: Equality
-600.0,-500.0,3.5,4.0,3.0,4.091607978309962,2.9083920216900383,Arabian Peninsula,Subset: Equality
-500.0,-400.0,3.45,4.0,3.0,4.03949130612758,2.86050869387242,Arabian Peninsula,Subset: Equality
-400.0,-300.0,3.4,4.0,3.0,3.98309518948453,2.81690481051547,Arabian Peninsula,Subset: Equality
-300.0,-200.0,3.5,4.0,3.0,4.091607978309962,2.9083920216900383,Arabian Peninsula,Subset: Equality
-200.0,-100.0,3.65,4.0,3.0,4.442148975887743,2.857851024112257,Arabian Peninsula,Subset: Equality
-100.0,0.0,3.45,4.0,3.0,4.314580823289529,2.585419176710471,Arabian Peninsula,Subset: Equality
0.0,100.0,4.0,5.0,3.0,4.894427190999916,3.1055728090000843,Arabian Peninsula,Subset: Equality
100.0,200.0,4.2,5.0,3.04,5.127361849549571,3.2726381504504296,Arabian Peninsula,Subset: Equality
200.0,300.0,4.3,5.0,3.0,5.253939201416945,3.3460607985830544,Arabian Peninsula,Subset: Equality
300.0,400.0,4.4,5.0,3.0,5.419803902718558,3.380196097281443,Arabian Peninsula,Subset: Equality
400.0,500.0,4.4,5.0,3.04,5.4677078252031315,3.3322921747968692,Arabian Peninsula,Subset: Equality
500.0,600.0,4.8,5.0,4.0,5.612403840463596,3.987596159536403,Arabian Peninsula,Subset: Equality
600.0,700.0,5.5,6.0,5.0,6.091607978309962,4.908392021690038,Arabian Peninsula,Subset: Equality
700.0,800.0,5.15,6.0,5.0,5.803834841531101,4.4961651584689,Arabian Peninsula,Subset: Equality
800.0,900.0,4.75,6.0,4.0,5.74373034571759,3.7562696542824106,Arabian Peninsula,Subset: Equality
900.0,1000.0,4.05,5.0,3.0,4.789932429347437,3.310067570652562,Arabian Peninsula,Subset: Equality
1000.0,1100.0,4.1,5.0,3.0,4.930662386291807,3.269337613708192,Arabian Peninsula,Subset: Equality
1100.0,1200.0,4.05,5.0,3.0,4.854673846971553,3.245326153028446,Arabian Peninsula,Subset: Equality
1200.0,1300.0,3.5,5.0,2.0,4.618033988749895,2.381966011250105,Arabian Peninsula,Subset: Equality
1300.0,1400.0,3.85,5.0,3.0,4.642148975887743,3.057851024112257,Arabian Peninsula,Subset: Equality
1400.0,1500.0,4.3,5.0,4.0,5.014142842854285,3.585857157145715,Arabian Peninsula,Subset: Equality
1500.0,1600.0,4.4,5.0,4.0,5.06332495807108,3.73667504192892,Arabian Peninsula,Subset: Equality
1600.0,1700.0,3.85,4.959999999999999,3.0,4.576291952316698,3.1237080476833023,Arabian Peninsula,Subset: Equality
1700.0,1800.0,3.3,4.0,3.0,4.014142842854285,2.585857157145715,Arabian Peninsula,Subset: Equality
1800.0,1900.0,3.4,4.0,3.0,3.889897948556636,2.910102051443364,Arabian Peninsula,Subset: Equality
1900.0,2000.0,5.7,6.0,5.0,6.158257569495584,5.2417424305044165,Arabian Peninsula,Subset: Equality
2000.0,2025.0,6.5,7.0,6.0,7.091607978309962,5.908392021690038,Arabian Peninsula,Subset: Equality
-1000.0,-900.0,2.95,3.0,3.0,3.167944947177034,2.7320550528229663,Arabian Peninsula,Subset: Freedom
-900.0,-800.0,2.95,3.0,3.0,3.167944947177034,2.7320550528229663,Arabian Peninsula,Subset: Freedom
-800.0,-700.0,3.15,3.0,3.0,3.5070714214271423,2.7929285785728575,Arabian Peninsula,Subset: Freedom
-700.0,-600.0,3.55,4.0,3.0,4.0474937185533095,3.0525062814466897,Arabian Peninsula,Subset: Freedom
-600.0,-500.0,3.75,4.0,3.0,4.18301270189222,3.316987298107781,Arabian Peninsula,Subset: Freedom
-500.0,-400.0,3.6,4.0,3.0,4.089897948556636,3.110102051443364,Arabian Peninsula,Subset: Freedom
-400.0,-300.0,3.55,4.0,3.0,4.13949130612758,2.96050869387242,Arabian Peninsula,Subset: Freedom
-300.0,-200.0,3.8,4.0,3.0,4.478232998312526,3.121767001687473,Arabian Peninsula,Subset: Freedom
-200.0,-100.0,3.9,4.959999999999999,3.0,4.6,3.2,Arabian Peninsula,Subset: Freedom
-100.0,0.0,3.95,5.0,3.0,4.814580823289529,3.085419176710471,Arabian Peninsula,Subset: Freedom
0.0,100.0,4.65,5.959999999999999,4.0,5.559670269933013,3.740329730066988,Arabian Peninsula,Subset: Freedom
100.0,200.0,4.95,6.0,4.0,6.066915395184434,3.8330846048155665,Arabian Peninsula,Subset: Freedom
200.0,300.0,5.0,6.0,4.0,6.224744871391589,3.775255128608411,Arabian Peninsula,Subset: Freedom
300.0,400.0,5.05,6.0,4.0,6.3335497652993435,3.766450234700656,Arabian Peninsula,Subset: Freedom
400.0,500.0,5.15,6.0,4.0,6.3447803145348525,3.955219685465148,Arabian Peninsula,Subset: Freedom
500.0,600.0,5.75,7.0,5.0,6.839724735885168,4.660275264114832,Arabian Peninsula,Subset: Freedom
600.0,700.0,6.65,7.0,6.0,7.5029361054616,5.797063894538401,Arabian Peninsula,Subset: Freedom
700.0,800.0,6.2,7.0,5.04,6.948331477354788,5.451668522645212,Arabian Peninsula,Subset: Freedom
800.0,900.0,5.7,7.0,5.0,6.704987562112089,4.695012437887911,Arabian Peninsula,Subset: Freedom
900.0,1000.0,4.85,6.0,4.0,5.813068014212911,3.886931985787088,Arabian Peninsula,Subset: Freedom
1000.0,1100.0,4.8,6.0,4.0,5.922497216032182,3.6775027839678174,Arabian Peninsula,Subset: Freedom
1100.0,1200.0,4.6,6.0,4.0,5.619803902718557,3.580196097281443,Arabian Peninsula,Subset: Freedom
1200.0,1300.0,4.0,5.959999999999999,3.0,5.378404875209022,2.6215951247909777,Arabian Peninsula,Subset: Freedom
1300.0,1400.0,4.5,5.0,4.0,5.170820393249937,3.829179606750063,Arabian Peninsula,Subset: Freedom
1400.0,1500.0,5.2,6.0,5.0,6.012403840463596,4.387596159536404,Arabian Peninsula,Subset: Freedom
1500.0,1600.0,5.35,6.0,5.0,6.0038348415311,4.696165158468899,Arabian Peninsula,Subset: Freedom
1600.0,1700.0,4.7,5.0,4.0,5.481024967590666,3.918975032409335,Arabian Peninsula,Subset: Freedom
1700.0,1800.0,3.85,5.0,3.0,4.642148975887743,3.057851024112257,Arabian Peninsula,Subset: Freedom
1800.0,1900.0,3.95,4.959999999999999,3.0,4.618954408012983,3.2810455919870174,Arabian Peninsula,Subset: Freedom
1900.0,2000.0,6.85,7.0,7.0,7.207071421427142,6.492928578572857,Arabian Peninsula,Subset: Freedom
2000.0,2025.0,7.6,8.0,7.0,8.4,6.8,Arabian Peninsula,Subset: Freedom
-1000.0,-900.0,2.95,3.0,3.0,3.44749371855331,2.4525062814466905,Arabian Peninsula,Subset: Health & Wellbeing
-900.0,-800.0,3.0,3.0,3.0,3.447213595499958,2.552786404500042,Arabian Peninsula,Subset: Health & Wellbeing
-800.0,-700.0,3.65,4.0,3.0,4.222276157112979,3.07772384288702,Arabian Peninsula,Subset: Health & Wellbeing
-700.0,-600.0,3.8,4.0,3.0,4.3099019513592784,3.290098048640721,Arabian Peninsula,Subset: Health & Wellbeing
-600.0,-500.0,4.0,4.0,4.0,4.447213595499958,3.552786404500042,Arabian Peninsula,Subset: Health & Wellbeing
-500.0,-400.0,4.25,5.0,4.0,4.872494979899437,3.627505020100563,Arabian Peninsula,Subset: Health & Wellbeing
-400.0,-300.0,4.3,5.0,4.0,4.9403124237432845,3.659687576256715,Arabian Peninsula,Subset: Health & Wellbeing
-300.0,-200.0,4.45,5.0,4.0,5.189932429347437,3.710067570652563,Arabian Peninsula,Subset: Health & Wellbeing
-200.0,-100.0,4.55,5.0,4.0,5.289932429347437,3.810067570652562,Arabian Peninsula,Subset: Health & Wellbeing
-100.0,0.0,4.6,5.0,4.0,5.334846922834953,3.865153077165046,Arabian Peninsula,Subset: Health & Wellbeing
0.0,100.0,4.9,5.0,4.0,5.730662386291808,4.069337613708193,Arabian Peninsula,Subset: Health & Wellbeing
100.0,200.0,5.25,6.0,4.04,6.192072184070838,4.307927815929162,Arabian Peninsula,Subset: Health & Wellbeing
200.0,300.0,5.5,6.0,5.0,6.366025403784438,4.633974596215562,Arabian Peninsula,Subset: Health & Wellbeing
300.0,400.0,5.6,6.959999999999999,5.0,6.516515138991167,4.683484861008832,Arabian Peninsula,Subset: Health & Wellbeing
400.0,500.0,5.65,6.0,5.0,6.5029361054615995,4.797063894538401,Arabian Peninsula,Subset: Health & Wellbeing
500.0,600.0,5.95,6.959999999999999,5.04,6.689932429347437,5.210067570652563,Arabian Peninsula,Subset: Health & Wellbeing
600.0,700.0,6.5,7.0,6.0,7.241619848709567,5.758380151290433,Arabian Peninsula,Subset: Health & Wellbeing
700.0,800.0,6.4,7.0,6.0,6.889897948556636,5.910102051443364,Arabian Peninsula,Subset: Health & Wellbeing
800.0,900.0,6.05,7.0,5.0,6.854673846971553,5.245326153028446,Arabian Peninsula,Subset: Health & Wellbeing
900.0,1000.0,5.45,6.0,5.0,6.118954408012983,4.781045591987017,Arabian Peninsula,Subset: Health & Wellbeing
1000.0,1100.0,5.5,6.0,5.0,6.241619848709567,4.758380151290433,Arabian Peninsula,Subset: Health & Wellbeing
1100.0,1200.0,5.2,6.0,5.0,5.948331477354788,4.451668522645212,Arabian Peninsula,Subset: Health & Wellbeing
1200.0,1300.0,4.75,6.0,4.0,5.692072184070838,3.8079278159291614,Arabian Peninsula,Subset: Health & Wellbeing
1300.0,1400.0,4.95,6.0,4.0,5.754673846971554,4.145326153028447,Arabian Peninsula,Subset: Health & Wellbeing
1400.0,1500.0,5.45,6.0,5.0,6.03949130612758,4.86050869387242,Arabian Peninsula,Subset: Health & Wellbeing
1500.0,1600.0,5.75,6.0,5.0,6.28619026473818,5.21380973526182,Arabian Peninsula,Subset: Health & Wellbeing
1600.0,1700.0,5.25,6.0,5.0,5.872494979899437,4.627505020100563,Arabian Peninsula,Subset: Health & Wellbeing
1700.0,1800.0,4.55,5.0,4.0,5.13949130612758,3.96050869387242,Arabian Peninsula,Subset: Health & Wellbeing
1800.0,1900.0,4.65,5.0,4.0,5.376291952316698,3.9237080476833026,Arabian Peninsula,Subset: Health & Wellbeing
1900.0,2000.0,7.25,8.0,7.0,7.68301270189222,6.81698729810778,Arabian Peninsula,Subset: Health & Wellbeing
2000.0,2025.0,8.05,8.0,8.0,8.267944947177034,7.832055052822967,Arabian Peninsula,Subset: Health & Wellbeing
-1000.0,-900.0,6.1,6.0,6.0,6.535889894354067,5.664110105645932,Arabian Peninsula,Subset: Peace
-900.0,-800.0,5.3,6.0,5.0,5.856776436283002,4.743223563716998,Arabian Peninsula,Subset: Peace
-800.0,-700.0,5.3,6.0,5.0,5.7582575694955835,4.841742430504416,Arabian Peninsula,Subset: Peace
-700.0,-600.0,5.4,6.0,5.0,5.98309518948453,4.816904810515471,Arabian Peninsula,Subset: Peace
-600.0,-500.0,5.2,6.0,5.0,5.8,4.6000000000000005,Arabian Peninsula,Subset: Peace
-500.0,-400.0,5.2,6.0,5.0,5.8782329983125265,4.521767001687474,Arabian Peninsula,Subset: Peace
-400.0,-300.0,5.1,6.0,5.0,5.7244997998398395,4.47550020016016,Arabian Peninsula,Subset: Peace
-300.0,-200.0,5.4,6.0,5.0,6.06332495807108,4.736675041928921,Arabian Peninsula,Subset: Peace
-200.0,-100.0,5.4,6.0,4.04,6.260232526704263,4.539767473295738,Arabian Peninsula,Subset: Peace
-100.0,0.0,5.0,5.959999999999999,4.0,5.894427190999916,4.105572809000084,Arabian Peninsula,Subset: Peace
0.0,100.0,5.35,7.0,4.0,6.50217186218029,4.197828137819709,Arabian Peninsula,Subset: Peace
100.0,200.0,5.45,7.0,4.0,6.653120941551597,4.246879058448403,Arabian Peninsula,Subset: Peace
200.0,300.0,5.55,6.959999999999999,5.0,6.71081867662439,4.38918132337561,Arabian Peninsula,Subset: Peace
300.0,400.0,5.5,7.0,4.0,6.618033988749895,4.381966011250105,Arabian Peninsula,Subset: Peace
400.0,500.0,5.25,6.959999999999999,4.0,6.427921898938974,4.072078101061026,Arabian Peninsula,Subset: Peace
500.0,600.0,5.8,7.0,5.0,6.877032961426901,4.722967038573099,Arabian Peninsula,Subset: Peace
600.0,700.0,6.45,7.0,6.0,7.189932429347437,5.710067570652563,Arabian Peninsula,Subset: Peace
700.0,800.0,5.6,6.959999999999999,5.0,6.516515138991167,4.683484861008832,Arabian Peninsula,Subset: Peace
800.0,900.0,5.25,7.0,4.0,6.427921898938974,4.072078101061026,Arabian Peninsula,Subset: Peace
900.0,1000.0,4.4,5.0,4.0,5.2,3.6000000000000005,Arabian Peninsula,Subset: Peace
1000.0,1100.0,4.4,5.0,4.0,5.134846922834954,3.665153077165047,Arabian Peninsula,Subset: Peace
1100.0,1200.0,4.4,5.959999999999999,3.0,5.5575836902790225,3.242416309720978,Arabian Peninsula,Subset: Peace
1200.0,1300.0,3.6,5.0,2.04,4.956465996625054,2.2435340033749465,Arabian Peninsula,Subset: Peace
1300.0,1400.0,4.8,5.959999999999999,4.0,5.612403840463596,3.987596159536403,Arabian Peninsula,Subset: Peace
1400.0,1500.0,5.5,6.0,5.0,6.474679434480897,4.525320565519103,Arabian Peninsula,Subset: Peace
1500.0,1600.0,5.8,6.0,5.0,6.548331477354788,5.051668522645212,Arabian Peninsula,Subset: Peace
1600.0,1700.0,5.15,6.0,4.04,5.9421489758877435,4.357851024112257,Arabian Peninsula,Subset: Peace
1700.0,1800.0,3.95,5.0,3.0,4.814580823289529,3.085419176710471,Arabian Peninsula,Subset: Peace
1800.0,1900.0,3.9,4.0,3.0,4.524499799839839,3.27550020016016,Arabian Peninsula,Subset: Peace
1900.0,2000.0,6.55,7.0,6.0,7.13949130612758,5.96050869387242,Arabian Peninsula,Subset: Peace
2000.0,2025.0,6.8,8.0,6.0,7.877032961426901,5.722967038573099,Arabian Peninsula,Subset: Peace
-1000.0,-900.0,875000.0,1500000.0,300000.0,1508146.9023852204,241853.0976147795,Arabian Peninsula,Subset: Population
-900.0,-800.0,943000.0,1600000.0,321200.0,1602856.8026473622,283143.19735263777,Arabian Peninsula,Subset: Population
-800.0,-700.0,1012500.0,1700000.0,352000.0,1697860.3067000597,327139.6932999402,Arabian Peninsula,Subset: Population
-700.0,-600.0,1082000.0,1800000.0,402000.0,1793172.2716754358,370827.72832456406,Arabian Peninsula,Subset: Population
-600.0,-500.0,1152500.0,1900000.0,452000.0,1888617.347981964,416382.6520180359,Arabian Peninsula,Subset: Population
-500.0,-400.0,1222000.0,2000000.0,502000.0,1984335.88397766,459664.11602234014,Arabian Peninsula,Subset: Population
-400.0,-300.0,1292000.0,2100000.0,552000.0,2080172.5699363053,503827.4300636947,Arabian Peninsula,Subset: Population
-300.0,-200.0,1361500.0,2200000.0,602000.0,2176234.77279419,546765.2272058103,Arabian Peninsula,Subset: Population
-200.0,-100.0,1431500.0,2300000.0,652000.0,2272364.287504232,590635.7124957679,Arabian Peninsula,Subset: Population
-100.0,0.0,1506500.0,2400000.0,702000.0,2381915.758368559,631084.2416314406,Arabian Peninsula,Subset: Population
0.0,100.0,1583500.0,2500000.0,800000.0,2492247.902335956,674752.0976640441,Arabian Peninsula,Subset: Population
100.0,200.0,1674500.0,2600000.0,850000.0,2620044.6842957768,728955.3157042234,Arabian Peninsula,Subset: Population
200.0,300.0,1765500.0,2700000.0,900000.0,2749504.4461281667,781495.5538718334,Arabian Peninsula,Subset: Population
300.0,400.0,1851500.0,2800000.0,950000.0,2864659.7850289955,838340.2149710046,Arabian Peninsula,Subset: Population
400.0,500.0,1942500.0,2900000.0,1000000.0,2987760.1350859986,897239.8649140014,Arabian Peninsula,Subset: Population
500.0,600.0,2036000.0,3000000.0,1052000.0,3112022.3046015357,959977.6953984644,Arabian Peninsula,Subset: Population
600.0,700.0,2180000.0,3487999.9999999995,1102000.0,3343980.240382113,1016019.7596178876,Arabian Peninsula,Subset: Population
700.0,800.0,2322500.0,3692000.0,1152000.0,3584093.734131555,1060906.2658684452,Arabian Peninsula,Subset: Population
800.0,900.0,2425000.0,3796000.0,1202000.0,3728888.4154712018,1121111.5845287987,Arabian Peninsula,Subset: Population
900.0,1000.0,2522500.0,3896000.0,1252000.0,3864557.655244364,1180442.344755636,Arabian Peninsula,Subset: Population
1000.0,1100.0,2620000.0,3996000.0,1302000.0,4000887.3958437014,1239112.6041562983,Arabian Peninsula,Subset: Population
1100.0,1200.0,2717500.0,4096000.0,1352000.0,4137823.4666793337,1297176.5333206663,Arabian Peninsula,Subset: Population
1200.0,1300.0,2815000.0,4200000.0,1402000.0,4275316.746462904,1354683.2535370963,Arabian Peninsula,Subset: Population
1300.0,1400.0,2912500.0,4396000.0,1452000.0,4413322.691059806,1411677.3089401934,Arabian Peninsula,Subset: Population
1400.0,1500.0,3000000.0,4592000.0,1502000.0,4546366.709419211,1453633.2905807886,Arabian Peninsula,Subset: Population
1500.0,1600.0,3097500.0,4788000.0,1552000.0,4685145.662608631,1509854.3373913686,Arabian Peninsula,Subset: Population
1600.0,1700.0,3195000.0,4984000.0,1602000.0,4824332.685488142,1565667.3145118582,Arabian Peninsula,Subset: Population
1700.0,1800.0,3292500.0,5180000.0,1652000.0,4963897.244822427,1621102.755177573,Arabian Peninsula,Subset: Population
1800.0,1900.0,3427500.0,5375999.999999999,1702000.0,5167146.156550234,1687853.8434497665,Arabian Peninsula,Subset: Population
1900.0,2000.0,10675000.0,19799999.999999996,4040000.0,17267182.87064308,4082817.1293569226,Arabian Peninsula,Subset: Population
2000.0,2025.0,37500000.0,40000000.0,35000000.0,41830127.018922195,33169872.981077805,Arabian Peninsula,Subset: Population
-1000.0,-900.0,3.3666666666666663,3.6666666666666665,3.1666666666666665,3.689845323827755,3.0434880095055776,British Isles,Overall
-900.0,-800.0,3.425,3.6666666666666665,3.1666666666666665,3.734457410460452,3.115542589539547,British Isles,Overall
-800.0,-700.0,3.4166666666666665,3.6666666666666665,3.1666666666666665,3.717129272955333,3.116204060378001,British Isles,Overall
-700.0,-600.0,3.5083333333333337,3.8333333333333335,3.1666666666666665,3.826640487579738,3.190026179086929,British Isles,Overall
-600.0,-500.0,3.516666666666667,3.8333333333333335,3.1733333333333333,3.8324549220249406,3.2008784113083935,British Isles,Overall
-500.0,-400.0,3.575,3.8333333333333335,3.3333333333333335,3.875347021515669,3.274652978484332,British Isles,Overall
-400.0,-300.0,3.5916666666666672,3.8333333333333335,3.3333333333333335,3.892013688182335,3.291319645150999,British Isles,Overall
-300.0,-200.0,3.6333333333333337,3.993333333333333,3.3333333333333335,4.000756794750811,3.265909871915857,British Isles,Overall
-200.0,-100.0,3.625,3.993333333333333,3.3333333333333335,4.0749228328897695,3.1750771671102305,British Isles,Overall
-100.0,0.0,4.908333333333333,5.493333333333333,4.346666666666667,5.441861943416971,4.374804723249696,British Isles,Overall
0.0,100.0,5.800000000000001,6.16,5.506666666666667,6.086744175568088,5.513255824431913,British Isles,Overall
100.0,200.0,5.708333333333335,6.0,5.506666666666667,6.152039317065806,5.264627349600864,British Isles,Overall
200.0,300.0,4.65,5.0,4.5,5.033333333333333,4.2666666666666675,British Isles,Overall
300.0,400.0,3.6083333333333334,3.8333333333333335,3.3400000000000003,3.966860412738316,3.2498062539283508,British Isles,Overall
400.0,500.0,2.9583333333333335,3.1666666666666665,2.6733333333333333,3.2511880565134263,2.6654786101532406,British Isles,Overall
500.0,600.0,3.275,3.826666666666666,2.8400000000000003,3.7104914210151305,2.8395085789848693,British Isles,Overall
600.0,700.0,4.175,4.66,3.84,4.549444032311016,3.800555967688984,British Isles,Overall
700.0,800.0,3.633333333333333,3.8333333333333335,3.1733333333333333,4.029845908445677,3.236820758220989,British Isles,Overall
800.0,900.0,3.4583333333333335,4.326666666666666,2.8333333333333335,4.077192049932778,2.8394746167338893,British Isles,Overall
900.0,1000.0,4.424999999999999,4.826666666666666,4.006666666666667,4.760306658978844,4.089693341021154,British Isles,Overall
1000.0,1100.0,3.766666666666667,4.16,3.5,4.042549089287448,3.4907842440458863,British Isles,Overall
1100.0,1200.0,4.641666666666666,5.153333333333333,4.333333333333333,5.022728778839122,4.2606045544942095,British Isles,Overall
1200.0,1300.0,5.083333333333332,5.493333333333333,4.673333333333334,5.4794954774668225,4.687171189199842,British Isles,Overall
1300.0,1400.0,3.6833333333333336,4.16,3.3333333333333335,4.0738458171286664,3.2928208495380007,British Isles,Overall
1400.0,1500.0,3.8083333333333336,4.0,3.506666666666667,4.088586195346671,3.5280804713199965,British Isles,Overall
1500.0,1600.0,5.116666666666668,5.493333333333333,4.833333333333333,5.437689338070972,4.795643995262364,British Isles,Overall
1600.0,1700.0,4.641666666666667,4.833333333333333,4.34,4.911826084624122,4.371507248709211,British Isles,Overall
1700.0,1800.0,4.608333333333334,4.833333333333333,4.34,4.87849275129079,4.3381739153758785,British Isles,Overall
1800.0,1900.0,5.75,6.16,5.34,6.139087250997625,5.360912749002375,British Isles,Overall
1900.0,2000.0,6.466666666666667,6.666666666666667,6.173333333333334,6.711615640944984,6.221717692388349,British Isles,Overall
2000.0,2025.0,7.291666666666667,7.66,7.0,7.589226184522619,6.9941071488107145,British Isles,Overall
-1000.0,-900.0,3.4,4.0,3.0,4.06332495807108,2.73667504192892,British Isles,Subset: Culture & Lesure
-900.0,-800.0,3.65,4.0,3.0,4.222276157112979,3.07772384288702,British Isles,Subset: Culture & Lesure
-800.0,-700.0,3.95,4.959999999999999,3.0,4.618954408012983,3.2810455919870174,British Isles,Subset: Culture & Lesure
-700.0,-600.0,4.4,5.0,4.0,4.889897948556636,3.910102051443365,British Isles,Subset: Culture & Lesure
-600.0,-500.0,4.5,5.0,4.0,5.0,4.0,British Isles,Subset: Culture & Lesure
-500.0,-400.0,4.65,5.0,4.0,5.126969600708473,4.173030399291528,British Isles,Subset: Culture & Lesure
-400.0,-300.0,4.8,5.0,4.04,5.2,4.3999999999999995,British Isles,Subset: Culture & Lesure
-300.0,-200.0,4.85,5.0,4.04,5.326969600708472,4.373030399291527,British Isles,Subset: Culture & Lesure
-200.0,-100.0,5.0,5.959999999999999,4.04,5.632455532033676,4.367544467966324,British Isles,Subset: Culture & Lesure
-100.0,0.0,6.05,6.959999999999999,6.0,6.63949130612758,5.46050869387242,British Isles,Subset: Culture & Lesure
0.0,100.0,6.75,7.0,6.0,7.18301270189222,6.31698729810778,British Isles,Subset: Culture & Lesure
100.0,200.0,6.7,7.0,6.0,7.158257569495584,6.2417424305044165,British Isles,Subset: Culture & Lesure
200.0,300.0,5.75,6.0,5.0,6.18301270189222,5.31698729810778,British Isles,Subset: Culture & Lesure
300.0,400.0,4.75,5.0,4.0,5.18301270189222,4.31698729810778,British Isles,Subset: Culture & Lesure
400.0,500.0,3.95,4.0,4.0,4.33405728739343,3.56594271260657,British Isles,Subset: Culture & Lesure
500.0,600.0,4.45,5.0,4.0,5.189932429347437,3.710067570652563,British Isles,Subset: Culture & Lesure
600.0,700.0,5.4,6.0,5.0,5.98309518948453,4.816904810515471,British Isles,Subset: Culture & Lesure
700.0,800.0,5.15,5.959999999999999,5.0,5.626969600708473,4.673030399291528,British Isles,Subset: Culture & Lesure
800.0,900.0,4.95,5.959999999999999,4.0,5.618954408012983,4.281045591987017,British Isles,Subset: Culture & Lesure
900.0,1000.0,5.75,6.0,5.0,6.18301270189222,5.31698729810778,British Isles,Subset: Culture & Lesure
1000.0,1100.0,5.4,6.0,5.0,5.98309518948453,4.816904810515471,British Isles,Subset: Culture & Lesure
1100.0,1200.0,6.05,6.959999999999999,6.0,6.63949130612758,5.46050869387242,British Isles,Subset: Culture & Lesure
1200.0,1300.0,6.45,7.0,6.0,7.03949130612758,5.86050869387242,British Isles,Subset: Culture & Lesure
1300.0,1400.0,5.1,5.959999999999999,5.0,5.6385164807134505,4.561483519286549,British Isles,Subset: Culture & Lesure
1400.0,1500.0,5.8,6.0,5.0,6.3999999999999995,5.2,British Isles,Subset: Culture & Lesure
1500.0,1600.0,7.0,7.0,7.0,7.316227766016838,6.683772233983162,British Isles,Subset: Culture & Lesure
1600.0,1700.0,6.85,7.0,7.0,7.207071421427142,6.492928578572857,British Isles,Subset: Culture & Lesure
1700.0,1800.0,6.0,6.0,6.0,6.316227766016838,5.683772233983162,British Isles,Subset: Culture & Lesure
1800.0,1900.0,7.1,7.959999999999999,7.0,7.638516480713451,6.561483519286549,British Isles,Subset: Culture & Lesure
1900.0,2000.0,7.9,8.0,8.0,8.200000000000001,7.6,British Isles,Subset: Culture & Lesure
2000.0,2025.0,8.1,8.0,8.0,8.4,7.8,British Isles,Subset: Culture & Lesure
-1000.0,-900.0,2.4,3.0,2.0,2.889897948556636,1.910102051443364,British Isles,Subset: Economic Opportunity
-900.0,-800.0,2.85,3.0,3.0,3.2070714214271425,2.4929285785728577,British Isles,Subset: Economic Opportunity
-800.0,-700.0,3.1,3.0,3.0,3.4,2.8000000000000003,British Isles,Subset: Economic Opportunity
-700.0,-600.0,3.25,4.0,3.0,3.683012701892219,2.816987298107781,British Isles,Subset: Economic Opportunity
-600.0,-500.0,3.3,4.0,3.0,3.758257569495584,2.8417424305044157,British Isles,Subset: Economic Opportunity
-500.0,-400.0,3.55,4.0,3.0,4.0474937185533095,3.0525062814466897,British Isles,Subset: Economic Opportunity
-400.0,-300.0,3.55,4.0,3.0,4.0474937185533095,3.0525062814466897,British Isles,Subset: Economic Opportunity
-300.0,-200.0,3.7,4.0,3.0,4.158257569495584,3.241742430504416,British Isles,Subset: Economic Opportunity
-200.0,-100.0,3.95,4.0,3.04,4.53949130612758,3.36050869387242,British Isles,Subset: Economic Opportunity
-100.0,0.0,5.35,6.0,5.0,5.826969600708472,4.873030399291527,British Isles,Subset: Economic Opportunity
0.0,100.0,6.15,6.0,6.0,6.507071421427143,5.792928578572858,British Isles,Subset: Economic Opportunity
100.0,200.0,6.1,6.0,6.0,6.535889894354067,5.664110105645932,British Isles,Subset: Economic Opportunity
200.0,300.0,5.15,5.959999999999999,5.0,5.626969600708473,4.673030399291528,British Isles,Subset: Economic Opportunity
300.0,400.0,3.95,4.0,4.0,4.44749371855331,3.4525062814466905,British Isles,Subset: Economic Opportunity
400.0,500.0,3.05,3.0,3.0,3.43405728739343,2.6659427126065696,British Isles,Subset: Economic Opportunity
500.0,600.0,3.35,4.0,3.0,3.826969600708473,2.8730303992915274,British Isles,Subset: Economic Opportunity
600.0,700.0,4.3,5.0,4.0,4.7582575694955835,3.841742430504416,British Isles,Subset: Economic Opportunity
700.0,800.0,3.95,4.0,4.0,4.44749371855331,3.4525062814466905,British Isles,Subset: Economic Opportunity
800.0,900.0,3.85,5.0,3.0,4.759670269933013,2.9403297300669875,British Isles,Subset: Economic Opportunity
900.0,1000.0,4.7,5.0,4.0,5.256776436283002,4.143223563716998,British Isles,Subset: Economic Opportunity
1000.0,1100.0,4.55,5.0,4.0,5.0474937185533095,4.05250628144669,British Isles,Subset: Economic Opportunity
1100.0,1200.0,5.35,6.0,5.0,5.826969600708472,4.873030399291527,British Isles,Subset: Economic Opportunity
1200.0,1300.0,5.65,6.0,5.0,6.126969600708473,5.173030399291528,British Isles,Subset: Economic Opportunity
1300.0,1400.0,3.7,4.0,3.0,4.340312423743285,3.0596875762567155,British Isles,Subset: Economic Opportunity
1400.0,1500.0,4.25,5.0,4.0,4.68301270189222,3.816987298107781,British Isles,Subset: Economic Opportunity
1500.0,1600.0,5.85,6.0,6.0,6.207071421427142,5.492928578572857,British Isles,Subset: Economic Opportunity
1600.0,1700.0,5.85,6.0,5.04,6.326969600708472,5.373030399291527,British Isles,Subset: Economic Opportunity
1700.0,1800.0,6.8,7.0,6.04,7.2,6.3999999999999995,British Isles,Subset: Economic Opportunity
1800.0,1900.0,7.2,7.959999999999999,7.0,7.6,6.8,British Isles,Subset: Economic Opportunity
1900.0,2000.0,7.35,8.0,7.0,7.826969600708472,6.873030399291527,British Isles,Subset: Economic Opportunity
2000.0,2025.0,7.55,8.0,7.0,8.04749371855331,7.05250628144669,British Isles,Subset: Economic Opportunity
-1000.0,-900.0,2.65,4.0,2.0,3.5029361054615986,1.797063894538401,British Isles,Subset: Equality
-900.0,-800.0,2.65,4.0,2.0,3.5029361054615986,1.797063894538401,British Isles,Subset: Equality
-800.0,-700.0,2.55,3.0,2.0,3.289932429347437,1.8100675706525624,British Isles,Subset: Equality
-700.0,-600.0,2.5,3.0,2.0,3.170820393249937,1.829179606750063,British Isles,Subset: Equality
-600.0,-500.0,2.45,3.0,2.0,3.118954408012983,1.7810455919870174,British Isles,Subset: Equality
-500.0,-400.0,2.45,3.0,2.0,3.118954408012983,1.7810455919870174,British Isles,Subset: Equality
-400.0,-300.0,2.5,3.0,2.0,3.170820393249937,1.829179606750063,British Isles,Subset: Equality
-300.0,-200.0,2.55,3.0,2.0,3.2189544080129826,1.881045591987017,British Isles,Subset: Equality
-200.0,-100.0,2.6,3.0,2.0,3.26332495807108,1.93667504192892,British Isles,Subset: Equality
-100.0,0.0,3.6,4.0,3.0,4.18309518948453,3.01690481051547,British Isles,Subset: Equality
0.0,100.0,4.2,5.0,4.0,4.8,3.6,British Isles,Subset: Equality
100.0,200.0,4.15,5.0,4.0,4.803834841531101,3.4961651584688993,British Isles,Subset: Equality
200.0,300.0,3.5,4.0,3.0,4.091607978309962,2.9083920216900383,British Isles,Subset: Equality
300.0,400.0,2.75,3.0,2.0,3.28619026473818,2.21380973526182,British Isles,Subset: Equality
400.0,500.0,2.35,3.0,2.0,2.826969600708473,1.8730303992915271,British Isles,Subset: Equality
500.0,600.0,2.45,3.0,2.0,2.9474937185533103,1.95250628144669,British Isles,Subset: Equality
600.0,700.0,3.2,4.0,3.0,3.709901951359279,2.6900980486407216,British Isles,Subset: Equality
700.0,800.0,2.8,3.0,2.0,3.3099019513592784,2.290098048640721,British Isles,Subset: Equality
800.0,900.0,2.65,3.0,2.0,3.303834841531101,1.9961651584688989,British Isles,Subset: Equality
900.0,1000.0,3.25,4.0,3.0,3.683012701892219,2.816987298107781,British Isles,Subset: Equality
1000.0,1100.0,2.15,2.0,2.0,2.5070714214271423,1.7929285785728577,British Isles,Subset: Equality
1100.0,1200.0,2.95,3.0,3.0,3.3340572873934304,2.56594271260657,British Isles,Subset: Equality
1200.0,1300.0,3.45,4.0,3.0,4.03949130612758,2.86050869387242,British Isles,Subset: Equality
1300.0,1400.0,3.9,4.0,3.0,4.524499799839839,3.27550020016016,British Isles,Subset: Equality
1400.0,1500.0,3.15,3.0,3.0,3.5070714214271423,2.7929285785728575,British Isles,Subset: Equality
1500.0,1600.0,3.6,4.0,3.0,4.089897948556636,3.1101020514433646,British Isles,Subset: Equality
1600.0,1700.0,3.3,4.0,3.0,3.758257569495584,2.8417424305044157,British Isles,Subset: Equality
1700.0,1800.0,2.5,3.0,2.0,3.0,2.0,British Isles,Subset: Equality
1800.0,1900.0,3.8,4.0,3.0,4.3099019513592784,3.290098048640721,British Isles,Subset: Equality
1900.0,2000.0,5.3,6.0,5.0,5.7582575694955835,4.841742430504416,British Isles,Subset: Equality
2000.0,2025.0,6.15,6.959999999999999,6.0,6.626969600708473,5.673030399291528,British Isles,Subset: Equality
-1000.0,-900.0,2.8,3.0,2.04,3.1999999999999997,2.4,British Isles,Subset: Freedom
-900.0,-800.0,2.8,3.0,2.04,3.1999999999999997,2.4,British Isles,Subset: Freedom
-800.0,-700.0,2.8,3.0,2.04,3.1999999999999997,2.4,British Isles,Subset: Freedom
-700.0,-600.0,2.85,3.0,3.0,3.2070714214271425,2.4929285785728577,British Isles,Subset: Freedom
-600.0,-500.0,2.85,3.0,3.0,3.2070714214271425,2.4929285785728577,British Isles,Subset: Freedom
-500.0,-400.0,2.95,3.0,3.0,3.167944947177034,2.7320550528229663,British Isles,Subset: Freedom
-400.0,-300.0,2.95,3.0,3.0,3.167944947177034,2.7320550528229663,British Isles,Subset: Freedom
-300.0,-200.0,2.95,3.0,3.0,3.167944947177034,2.7320550528229663,British Isles,Subset: Freedom
-200.0,-100.0,2.8,3.0,2.0,3.3099019513592784,2.290098048640721,British Isles,Subset: Freedom
-100.0,0.0,4.0,4.0,4.0,4.547722557505166,3.452277442494834,British Isles,Subset: Freedom
0.0,100.0,4.9,5.0,5.0,5.335889894354068,4.464110105645933,British Isles,Subset: Freedom
100.0,200.0,4.85,5.0,5.0,5.42227615711298,4.27772384288702,British Isles,Subset: Freedom
200.0,300.0,3.95,4.0,4.0,4.44749371855331,3.45250628144669,British Isles,Subset: Freedom
300.0,400.0,2.95,3.0,3.0,3.3340572873934304,2.56594271260657,British Isles,Subset: Freedom
400.0,500.0,2.5,3.0,2.0,3.0,2.0,British Isles,Subset: Freedom
500.0,600.0,2.7,3.0,2.0,3.256776436283002,2.1432235637169983,British Isles,Subset: Freedom
600.0,700.0,3.55,4.0,3.0,4.0474937185533095,3.0525062814466897,British Isles,Subset: Freedom
700.0,800.0,3.15,3.0,3.0,3.5070714214271423,2.7929285785728575,British Isles,Subset: Freedom
800.0,900.0,2.95,4.0,2.0,3.689932429347438,2.210067570652563,British Isles,Subset: Freedom
900.0,1000.0,3.95,4.0,4.0,4.44749371855331,3.45250628144669,British Isles,Subset: Freedom
1000.0,1100.0,2.85,3.0,3.0,3.2070714214271425,2.4929285785728577,British Isles,Subset: Freedom
1100.0,1200.0,3.65,4.0,3.0,4.126969600708473,3.173030399291527,British Isles,Subset: Freedom
1200.0,1300.0,4.4,5.0,4.0,4.98309518948453,3.8169048105154704,British Isles,Subset: Freedom
1300.0,1400.0,3.4,4.0,3.0,3.889897948556636,2.910102051443364,British Isles,Subset: Freedom
1400.0,1500.0,3.05,3.0,3.0,3.2679449471770337,2.832055052822966,British Isles,Subset: Freedom
1500.0,1600.0,4.7,5.0,4.0,5.158257569495584,4.2417424305044165,British Isles,Subset: Freedom
1600.0,1700.0,4.0,4.0,4.0,4.316227766016838,3.683772233983162,British Isles,Subset: Freedom
1700.0,1800.0,4.25,5.0,4.0,4.872494979899437,3.627505020100563,British Isles,Subset: Freedom
1800.0,1900.0,5.5,6.0,5.0,6.170820393249937,4.829179606750063,British Isles,Subset: Freedom
1900.0,2000.0,6.7,7.0,6.0,7.158257569495584,6.2417424305044165,British Isles,Subset: Freedom
2000.0,2025.0,7.75,8.0,7.0,8.183012701892219,7.31698729810778,British Isles,Subset: Freedom
-1000.0,-900.0,3.3,4.0,3.0,3.758257569495584,2.8417424305044157,British Isles,Subset: Health & Wellbeing
-900.0,-800.0,3.3,4.0,3.0,3.758257569495584,2.8417424305044157,British Isles,Subset: Health & Wellbeing
-800.0,-700.0,3.3,4.0,3.0,3.758257569495584,2.8417424305044157,British Isles,Subset: Health & Wellbeing
-700.0,-600.0,3.4,4.0,3.0,3.889897948556636,2.910102051443364,British Isles,Subset: Health & Wellbeing
-600.0,-500.0,3.55,4.0,3.0,4.13949130612758,2.96050869387242,British Isles,Subset: Health & Wellbeing
-500.0,-400.0,3.55,4.0,3.0,4.218954408012983,2.881045591987017,British Isles,Subset: Health & Wellbeing
-400.0,-300.0,3.55,4.0,3.0,4.218954408012983,2.881045591987017,British Isles,Subset: Health & Wellbeing
-300.0,-200.0,3.7,4.0,3.0,4.481024967590666,2.918975032409335,British Isles,Subset: Health & Wellbeing
-200.0,-100.0,4.0,4.959999999999999,3.0,4.774596669241483,3.2254033307585166,British Isles,Subset: Health & Wellbeing
-100.0,0.0,5.6,6.0,5.0,6.263324958071079,4.93667504192892,British Isles,Subset: Health & Wellbeing
0.0,100.0,6.45,7.0,6.0,6.94749371855331,5.9525062814466905,British Isles,Subset: Health & Wellbeing
100.0,200.0,6.4,7.0,6.0,6.98309518948453,5.816904810515471,British Isles,Subset: Health & Wellbeing
200.0,300.0,5.35,6.0,5.0,5.92227615711298,4.77772384288702,British Isles,Subset: Health & Wellbeing
300.0,400.0,4.35,5.0,4.0,4.92227615711298,3.77772384288702,British Isles,Subset: Health & Wellbeing
400.0,500.0,3.3,4.0,3.0,3.758257569495584,2.8417424305044157,British Isles,Subset: Health & Wellbeing
500.0,600.0,3.5,4.0,3.0,4.0,3.0,British Isles,Subset: Health & Wellbeing
600.0,700.0,4.4,5.0,4.0,4.98309518948453,3.8169048105154704,British Isles,Subset: Health & Wellbeing
700.0,800.0,3.95,4.0,3.04,4.53949130612758,3.36050869387242,British Isles,Subset: Health & Wellbeing
800.0,900.0,3.7,4.0,3.0,4.414142842854285,2.9858571571457153,British Isles,Subset: Health & Wellbeing
900.0,1000.0,4.65,5.0,4.0,5.22227615711298,4.07772384288702,British Isles,Subset: Health & Wellbeing
1000.0,1100.0,4.45,5.0,4.0,4.94749371855331,3.95250628144669,British Isles,Subset: Health & Wellbeing
1100.0,1200.0,5.0,5.959999999999999,4.04,5.632455532033676,4.367544467966324,British Isles,Subset: Health & Wellbeing
1200.0,1300.0,5.3,6.0,5.0,5.9403124237432845,4.659687576256715,British Isles,Subset: Health & Wellbeing
1300.0,1400.0,2.35,3.0,2.0,2.826969600708473,1.8730303992915271,British Isles,Subset: Health & Wellbeing
1400.0,1500.0,3.8,4.0,3.0,4.478232998312526,3.121767001687473,British Isles,Subset: Health & Wellbeing
1500.0,1600.0,5.05,5.0,5.0,5.5474937185533095,4.55250628144669,British Isles,Subset: Health & Wellbeing
1600.0,1700.0,4.9,5.0,5.0,5.335889894354068,4.464110105645933,British Isles,Subset: Health & Wellbeing
1700.0,1800.0,4.15,4.959999999999999,4.0,4.626969600708473,3.673030399291528,British Isles,Subset: Health & Wellbeing
1800.0,1900.0,5.6,6.0,5.0,6.263324958071079,4.93667504192892,British Isles,Subset: Health & Wellbeing
1900.0,2000.0,6.95,7.0,7.0,7.167944947177034,6.732055052822966,British Isles,Subset: Health & Wellbeing
2000.0,2025.0,7.8,8.0,7.04,8.2,7.4,British Isles,Subset: Health & Wellbeing
-1000.0,-900.0,5.65,6.0,4.08,6.5029361054615995,4.797063894538401,British Isles,Subset: Peace
-900.0,-800.0,5.3,6.0,4.04,6.081024967590666,4.518975032409334,British Isles,Subset: Peace
-800.0,-700.0,4.8,6.0,3.04,5.877032961426901,3.722967038573099,British Isles,Subset: Peace
-700.0,-600.0,4.65,5.959999999999999,3.04,5.663656746635665,3.636343253364336,British Isles,Subset: Peace
-600.0,-500.0,4.45,5.0,3.04,5.42339611669659,3.4766038833034107,British Isles,Subset: Peace
-500.0,-400.0,4.3,5.0,3.04,5.081024967590666,3.5189750324093345,British Isles,Subset: Peace
-400.0,-300.0,4.2,5.0,3.04,4.948331477354788,3.4516685226452117,British Isles,Subset: Peace
-300.0,-200.0,4.05,5.0,3.0,4.914580823289529,3.1854191767104707,British Isles,Subset: Peace
-200.0,-100.0,3.4,4.0,3.0,4.134846922834953,2.6651530771650465,British Isles,Subset: Peace
-100.0,0.0,4.85,6.959999999999999,4.0,6.2383443376914816,3.4616556623085177,British Isles,Subset: Peace
0.0,100.0,6.35,7.0,6.0,7.076291952316697,5.623708047683302,British Isles,Subset: Peace
100.0,200.0,6.05,7.0,5.0,7.073474474522936,5.026525525477064,British Isles,Subset: Peace
200.0,300.0,4.2,5.0,4.0,4.948331477354788,3.4516685226452117,British Isles,Subset: Peace
300.0,400.0,2.9,3.0,3.0,3.335889894354067,2.4641101056459327,British Isles,Subset: Peace
400.0,500.0,2.6,3.0,2.0,3.089897948556636,2.110102051443364,British Isles,Subset: Peace
500.0,600.0,3.2,4.0,2.04,3.9483314773547886,2.4516685226452117,British Isles,Subset: Peace
600.0,700.0,4.2,5.0,4.0,4.8782329983125265,3.521767001687474,British Isles,Subset: Peace
700.0,800.0,2.8,3.0,2.0,3.478232998312527,2.121767001687473,British Isles,Subset: Peace
800.0,900.0,2.65,3.0,2.0,3.3762919523166977,1.9237080476833024,British Isles,Subset: Peace
900.0,1000.0,4.25,5.0,4.0,4.78619026473818,3.71380973526182,British Isles,Subset: Peace
1000.0,1100.0,3.2,3.959999999999999,3.0,3.6,2.8000000000000003,British Isles,Subset: Peace
1100.0,1200.0,4.85,5.959999999999999,4.0,5.576291952316697,4.123708047683302,British Isles,Subset: Peace
1200.0,1300.0,5.25,6.0,5.0,5.948212002188447,4.551787997811553,British Isles,Subset: Peace
1300.0,1400.0,3.65,4.0,3.0,4.376291952316698,2.923708047683302,British Isles,Subset: Peace
1400.0,1500.0,2.8,3.0,2.04,3.1999999999999997,2.4,British Isles,Subset: Peace
1500.0,1600.0,4.5,5.0,4.0,5.241619848709567,3.758380151290434,British Isles,Subset: Peace
1600.0,1700.0,2.95,3.0,3.0,3.3340572873934304,2.56594271260657,British Isles,Subset: Peace
1700.0,1800.0,3.95,4.0,4.0,4.33405728739343,3.56594271260657,British Isles,Subset: Peace
1800.0,1900.0,5.3,6.0,5.0,5.9403124237432845,4.659687576256715,British Isles,Subset: Peace
1900.0,2000.0,4.6,5.0,4.0,5.089897948556636,4.110102051443364,British Isles,Subset: Peace
2000.0,2025.0,6.4,7.0,6.0,6.889897948556636,5.910102051443364,British Isles,Subset: Peace
-1000.0,-900.0,880000.0,1000000.0,508000.0,1120000.0,640000.0,British Isles,Subset: Population
-900.0,-800.0,966000.0,1196000.0,606000.0,1229844.6512628216,702155.3487371784,British Isles,Subset: Population
-800.0,-700.0,1052000.0,1391999.9999999998,704000.0,1342475.4722863878,761524.5277136123,British Isles,Subset: Population
-700.0,-600.0,1138000.0,1491999.9999999998,802000.0,1457195.8646348664,818804.1353651335,British Isles,Subset: Population
-600.0,-500.0,1224000.0,1591999.9999999998,900000.0,1573491.0585408444,874508.9414591555,British Isles,Subset: Population
-500.0,-400.0,1312500.0,1691999.9999999998,952000.0,1691932.141495683,933067.858504317,British Isles,Subset: Population
-400.0,-300.0,1401000.0,1791999.9999999998,1004000.0,1811388.8400042087,990611.1599957912,British Isles,Subset: Population
-300.0,-200.0,1489500.0,1892000.0,1054000.0,1931647.8825008664,1047352.1174991336,British Isles,Subset: Population
-200.0,-100.0,1578000.0,1992000.0,1104000.0,2052548.2061919528,1103451.7938080474,British Isles,Subset: Population
-100.0,0.0,1765000.0,2192000.0,1204000.0,2297235.849976305,1232764.1500236948,British Isles,Subset: Population
0.0,100.0,2090000.0,2500000.0,1500000.0,2634885.309033011,1545114.690966989,British Isles,Subset: Population
100.0,200.0,2200000.0,2696000.0,1600000.0,2770087.712549569,1629912.287450431,British Isles,Subset: Population
200.0,300.0,2255000.0,2796000.0,1700000.0,2853727.817960716,1656272.182039284,British Isles,Subset: Population
300.0,400.0,2210000.0,2896000.0,1600000.0,2872495.2830020753,1547504.7169979247,British Isles,Subset: Population
400.0,500.0,1650000.0,2000000.0,1400000.0,2091021.541423999,1208978.458576001,British Isles,Subset: Population
500.0,600.0,1545000.0,2083999.9999999995,1008000.0,2059271.3291638957,1030728.6708361044,British Isles,Subset: Population
600.0,700.0,1690000.0,2183999.9999999995,1204000.0,2226563.1370118526,1153436.8629881474,British Isles,Subset: Population
700.0,800.0,1815000.0,2287999.9999999995,1404000.0,2359311.49170305,1270688.5082969496,British Isles,Subset: Population
800.0,900.0,1870000.0,2387999.9999999995,1400000.0,2444543.296888929,1295456.7031110711,British Isles,Subset: Population
900.0,1000.0,2010000.0,2492000.0,1500000.0,2611581.2497078013,1408418.7502921987,British Isles,Subset: Population
1000.0,1100.0,2195000.0,2596000.0,1608000.0,2853388.1833690517,1536611.8166309483,British Isles,Subset: Population
1100.0,1200.0,2455000.0,2700000.0,1808000.0,3206980.7178378976,1703019.2821621024,British Isles,Subset: Population
1200.0,1300.0,2825000.0,3000000.0,2020000.0,3624921.87118493,2025078.1288150696,British Isles,Subset: Population
1300.0,1400.0,3005000.0,3500000.0,2500000.0,3706052.779753422,2303947.220246578,British Isles,Subset: Population
1400.0,1500.0,2630000.0,3000000.0,2000000.0,3413645.3279386023,1846354.6720613977,British Isles,Subset: Population
1500.0,1600.0,3225000.0,3979999.999999999,2520000.0,3974583.2175282473,2475416.7824717527,British Isles,Subset: Population
1600.0,1700.0,4275000.0,5000000.0,4000000.0,4990454.401062709,3559545.5989372907,British Isles,Subset: Population
1700.0,1800.0,6050000.0,6000000.0,6000000.0,6639491.30612758,5460508.69387242,British Isles,Subset: Population
1800.0,1900.0,28750000.0,30000000.0,30000000.0,32582427.429188974,24917572.570811026,British Isles,Subset: Population
1900.0,2000.0,57100000.0,60000000.0,53000000.0,59908914.38103763,54291085.61896237,British Isles,Subset: Population
2000.0,2025.0,67150000.0,67000000.0,67000000.0,67507071.42142715,66792928.578572854,British Isles,Subset: Population
-1000.0,-900.0,5.050000000000001,5.5,4.506666666666667,5.536198404860494,4.563801595139507,Central Africa,Overall
-900.0,-800.0,5.316666666666666,5.666666666666667,4.673333333333334,5.819160447722711,4.814172885610622,Central Africa,Overall
-800.0,-700.0,5.3583333333333325,5.833333333333333,4.673333333333334,5.921743091462845,4.79492357520382,Central Africa,Overall
-700.0,-600.0,5.4416666666666655,5.833333333333333,4.833333333333333,5.8989381639439635,4.984395169389368,Central Africa,Overall
-600.0,-500.0,5.283333333333333,5.666666666666667,4.833333333333333,5.6673906207267635,4.899276045939903,Central Africa,Overall
-500.0,-400.0,5.425,5.833333333333333,5.006666666666667,5.824565736491229,5.025434263508771,Central Africa,Overall
-400.0,-300.0,5.3916666666666675,5.66,5.166666666666667,5.70469399951655,5.078639333816785,Central Africa,Overall
-300.0,-200.0,5.3166666666666655,5.5,5.006666666666667,5.618972619120283,5.014360714213048,Central Africa,Overall
-200.0,-100.0,5.441666666666666,5.826666666666666,5.166666666666667,5.754693999516549,5.128639333816784,Central Africa,Overall
-100.0,0.0,5.425,5.833333333333333,5.006666666666667,5.939983818516012,4.9100161814839876,Central Africa,Overall
0.0,100.0,5.525,5.993333333333333,5.173333333333334,5.9883063541305885,5.061693645869412,Central Africa,Overall
100.0,200.0,5.375,5.833333333333333,4.84,6.022377186980065,4.727622813019935,Central Africa,Overall
200.0,300.0,5.1083333333333325,5.826666666666666,4.5,5.9115819457400605,4.3050847209266045,Central Africa,Overall
300.0,400.0,5.208333333333334,5.993333333333333,4.333333333333333,6.046444635939113,4.370222030727555,Central Africa,Overall
400.0,500.0,5.116666666666666,5.833333333333333,4.186666666666667,5.950166650003332,4.28316668333,Central Africa,Overall
500.0,600.0,5.008333333333334,5.826666666666666,4.34,5.908140411421619,4.1085262552450486,Central Africa,Overall
600.0,700.0,4.975,5.826666666666666,4.34,5.922621290976047,4.027378709023952,Central Africa,Overall
700.0,800.0,4.975,5.826666666666666,4.333333333333333,5.9946336488061664,3.955366351193833,Central Africa,Overall
800.0,900.0,4.9833333333333325,5.66,3.8466666666666662,5.871371120317147,4.095295546349518,Central Africa,Overall
900.0,1000.0,5.041666666666667,5.833333333333333,4.186666666666667,6.011882851052624,4.07145048228071,Central Africa,Overall
1000.0,1100.0,5.1,6.0,4.34,6.193414631123781,4.006585368876218,Central Africa,Overall
1100.0,1200.0,4.875,5.986666666666666,3.6666666666666665,5.82203484624379,3.9279651537562095,Central Africa,Overall
1200.0,1300.0,4.425,5.5,3.1799999999999997,5.601712699760556,3.2482873002394435,Central Africa,Overall
1300.0,1400.0,3.916666666666667,5.299999999999999,2.8400000000000003,5.03780200392281,2.7955313294105246,Central Africa,Overall
1400.0,1500.0,3.3,4.166666666666667,2.513333333333333,4.206151814604546,2.3938481853954543,Central Africa,Overall
1500.0,1600.0,2.541666666666667,3.3333333333333335,2.0,3.2142962493907365,1.8690370839425976,Central Africa,Overall
1600.0,1700.0,2.1250000000000004,2.6666666666666665,1.6666666666666667,2.646416340365356,1.603583659634645,Central Africa,Overall
1700.0,1800.0,2.2666666666666666,2.9866666666666664,1.8333333333333333,2.9278944808292455,1.6054388525040877,Central Africa,Overall
1800.0,1900.0,2.183333333333333,2.6599999999999997,1.6666666666666667,2.937764686517085,1.4289019801495813,Central Africa,Overall
1900.0,2000.0,3.5333333333333337,3.8333333333333335,3.1666666666666665,3.926327537418387,3.1403391292482805,Central Africa,Overall
2000.0,2025.0,4.541666666666666,4.826666666666666,4.333333333333333,4.7881699909624835,4.295163342370849,Central Africa,Overall
-1000.0,-900.0,5.3,6.0,5.0,6.014142842854285,4.585857157145715,Central Africa,Subset: Culture & Lesure
-900.0,-800.0,5.65,6.0,5.0,6.22227615711298,5.07772384288702,Central Africa,Subset: Culture & Lesure
-800.0,-700.0,6.05,6.959999999999999,6.0,6.63949130612758,5.46050869387242,Central Africa,Subset: Culture & Lesure
-700.0,-600.0,6.35,7.0,6.0,6.92227615711298,5.77772384288702,Central Africa,Subset: Culture & Lesure
-600.0,-500.0,6.5,7.0,6.0,7.0,6.0,Central Africa,Subset: Culture & Lesure
-500.0,-400.0,6.85,7.0,7.0,7.207071421427142,6.492928578572857,Central Africa,Subset: Culture & Lesure
-400.0,-300.0,7.05,7.0,7.0,7.43405728739343,6.66594271260657,Central Africa,Subset: Culture & Lesure
-300.0,-200.0,7.0,7.0,7.0,7.316227766016838,6.683772233983162,Central Africa,Subset: Culture & Lesure
-200.0,-100.0,7.2,7.959999999999999,7.0,7.6,6.8,Central Africa,Subset: Culture & Lesure
-100.0,0.0,7.35,8.0,7.0,7.92227615711298,6.77772384288702,Central Africa,Subset: Culture & Lesure
0.0,100.0,7.5,8.0,7.0,8.0,7.0,Central Africa,Subset: Culture & Lesure
100.0,200.0,7.45,8.0,7.0,8.03949130612758,6.86050869387242,Central Africa,Subset: Culture & Lesure
200.0,300.0,7.15,8.0,6.04,7.876291952316698,6.423708047683303,Central Africa,Subset: Culture & Lesure
300.0,400.0,7.35,8.0,6.04,8.2029361054616,6.4970638945384005,Central Africa,Subset: Culture & Lesure
400.0,500.0,7.25,8.0,7.0,8.137411967464942,6.362588032535058,Central Africa,Subset: Culture & Lesure
500.0,600.0,7.05,8.0,6.0,7.970597631976098,6.129402368023902,Central Africa,Subset: Culture & Lesure
600.0,700.0,6.95,8.0,6.0,7.870597631976098,6.029402368023902,Central Africa,Subset: Culture & Lesure
700.0,800.0,6.95,8.0,6.0,7.92339611669659,5.976603883303411,Central Africa,Subset: Culture & Lesure
800.0,900.0,7.0,8.0,6.0,7.948683298050514,6.051316701949486,Central Africa,Subset: Culture & Lesure
900.0,1000.0,7.15,8.0,7.0,8.211838029079766,6.088161970920235,Central Africa,Subset: Culture & Lesure
1000.0,1100.0,7.2,8.0,6.04,8.36619037896906,6.03380962103094,Central Africa,Subset: Culture & Lesure
1100.0,1200.0,7.05,8.0,6.0,8.023396116696588,6.07660388330341,Central Africa,Subset: Culture & Lesure
1200.0,1300.0,6.45,7.959999999999999,6.0,7.653120941551597,5.246879058448403,Central Africa,Subset: Culture & Lesure
1300.0,1400.0,6.0,7.0,5.0,7.183215956619923,4.816784043380077,Central Africa,Subset: Culture & Lesure
1400.0,1500.0,5.3,6.0,4.04,6.353565375285274,4.246434624714726,Central Africa,Subset: Culture & Lesure
1500.0,1600.0,4.5,5.959999999999999,4.0,5.57238052947636,3.427619470523639,Central Africa,Subset: Culture & Lesure
1600.0,1700.0,3.8,4.959999999999999,3.0,4.612403840463596,2.9875961595364036,Central Africa,Subset: Culture & Lesure
1700.0,1800.0,3.9,4.959999999999999,3.0,4.788819441731559,3.011180558268441,Central Africa,Subset: Culture & Lesure
1800.0,1900.0,3.65,5.0,3.0,4.5596702699330125,2.7403297300669873,Central Africa,Subset: Culture & Lesure
1900.0,2000.0,5.0,6.0,4.0,5.836660026534076,4.163339973465924,Central Africa,Subset: Culture & Lesure
2000.0,2025.0,6.1,7.0,6.0,6.7244997998398395,5.47550020016016,Central Africa,Subset: Culture & Lesure
-1000.0,-900.0,2.75,3.0,2.0,3.183012701892219,2.316987298107781,Central Africa,Subset: Economic Opportunity
-900.0,-800.0,3.7,4.0,3.0,4.158257569495584,3.241742430504416,Central Africa,Subset: Economic Opportunity
-800.0,-700.0,4.2,5.0,3.0,5.012403840463596,3.387596159536404,Central Africa,Subset: Economic Opportunity
-700.0,-600.0,4.7,5.0,4.0,5.158257569495584,4.2417424305044165,Central Africa,Subset: Economic Opportunity
-600.0,-500.0,4.95,6.0,4.0,5.689932429347437,4.210067570652563,Central Africa,Subset: Economic Opportunity
-500.0,-400.0,5.5,6.0,5.0,6.170820393249937,4.829179606750063,Central Africa,Subset: Economic Opportunity
-400.0,-300.0,5.6,6.0,5.0,6.089897948556636,5.110102051443364,Central Africa,Subset: Economic Opportunity
-300.0,-200.0,5.7,6.0,5.0,6.340312423743285,5.0596875762567155,Central Africa,Subset: Economic Opportunity
-200.0,-100.0,6.1,7.0,5.04,6.8,5.3999999999999995,Central Africa,Subset: Economic Opportunity
-100.0,0.0,6.15,7.0,6.0,6.9421489758877435,5.357851024112257,Central Africa,Subset: Economic Opportunity
0.0,100.0,6.3,7.0,6.0,7.014142842854285,5.585857157145715,Central Africa,Subset: Economic Opportunity
100.0,200.0,6.3,7.0,6.0,7.142614977317636,5.457385022682364,Central Africa,Subset: Economic Opportunity
200.0,300.0,6.1,7.0,5.0,6.988819441731558,5.211180558268441,Central Africa,Subset: Economic Opportunity
300.0,400.0,6.0,7.0,5.0,6.948683298050514,5.051316701949486,Central Africa,Subset: Economic Opportunity
400.0,500.0,5.9,7.0,5.0,6.788819441731559,5.011180558268442,Central Africa,Subset: Economic Opportunity
500.0,600.0,5.85,7.0,5.0,6.759670269933013,4.940329730066987,Central Africa,Subset: Economic Opportunity
600.0,700.0,5.8,7.0,5.0,6.829563014098699,4.7704369859013,Central Africa,Subset: Economic Opportunity
700.0,800.0,5.85,7.0,5.0,6.911838029079765,4.7881619709202345,Central Africa,Subset: Economic Opportunity
800.0,900.0,5.8,7.0,5.0,6.829563014098699,4.7704369859013,Central Africa,Subset: Economic Opportunity
900.0,1000.0,5.75,7.0,5.0,6.839724735885168,4.660275264114832,Central Africa,Subset: Economic Opportunity
1000.0,1100.0,6.0,7.0,5.0,7.341640786499874,4.658359213500126,Central Africa,Subset: Economic Opportunity
1100.0,1200.0,5.7,7.0,5.0,6.84455231422596,4.55544768577404,Central Africa,Subset: Economic Opportunity
1200.0,1300.0,5.3,6.959999999999999,4.0,6.717744687875783,3.882255312124217,Central Africa,Subset: Economic Opportunity
1300.0,1400.0,4.75,6.0,4.0,6.123863166403408,3.3761368335965916,Central Africa,Subset: Economic Opportunity
1400.0,1500.0,4.05,5.0,3.0,5.253120941551597,2.846879058448403,Central Africa,Subset: Economic Opportunity
1500.0,1600.0,3.15,4.0,2.0,4.163656746635665,2.136343253364335,Central Africa,Subset: Economic Opportunity
1600.0,1700.0,2.65,3.0,2.0,3.3762919523166977,1.9237080476833024,Central Africa,Subset: Economic Opportunity
1700.0,1800.0,2.55,3.0,2.0,3.289932429347437,1.8100675706525624,Central Africa,Subset: Economic Opportunity
1800.0,1900.0,2.7,3.0,2.0,3.4810249675906655,1.9189750324093349,Central Africa,Subset: Economic Opportunity
1900.0,2000.0,4.2,4.959999999999999,4.0,4.6000000000000005,3.8,Central Africa,Subset: Economic Opportunity
2000.0,2025.0,4.9,5.0,5.0,5.2,4.6000000000000005,Central Africa,Subset: Economic Opportunity
-1000.0,-900.0,5.4,6.0,5.0,5.889897948556636,4.910102051443364,Central Africa,Subset: Equality
-900.0,-800.0,5.4,6.0,5.0,5.889897948556636,4.910102051443364,Central Africa,Subset: Equality
-800.0,-700.0,5.05,6.0,4.0,5.789932429347437,4.310067570652563,Central Africa,Subset: Equality
-700.0,-600.0,4.85,5.959999999999999,4.0,5.576291952316697,4.123708047683302,Central Africa,Subset: Equality
-600.0,-500.0,4.25,5.0,4.0,4.872494979899437,3.627505020100563,Central Africa,Subset: Equality
-500.0,-400.0,4.2,5.0,4.0,4.709901951359279,3.6900980486407216,Central Africa,Subset: Equality
-400.0,-300.0,4.0,4.959999999999999,3.04,4.632455532033676,3.367544467966324,Central Africa,Subset: Equality
-300.0,-200.0,3.8,4.0,3.0,4.478232998312527,3.121767001687473,Central Africa,Subset: Equality
-200.0,-100.0,3.8,4.0,3.0,4.478232998312526,3.121767001687473,Central Africa,Subset: Equality
-100.0,0.0,3.65,4.0,3.0,4.442148975887743,2.857851024112257,Central Africa,Subset: Equality
0.0,100.0,3.7,4.959999999999999,3.0,4.481024967590666,2.9189750324093344,Central Africa,Subset: Equality
100.0,200.0,3.5,4.0,3.0,4.4219544457292885,2.5780455542707115,Central Africa,Subset: Equality
200.0,300.0,3.35,4.0,2.04,4.259670269933013,2.4403297300669875,Central Africa,Subset: Equality
300.0,400.0,3.45,4.0,3.0,4.370597631976099,2.5294023680239017,Central Africa,Subset: Equality
400.0,500.0,3.35,4.0,2.04,4.202936105461599,2.497063894538401,Central Africa,Subset: Equality
500.0,600.0,3.3,4.0,3.0,4.2,2.4,Central Africa,Subset: Equality
600.0,700.0,3.2,4.0,3.0,4.179795897113271,2.220204102886729,Central Africa,Subset: Equality
700.0,800.0,3.3,4.0,3.0,4.44455231422596,2.15544768577404,Central Africa,Subset: Equality
800.0,900.0,3.25,4.0,2.04,4.24373034571759,2.2562696542824106,Central Africa,Subset: Equality
900.0,1000.0,3.3,4.0,3.0,4.253939201416945,2.3460607985830544,Central Africa,Subset: Equality
1000.0,1100.0,3.25,4.0,2.04,4.292832680730711,2.2071673192692893,Central Africa,Subset: Equality
1100.0,1200.0,3.1,4.0,2.0,3.9888194417315592,2.211180558268441,Central Africa,Subset: Equality
1200.0,1300.0,2.75,4.0,2.0,3.884680571791022,1.6153194282089782,Central Africa,Subset: Equality
1300.0,1400.0,2.45,3.0,2.0,3.473474474522936,1.426525525477064,Central Africa,Subset: Equality
1400.0,1500.0,1.9,3.0,1.0,2.668114574786861,1.131885425213139,Central Africa,Subset: Equality
1500.0,1600.0,1.3,2.0,1.0,1.8567764362830024,0.7432235637169979,Central Africa,Subset: Equality
1600.0,1700.0,1.15,1.959999999999999,1.0,1.6269696007084726,0.6730303992915271,Central Africa,Subset: Equality
1700.0,1800.0,1.3,2.0,1.0,1.940312423743285,0.6596875762567151,Central Africa,Subset: Equality
1800.0,1900.0,1.15,1.0,1.0,1.942148975887743,0.3578510241122568,Central Africa,Subset: Equality
1900.0,2000.0,2.4,3.0,2.0,2.889897948556636,1.910102051443364,Central Africa,Subset: Equality
2000.0,2025.0,3.2,3.959999999999999,3.0,3.6,2.8000000000000003,Central Africa,Subset: Equality
-1000.0,-900.0,5.35,7.0,3.04,6.875614630239236,3.824385369760764,Central Africa,Subset: Freedom
-900.0,-800.0,5.2,6.0,3.04,6.6000000000000005,3.8,Central Africa,Subset: Freedom
-800.0,-700.0,4.95,6.0,3.0,6.309227721906819,3.5907722780931817,Central Africa,Subset: Freedom
-700.0,-600.0,5.05,6.0,4.0,6.073474474522936,4.026525525477064,Central Africa,Subset: Freedom
-600.0,-500.0,4.55,5.0,4.0,5.414580823289529,3.6854191767104703,Central Africa,Subset: Freedom
-500.0,-400.0,4.55,5.0,4.0,5.354673846971554,3.7453261530284454,Central Africa,Subset: Freedom
-400.0,-300.0,4.4,5.0,4.0,5.134846922834954,3.665153077165047,Central Africa,Subset: Freedom
-300.0,-200.0,4.2,5.0,3.04,4.948331477354788,3.4516685226452117,Central Africa,Subset: Freedom
-200.0,-100.0,4.25,5.0,4.0,4.948212002188447,3.551787997811553,Central Africa,Subset: Freedom
-100.0,0.0,4.1,5.0,4.0,4.86811457478686,3.331885425213139,Central Africa,Subset: Freedom
0.0,100.0,4.25,5.0,4.0,5.0791561975888495,3.42084380241115,Central Africa,Subset: Freedom
100.0,200.0,4.0,5.0,3.0,4.948683298050514,3.051316701949486,Central Africa,Subset: Freedom
200.0,300.0,3.8,5.0,3.0,4.877032961426901,2.722967038573099,Central Africa,Subset: Freedom
300.0,400.0,3.9,5.0,3.0,4.9440306508910545,2.855969349108945,Central Africa,Subset: Freedom
400.0,500.0,3.8,5.0,3.0,4.829563014098699,2.7704369859013,Central Africa,Subset: Freedom
500.0,600.0,3.75,5.0,3.0,4.884680571791022,2.615319428208978,Central Africa,Subset: Freedom
600.0,700.0,3.7,4.959999999999999,3.0,4.753565375285274,2.6464346247147263,Central Africa,Subset: Freedom
700.0,800.0,3.75,5.0,3.0,4.884680571791022,2.615319428208978,Central Africa,Subset: Freedom
800.0,900.0,3.75,4.959999999999999,3.0,4.792832680730711,2.7071673192692893,Central Africa,Subset: Freedom
900.0,1000.0,3.8,5.0,3.0,4.96619037896906,2.63380962103094,Central Africa,Subset: Freedom
1000.0,1100.0,3.85,5.0,3.0,5.1643439428094915,2.5356560571905087,Central Africa,Subset: Freedom
1100.0,1200.0,3.6,5.0,2.0,4.840967364599086,2.359032635400914,Central Africa,Subset: Freedom
1200.0,1300.0,3.05,4.0,2.0,4.253120941551597,1.8468790584484032,Central Africa,Subset: Freedom
1300.0,1400.0,2.55,3.959999999999999,1.04,3.7531209415515967,1.3468790584484032,Central Africa,Subset: Freedom
1400.0,1500.0,2.05,3.0,1.0,2.9705976319760983,1.1294023680239014,Central Africa,Subset: Freedom
1500.0,1600.0,1.25,2.0,1.0,1.7861902647381804,0.7138097352618196,Central Africa,Subset: Freedom
1600.0,1700.0,1.15,1.959999999999999,1.0,1.6269696007084726,0.6730303992915271,Central Africa,Subset: Freedom
1700.0,1800.0,1.35,2.0,1.0,1.92227615711298,0.7777238428870202,Central Africa,Subset: Freedom
1800.0,1900.0,1.15,1.0,1.0,1.942148975887743,0.3578510241122568,Central Africa,Subset: Freedom
1900.0,2000.0,2.55,3.0,2.0,3.04749371855331,2.0525062814466897,Central Africa,Subset: Freedom
2000.0,2025.0,4.1,4.0,4.0,4.3999999999999995,3.8,Central Africa,Subset: Freedom
-1000.0,-900.0,3.85,4.0,4.0,4.207071421427143,3.4929285785728577,Central Africa,Subset: Health & Wellbeing
-900.0,-800.0,4.5,5.0,4.0,5.170820393249937,3.829179606750063,Central Africa,Subset: Health & Wellbeing
-800.0,-700.0,4.85,5.0,5.0,5.207071421427142,4.492928578572857,Central Africa,Subset: Health & Wellbeing
-700.0,-600.0,5.05,5.959999999999999,5.0,5.63949130612758,4.46050869387242,Central Africa,Subset: Health & Wellbeing
-600.0,-500.0,5.25,6.0,5.0,5.872494979899437,4.627505020100563,Central Africa,Subset: Health & Wellbeing
-500.0,-400.0,5.45,6.0,5.0,6.03949130612758,4.86050869387242,Central Africa,Subset: Health & Wellbeing
-400.0,-300.0,5.55,6.0,5.0,6.13949130612758,4.96050869387242,Central Africa,Subset: Health & Wellbeing
-300.0,-200.0,5.65,6.0,5.0,6.126969600708473,5.173030399291528,Central Africa,Subset: Health & Wellbeing
-200.0,-100.0,5.9,6.0,5.04,6.438516480713451,5.3614835192865495,Central Africa,Subset: Health & Wellbeing
-100.0,0.0,6.0,6.0,6.0,6.547722557505166,5.452277442494834,Central Africa,Subset: Health & Wellbeing
0.0,100.0,5.95,6.0,5.04,6.53949130612758,5.36050869387242,Central Africa,Subset: Health & Wellbeing
100.0,200.0,5.9,6.0,5.04,6.6000000000000005,5.2,Central Africa,Subset: Health & Wellbeing
200.0,300.0,5.55,6.0,5.0,6.354673846971554,4.745326153028445,Central Africa,Subset: Health & Wellbeing
300.0,400.0,5.7,6.959999999999999,5.0,6.542614977317636,4.857385022682364,Central Africa,Subset: Health & Wellbeing
400.0,500.0,5.6,7.0,5.0,6.5695359714832655,4.630464028516734,Central Africa,Subset: Health & Wellbeing
500.0,600.0,5.6,7.0,5.0,6.5695359714832655,4.630464028516734,Central Africa,Subset: Health & Wellbeing
600.0,700.0,5.5,6.959999999999999,5.0,6.52469507659596,4.47530492340404,Central Africa,Subset: Health & Wellbeing
700.0,800.0,5.45,6.959999999999999,5.0,6.566915395184434,4.333084604815566,Central Africa,Subset: Health & Wellbeing
800.0,900.0,5.45,6.0,5.0,6.370597631976098,4.529402368023902,Central Africa,Subset: Health & Wellbeing
900.0,1000.0,5.55,6.959999999999999,5.0,6.621214264281427,4.4787857357185725,Central Africa,Subset: Health & Wellbeing
1000.0,1100.0,5.6,6.959999999999999,5.0,6.667707825203131,4.5322921747968685,Central Africa,Subset: Health & Wellbeing
1100.0,1200.0,5.35,6.0,4.0,6.259670269933013,4.440329730066987,Central Africa,Subset: Health & Wellbeing
1200.0,1300.0,5.15,6.0,4.0,6.302171862180292,3.9978281378197087,Central Africa,Subset: Health & Wellbeing
1300.0,1400.0,4.55,6.0,3.0,5.753120941551597,3.3468790584484034,Central Africa,Subset: Health & Wellbeing
1400.0,1500.0,3.95,5.0,3.0,4.973474474522936,2.9265255254770643,Central Africa,Subset: Health & Wellbeing
1500.0,1600.0,3.15,4.0,2.04,3.8762919523166977,2.423708047683302,Central Africa,Subset: Health & Wellbeing
1600.0,1700.0,2.5,3.0,2.0,3.0916079783099617,1.9083920216900383,Central Africa,Subset: Health & Wellbeing
1700.0,1800.0,2.65,3.0,2.0,3.3762919523166977,1.9237080476833024,Central Africa,Subset: Health & Wellbeing
1800.0,1900.0,2.8,3.0,2.0,3.5483314773547883,2.0516685226452114,Central Africa,Subset: Health & Wellbeing
1900.0,2000.0,4.05,4.0,4.0,4.5474937185533095,3.5525062814466897,Central Africa,Subset: Health & Wellbeing
2000.0,2025.0,5.25,6.0,5.0,5.68301270189222,4.81698729810778,Central Africa,Subset: Health & Wellbeing
-1000.0,-900.0,7.65,8.0,7.0,8.126969600708474,7.173030399291528,Central Africa,Subset: Peace
-900.0,-800.0,7.45,8.0,7.0,7.94749371855331,6.9525062814466905,Central Africa,Subset: Peace
-800.0,-700.0,7.05,7.0,7.0,7.547493718553309,6.55250628144669,Central Africa,Subset: Peace
-700.0,-600.0,6.65,7.0,6.0,7.22227615711298,6.07772384288702,Central Africa,Subset: Peace
-600.0,-500.0,6.2,7.0,6.0,6.709901951359279,5.6900980486407216,Central Africa,Subset: Peace
-500.0,-400.0,6.0,6.0,6.0,6.547722557505166,5.452277442494834,Central Africa,Subset: Peace
-400.0,-300.0,5.75,6.0,5.0,6.372494979899437,5.127505020100563,Central Africa,Subset: Peace
-300.0,-200.0,5.55,6.0,5.0,6.13949130612758,4.96050869387242,Central Africa,Subset: Peace
-200.0,-100.0,5.4,6.0,5.0,5.98309518948453,4.816904810515471,Central Africa,Subset: Peace
-100.0,0.0,5.3,6.0,5.0,6.081024967590666,4.518975032409334,Central Africa,Subset: Peace
0.0,100.0,5.45,6.0,5.0,6.254673846971555,4.645326153028446,Central Africa,Subset: Peace
100.0,200.0,5.1,6.0,4.0,6.04339811320566,4.1566018867943395,Central Africa,Subset: Peace
200.0,300.0,4.7,6.0,4.0,5.968857754044953,3.431142245955048,Central Africa,Subset: Peace
300.0,400.0,4.85,6.0,4.0,6.1643439428094915,3.535656057190508,Central Africa,Subset: Peace
400.0,500.0,4.8,6.0,3.04,6.088409872672512,3.511590127327487,Central Africa,Subset: Peace
500.0,600.0,4.5,6.0,3.04,5.822875655532295,3.1771243444677046,Central Africa,Subset: Peace
600.0,700.0,4.7,6.0,4.0,5.928820572744451,3.4711794272555494,Central Africa,Subset: Peace
700.0,800.0,4.55,5.0,4.0,5.753120941551597,3.346879058448403,Central Africa,Subset: Peace
800.0,900.0,4.65,5.959999999999999,3.04,5.757925990308017,3.5420740096919836,Central Africa,Subset: Peace
900.0,1000.0,4.7,6.0,4.0,5.968857754044953,3.431142245955048,Central Africa,Subset: Peace
1000.0,1100.0,4.7,6.0,3.04,6.0453624047073715,3.354637595292629,Central Africa,Subset: Peace
1100.0,1200.0,4.45,5.959999999999999,3.0,5.809227721906819,3.0907722780931817,Central Africa,Subset: Peace
1200.0,1300.0,3.85,5.959999999999999,2.04,5.470956507744733,2.2290434922552675,Central Africa,Subset: Peace
1300.0,1400.0,3.2,4.959999999999999,2.0,4.52664991614216,1.8733500838578403,Central Africa,Subset: Peace
1400.0,1500.0,2.55,3.959999999999999,2.0,3.6669153951844335,1.433084604815566,Central Africa,Subset: Peace
1500.0,1600.0,1.9,2.959999999999999,1.0,2.5999999999999996,1.2,Central Africa,Subset: Peace
1600.0,1700.0,1.5,2.0,1.0,2.170820393249937,0.8291796067500631,Central Africa,Subset: Peace
1700.0,1800.0,1.85,2.959999999999999,1.0,2.813068014212911,0.886931985787089,Central Africa,Subset: Peace
1800.0,1900.0,1.65,2.0,1.0,2.711838029079765,0.5881619709202348,Central Africa,Subset: Peace
1900.0,2000.0,3.0,3.0,3.0,3.447213595499958,2.552786404500042,Central Africa,Subset: Peace
2000.0,2025.0,3.7,4.0,3.0,4.158257569495584,3.241742430504416,Central Africa,Subset: Peace
-1000.0,-900.0,2000000.0,4000000.0,1000000.0,3589024.8582070703,410975.14179292973,Central Africa,Subset: Population
-900.0,-800.0,2175000.0,4200000.0,1100000.0,3856925.9793462968,493074.020653703,Central Africa,Subset: Population
-800.0,-700.0,2350000.0,4400000.0,1200000.0,4127779.5138880415,572220.4861119587,Central Africa,Subset: Population
-700.0,-600.0,2525000.0,4600000.0,1300000.0,4401132.991021692,648867.0089783082,Central Africa,Subset: Population
-600.0,-500.0,2700000.0,4800000.0,1400000.0,4676613.265158362,723386.7348416382,Central Africa,Subset: Population
-500.0,-400.0,2875000.0,5000000.0,1500000.0,4953911.975048487,796088.0249515132,Central Africa,Subset: Population
-400.0,-300.0,3055000.0,5200000.0,1600000.0,5235934.4327604165,874065.5672395835,Central Africa,Subset: Population
-300.0,-200.0,3235000.0,5400000.0,1700000.0,5519792.113081626,950207.8869183745,Central Africa,Subset: Population
-200.0,-100.0,3415000.0,5600000.0,1800000.0,5805245.803259573,1024754.196740427,Central Africa,Subset: Population
-100.0,0.0,3595000.0,5800000.0,1900000.0,6092093.310230917,1097906.6897690827,Central Africa,Subset: Population
0.0,100.0,3775000.0,6000000.0,2000000.0,6380163.142684158,1169836.8573158416,Central Africa,Subset: Population
100.0,200.0,3955000.0,6200000.0,2100000.0,6669309.304408766,1240690.6955912337,Central Africa,Subset: Population
200.0,300.0,4135000.0,6400000.0,2200000.0,6959407.017410912,1310592.9825890888,Central Africa,Subset: Population
300.0,400.0,4315000.0,6600000.0,2300000.0,7250349.212615086,1379650.7873849147,Central Africa,Subset: Population
400.0,500.0,4495000.0,6800000.0,2400000.0,7542043.64917866,1447956.350821341,Central Africa,Subset: Population
500.0,600.0,4675000.0,7000000.0,2500000.0,7834410.546288658,1515589.4537113416,Central Africa,Subset: Population
600.0,700.0,4855000.0,7200000.0,2600000.0,8127380.631894767,1582619.3681052322,Central Africa,Subset: Population
700.0,800.0,5035000.0,7400000.0,2700000.0,8420893.530517463,1649106.4694825383,Central Africa,Subset: Population
800.0,900.0,5215000.0,7600000.0,2800000.0,8714896.427038949,1715103.572961051,Central Africa,Subset: Population
900.0,1000.0,5395000.0,7800000.0,2900000.0,9009342.955503808,1780657.044496192,Central Africa,Subset: Population
1000.0,1100.0,5575000.0,8000000.0,3000000.0,9304192.271792917,1845807.7282070853,Central Africa,Subset: Population
1100.0,1200.0,5760000.0,8200000.0,3100000.0,9601015.490726378,1918984.5092736215,Central Africa,Subset: Population
1200.0,1300.0,5945000.0,8400000.0,3200000.0,9898286.607368607,1991713.392631392,Central Africa,Subset: Population
1300.0,1400.0,6130000.0,8600000.0,3300000.0,10195968.519307546,2064031.4806924537,Central Africa,Subset: Population
1400.0,1500.0,6315000.0,8800000.0,3400000.0,10494027.997034715,2135972.002965282,Central Africa,Subset: Population
1500.0,1600.0,6485000.0,9000000.0,3500000.0,10788402.723427124,2181597.2765728747,Central Africa,Subset: Population
1600.0,1700.0,6500000.0,9184000.0,3000000.0,11014975.082987724,1985024.917012276,Central Africa,Subset: Population
1700.0,1800.0,6480000.0,8984000.0,2800000.0,11139678.100470033,1820321.8995299684,Central Africa,Subset: Population
1800.0,1900.0,6565000.0,9000000.0,2700000.0,11398660.62110281,1731339.37889719,Central Africa,Subset: Population
1900.0,2000.0,20725000.0,35000000.0,4000000.0,38767640.46640624,2682359.533593759,Central Africa,Subset: Population
2000.0,2025.0,72250000.0,109600000.0,15200000.0,108944515.93903372,35555484.060966276,Central Africa,Subset: Population
-1000.0,-900.0,3.8583333333333334,4.166666666666667,3.5,4.171360666183216,3.5453060004834507,Central Asia,Overall
-900.0,-800.0,4.108333333333333,4.333333333333333,3.84,4.357080192609988,3.8595864740566785,Central Asia,Overall
-800.0,-700.0,4.200000000000001,4.666666666666667,3.673333333333334,4.676095228569524,3.723904771430478,Central Asia,Overall
-700.0,-600.0,4.241666666666666,4.833333333333333,3.6666666666666665,4.769963195353181,3.7133701379801503,Central Asia,Overall
-600.0,-500.0,4.425000000000001,5.0,3.68,5.033903842071053,3.816096157928949,Central Asia,Overall
-500.0,-400.0,4.45,4.833333333333333,4.0,4.944694069321861,3.955305930678139,Central Asia,Overall
-400.0,-300.0,4.875000000000001,5.166666666666667,4.506666666666667,5.348975503351997,4.401024496648005,Central Asia,Overall
-300.0,-200.0,5.616666666666667,6.0,5.5,6.277264039420214,4.95606929391312,Central Asia,Overall
-200.0,-100.0,5.783333333333333,6.326666666666666,5.180000000000001,6.382174807440722,5.184491859225944,Central Asia,Overall
-100.0,0.0,5.341666666666667,6.16,4.833333333333333,5.905569239023906,4.777764094309427,Central Asia,Overall
0.0,100.0,4.874999999999999,5.166666666666667,4.5,5.419862367942583,4.330137632057415,Central Asia,Overall
100.0,200.0,4.3999999999999995,5.14,3.6666666666666665,5.2793937305515275,3.520606269448471,Central Asia,Overall
200.0,300.0,4.408333333333333,5.0,3.84,5.032999911063672,3.7836667556029946,Central Asia,Overall
300.0,400.0,4.225,4.833333333333333,3.6666666666666665,4.85365597375141,3.5963440262485897,Central Asia,Overall
400.0,500.0,4.85,5.833333333333333,4.0,5.702936105461599,3.997063894538401,Central Asia,Overall
500.0,600.0,5.200000000000001,5.826666666666666,4.666666666666667,5.820483682299544,4.579516317700458,Central Asia,Overall
600.0,700.0,5.183333333333333,5.66,4.833333333333333,5.7257046698424325,4.640961996824233,Central Asia,Overall
700.0,800.0,6.058333333333333,6.5,5.666666666666667,6.550705708224081,5.565960958442584,Central Asia,Overall
800.0,900.0,6.65,6.833333333333333,6.34,7.003160335006952,6.2968396649930485,Central Asia,Overall
900.0,1000.0,6.45,6.826666666666666,6.166666666666667,6.92169905660283,5.97830094339717,Central Asia,Overall
1000.0,1100.0,6.325000000000001,6.826666666666666,5.680000000000001,6.984282016877284,5.665717983122718,Central Asia,Overall
1100.0,1200.0,4.566666666666666,5.666666666666667,2.8600000000000003,5.8868097565541895,3.246523576779143,Central Asia,Overall
1200.0,1300.0,4.125,5.333333333333333,2.506666666666667,5.495193619732465,2.7548063802675347,Central Asia,Overall
1300.0,1400.0,5.675000000000001,6.333333333333333,5.166666666666667,6.497386432551295,4.8526135674487065,Central Asia,Overall
1400.0,1500.0,5.308333333333334,6.166666666666667,4.506666666666667,6.108116290002065,4.508550376664602,Central Asia,Overall
1500.0,1600.0,5.316666666666667,5.666666666666667,4.673333333333334,5.843449354309304,4.78988397902403,Central Asia,Overall
1600.0,1700.0,4.650000000000001,5.0,4.173333333333334,5.126969600708474,4.1730303992915285,Central Asia,Overall
1700.0,1800.0,3.875,4.16,3.6666666666666665,4.1582107577994405,3.5917892422005595,Central Asia,Overall
1800.0,1900.0,4.516666666666667,4.993333333333333,4.166666666666667,5.010798902679119,4.022534430654214,Central Asia,Overall
1900.0,2000.0,5.724999999999999,5.993333333333333,5.333333333333333,6.091192875711996,5.358807124288002,Central Asia,Overall
2000.0,2025.0,5.808333333333334,6.0,5.506666666666667,6.103078986397124,5.513587680269543,Central Asia,Overall
-1000.0,-900.0,3.95,5.0,3.0,4.689932429347437,3.210067570652563,Central Asia,Subset: Culture & Lesure
-900.0,-800.0,4.55,5.0,4.0,5.218954408012983,3.881045591987017,Central Asia,Subset: Culture & Lesure
-800.0,-700.0,5.0,6.0,4.0,5.836660026534076,4.163339973465924,Central Asia,Subset: Culture & Lesure
-700.0,-600.0,5.1,6.0,4.0,6.094987437106619,4.10501256289338,Central Asia,Subset: Culture & Lesure
-600.0,-500.0,5.4,6.0,5.0,6.369535971483266,4.4304640285167345,Central Asia,Subset: Culture & Lesure
-500.0,-400.0,5.55,6.0,5.0,6.470597631976099,4.629402368023901,Central Asia,Subset: Culture & Lesure
-400.0,-300.0,6.0,7.0,5.04,6.774596669241483,5.225403330758517,Central Asia,Subset: Culture & Lesure
-300.0,-200.0,6.7,7.0,6.04,7.653939201416946,5.746060798583055,Central Asia,Subset: Culture & Lesure
-200.0,-100.0,6.85,7.0,6.04,7.5038348415311,6.196165158468899,Central Asia,Subset: Culture & Lesure
-100.0,0.0,6.6,7.0,6.0,7.334846922834953,5.865153077165046,Central Asia,Subset: Culture & Lesure
0.0,100.0,6.25,7.0,5.04,7.192072184070838,5.307927815929162,Central Asia,Subset: Culture & Lesure
100.0,200.0,5.75,6.0,5.0,6.74373034571759,4.75626965428241,Central Asia,Subset: Culture & Lesure
200.0,300.0,5.9,6.959999999999999,5.0,6.668114574786861,5.13188542521314,Central Asia,Subset: Culture & Lesure
300.0,400.0,5.6,6.0,5.0,6.3999999999999995,4.8,Central Asia,Subset: Culture & Lesure
400.0,500.0,6.1,7.0,5.0,7.04339811320566,5.1566018867943395,Central Asia,Subset: Culture & Lesure
500.0,600.0,6.4,7.0,6.0,7.06332495807108,5.736675041928921,Central Asia,Subset: Culture & Lesure
600.0,700.0,6.85,7.0,6.0,7.42227615711298,6.27772384288702,Central Asia,Subset: Culture & Lesure
700.0,800.0,7.75,8.0,7.0,8.372494979899436,7.127505020100563,Central Asia,Subset: Culture & Lesure
800.0,900.0,7.9,8.0,7.04,8.438516480713451,7.361483519286549,Central Asia,Subset: Culture & Lesure
900.0,1000.0,7.7,8.0,7.0,8.340312423743285,7.0596875762567155,Central Asia,Subset: Culture & Lesure
1000.0,1100.0,7.7,8.0,7.0,8.414142842854286,6.985857157145715,Central Asia,Subset: Culture & Lesure
1100.0,1200.0,6.0,7.0,4.04,7.51657508881031,4.48342491118969,Central Asia,Subset: Culture & Lesure
1200.0,1300.0,5.55,7.0,4.0,7.049166435056495,4.050833564943504,Central Asia,Subset: Culture & Lesure
1300.0,1400.0,7.75,9.0,7.0,9.009960316835414,6.490039683164585,Central Asia,Subset: Culture & Lesure
1400.0,1500.0,7.15,8.0,6.0,8.211838029079766,6.088161970920235,Central Asia,Subset: Culture & Lesure
1500.0,1600.0,6.65,7.0,6.0,7.22227615711298,6.07772384288702,Central Asia,Subset: Culture & Lesure
1600.0,1700.0,5.8,6.0,5.0,6.3099019513592784,5.290098048640721,Central Asia,Subset: Culture & Lesure
1700.0,1800.0,5.1,5.0,5.0,5.535889894354067,4.664110105645932,Central Asia,Subset: Culture & Lesure
1800.0,1900.0,5.5,6.0,5.0,6.0,5.0,Central Asia,Subset: Culture & Lesure
1900.0,2000.0,6.3,7.0,6.0,6.7582575694955835,5.841742430504416,Central Asia,Subset: Culture & Lesure
2000.0,2025.0,6.85,7.0,7.0,7.207071421427142,6.492928578572857,Central Asia,Subset: Culture & Lesure
-1000.0,-900.0,2.75,3.0,2.0,3.183012701892219,2.316987298107781,Central Asia,Subset: Economic Opportunity
-900.0,-800.0,3.6,4.0,3.0,4.089897948556636,3.110102051443364,Central Asia,Subset: Economic Opportunity
-800.0,-700.0,3.9,4.0,3.0,4.524499799839839,3.27550020016016,Central Asia,Subset: Economic Opportunity
-700.0,-600.0,4.05,4.959999999999999,4.0,4.63949130612758,3.46050869387242,Central Asia,Subset: Economic Opportunity
-600.0,-500.0,4.4,5.0,4.0,5.06332495807108,3.73667504192892,Central Asia,Subset: Economic Opportunity
-500.0,-400.0,4.55,5.0,4.0,5.218954408012983,3.881045591987017,Central Asia,Subset: Economic Opportunity
-400.0,-300.0,5.1,6.0,5.0,5.7244997998398395,4.47550020016016,Central Asia,Subset: Economic Opportunity
-300.0,-200.0,5.8,6.0,5.04,6.612403840463596,4.987596159536404,Central Asia,Subset: Economic Opportunity
-200.0,-100.0,6.0,7.0,5.04,6.774596669241483,5.225403330758517,Central Asia,Subset: Economic Opportunity
-100.0,0.0,5.65,6.959999999999999,5.0,6.5029361054615995,4.797063894538401,Central Asia,Subset: Economic Opportunity
0.0,100.0,5.2,6.0,5.0,5.878232998312527,4.521767001687473,Central Asia,Subset: Economic Opportunity
100.0,200.0,4.75,5.959999999999999,4.0,5.969631091765047,3.530368908234953,Central Asia,Subset: Economic Opportunity
200.0,300.0,4.75,5.959999999999999,4.0,5.5791561975888495,3.92084380241115,Central Asia,Subset: Economic Opportunity
300.0,400.0,4.5,5.0,4.0,5.241619848709567,3.758380151290434,Central Asia,Subset: Economic Opportunity
400.0,500.0,4.95,6.0,4.0,5.814580823289529,4.085419176710471,Central Asia,Subset: Economic Opportunity
500.0,600.0,5.5,6.0,5.0,6.170820393249937,4.829179606750063,Central Asia,Subset: Economic Opportunity
600.0,700.0,5.65,6.0,5.0,6.22227615711298,5.07772384288702,Central Asia,Subset: Economic Opportunity
700.0,800.0,6.55,7.0,6.0,7.13949130612758,5.96050869387242,Central Asia,Subset: Economic Opportunity
800.0,900.0,7.0,7.0,7.0,7.447213595499958,6.552786404500042,Central Asia,Subset: Economic Opportunity
900.0,1000.0,6.85,7.0,6.04,7.326969600708472,6.373030399291527,Central Asia,Subset: Economic Opportunity
1000.0,1100.0,6.65,7.0,6.04,7.442148975887744,5.857851024112257,Central Asia,Subset: Economic Opportunity
1100.0,1200.0,5.0,6.0,3.04,6.414213562373095,3.585786437626905,Central Asia,Subset: Economic Opportunity
1200.0,1300.0,4.35,6.0,2.04,5.939811309558464,2.7601886904415354,Central Asia,Subset: Economic Opportunity
1300.0,1400.0,5.75,6.0,5.0,6.5791561975888495,4.9208438024111505,Central Asia,Subset: Economic Opportunity
1400.0,1500.0,5.4,6.0,5.0,6.134846922834954,4.665153077165047,Central Asia,Subset: Economic Opportunity
1500.0,1600.0,5.6,6.0,5.0,6.183095189484529,5.01690481051547,Central Asia,Subset: Economic Opportunity
1600.0,1700.0,4.6,5.0,4.0,5.183095189484529,4.01690481051547,Central Asia,Subset: Economic Opportunity
1700.0,1800.0,4.3,5.0,4.0,4.7582575694955835,3.841742430504416,Central Asia,Subset: Economic Opportunity
1800.0,1900.0,5.5,6.0,5.0,6.091607978309962,4.908392021690038,Central Asia,Subset: Economic Opportunity
1900.0,2000.0,6.9,7.0,7.0,7.2,6.6000000000000005,Central Asia,Subset: Economic Opportunity
2000.0,2025.0,6.15,6.0,6.0,6.507071421427143,5.792928578572858,Central Asia,Subset: Economic Opportunity
-1000.0,-900.0,4.05,4.0,4.0,4.63949130612758,3.46050869387242,Central Asia,Subset: Equality
-900.0,-800.0,4.1,4.0,4.0,4.535889894354067,3.664110105645933,Central Asia,Subset: Equality
-800.0,-700.0,3.9,4.0,3.0,4.524499799839839,3.27550020016016,Central Asia,Subset: Equality
-700.0,-600.0,3.8,4.959999999999999,3.0,4.548331477354788,3.0516685226452114,Central Asia,Subset: Equality
-600.0,-500.0,4.0,5.0,3.0,4.894427190999916,3.1055728090000843,Central Asia,Subset: Equality
-500.0,-400.0,4.05,5.0,3.0,4.789932429347437,3.310067570652562,Central Asia,Subset: Equality
-400.0,-300.0,4.35,5.0,4.0,5.142148975887743,3.5578510241122565,Central Asia,Subset: Equality
-300.0,-200.0,5.0,5.959999999999999,5.0,5.707106781186548,4.292893218813452,Central Asia,Subset: Equality
-200.0,-100.0,5.15,6.0,5.0,5.803834841531101,4.4961651584689,Central Asia,Subset: Equality
-100.0,0.0,4.7,5.0,4.0,5.414142842854285,3.9858571571457153,Central Asia,Subset: Equality
0.0,100.0,4.35,5.0,4.0,5.076291952316697,3.6237080476833023,Central Asia,Subset: Equality
100.0,200.0,3.95,5.0,3.0,4.870597631976098,3.0294023680239017,Central Asia,Subset: Equality
200.0,300.0,3.95,4.0,3.0,4.689932429347437,3.210067570652563,Central Asia,Subset: Equality
300.0,400.0,3.8,4.0,3.0,4.3999999999999995,3.1999999999999997,Central Asia,Subset: Equality
400.0,500.0,4.4,5.0,4.0,5.2,3.6000000000000005,Central Asia,Subset: Equality
500.0,600.0,4.65,5.0,4.0,5.376291952316698,3.923708047683303,Central Asia,Subset: Equality
600.0,700.0,4.6,5.0,4.0,5.183095189484529,4.01690481051547,Central Asia,Subset: Equality
700.0,800.0,5.4,6.0,5.0,5.889897948556636,4.910102051443364,Central Asia,Subset: Equality
800.0,900.0,5.9,6.0,6.0,6.335889894354068,5.464110105645933,Central Asia,Subset: Equality
900.0,1000.0,5.8,6.0,5.0,6.3099019513592784,5.290098048640721,Central Asia,Subset: Equality
1000.0,1100.0,5.6,6.0,5.0,6.183095189484529,5.01690481051547,Central Asia,Subset: Equality
1100.0,1200.0,4.05,5.0,2.04,5.409227721906818,2.6907722780931813,Central Asia,Subset: Equality
1200.0,1300.0,3.45,4.959999999999999,2.04,4.566915395184434,2.333084604815566,Central Asia,Subset: Equality
1300.0,1400.0,4.8,5.0,4.0,5.671779788708134,3.928220211291865,Central Asia,Subset: Equality
1400.0,1500.0,4.6,5.0,4.0,5.3999999999999995,3.8,Central Asia,Subset: Equality
1500.0,1600.0,4.7,5.0,4.0,5.340312423743285,4.0596875762567155,Central Asia,Subset: Equality
1600.0,1700.0,4.1,4.959999999999999,4.0,4.6385164807134505,3.5614835192865493,Central Asia,Subset: Equality
1700.0,1800.0,3.15,3.959999999999999,3.0,3.6269696007084726,2.673030399291527,Central Asia,Subset: Equality
1800.0,1900.0,3.35,4.0,3.0,4.076291952316698,2.6237080476833023,Central Asia,Subset: Equality
1900.0,2000.0,5.4,6.0,5.0,5.98309518948453,4.816904810515471,Central Asia,Subset: Equality
2000.0,2025.0,4.9,5.0,5.0,5.335889894354068,4.464110105645933,Central Asia,Subset: Equality
-1000.0,-900.0,3.0,3.0,3.0,3.0,3.0,Central Asia,Subset: Freedom
-900.0,-800.0,3.0,3.0,3.0,3.0,3.0,Central Asia,Subset: Freedom
-800.0,-700.0,3.15,4.0,3.0,3.72227615711298,2.57772384288702,Central Asia,Subset: Freedom
-700.0,-600.0,3.3,4.0,3.0,3.940312423743285,2.659687576256715,Central Asia,Subset: Freedom
-600.0,-500.0,3.5,4.0,3.0,4.091607978309962,2.9083920216900383,Central Asia,Subset: Freedom
-500.0,-400.0,3.6,4.0,3.0,4.18309518948453,3.01690481051547,Central Asia,Subset: Freedom
-400.0,-300.0,4.0,4.959999999999999,3.04,4.632455532033676,3.367544467966324,Central Asia,Subset: Freedom
-300.0,-200.0,4.8,5.0,5.0,5.548331477354788,4.051668522645212,Central Asia,Subset: Freedom
-200.0,-100.0,4.95,5.0,4.04,5.754673846971554,4.145326153028447,Central Asia,Subset: Freedom
-100.0,0.0,4.45,5.0,4.0,5.118954408012983,3.7810455919870174,Central Asia,Subset: Freedom
0.0,100.0,3.9,4.0,3.04,4.43851648071345,3.3614835192865495,Central Asia,Subset: Freedom
100.0,200.0,3.45,4.959999999999999,3.0,4.42339611669659,2.4766038833034107,Central Asia,Subset: Freedom
200.0,300.0,3.4,4.0,3.0,4.134846922834954,2.6651530771650465,Central Asia,Subset: Freedom
300.0,400.0,3.35,4.0,3.0,4.003834841531101,2.696165158468899,Central Asia,Subset: Freedom
400.0,500.0,4.1,5.0,3.0,5.144030650891055,3.055969349108945,Central Asia,Subset: Freedom
500.0,600.0,4.35,5.0,4.0,5.076291952316697,3.6237080476833023,Central Asia,Subset: Freedom
600.0,700.0,4.15,5.0,3.04,4.9421489758877435,3.357851024112257,Central Asia,Subset: Freedom
700.0,800.0,5.15,6.0,4.04,5.9421489758877435,4.357851024112257,Central Asia,Subset: Freedom
800.0,900.0,6.0,6.0,6.0,6.547722557505166,5.452277442494834,Central Asia,Subset: Freedom
900.0,1000.0,5.9,6.0,5.0,6.52449979983984,5.2755002001601605,Central Asia,Subset: Freedom
1000.0,1100.0,5.75,6.0,5.0,6.372494979899437,5.127505020100563,Central Asia,Subset: Freedom
1100.0,1200.0,4.05,5.0,3.0,5.371930406640228,2.728069593359771,Central Asia,Subset: Freedom
1200.0,1300.0,3.35,4.959999999999999,2.0,4.6643439428094915,2.0356560571905087,Central Asia,Subset: Freedom
1300.0,1400.0,5.15,6.0,5.0,6.0029361054615995,4.297063894538401,Central Asia,Subset: Freedom
1400.0,1500.0,4.75,6.0,4.0,5.637411967464942,3.8625880325350574,Central Asia,Subset: Freedom
1500.0,1600.0,4.7,5.0,4.0,5.340312423743285,4.0596875762567155,Central Asia,Subset: Freedom
1600.0,1700.0,3.95,4.0,3.04,4.618954408012983,3.2810455919870174,Central Asia,Subset: Freedom
1700.0,1800.0,3.0,3.0,3.0,3.316227766016838,2.683772233983162,Central Asia,Subset: Freedom
1800.0,1900.0,3.45,4.0,3.0,4.189932429347437,2.710067570652563,Central Asia,Subset: Freedom
1900.0,2000.0,4.1,5.0,3.0,4.930662386291807,3.269337613708192,Central Asia,Subset: Freedom
2000.0,2025.0,5.35,6.0,5.0,5.92227615711298,4.77772384288702,Central Asia,Subset: Freedom
-1000.0,-900.0,3.75,4.0,3.0,4.18301270189222,3.316987298107781,Central Asia,Subset: Health & Wellbeing
-900.0,-800.0,3.8,4.0,3.04,4.2,3.4,Central Asia,Subset: Health & Wellbeing
-800.0,-700.0,4.15,5.0,4.0,4.803834841531101,3.4961651584688993,Central Asia,Subset: Health & Wellbeing
-700.0,-600.0,4.4,5.0,4.0,4.98309518948453,3.8169048105154704,Central Asia,Subset: Health & Wellbeing
-600.0,-500.0,4.5,5.0,4.0,5.170820393249937,3.829179606750063,Central Asia,Subset: Health & Wellbeing
-500.0,-400.0,4.5,5.0,4.0,5.0,4.0,Central Asia,Subset: Health & Wellbeing
-400.0,-300.0,4.75,5.0,4.0,5.28619026473818,4.21380973526182,Central Asia,Subset: Health & Wellbeing
-300.0,-200.0,5.5,6.0,5.0,6.091607978309962,4.908392021690038,Central Asia,Subset: Health & Wellbeing
-200.0,-100.0,5.7,6.0,5.0,6.158257569495584,5.2417424305044165,Central Asia,Subset: Health & Wellbeing
-100.0,0.0,5.4,6.0,5.0,5.889897948556636,4.910102051443364,Central Asia,Subset: Health & Wellbeing
0.0,100.0,5.0,5.0,5.0,5.547722557505166,4.452277442494834,Central Asia,Subset: Health & Wellbeing
100.0,200.0,4.65,5.0,4.0,5.4421489758877435,3.857851024112257,Central Asia,Subset: Health & Wellbeing
200.0,300.0,4.5,5.0,4.0,5.091607978309962,3.9083920216900383,Central Asia,Subset: Health & Wellbeing
300.0,400.0,4.3,5.0,4.0,5.014142842854285,3.585857157145715,Central Asia,Subset: Health & Wellbeing
400.0,500.0,4.85,6.0,4.0,5.702936105461599,3.997063894538401,Central Asia,Subset: Health & Wellbeing
500.0,600.0,5.2,6.0,5.0,5.8,4.6000000000000005,Central Asia,Subset: Health & Wellbeing
600.0,700.0,5.45,6.0,5.0,6.03949130612758,4.86050869387242,Central Asia,Subset: Health & Wellbeing
700.0,800.0,6.2,7.0,6.0,6.709901951359279,5.6900980486407216,Central Asia,Subset: Health & Wellbeing
800.0,900.0,6.65,7.0,6.0,7.126969600708473,6.173030399291528,Central Asia,Subset: Health & Wellbeing
900.0,1000.0,6.6,7.0,6.0,7.089897948556636,6.110102051443364,Central Asia,Subset: Health & Wellbeing
1000.0,1100.0,6.6,7.0,6.0,7.4,5.8,Central Asia,Subset: Health & Wellbeing
1100.0,1200.0,4.85,6.0,3.04,6.125735082217307,3.574264917782692,Central Asia,Subset: Health & Wellbeing
1200.0,1300.0,4.1,5.0,3.0,5.2789826122551595,2.92101738774484,Central Asia,Subset: Health & Wellbeing
1300.0,1400.0,5.5,6.0,5.0,6.366025403784438,4.633974596215562,Central Asia,Subset: Health & Wellbeing
1400.0,1500.0,5.45,6.0,5.0,6.189932429347437,4.710067570652563,Central Asia,Subset: Health & Wellbeing
1500.0,1600.0,5.45,6.0,5.0,6.03949130612758,4.86050869387242,Central Asia,Subset: Health & Wellbeing
1600.0,1700.0,4.9,5.0,5.0,5.335889894354068,4.464110105645933,Central Asia,Subset: Health & Wellbeing
1700.0,1800.0,4.45,5.0,4.0,4.94749371855331,3.95250628144669,Central Asia,Subset: Health & Wellbeing
1800.0,1900.0,5.4,6.0,5.0,5.98309518948453,4.816904810515471,Central Asia,Subset: Health & Wellbeing
1900.0,2000.0,6.9,7.0,7.0,7.2,6.6000000000000005,Central Asia,Subset: Health & Wellbeing
2000.0,2025.0,6.6,7.0,6.0,7.089897948556636,6.110102051443364,Central Asia,Subset: Health & Wellbeing
-1000.0,-900.0,5.65,6.0,5.0,6.303834841531101,4.9961651584689,Central Asia,Subset: Peace
-900.0,-800.0,5.6,6.0,5.0,6.089897948556636,5.110102051443364,Central Asia,Subset: Peace
-800.0,-700.0,5.1,5.959999999999999,5.0,5.8,4.3999999999999995,Central Asia,Subset: Peace
-700.0,-600.0,4.8,5.0,4.0,5.478232998312526,4.1217670016874735,Central Asia,Subset: Peace
-600.0,-500.0,4.75,5.0,4.0,5.448212002188447,4.051787997811553,Central Asia,Subset: Peace
-500.0,-400.0,4.45,5.0,4.0,5.254673846971555,3.6453261530284458,Central Asia,Subset: Peace
-400.0,-300.0,5.05,6.0,4.0,5.789932429347437,4.310067570652563,Central Asia,Subset: Peace
-300.0,-200.0,5.9,7.0,5.0,6.8433981132056605,4.95660188679434,Central Asia,Subset: Peace
-200.0,-100.0,6.05,7.0,5.0,7.121214264281427,4.9787857357185725,Central Asia,Subset: Peace
-100.0,0.0,5.25,6.0,5.0,6.016485485837794,4.483514514162206,Central Asia,Subset: Peace
0.0,100.0,4.55,5.0,4.0,5.218954408012983,3.881045591987017,Central Asia,Subset: Peace
100.0,200.0,3.85,4.959999999999999,3.0,4.813068014212911,2.886931985787089,Central Asia,Subset: Peace
200.0,300.0,3.95,5.0,3.0,4.92339611669659,2.976603883303411,Central Asia,Subset: Peace
300.0,400.0,3.8,5.0,3.0,4.779795897113271,2.8202041028867284,Central Asia,Subset: Peace
400.0,500.0,4.7,6.0,3.0,5.968857754044953,3.431142245955048,Central Asia,Subset: Peace
500.0,600.0,5.1,6.0,4.0,6.094987437106619,4.10501256289338,Central Asia,Subset: Peace
600.0,700.0,4.4,5.0,3.04,5.316515138991169,3.483484861008832,Central Asia,Subset: Peace
700.0,800.0,5.3,6.0,4.04,6.142614977317636,4.457385022682364,Central Asia,Subset: Peace
800.0,900.0,6.45,7.0,6.0,6.94749371855331,5.9525062814466905,Central Asia,Subset: Peace
900.0,1000.0,5.85,6.959999999999999,5.0,6.642148975887743,5.0578510241122565,Central Asia,Subset: Peace
1000.0,1100.0,5.65,7.0,5.0,6.7118380290797655,4.588161970920235,Central Asia,Subset: Peace
1100.0,1200.0,3.45,5.0,2.0,4.9154350889752845,1.9845649110247157,Central Asia,Subset: Peace
1200.0,1300.0,3.95,6.0,2.0,5.885846068260594,2.014153931739406,Central Asia,Subset: Peace
1300.0,1400.0,5.1,6.0,4.0,6.04339811320566,4.1566018867943395,Central Asia,Subset: Peace
1400.0,1500.0,4.5,6.0,3.04,5.57238052947636,3.427619470523639,Central Asia,Subset: Peace
1500.0,1600.0,4.8,5.0,4.0,5.478232998312526,4.1217670016874735,Central Asia,Subset: Peace
1600.0,1700.0,4.55,5.0,4.0,5.523396116696589,3.5766038833034104,Central Asia,Subset: Peace
1700.0,1800.0,3.25,4.0,3.0,3.683012701892219,2.816987298107781,Central Asia,Subset: Peace
1800.0,1900.0,3.9,4.0,4.0,4.524499799839839,3.2755002001601605,Central Asia,Subset: Peace
1900.0,2000.0,4.75,5.959999999999999,4.0,5.637411967464942,3.8625880325350574,Central Asia,Subset: Peace
2000.0,2025.0,5.0,5.0,5.0,5.447213595499958,4.552786404500042,Central Asia,Subset: Peace
-1000.0,-900.0,2305000.0,4919999.999999998,808000.0,3995702.5167071824,614297.4832928176,Central Asia,Subset: Population
-900.0,-800.0,2447500.0,5119999.999999998,860000.0,4181388.3326212214,713611.6673787783,Central Asia,Subset: Population
-800.0,-700.0,2607500.0,5323999.999999998,912000.0,4405712.654276462,809287.3457235377,Central Asia,Subset: Population
-700.0,-600.0,2747500.0,5527999.999999998,964000.0,4600907.3351532845,894092.6648467153,Central Asia,Subset: Population
-600.0,-500.0,2897500.0,5727999.999999998,1016000.0,4820159.2911902,974840.7088098008,Central Asia,Subset: Population
-500.0,-400.0,3037500.0,5927999.999999998,1116000.0,5008595.824662007,1066404.1753379924,Central Asia,Subset: Population
-400.0,-300.0,3185000.0,6131999.999999998,1168000.0,5221301.794921372,1148698.2050786284,Central Asia,Subset: Population
-300.0,-200.0,3362500.0,6431999.999999998,1220000.0,5486227.560211055,1238772.439788945,Central Asia,Subset: Population
-200.0,-100.0,3552500.0,6639999.999999999,1320000.0,5776093.656673809,1328906.3433261914,Central Asia,Subset: Population
-100.0,0.0,3760000.0,6939999.999999999,1420000.0,6087101.201065394,1432898.798934606,Central Asia,Subset: Population
0.0,100.0,3965000.0,7139999.999999999,1520000.0,6390546.330210989,1539453.6697890102,Central Asia,Subset: Population
100.0,200.0,4170000.0,7343999.999999999,1620000.0,6705764.184619698,1634235.8153803025,Central Asia,Subset: Population
200.0,300.0,4340000.0,7543999.999999999,1720000.0,6980151.510803878,1699848.4891961217,Central Asia,Subset: Population
300.0,400.0,4515000.0,7747999.999999999,1820000.0,7265322.7083380595,1764677.29166194,Central Asia,Subset: Population
400.0,500.0,4685000.0,7951999.999999999,1920000.0,7552450.958604175,1817549.041395825,Central Asia,Subset: Population
500.0,600.0,4875000.0,8151999.999999999,2020000.0,7845164.136878634,1904835.863121366,Central Asia,Subset: Population
600.0,700.0,5070000.0,8447999.999999998,2120000.0,8143450.829279687,1996549.1707203125,Central Asia,Subset: Population
700.0,800.0,5270000.0,8747999.999999998,2220000.0,8451367.630438205,2088632.369561795,Central Asia,Subset: Population
800.0,900.0,5490000.0,8951999.999999998,2320000.0,8802234.89505198,2177765.10494802,Central Asia,Subset: Population
900.0,1000.0,5720000.0,9439999.999999998,2420000.0,9176530.051945155,2263469.9480548417,Central Asia,Subset: Population
1000.0,1100.0,5950000.0,9927999.999999998,2520000.0,9546734.630188888,2353265.3698111116,Central Asia,Subset: Population
1100.0,1200.0,6145000.0,10419999.999999998,2620000.0,9872261.05874005,2417738.94125995,Central Asia,Subset: Population
1200.0,1300.0,5700000.0,9000000.0,2500000.0,9500394.716341976,1899605.2836580249,Central Asia,Subset: Population
1300.0,1400.0,5450000.0,9460000.0,2408000.0,8954497.110856278,1945502.889143722,Central Asia,Subset: Population
1400.0,1500.0,5605000.0,9000000.0,2508000.0,9106353.30979323,2103646.690206771,Central Asia,Subset: Population
1500.0,1600.0,5750000.0,9460000.0,2608000.0,9263474.0642276,2236525.9357724013,Central Asia,Subset: Population
1600.0,1700.0,5900000.0,9939999.999999998,2708000.0,9439491.48890063,2360508.5110993697,Central Asia,Subset: Population
1700.0,1800.0,6090000.0,10919999.999999998,2808000.0,9702464.532697864,2477535.4673021357,Central Asia,Subset: Population
1800.0,1900.0,6495000.0,10960000.0,3008000.0,10256711.711442012,2733288.2885579867,Central Asia,Subset: Population
1900.0,2000.0,10875000.0,15000000.0,3500000.0,16845500.397789117,4904499.602210883,Central Asia,Subset: Population
2000.0,2025.0,19325000.0,30000000.0,7520000.0,28144403.324488565,10505596.675511433,Central Asia,Subset: Population
-1000.0,-900.0,3.825,4.0,3.6666666666666665,4.038924960883224,3.611075039116776,East Africa & the Horn,Overall
-900.0,-800.0,3.9833333333333343,4.166666666666667,3.8333333333333335,4.157338441815177,3.809328224851492,East Africa & the Horn,Overall
-800.0,-700.0,4.241666666666666,4.493333333333333,4.0,4.45559162754989,4.027741705783442,East Africa & the Horn,Overall
-700.0,-600.0,4.533333333333334,4.833333333333333,4.166666666666667,4.926327537418387,4.140339129248281,East Africa & the Horn,Overall
-600.0,-500.0,4.866666666666666,5.333333333333333,4.180000000000001,5.379285216640989,4.3540481166923435,East Africa & the Horn,Overall
-500.0,-400.0,5.374999999999999,5.826666666666666,4.846666666666667,5.827999264164228,4.92200073583577,East Africa & the Horn,Overall
-400.0,-300.0,5.433333333333334,5.833333333333333,5.166666666666667,5.934443212612431,4.9322234540542365,East Africa & the Horn,Overall
-300.0,-200.0,5.4833333333333325,5.993333333333333,5.0,6.007472839783879,4.959193826882786,East Africa & the Horn,Overall
-200.0,-100.0,5.374999999999999,6.16,4.5,6.110744143330032,4.639255856669966,East Africa & the Horn,Overall
-100.0,0.0,5.408333333333333,6.16,4.5,6.203238988112566,4.613427678554101,East Africa & the Horn,Overall
0.0,100.0,5.225,6.16,4.5,5.980121403042804,4.469878596957195,East Africa & the Horn,Overall
100.0,200.0,5.133333333333332,5.493333333333333,4.833333333333333,5.526327537418386,4.740339129248278,East Africa & the Horn,Overall
200.0,300.0,4.8999999999999995,5.333333333333333,4.34,5.354606056566195,4.445393943433804,East Africa & the Horn,Overall
300.0,400.0,4.908333333333333,5.493333333333333,4.333333333333333,5.433994292930339,4.382672373736328,East Africa & the Horn,Overall
400.0,500.0,5.225,5.826666666666666,4.506666666666667,5.736737237261468,4.713262762738531,East Africa & the Horn,Overall
500.0,600.0,5.366666666666666,5.666666666666667,5.006666666666667,5.68551877449515,5.047814558838183,East Africa & the Horn,Overall
600.0,700.0,5.441666666666668,5.666666666666667,5.0,5.844003590152445,5.039329743180891,East Africa & the Horn,Overall
700.0,800.0,5.333333333333334,5.993333333333333,4.833333333333333,5.855082528083285,4.811584138583383,East Africa & the Horn,Overall
800.0,900.0,5.541666666666667,5.993333333333333,5.173333333333334,6.015642170018663,5.067691163314671,East Africa & the Horn,Overall
900.0,1000.0,5.758333333333334,6.166666666666667,5.34,6.129049606992254,5.3876170596744135,East Africa & the Horn,Overall
1000.0,1100.0,5.941666666666667,6.493333333333333,5.666666666666667,6.367482876368041,5.5158504569652935,East Africa & the Horn,Overall
1100.0,1200.0,5.916666666666666,6.493333333333333,5.5,6.418053631883043,5.415279701450289,East Africa & the Horn,Overall
1200.0,1300.0,5.591666666666665,6.319999999999999,5.0,6.174940473153235,5.008392860180095,East Africa & the Horn,Overall
1300.0,1400.0,4.958333333333333,5.666666666666667,4.0,5.710875321825965,4.205791344840701,East Africa & the Horn,Overall
1400.0,1500.0,4.824999999999999,5.326666666666666,4.5,5.276771205614326,4.373228794385673,East Africa & the Horn,Overall
1500.0,1600.0,4.308333333333334,4.666666666666667,3.673333333333334,4.809096639585787,3.80757002708088,East Africa & the Horn,Overall
1600.0,1700.0,3.975000000000001,4.819999999999999,3.506666666666667,4.528461330577345,3.4215386694226564,East Africa & the Horn,Overall
1700.0,1800.0,3.708333333333333,4.166666666666667,3.006666666666667,4.313576626930581,3.1030900397360854,East Africa & the Horn,Overall
1800.0,1900.0,3.224999999999999,3.6666666666666665,2.6733333333333333,3.657290411644764,2.792709588355234,East Africa & the Horn,Overall
1900.0,2000.0,4.883333333333333,5.16,4.506666666666667,5.186556756644337,4.580109910022329,East Africa & the Horn,Overall
2000.0,2025.0,5.591666666666666,5.833333333333333,5.333333333333333,5.872908950511436,5.310424382821896,East Africa & the Horn,Overall
-1000.0,-900.0,4.3,5.0,4.0,4.9403124237432845,3.659687576256715,East Africa & the Horn,Subset: Culture & Lesure
-900.0,-800.0,4.4,5.0,4.0,4.98309518948453,3.8169048105154704,East Africa & the Horn,Subset: Culture & Lesure
-800.0,-700.0,5.25,6.0,5.0,5.78619026473818,4.71380973526182,East Africa & the Horn,Subset: Culture & Lesure
-700.0,-600.0,5.5,6.0,5.0,6.091607978309962,4.908392021690038,East Africa & the Horn,Subset: Culture & Lesure
-600.0,-500.0,5.85,6.959999999999999,5.0,6.576291952316697,5.123708047683302,East Africa & the Horn,Subset: Culture & Lesure
-500.0,-400.0,6.55,7.0,6.0,7.13949130612758,5.96050869387242,East Africa & the Horn,Subset: Culture & Lesure
-400.0,-300.0,6.5,7.0,6.0,7.241619848709567,5.758380151290433,East Africa & the Horn,Subset: Culture & Lesure
-300.0,-200.0,6.65,7.0,6.0,7.303834841531101,5.9961651584689,East Africa & the Horn,Subset: Culture & Lesure
-200.0,-100.0,6.65,7.959999999999999,6.0,7.613068014212912,5.686931985787089,East Africa & the Horn,Subset: Culture & Lesure
-100.0,0.0,6.7,7.959999999999999,5.04,7.704987562112089,5.695012437887911,East Africa & the Horn,Subset: Culture & Lesure
0.0,100.0,6.5,7.0,6.0,7.366025403784438,5.633974596215562,East Africa & the Horn,Subset: Culture & Lesure
100.0,200.0,6.55,7.0,6.0,7.0474937185533095,6.05250628144669,East Africa & the Horn,Subset: Culture & Lesure
200.0,300.0,6.45,7.0,6.0,6.94749371855331,5.9525062814466905,East Africa & the Horn,Subset: Culture & Lesure
300.0,400.0,6.5,7.0,6.0,7.091607978309962,5.908392021690038,East Africa & the Horn,Subset: Culture & Lesure
400.0,500.0,6.8,7.0,6.04,7.2,6.3999999999999995,East Africa & the Horn,Subset: Culture & Lesure
500.0,600.0,7.0,7.0,7.0,7.316227766016838,6.683772233983162,East Africa & the Horn,Subset: Culture & Lesure
600.0,700.0,7.05,7.0,7.0,7.547493718553309,6.55250628144669,East Africa & the Horn,Subset: Culture & Lesure
700.0,800.0,6.9,7.0,6.0,7.52449979983984,6.2755002001601605,East Africa & the Horn,Subset: Culture & Lesure
800.0,900.0,7.1,7.959999999999999,7.0,7.638516480713451,6.561483519286549,East Africa & the Horn,Subset: Culture & Lesure
900.0,1000.0,7.15,7.0,7.0,7.507071421427143,6.792928578572858,East Africa & the Horn,Subset: Culture & Lesure
1000.0,1100.0,7.3,8.0,7.0,7.758257569495584,6.841742430504416,East Africa & the Horn,Subset: Culture & Lesure
1100.0,1200.0,7.35,8.0,7.0,7.826969600708472,6.873030399291527,East Africa & the Horn,Subset: Culture & Lesure
1200.0,1300.0,7.15,8.0,7.0,7.803834841531101,6.4961651584689,East Africa & the Horn,Subset: Culture & Lesure
1300.0,1400.0,6.6,7.0,6.0,7.334846922834953,5.865153077165046,East Africa & the Horn,Subset: Culture & Lesure
1400.0,1500.0,6.3,7.0,6.0,6.7582575694955835,5.841742430504416,East Africa & the Horn,Subset: Culture & Lesure
1500.0,1600.0,5.95,6.0,5.04,6.53949130612758,5.36050869387242,East Africa & the Horn,Subset: Culture & Lesure
1600.0,1700.0,5.5,6.0,5.0,6.241619848709567,4.758380151290433,East Africa & the Horn,Subset: Culture & Lesure
1700.0,1800.0,5.2,6.0,5.0,5.8782329983125265,4.521767001687474,East Africa & the Horn,Subset: Culture & Lesure
1800.0,1900.0,4.7,5.0,4.0,5.256776436283002,4.143223563716998,East Africa & the Horn,Subset: Culture & Lesure
1900.0,2000.0,6.0,6.0,6.0,6.316227766016838,5.683772233983162,East Africa & the Horn,Subset: Culture & Lesure
2000.0,2025.0,6.8,7.0,6.04,7.2,6.3999999999999995,East Africa & the Horn,Subset: Culture & Lesure
-1000.0,-900.0,2.2,2.959999999999999,2.0,2.6,1.8000000000000005,East Africa & the Horn,Subset: Economic Opportunity
-900.0,-800.0,3.2,3.959999999999999,3.0,3.6,2.8000000000000003,East Africa & the Horn,Subset: Economic Opportunity
-800.0,-700.0,3.4,4.0,3.0,3.889897948556636,2.910102051443364,East Africa & the Horn,Subset: Economic Opportunity
-700.0,-600.0,3.9,4.0,3.0,4.524499799839839,3.27550020016016,East Africa & the Horn,Subset: Economic Opportunity
-600.0,-500.0,4.35,5.0,4.0,5.142148975887743,3.5578510241122565,East Africa & the Horn,Subset: Economic Opportunity
-500.0,-400.0,5.0,5.959999999999999,4.04,5.632455532033676,4.367544467966324,East Africa & the Horn,Subset: Economic Opportunity
-400.0,-300.0,5.25,6.0,5.0,5.872494979899437,4.627505020100563,East Africa & the Horn,Subset: Economic Opportunity
-300.0,-200.0,5.4,6.0,5.0,6.06332495807108,4.736675041928921,East Africa & the Horn,Subset: Economic Opportunity
-200.0,-100.0,5.3,6.0,4.04,6.081024967590666,4.518975032409334,East Africa & the Horn,Subset: Economic Opportunity
-100.0,0.0,5.45,6.0,4.04,6.314580823289529,4.585419176710471,East Africa & the Horn,Subset: Economic Opportunity
0.0,100.0,5.05,6.0,4.04,5.914580823289529,4.185419176710471,East Africa & the Horn,Subset: Economic Opportunity
100.0,200.0,5.15,6.0,5.0,5.72227615711298,4.57772384288702,East Africa & the Horn,Subset: Economic Opportunity
200.0,300.0,4.9,5.959999999999999,4.0,5.6000000000000005,4.2,East Africa & the Horn,Subset: Economic Opportunity
300.0,400.0,4.9,5.959999999999999,4.0,5.6000000000000005,4.2,East Africa & the Horn,Subset: Economic Opportunity
400.0,500.0,5.25,6.0,5.0,5.872494979899437,4.627505020100563,East Africa & the Horn,Subset: Economic Opportunity
500.0,600.0,5.5,6.0,5.0,6.0,5.0,East Africa & the Horn,Subset: Economic Opportunity
600.0,700.0,5.6,6.0,5.0,6.089897948556636,5.110102051443364,East Africa & the Horn,Subset: Economic Opportunity
700.0,800.0,5.7,6.0,5.0,6.256776436283002,5.143223563716998,East Africa & the Horn,Subset: Economic Opportunity
800.0,900.0,5.85,6.0,5.04,6.326969600708472,5.373030399291527,East Africa & the Horn,Subset: Economic Opportunity
900.0,1000.0,5.9,6.0,6.0,6.335889894354068,5.464110105645933,East Africa & the Horn,Subset: Economic Opportunity
1000.0,1100.0,6.3,7.0,6.0,6.856776436283002,5.743223563716998,East Africa & the Horn,Subset: Economic Opportunity
1100.0,1200.0,6.25,7.0,6.0,6.872494979899437,5.627505020100563,East Africa & the Horn,Subset: Economic Opportunity
1200.0,1300.0,6.1,7.0,5.04,6.8,5.3999999999999995,East Africa & the Horn,Subset: Economic Opportunity
1300.0,1400.0,5.5,6.0,5.0,6.4219544457292885,4.5780455542707115,East Africa & the Horn,Subset: Economic Opportunity
1400.0,1500.0,5.25,6.0,5.0,5.872494979899437,4.627505020100563,East Africa & the Horn,Subset: Economic Opportunity
1500.0,1600.0,4.8,5.0,4.0,5.478232998312526,4.1217670016874735,East Africa & the Horn,Subset: Economic Opportunity
1600.0,1700.0,4.3,5.0,4.0,4.9403124237432845,3.659687576256715,East Africa & the Horn,Subset: Economic Opportunity
1700.0,1800.0,4.05,5.0,3.04,4.718954408012983,3.3810455919870175,East Africa & the Horn,Subset: Economic Opportunity
1800.0,1900.0,3.55,4.0,3.0,4.0474937185533095,3.0525062814466897,East Africa & the Horn,Subset: Economic Opportunity
1900.0,2000.0,5.5,6.0,5.0,6.0,5.0,East Africa & the Horn,Subset: Economic Opportunity
2000.0,2025.0,6.1,6.0,6.0,6.3999999999999995,5.8,East Africa & the Horn,Subset: Economic Opportunity
-1000.0,-900.0,3.95,4.0,4.0,4.167944947177034,3.7320550528229663,East Africa & the Horn,Subset: Equality
-900.0,-800.0,3.95,4.0,4.0,4.167944947177034,3.7320550528229663,East Africa & the Horn,Subset: Equality
-800.0,-700.0,3.95,4.0,4.0,4.33405728739343,3.56594271260657,East Africa & the Horn,Subset: Equality
-700.0,-600.0,4.1,4.0,4.0,4.535889894354067,3.664110105645933,East Africa & the Horn,Subset: Equality
-600.0,-500.0,4.4,5.0,4.0,5.06332495807108,3.73667504192892,East Africa & the Horn,Subset: Equality
-500.0,-400.0,4.8,5.0,4.0,5.3099019513592784,4.290098048640721,East Africa & the Horn,Subset: Equality
-400.0,-300.0,4.8,5.0,4.0,5.478232998312527,4.121767001687473,East Africa & the Horn,Subset: Equality
-300.0,-200.0,4.75,5.0,4.0,5.372494979899437,4.127505020100563,East Africa & the Horn,Subset: Equality
-200.0,-100.0,4.7,5.0,4.0,5.340312423743285,4.0596875762567155,East Africa & the Horn,Subset: Equality
-100.0,0.0,4.7,5.0,4.0,5.414142842854285,3.9858571571457153,East Africa & the Horn,Subset: Equality
0.0,100.0,4.65,5.0,4.0,5.303834841531101,3.9961651584688993,East Africa & the Horn,Subset: Equality
100.0,200.0,4.55,5.0,4.0,5.13949130612758,3.96050869387242,East Africa & the Horn,Subset: Equality
200.0,300.0,4.3,5.0,4.0,4.9403124237432845,3.659687576256715,East Africa & the Horn,Subset: Equality
300.0,400.0,4.25,5.0,4.0,4.948212002188447,3.551787997811553,East Africa & the Horn,Subset: Equality
400.0,500.0,4.5,5.0,4.0,5.091607978309962,3.9083920216900383,East Africa & the Horn,Subset: Equality
500.0,600.0,4.6,5.0,4.0,5.089897948556636,4.110102051443364,East Africa & the Horn,Subset: Equality
600.0,700.0,4.6,5.0,4.0,5.183095189484529,4.01690481051547,East Africa & the Horn,Subset: Equality
700.0,800.0,4.4,5.0,4.0,4.98309518948453,3.8169048105154704,East Africa & the Horn,Subset: Equality
800.0,900.0,4.7,5.0,4.0,5.256776436283002,4.143223563716998,East Africa & the Horn,Subset: Equality
900.0,1000.0,5.15,5.959999999999999,5.0,5.626969600708473,4.673030399291528,East Africa & the Horn,Subset: Equality
1000.0,1100.0,5.15,5.959999999999999,5.0,5.626969600708473,4.673030399291528,East Africa & the Horn,Subset: Equality
1100.0,1200.0,5.1,5.959999999999999,5.0,5.6385164807134505,4.561483519286549,East Africa & the Horn,Subset: Equality
1200.0,1300.0,4.8,5.0,4.0,5.478232998312527,4.121767001687473,East Africa & the Horn,Subset: Equality
1300.0,1400.0,4.3,5.0,4.0,5.081024967590666,3.5189750324093345,East Africa & the Horn,Subset: Equality
1400.0,1500.0,4.25,5.0,4.0,4.872494979899437,3.627505020100563,East Africa & the Horn,Subset: Equality
1500.0,1600.0,3.75,4.0,3.0,4.372494979899437,3.127505020100563,East Africa & the Horn,Subset: Equality
1600.0,1700.0,3.4,4.0,3.0,4.134846922834953,2.6651530771650465,East Africa & the Horn,Subset: Equality
1700.0,1800.0,3.1,3.959999999999999,3.0,3.8,2.4000000000000004,East Africa & the Horn,Subset: Equality
1800.0,1900.0,2.65,3.0,2.0,3.22227615711298,2.07772384288702,East Africa & the Horn,Subset: Equality
1900.0,2000.0,4.05,4.0,4.0,4.54749371855331,3.5525062814466897,East Africa & the Horn,Subset: Equality
2000.0,2025.0,4.65,5.0,4.0,5.126969600708473,4.173030399291528,East Africa & the Horn,Subset: Equality
-1000.0,-900.0,3.0,3.0,3.0,3.0,3.0,East Africa & the Horn,Subset: Freedom
-900.0,-800.0,3.0,3.0,3.0,3.0,3.0,East Africa & the Horn,Subset: Freedom
-800.0,-700.0,3.2,3.959999999999999,3.0,3.6,2.8000000000000003,East Africa & the Horn,Subset: Freedom
-700.0,-600.0,3.6,4.0,3.0,4.18309518948453,3.01690481051547,East Africa & the Horn,Subset: Freedom
-600.0,-500.0,4.05,4.959999999999999,4.0,4.63949130612758,3.46050869387242,East Africa & the Horn,Subset: Freedom
-500.0,-400.0,4.55,5.0,4.0,5.13949130612758,3.96050869387242,East Africa & the Horn,Subset: Freedom
-400.0,-300.0,4.6,5.0,4.0,5.263324958071079,3.93667504192892,East Africa & the Horn,Subset: Freedom
-300.0,-200.0,4.6,5.0,4.0,5.183095189484529,4.01690481051547,East Africa & the Horn,Subset: Freedom
-200.0,-100.0,4.55,5.0,4.0,5.354673846971554,3.7453261530284454,East Africa & the Horn,Subset: Freedom
-100.0,0.0,4.55,5.0,3.04,5.470597631976099,3.629402368023902,East Africa & the Horn,Subset: Freedom
0.0,100.0,4.45,5.0,4.0,5.314580823289529,3.585419176710471,East Africa & the Horn,Subset: Freedom
100.0,200.0,4.3,5.0,4.0,4.856776436283002,3.743223563716998,East Africa & the Horn,Subset: Freedom
200.0,300.0,4.05,5.0,3.04,4.718954408012983,3.381045591987017,East Africa & the Horn,Subset: Freedom
300.0,400.0,4.1,5.0,3.04,4.8,3.3999999999999995,East Africa & the Horn,Subset: Freedom
400.0,500.0,4.55,5.0,4.0,5.289932429347437,3.810067570652562,East Africa & the Horn,Subset: Freedom
500.0,600.0,4.7,5.0,4.0,5.256776436283002,4.143223563716998,East Africa & the Horn,Subset: Freedom
600.0,700.0,4.8,5.0,4.04,5.2,4.3999999999999995,East Africa & the Horn,Subset: Freedom
700.0,800.0,4.7,5.0,4.0,5.340312423743285,4.0596875762567155,East Africa & the Horn,Subset: Freedom
800.0,900.0,4.95,5.959999999999999,4.0,5.618954408012983,4.281045591987017,East Africa & the Horn,Subset: Freedom
900.0,1000.0,5.2,6.0,5.0,5.8,4.6000000000000005,East Africa & the Horn,Subset: Freedom
1000.0,1100.0,5.35,6.0,5.0,6.0038348415311,4.696165158468899,East Africa & the Horn,Subset: Freedom
1100.0,1200.0,5.4,6.0,5.0,6.134846922834954,4.665153077165047,East Africa & the Horn,Subset: Freedom
1200.0,1300.0,4.9,5.959999999999999,4.0,5.6000000000000005,4.2,East Africa & the Horn,Subset: Freedom
1300.0,1400.0,4.3,5.0,3.04,5.142614977317636,3.457385022682364,East Africa & the Horn,Subset: Freedom
1400.0,1500.0,4.1,4.959999999999999,4.0,4.6385164807134505,3.5614835192865493,East Africa & the Horn,Subset: Freedom
1500.0,1600.0,3.55,4.0,3.0,4.13949130612758,2.96050869387242,East Africa & the Horn,Subset: Freedom
1600.0,1700.0,3.35,4.0,3.0,3.92227615711298,2.77772384288702,East Africa & the Horn,Subset: Freedom
1700.0,1800.0,3.0,4.0,2.0,3.707106781186547,2.2928932188134525,East Africa & the Horn,Subset: Freedom
1800.0,1900.0,2.5,3.0,2.0,3.0,2.0,East Africa & the Horn,Subset: Freedom
1900.0,2000.0,4.45,5.0,4.0,4.94749371855331,3.95250628144669,East Africa & the Horn,Subset: Freedom
2000.0,2025.0,5.55,6.0,5.0,6.0474937185533095,5.05250628144669,East Africa & the Horn,Subset: Freedom
-1000.0,-900.0,3.05,3.0,3.0,3.43405728739343,2.6659427126065696,East Africa & the Horn,Subset: Health & Wellbeing
-900.0,-800.0,3.1,3.0,3.0,3.4,2.8000000000000003,East Africa & the Horn,Subset: Health & Wellbeing
-800.0,-700.0,3.65,4.0,3.0,4.126969600708473,3.173030399291527,East Africa & the Horn,Subset: Health & Wellbeing
-700.0,-600.0,4.05,4.0,4.0,4.5474937185533095,3.5525062814466897,East Africa & the Horn,Subset: Health & Wellbeing
-600.0,-500.0,4.35,5.0,4.0,4.92227615711298,3.77772384288702,East Africa & the Horn,Subset: Health & Wellbeing
-500.0,-400.0,4.85,5.0,4.04,5.326969600708472,4.373030399291527,East Africa & the Horn,Subset: Health & Wellbeing
-400.0,-300.0,4.95,5.0,5.0,5.44749371855331,4.4525062814466905,East Africa & the Horn,Subset: Health & Wellbeing
-300.0,-200.0,5.1,6.0,5.0,5.7244997998398395,4.47550020016016,East Africa & the Horn,Subset: Health & Wellbeing
-200.0,-100.0,4.95,6.0,4.0,5.754673846971555,4.145326153028446,East Africa & the Horn,Subset: Health & Wellbeing
-100.0,0.0,5.05,6.0,4.0,5.854673846971554,4.245326153028445,East Africa & the Horn,Subset: Health & Wellbeing
0.0,100.0,4.9,6.0,4.0,5.668114574786861,4.13188542521314,East Africa & the Horn,Subset: Health & Wellbeing
100.0,200.0,4.65,5.0,4.0,5.22227615711298,4.07772384288702,East Africa & the Horn,Subset: Health & Wellbeing
200.0,300.0,4.4,5.0,4.0,4.889897948556636,3.910102051443365,East Africa & the Horn,Subset: Health & Wellbeing
300.0,400.0,4.4,5.0,4.0,4.889897948556636,3.910102051443365,East Africa & the Horn,Subset: Health & Wellbeing
400.0,500.0,4.6,5.0,4.0,5.089897948556636,4.110102051443364,East Africa & the Horn,Subset: Health & Wellbeing
500.0,600.0,4.8,5.0,4.0,5.3099019513592784,4.290098048640721,East Africa & the Horn,Subset: Health & Wellbeing
600.0,700.0,5.0,5.0,5.0,5.547722557505166,4.452277442494834,East Africa & the Horn,Subset: Health & Wellbeing
700.0,800.0,4.9,5.0,4.0,5.52449979983984,4.2755002001601605,East Africa & the Horn,Subset: Health & Wellbeing
800.0,900.0,5.05,5.959999999999999,5.0,5.63949130612758,4.46050869387242,East Africa & the Horn,Subset: Health & Wellbeing
900.0,1000.0,5.35,6.0,5.0,5.826969600708472,4.873030399291527,East Africa & the Horn,Subset: Health & Wellbeing
1000.0,1100.0,5.5,6.0,5.0,6.0,5.0,East Africa & the Horn,Subset: Health & Wellbeing
1100.0,1200.0,5.5,6.0,5.0,6.091607978309962,4.908392021690038,East Africa & the Horn,Subset: Health & Wellbeing
1200.0,1300.0,5.4,6.0,5.0,5.98309518948453,4.816904810515471,East Africa & the Horn,Subset: Health & Wellbeing
1300.0,1400.0,4.6,5.959999999999999,3.04,5.619803902718557,3.580196097281443,East Africa & the Horn,Subset: Health & Wellbeing
1400.0,1500.0,4.65,5.0,4.0,5.376291952316698,3.923708047683303,East Africa & the Horn,Subset: Health & Wellbeing
1500.0,1600.0,4.25,5.0,4.0,4.78619026473818,3.71380973526182,East Africa & the Horn,Subset: Health & Wellbeing
1600.0,1700.0,3.85,4.959999999999999,3.0,4.576291952316698,3.1237080476833023,East Africa & the Horn,Subset: Health & Wellbeing
1700.0,1800.0,3.7,4.0,3.0,4.340312423743285,3.0596875762567155,East Africa & the Horn,Subset: Health & Wellbeing
1800.0,1900.0,3.3,4.0,3.0,3.940312423743285,2.659687576256715,East Africa & the Horn,Subset: Health & Wellbeing
1900.0,2000.0,5.2,5.959999999999999,5.0,5.6000000000000005,4.8,East Africa & the Horn,Subset: Health & Wellbeing
2000.0,2025.0,6.0,6.0,6.0,6.0,6.0,East Africa & the Horn,Subset: Health & Wellbeing
-1000.0,-900.0,6.45,7.0,6.0,6.94749371855331,5.9525062814466905,East Africa & the Horn,Subset: Peace
-900.0,-800.0,6.25,7.0,6.0,6.68301270189222,5.81698729810778,East Africa & the Horn,Subset: Peace
-800.0,-700.0,6.0,6.0,6.0,6.447213595499958,5.552786404500042,East Africa & the Horn,Subset: Peace
-700.0,-600.0,6.05,6.959999999999999,6.0,6.63949130612758,5.46050869387242,East Africa & the Horn,Subset: Peace
-600.0,-500.0,6.2,7.0,5.04,7.012403840463596,5.387596159536404,East Africa & the Horn,Subset: Peace
-500.0,-400.0,6.5,7.0,6.0,7.241619848709567,5.758380151290433,East Africa & the Horn,Subset: Peace
-400.0,-300.0,6.5,7.0,6.0,7.170820393249937,5.829179606750063,East Africa & the Horn,Subset: Peace
-300.0,-200.0,6.4,7.0,5.04,7.2,5.6000000000000005,East Africa & the Horn,Subset: Peace
-200.0,-100.0,6.1,7.0,5.0,7.04339811320566,5.1566018867943395,East Africa & the Horn,Subset: Peace
-100.0,0.0,6.0,7.0,5.0,7.0,5.0,East Africa & the Horn,Subset: Peace
0.0,100.0,5.8,7.0,5.0,6.877032961426901,4.722967038573099,East Africa & the Horn,Subset: Peace
100.0,200.0,5.6,6.0,5.0,6.263324958071079,4.93667504192892,East Africa & the Horn,Subset: Peace
200.0,300.0,5.3,6.0,5.0,6.081024967590666,4.518975032409334,East Africa & the Horn,Subset: Peace
300.0,400.0,5.3,6.0,4.04,6.2,4.3999999999999995,East Africa & the Horn,Subset: Peace
400.0,500.0,5.65,7.0,5.0,6.613068014212912,4.686931985787089,East Africa & the Horn,Subset: Peace
500.0,600.0,5.6,6.0,5.0,6.3999999999999995,4.8,East Africa & the Horn,Subset: Peace
600.0,700.0,5.6,6.0,5.0,6.516515138991167,4.683484861008832,East Africa & the Horn,Subset: Peace
700.0,800.0,5.4,6.0,5.0,6.419803902718558,4.380196097281443,East Africa & the Horn,Subset: Peace
800.0,900.0,5.6,6.0,5.0,6.460232526704262,4.739767473295737,East Africa & the Horn,Subset: Peace
900.0,1000.0,5.8,7.0,5.0,6.72736184954957,4.872638150450429,East Africa & the Horn,Subset: Peace
1000.0,1100.0,6.05,7.0,5.0,6.789932429347437,5.310067570652563,East Africa & the Horn,Subset: Peace
1100.0,1200.0,5.9,7.0,5.0,6.8433981132056605,4.95660188679434,East Africa & the Horn,Subset: Peace
1200.0,1300.0,5.2,6.0,4.0,6.2295630140987,4.170436985901301,East Africa & the Horn,Subset: Peace
1300.0,1400.0,4.45,5.0,4.0,5.370597631976099,3.5294023680239017,East Africa & the Horn,Subset: Peace
1400.0,1500.0,4.4,5.0,4.0,5.2,3.6000000000000005,East Africa & the Horn,Subset: Peace
1500.0,1600.0,3.55,4.0,3.0,4.354673846971554,2.7453261530284454,East Africa & the Horn,Subset: Peace
1600.0,1700.0,3.45,4.0,3.0,4.118954408012983,2.7810455919870174,East Africa & the Horn,Subset: Peace
1700.0,1800.0,3.2,4.0,2.04,4.127361849549571,2.2726381504504296,East Africa & the Horn,Subset: Peace
1800.0,1900.0,2.65,3.0,2.0,3.22227615711298,2.07772384288702,East Africa & the Horn,Subset: Peace
1900.0,2000.0,4.1,4.959999999999999,4.0,4.6385164807134505,3.5614835192865493,East Africa & the Horn,Subset: Peace
2000.0,2025.0,4.45,5.0,4.0,5.118954408012983,3.7810455919870174,East Africa & the Horn,Subset: Peace
-1000.0,-900.0,3575000.0,9799999.999999996,1000000.0,6981886.408438062,168113.5915619377,East Africa & the Horn,Subset: Population
-900.0,-800.0,3935000.0,10779999.999999994,1100000.0,7683769.798213809,186230.2017861912,East Africa & the Horn,Subset: Population
-800.0,-700.0,4295000.0,11759999.999999994,1200000.0,8386512.556500346,203487.4434996536,East Africa & the Horn,Subset: Population
-700.0,-600.0,4660000.0,12739999.999999994,1300000.0,9094343.243367612,225656.7566323867,East Africa & the Horn,Subset: Population
-600.0,-500.0,5025000.0,13719999.999999994,1400000.0,9802538.59220415,247461.40779585112,East Africa & the Horn,Subset: Population
-500.0,-400.0,5390000.0,14699999.999999993,1500000.0,10511025.287967244,268974.71203275584,East Africa & the Horn,Subset: Population
-400.0,-300.0,5760000.0,15679999.999999993,1600000.0,11221446.694787014,298553.3052129857,East Africa & the Horn,Subset: Population
-300.0,-200.0,6145000.0,16659999.999999993,1700000.0,11936931.88841167,353068.11158832815,East Africa & the Horn,Subset: Population
-200.0,-100.0,6525000.0,17639999.999999993,1800000.0,12650999.918380672,399000.0816193279,East Africa & the Horn,Subset: Population
-100.0,0.0,6905000.0,18619999.999999993,1900000.0,13365299.915638592,444700.0843614079,East Africa & the Horn,Subset: Population
0.0,100.0,7275000.0,19599999.999999993,2000000.0,14076461.240057169,473538.7599428315,East Africa & the Horn,Subset: Population
100.0,200.0,7650000.0,20579999.99999999,2100000.0,14789782.909864975,510217.090135023,East Africa & the Horn,Subset: Population
200.0,300.0,8020000.0,21559999.99999999,2200000.0,15501283.31237362,538716.6876263805,East Africa & the Horn,Subset: Population
300.0,400.0,8385000.0,22539999.99999999,2300000.0,16210744.37354045,559255.626459551,East Africa & the Horn,Subset: Population
400.0,500.0,8755000.0,23519999.99999999,2400000.0,16922525.635099042,587474.3649009587,East Africa & the Horn,Subset: Population
500.0,600.0,9125000.0,24499999.99999999,2500000.0,17634457.973337665,615542.0266623329,East Africa & the Horn,Subset: Population
600.0,700.0,9495000.0,25479999.99999999,2600000.0,18346523.8801011,643476.1198989023,East Africa & the Horn,Subset: Population
700.0,800.0,9865000.0,26459999.99999999,2700000.0,19058708.446541037,671291.5534589626,East Africa & the Horn,Subset: Population
800.0,900.0,10240000.0,27439999.99999999,2800000.0,19772806.512250207,707193.4877497908,East Africa & the Horn,Subset: Population
900.0,1000.0,10615000.0,28419999.999999985,2900000.0,20486994.479333952,743005.5206660498,East Africa & the Horn,Subset: Population
1000.0,1100.0,10995000.0,29399999.999999985,3000000.0,21202520.511857912,787479.488142088,East Africa & the Horn,Subset: Population
1100.0,1200.0,11380000.0,30379999.999999985,3104000.0,21919240.95938602,840759.0406139772,East Africa & the Horn,Subset: Population
1200.0,1300.0,11765000.0,31359999.999999985,3208000.0,22636075.15381988,893924.8461801168,East Africa & the Horn,Subset: Population
1300.0,1400.0,12150000.0,32339999.999999985,3312000.0,23353012.987585083,946987.0124149192,East Africa & the Horn,Subset: Population
1400.0,1500.0,12535000.0,33319999.999999985,3416000.0,24070045.513564304,999954.4864356946,East Africa & the Horn,Subset: Population
1500.0,1600.0,12920000.0,34299999.999999985,3520000.0,24787164.78355298,1052835.2164470218,East Africa & the Horn,Subset: Population
1600.0,1700.0,13310000.0,35279999.999999985,3620000.0,25505609.865849268,1114390.1341507323,East Africa & the Horn,Subset: Population
1700.0,1800.0,13700000.0,36259999.999999985,3720000.0,26224136.69679471,1175863.303205287,East Africa & the Horn,Subset: Population
1800.0,1900.0,14545000.0,37279999.999999985,4012000.0,27980381.46090389,1109618.5390961077,East Africa & the Horn,Subset: Population
1900.0,2000.0,48850000.0,70000000.0,25280000.0,73111646.68772505,24588353.312274948,East Africa & the Horn,Subset: Population
2000.0,2025.0,134000000.0,180000000.0,60000000.0,198042954.33535215,69957045.66464785,East Africa & the Horn,Subset: Population
-1000.0,-900.0,3.475,3.6666666666666665,3.3333333333333335,3.626611711655502,3.323388288344498,East Asia,Overall
-900.0,-800.0,3.375,3.5,3.1666666666666665,3.571320316489829,3.178679683510171,East Asia,Overall
-800.0,-700.0,3.0666666666666673,3.5,2.8333333333333335,3.4589534098646615,2.674379923468673,East Asia,Overall
-700.0,-600.0,2.9416666666666664,3.1666666666666665,2.6666666666666665,3.254693999516549,2.6286393338167837,East Asia,Overall
-600.0,-500.0,3.1833333333333327,3.6666666666666665,2.8400000000000003,3.577386347251229,2.7892803194154365,East Asia,Overall
-500.0,-400.0,3.2916666666666665,3.6666666666666665,2.8466666666666667,3.719435425590353,2.86389790774298,East Asia,Overall
-400.0,-300.0,3.933333333333332,4.66,3.1733333333333333,4.602910314220021,3.2637563524466433,East Asia,Overall
-300.0,-200.0,4.799999999999999,5.326666666666666,4.5,5.325991127935316,4.274008872064682,East Asia,Overall
-200.0,-100.0,4.583333333333333,5.333333333333333,3.8333333333333335,5.3183692357066645,3.8482974309600015,East Asia,Overall
-100.0,0.0,3.825,4.166666666666667,3.3333333333333335,4.393807231552717,3.2561927684472827,East Asia,Overall
0.0,100.0,3.775,4.326666666666666,3.3333333333333335,4.425373824128179,3.1246261758718212,East Asia,Overall
100.0,200.0,3.6916666666666673,3.993333333333333,3.1733333333333333,4.133490538060386,3.2498427952729485,East Asia,Overall
200.0,300.0,3.3083333333333336,3.6666666666666665,2.8333333333333335,3.7716396874639218,2.845026979202746,East Asia,Overall
300.0,400.0,3.6833333333333336,4.4799999999999995,3.1733333333333333,4.319947641826143,3.0467190248405243,East Asia,Overall
400.0,500.0,4.183333333333333,5.1466666666666665,3.6666666666666665,4.905790560056441,3.4608761066102245,East Asia,Overall
500.0,600.0,4.925000000000001,5.5,4.333333333333333,5.569366614074111,4.28063338592589,East Asia,Overall
600.0,700.0,6.075,6.333333333333333,5.673333333333334,6.434301018955169,5.715698981044832,East Asia,Overall
700.0,800.0,5.8166666666666655,6.333333333333333,5.333333333333333,6.28481906350627,5.348514269827061,East Asia,Overall
800.0,900.0,4.716666666666666,5.0,4.333333333333333,5.085975330102672,4.34735800323066,East Asia,Overall
900.0,1000.0,4.683333333333334,5.833333333333333,3.3333333333333335,5.786233550437713,3.5804331162289538,East Asia,Overall
1000.0,1100.0,6.116666666666668,6.5,5.84,6.419890089977672,5.813443243355664,East Asia,Overall
1100.0,1200.0,5.041666666666668,5.333333333333333,4.5,5.599128673344153,4.4842046599891825,East Asia,Overall
1200.0,1300.0,3.7416666666666663,4.0,3.5,4.032618170834935,3.450715162498398,East Asia,Overall
1300.0,1400.0,4.341666666666667,5.0,3.3533333333333335,5.051664710482438,3.631668622850895,East Asia,Overall
1400.0,1500.0,5.124999999999999,5.66,4.673333333333334,5.702049487575468,4.5479505124245305,East Asia,Overall
1500.0,1600.0,4.450000000000001,5.16,3.8333333333333335,5.230135315897898,3.669864684102104,East Asia,Overall
1600.0,1700.0,5.25,6.166666666666667,4.166666666666667,6.129551653463918,4.370448346536082,East Asia,Overall
1700.0,1800.0,6.166666666666667,6.666666666666667,5.673333333333334,6.6231021312543055,5.7102312020790285,East Asia,Overall
1800.0,1900.0,3.6416666666666666,4.16,3.1666666666666665,4.119726983642115,3.163606349691218,East Asia,Overall
1900.0,2000.0,4.300000000000001,5.0,3.513333333333333,4.946786930397742,3.6532130696022582,East Asia,Overall
2000.0,2025.0,6.891666666666666,7.333333333333333,6.5,7.304229793149551,6.479103540183781,East Asia,Overall
-1000.0,-900.0,3.95,4.0,4.0,4.167944947177034,3.7320550528229663,East Asia,Subset: Culture & Lesure
-900.0,-800.0,4.05,4.0,4.0,4.43405728739343,3.6659427126065696,East Asia,Subset: Culture & Lesure
-800.0,-700.0,4.45,5.0,4.0,5.118954408012983,3.7810455919870174,East Asia,Subset: Culture & Lesure
-700.0,-600.0,4.85,5.0,4.0,5.576291952316698,4.1237080476833015,East Asia,Subset: Culture & Lesure
-600.0,-500.0,5.35,6.0,5.0,6.076291952316698,4.6237080476833015,East Asia,Subset: Culture & Lesure
-500.0,-400.0,5.2,6.0,5.0,5.878232998312527,4.521767001687473,East Asia,Subset: Culture & Lesure
-400.0,-300.0,5.6,6.0,5.0,6.460232526704262,4.739767473295737,East Asia,Subset: Culture & Lesure
-300.0,-200.0,6.25,7.0,6.0,6.948212002188447,5.551787997811553,East Asia,Subset: Culture & Lesure
-200.0,-100.0,6.2,7.0,5.0,7.012403840463596,5.387596159536404,East Asia,Subset: Culture & Lesure
-100.0,0.0,5.65,6.0,5.0,6.376291952316698,4.923708047683303,East Asia,Subset: Culture & Lesure
0.0,100.0,5.75,6.0,5.0,6.516485485837794,4.983514514162206,East Asia,Subset: Culture & Lesure
100.0,200.0,5.6,6.0,5.0,6.334846922834953,4.865153077165046,East Asia,Subset: Culture & Lesure
200.0,300.0,5.4,6.0,5.0,6.134846922834954,4.665153077165047,East Asia,Subset: Culture & Lesure
300.0,400.0,5.7,6.959999999999999,5.0,6.6000000000000005,4.8,East Asia,Subset: Culture & Lesure
400.0,500.0,6.3,7.0,5.0,7.2,5.3999999999999995,East Asia,Subset: Culture & Lesure
500.0,600.0,6.6,7.0,6.0,7.334846922834953,5.865153077165046,East Asia,Subset: Culture & Lesure
600.0,700.0,7.6,8.0,7.0,8.18309518948453,7.01690481051547,East Asia,Subset: Culture & Lesure
700.0,800.0,7.4,8.0,7.0,7.98309518948453,6.816904810515471,East Asia,Subset: Culture & Lesure
800.0,900.0,6.85,7.0,6.0,7.42227615711298,6.27772384288702,East Asia,Subset: Culture & Lesure
900.0,1000.0,7.0,8.0,6.0,8.22474487139159,5.775255128608411,East Asia,Subset: Culture & Lesure
1000.0,1100.0,7.8,8.0,7.0,8.309901951359278,7.290098048640721,East Asia,Subset: Culture & Lesure
1100.0,1200.0,7.1,8.0,7.0,7.72449979983984,6.47550020016016,East Asia,Subset: Culture & Lesure
1200.0,1300.0,5.95,6.0,6.0,6.44749371855331,5.4525062814466905,East Asia,Subset: Culture & Lesure
1300.0,1400.0,6.3,7.0,5.04,7.081024967590666,5.518975032409334,East Asia,Subset: Culture & Lesure
1400.0,1500.0,6.75,7.0,6.04,7.448212002188447,6.051787997811553,East Asia,Subset: Culture & Lesure
1500.0,1600.0,6.2,7.0,5.04,7.127361849549571,5.27263815045043,East Asia,Subset: Culture & Lesure
1600.0,1700.0,6.65,7.0,6.0,7.303834841531101,5.9961651584689,East Asia,Subset: Culture & Lesure
1700.0,1800.0,7.25,8.0,7.0,7.78619026473818,6.71380973526182,East Asia,Subset: Culture & Lesure
1800.0,1900.0,5.65,6.0,5.0,6.22227615711298,5.07772384288702,East Asia,Subset: Culture & Lesure
1900.0,2000.0,6.15,7.0,5.0,6.9421489758877435,5.357851024112257,East Asia,Subset: Culture & Lesure
2000.0,2025.0,7.75,8.0,7.0,8.286190264738181,7.21380973526182,East Asia,Subset: Culture & Lesure
-1000.0,-900.0,2.55,3.0,2.0,3.04749371855331,2.0525062814466897,East Asia,Subset: Economic Opportunity
-900.0,-800.0,2.9,3.0,3.0,3.1999999999999997,2.6,East Asia,Subset: Economic Opportunity
-800.0,-700.0,3.0,3.0,3.0,3.447213595499958,2.552786404500042,East Asia,Subset: Economic Opportunity
-700.0,-600.0,3.15,4.0,3.0,3.72227615711298,2.57772384288702,East Asia,Subset: Economic Opportunity
-600.0,-500.0,3.35,4.0,3.0,4.076291952316698,2.6237080476833023,East Asia,Subset: Economic Opportunity
-500.0,-400.0,3.85,4.0,3.0,4.576291952316698,3.1237080476833023,East Asia,Subset: Economic Opportunity
-400.0,-300.0,4.7,5.0,4.0,5.340312423743285,4.0596875762567155,East Asia,Subset: Economic Opportunity
-300.0,-200.0,5.3,6.0,5.0,5.9403124237432845,4.659687576256715,East Asia,Subset: Economic Opportunity
-200.0,-100.0,5.05,6.0,4.0,5.914580823289529,4.185419176710471,East Asia,Subset: Economic Opportunity
-100.0,0.0,4.3,5.0,4.0,5.081024967590666,3.5189750324093345,East Asia,Subset: Economic Opportunity
0.0,100.0,4.05,5.0,3.0,4.914580823289529,3.1854191767104707,East Asia,Subset: Economic Opportunity
100.0,200.0,4.1,5.0,3.04,4.8,3.3999999999999995,East Asia,Subset: Economic Opportunity
200.0,300.0,3.7,4.0,3.0,4.340312423743285,3.0596875762567155,East Asia,Subset: Economic Opportunity
300.0,400.0,3.85,4.0,3.0,4.503834841531101,3.196165158468899,East Asia,Subset: Economic Opportunity
400.0,500.0,4.4,5.0,3.04,5.260232526704263,3.5397674732957376,East Asia,Subset: Economic Opportunity
500.0,600.0,5.25,6.0,5.0,5.948212002188447,4.551787997811553,East Asia,Subset: Economic Opportunity
600.0,700.0,6.4,7.0,6.0,7.06332495807108,5.736675041928921,East Asia,Subset: Economic Opportunity
700.0,800.0,6.25,7.0,6.0,6.948212002188447,5.551787997811553,East Asia,Subset: Economic Opportunity
800.0,900.0,5.1,6.0,4.04,5.8,4.3999999999999995,East Asia,Subset: Economic Opportunity
900.0,1000.0,5.05,6.0,4.0,6.293985530462472,3.8060144695375273,East Asia,Subset: Economic Opportunity
1000.0,1100.0,6.75,7.0,6.0,7.18301270189222,6.31698729810778,East Asia,Subset: Economic Opportunity
1100.0,1200.0,5.85,6.959999999999999,5.0,6.576291952316697,5.123708047683302,East Asia,Subset: Economic Opportunity
1200.0,1300.0,4.55,5.0,4.0,5.0474937185533095,4.05250628144669,East Asia,Subset: Economic Opportunity
1300.0,1400.0,4.8,5.959999999999999,4.0,5.612403840463596,3.987596159536403,East Asia,Subset: Economic Opportunity
1400.0,1500.0,5.7,6.0,5.0,6.158257569495584,5.2417424305044165,East Asia,Subset: Economic Opportunity
1500.0,1600.0,5.2,6.0,4.04,6.012403840463596,4.387596159536404,East Asia,Subset: Economic Opportunity
1600.0,1700.0,5.65,6.0,5.0,6.5029361054615995,4.797063894538401,East Asia,Subset: Economic Opportunity
1700.0,1800.0,6.35,7.0,6.0,7.0038348415311,5.696165158468899,East Asia,Subset: Economic Opportunity
1800.0,1900.0,4.35,5.0,4.0,5.076291952316697,3.623708047683302,East Asia,Subset: Economic Opportunity
1900.0,2000.0,5.4,6.0,4.0,6.419803902718558,4.380196097281443,East Asia,Subset: Economic Opportunity
2000.0,2025.0,7.95,8.0,8.0,8.167944947177034,7.732055052822966,East Asia,Subset: Economic Opportunity
-1000.0,-900.0,3.25,4.0,3.0,3.948212002188447,2.551787997811553,East Asia,Subset: Equality
-900.0,-800.0,3.15,4.0,3.0,3.803834841531101,2.496165158468899,East Asia,Subset: Equality
-800.0,-700.0,2.7,3.0,2.0,3.340312423743285,2.0596875762567155,East Asia,Subset: Equality
-700.0,-600.0,2.5,3.0,2.0,3.0,2.0,East Asia,Subset: Equality
-600.0,-500.0,2.7,3.0,2.0,3.1582575694955843,2.241742430504416,East Asia,Subset: Equality
-500.0,-400.0,2.55,3.0,2.0,3.289932429347437,1.8100675706525624,East Asia,Subset: Equality
-400.0,-300.0,2.8,3.0,2.0,3.5483314773547883,2.0516685226452114,East Asia,Subset: Equality
-300.0,-200.0,3.45,4.0,3.0,4.03949130612758,2.86050869387242,East Asia,Subset: Equality
-200.0,-100.0,3.35,4.0,3.0,4.003834841531101,2.696165158468899,East Asia,Subset: Equality
-100.0,0.0,2.9,3.0,2.04,3.4385164807134503,2.3614835192865495,East Asia,Subset: Equality
0.0,100.0,2.85,3.0,2.0,3.42227615711298,2.27772384288702,East Asia,Subset: Equality
100.0,200.0,2.85,3.0,2.04,3.326969600708473,2.3730303992915274,East Asia,Subset: Equality
200.0,300.0,2.6,3.0,2.0,3.089897948556636,2.110102051443364,East Asia,Subset: Equality
300.0,400.0,2.9,3.0,2.04,3.4385164807134503,2.3614835192865495,East Asia,Subset: Equality
400.0,500.0,3.1,3.959999999999999,3.0,3.6385164807134505,2.5614835192865497,East Asia,Subset: Equality
500.0,600.0,3.7,4.0,3.0,4.481024967590666,2.918975032409335,East Asia,Subset: Equality
600.0,700.0,4.65,5.0,4.0,5.22227615711298,4.07772384288702,East Asia,Subset: Equality
700.0,800.0,4.6,5.0,4.0,5.183095189484529,4.01690481051547,East Asia,Subset: Equality
800.0,900.0,3.75,4.0,3.0,4.18301270189222,3.316987298107781,East Asia,Subset: Equality
900.0,1000.0,3.7,4.959999999999999,3.0,4.653939201416946,2.7460607985830543,East Asia,Subset: Equality
1000.0,1100.0,4.8,5.0,4.0,5.3099019513592784,4.290098048640721,East Asia,Subset: Equality
1100.0,1200.0,4.05,4.0,4.0,4.5474937185533095,3.5525062814466897,East Asia,Subset: Equality
1200.0,1300.0,2.9,3.0,3.0,3.335889894354067,2.4641101056459327,East Asia,Subset: Equality
1300.0,1400.0,3.55,4.0,3.0,4.218954408012983,2.881045591987017,East Asia,Subset: Equality
1400.0,1500.0,4.15,5.0,4.0,4.803834841531101,3.4961651584688993,East Asia,Subset: Equality
1500.0,1600.0,3.55,4.0,3.0,4.13949130612758,2.96050869387242,East Asia,Subset: Equality
1600.0,1700.0,4.2,5.0,3.0,5.071779788708135,3.3282202112918653,East Asia,Subset: Equality
1700.0,1800.0,4.85,6.0,4.0,5.642148975887743,4.0578510241122565,East Asia,Subset: Equality
1800.0,1900.0,2.75,3.0,2.0,3.28619026473818,2.21380973526182,East Asia,Subset: Equality
1900.0,2000.0,3.25,4.0,3.0,3.948212002188447,2.551787997811553,East Asia,Subset: Equality
2000.0,2025.0,5.55,6.0,5.0,6.13949130612758,4.96050869387242,East Asia,Subset: Equality
-1000.0,-900.0,2.0,2.0,2.0,2.0,2.0,East Asia,Subset: Freedom
-900.0,-800.0,2.0,2.0,2.0,2.316227766016838,1.683772233983162,East Asia,Subset: Freedom
-800.0,-700.0,1.45,2.0,1.0,2.1189544080129825,0.7810455919870173,East Asia,Subset: Freedom
-700.0,-600.0,1.3,2.0,1.0,1.758257569495584,0.8417424305044161,East Asia,Subset: Freedom
-600.0,-500.0,1.6,2.0,1.0,2.18309518948453,1.01690481051547,East Asia,Subset: Freedom
-500.0,-400.0,1.75,2.959999999999999,1.0,2.5164854858377947,0.9835145141622054,East Asia,Subset: Freedom
-400.0,-300.0,2.2,3.0,1.0,3.1273618495495707,1.2726381504504296,East Asia,Subset: Freedom
-300.0,-200.0,3.25,4.0,3.0,3.948212002188447,2.551787997811553,East Asia,Subset: Freedom
-200.0,-100.0,3.0,4.0,2.0,3.836660026534075,2.1633399734659244,East Asia,Subset: Freedom
-100.0,0.0,2.3,3.0,2.0,2.8567764362830017,1.7432235637169975,East Asia,Subset: Freedom
0.0,100.0,2.2,3.0,1.0,3.0124038404635964,1.387596159536404,East Asia,Subset: Freedom
100.0,200.0,2.25,3.0,2.0,2.872494979899437,1.6275050201005634,East Asia,Subset: Freedom
200.0,300.0,1.8,2.0,1.0,2.478232998312527,1.1217670016874732,East Asia,Subset: Freedom
300.0,400.0,2.2,3.0,1.04,3.0124038404635964,1.387596159536404,East Asia,Subset: Freedom
400.0,500.0,2.8,3.959999999999999,2.0,3.7797958971132712,1.8202041028867284,East Asia,Subset: Freedom
500.0,600.0,3.65,4.0,3.0,4.5596702699330125,2.7403297300669873,East Asia,Subset: Freedom
600.0,700.0,4.95,5.0,5.0,5.44749371855331,4.4525062814466905,East Asia,Subset: Freedom
700.0,800.0,4.65,5.0,4.0,5.22227615711298,4.07772384288702,East Asia,Subset: Freedom
800.0,900.0,3.45,4.0,3.0,3.9474937185533103,2.95250628144669,East Asia,Subset: Freedom
900.0,1000.0,3.4,5.0,2.0,4.68062484748657,2.11937515251343,East Asia,Subset: Freedom
1000.0,1100.0,5.15,5.959999999999999,5.0,5.626969600708473,4.673030399291528,East Asia,Subset: Freedom
1100.0,1200.0,3.95,4.959999999999999,3.0,4.754673846971554,3.145326153028446,East Asia,Subset: Freedom
1200.0,1300.0,2.25,3.0,2.0,2.78619026473818,1.7138097352618196,East Asia,Subset: Freedom
1300.0,1400.0,3.0,4.0,2.0,3.707106781186547,2.2928932188134525,East Asia,Subset: Freedom
1400.0,1500.0,4.05,5.0,3.0,4.789932429347437,3.310067570652562,East Asia,Subset: Freedom
1500.0,1600.0,3.4,4.0,2.04,4.419803902718557,2.380196097281443,East Asia,Subset: Freedom
1600.0,1700.0,4.05,5.0,3.0,5.073474474522936,3.026525525477064,East Asia,Subset: Freedom
1700.0,1800.0,5.0,5.959999999999999,4.04,5.632455532033676,4.367544467966324,East Asia,Subset: Freedom
1800.0,1900.0,2.5,3.0,2.0,3.0,2.0,East Asia,Subset: Freedom
1900.0,2000.0,3.25,4.0,3.0,3.948212002188447,2.551787997811553,East Asia,Subset: Freedom
2000.0,2025.0,6.45,7.0,6.0,7.189932429347437,5.710067570652563,East Asia,Subset: Freedom
-1000.0,-900.0,3.0,3.0,3.0,3.0,3.0,East Asia,Subset: Health & Wellbeing
-900.0,-800.0,3.0,3.0,3.0,3.0,3.0,East Asia,Subset: Health & Wellbeing
-800.0,-700.0,3.05,3.0,3.0,3.2679449471770337,2.832055052822966,East Asia,Subset: Health & Wellbeing
-700.0,-600.0,3.0,3.0,3.0,3.316227766016838,2.683772233983162,East Asia,Subset: Health & Wellbeing
-600.0,-500.0,3.25,4.0,3.0,3.78619026473818,2.71380973526182,East Asia,Subset: Health & Wellbeing
-500.0,-400.0,3.6,4.0,3.0,4.18309518948453,3.01690481051547,East Asia,Subset: Health & Wellbeing
-400.0,-300.0,4.35,5.0,4.0,4.92227615711298,3.77772384288702,East Asia,Subset: Health & Wellbeing
-300.0,-200.0,4.95,5.0,5.0,5.33405728739343,4.56594271260657,East Asia,Subset: Health & Wellbeing
-200.0,-100.0,4.85,5.0,4.0,5.5038348415311,4.196165158468899,East Asia,Subset: Health & Wellbeing
-100.0,0.0,4.25,4.959999999999999,4.0,4.78619026473818,3.71380973526182,East Asia,Subset: Health & Wellbeing
0.0,100.0,4.1,5.0,4.0,4.8,3.3999999999999995,East Asia,Subset: Health & Wellbeing
100.0,200.0,4.05,4.0,4.0,4.5474937185533095,3.5525062814466897,East Asia,Subset: Health & Wellbeing
200.0,300.0,3.6,4.0,3.0,4.18309518948453,3.01690481051547,East Asia,Subset: Health & Wellbeing
300.0,400.0,3.9,4.959999999999999,3.0,4.668114574786861,3.131885425213139,East Asia,Subset: Health & Wellbeing
400.0,500.0,4.3,5.0,3.04,5.142614977317636,3.457385022682364,East Asia,Subset: Health & Wellbeing
500.0,600.0,5.15,6.0,4.04,5.876291952316698,4.423708047683303,East Asia,Subset: Health & Wellbeing
600.0,700.0,6.25,7.0,6.0,6.68301270189222,5.81698729810778,East Asia,Subset: Health & Wellbeing
700.0,800.0,6.1,6.959999999999999,6.0,6.6385164807134505,5.561483519286549,East Asia,Subset: Health & Wellbeing
800.0,900.0,5.1,5.0,5.0,5.535889894354067,4.664110105645932,East Asia,Subset: Health & Wellbeing
900.0,1000.0,4.95,6.0,4.0,5.973474474522936,3.926525525477064,East Asia,Subset: Health & Wellbeing
1000.0,1100.0,6.35,7.0,6.0,6.826969600708472,5.873030399291527,East Asia,Subset: Health & Wellbeing
1100.0,1200.0,5.55,6.0,5.0,6.13949130612758,4.96050869387242,East Asia,Subset: Health & Wellbeing
1200.0,1300.0,4.35,5.0,4.0,4.826969600708472,3.873030399291527,East Asia,Subset: Health & Wellbeing
1300.0,1400.0,4.5,5.0,3.04,5.4219544457292885,3.5780455542707115,East Asia,Subset: Health & Wellbeing
1400.0,1500.0,5.6,6.0,5.0,6.089897948556636,5.110102051443364,East Asia,Subset: Health & Wellbeing
1500.0,1600.0,5.05,5.959999999999999,5.0,5.63949130612758,4.46050869387242,East Asia,Subset: Health & Wellbeing
1600.0,1700.0,5.55,6.0,5.0,6.414580823289529,4.685419176710471,East Asia,Subset: Health & Wellbeing
1700.0,1800.0,6.4,7.0,6.0,6.98309518948453,5.816904810515471,East Asia,Subset: Health & Wellbeing
1800.0,1900.0,4.05,5.0,3.04,4.718954408012983,3.381045591987017,East Asia,Subset: Health & Wellbeing
1900.0,2000.0,5.0,6.0,4.0,5.836660026534076,4.163339973465924,East Asia,Subset: Health & Wellbeing
2000.0,2025.0,7.75,8.0,7.0,8.183012701892219,7.31698729810778,East Asia,Subset: Health & Wellbeing
-1000.0,-900.0,6.1,6.0,6.0,6.3999999999999995,5.8,East Asia,Subset: Peace
-900.0,-800.0,5.15,6.0,5.0,5.803834841531101,4.4961651584689,East Asia,Subset: Peace
-800.0,-700.0,3.75,5.0,3.0,4.692072184070838,2.8079278159291614,East Asia,Subset: Peace
-700.0,-600.0,2.85,3.959999999999999,2.0,3.813068014212911,1.886931985787089,East Asia,Subset: Peace
-600.0,-500.0,2.85,4.0,2.0,3.7029361054615992,1.997063894538401,East Asia,Subset: Peace
-500.0,-400.0,2.8,3.0,2.0,3.612403840463596,1.9875961595364036,East Asia,Subset: Peace
-400.0,-300.0,3.95,5.0,3.0,5.271930406640228,2.6280695933597715,East Asia,Subset: Peace
-300.0,-200.0,5.6,6.0,5.0,6.667707825203131,4.5322921747968685,East Asia,Subset: Peace
-200.0,-100.0,5.05,6.959999999999999,4.0,6.409227721906818,3.6907722780931818,East Asia,Subset: Peace
-100.0,0.0,3.55,4.0,3.0,4.666915395184434,2.4330846048155657,East Asia,Subset: Peace
0.0,100.0,3.7,4.0,2.0,4.968857754044953,2.431142245955048,East Asia,Subset: Peace
100.0,200.0,3.3,4.0,3.0,4.014142842854285,2.585857157145715,East Asia,Subset: Peace
200.0,300.0,2.75,3.0,2.0,3.5164854858377947,1.9835145141622053,East Asia,Subset: Peace
300.0,400.0,3.55,4.959999999999999,3.0,4.621214264281427,2.4787857357185725,East Asia,Subset: Peace
400.0,500.0,4.2,5.919999999999998,3.04,5.36619037896906,3.03380962103094,East Asia,Subset: Peace
500.0,600.0,5.2,6.0,5.0,6.179795897113271,4.220204102886729,East Asia,Subset: Peace
600.0,700.0,6.6,7.0,6.0,7.183095189484529,6.01690481051547,East Asia,Subset: Peace
700.0,800.0,5.9,7.0,5.0,6.788819441731559,5.011180558268442,East Asia,Subset: Peace
800.0,900.0,4.05,5.0,3.04,4.718954408012983,3.381045591987017,East Asia,Subset: Peace
900.0,1000.0,4.0,5.0,2.0,5.378404875209022,2.6215951247909777,East Asia,Subset: Peace
1000.0,1100.0,5.85,6.0,6.0,6.42227615711298,5.27772384288702,East Asia,Subset: Peace
1100.0,1200.0,3.75,4.0,3.0,4.516485485837794,2.9835145141622053,East Asia,Subset: Peace
1200.0,1300.0,2.45,3.0,2.0,2.9474937185533103,1.95250628144669,East Asia,Subset: Peace
1300.0,1400.0,3.9,5.0,3.0,4.788819441731559,3.0111805582684408,East Asia,Subset: Peace
1400.0,1500.0,4.5,6.0,3.0,6.0,3.0,East Asia,Subset: Peace
1500.0,1600.0,3.3,5.0,2.0,4.78660687473185,1.8133931252681492,East Asia,Subset: Peace
1600.0,1700.0,5.4,7.0,3.0,7.055294535724686,3.7447054642753153,East Asia,Subset: Peace
1700.0,1800.0,7.15,7.959999999999999,7.0,7.626969600708473,6.673030399291528,East Asia,Subset: Peace
1800.0,1900.0,2.55,3.0,2.0,3.04749371855331,2.0525062814466897,East Asia,Subset: Peace
1900.0,2000.0,2.75,3.0,2.0,3.28619026473818,2.21380973526182,East Asia,Subset: Peace
2000.0,2025.0,5.9,7.0,5.0,6.668114574786861,5.13188542521314,East Asia,Subset: Peace
-1000.0,-900.0,27900000.0,49799999.99999999,10000000.0,43767892.10953994,12032107.890460055,East Asia,Subset: Population
-900.0,-800.0,29700000.0,51759999.99999999,12000000.0,45656503.376366645,13743496.62363336,East Asia,Subset: Population
-800.0,-700.0,31850000.0,53719999.99999999,14040000.0,48027994.31326393,15672005.686736071,East Asia,Subset: Population
-700.0,-600.0,33950000.0,55679999.99999999,16080000.0,50217990.0417968,17682009.958203197,East Asia,Subset: Population
-600.0,-500.0,36150000.0,57759999.99999999,18040000.0,52646287.461122885,19653712.53887712,East Asia,Subset: Population
-500.0,-400.0,38150000.0,59840000.0,20000000.0,54833150.18214486,21466849.817855146,East Asia,Subset: Population
-400.0,-300.0,40650000.0,61920000.0,22000000.0,57541639.944067,23758360.055932995,East Asia,Subset: Population
-300.0,-200.0,44050000.0,65000000.0,25000000.0,60763691.99189694,27336308.008103058,East Asia,Subset: Population
-200.0,-100.0,48550000.0,70000000.0,30000000.0,64955715.46748266,32144284.532517336,East Asia,Subset: Population
-100.0,0.0,51700000.0,72000000.0,35000000.0,68210905.48698041,35189094.513019584,East Asia,Subset: Population
0.0,100.0,54150000.0,70000000.0,35200000.0,70460349.47510323,37839650.52489678,East Asia,Subset: Population
100.0,200.0,56800000.0,71840000.0,36360000.0,72587970.10384806,41012029.896151945,East Asia,Subset: Population
200.0,300.0,58650000.0,69800000.0,37520000.0,74325697.75161539,42974302.2483846,East Asia,Subset: Population
300.0,400.0,61050000.0,67880000.0,40480000.0,76891322.54579775,45208677.45420225,East Asia,Subset: Population
400.0,500.0,63350000.0,70000000.0,42480000.0,80137718.7253063,46562281.2746937,East Asia,Subset: Population
500.0,600.0,66150000.0,75000000.0,45440000.0,83774627.6556414,48525372.34435859,East Asia,Subset: Population
600.0,700.0,70600000.0,80000000.0,48480000.0,89004890.65438858,52195109.34561142,East Asia,Subset: Population
700.0,800.0,74800000.0,85000000.0,51560000.0,93896072.89470796,55703927.10529204,East Asia,Subset: Population
800.0,900.0,77250000.0,90000000.0,53400000.0,97802068.0224643,56697931.977535695,East Asia,Subset: Population
900.0,1000.0,78550000.0,95000000.0,55200000.0,102041434.60923576,55058565.39076424,East Asia,Subset: Population
1000.0,1100.0,83050000.0,100000000.0,58280000.0,106959150.967778,59140849.03222199,East Asia,Subset: Population
1100.0,1200.0,87200000.0,105000000.0,60400000.0,111846703.63354903,62553296.36645095,East Asia,Subset: Population
1200.0,1300.0,89750000.0,110000000.0,62120000.0,116549020.5044886,62950979.49551141,East Asia,Subset: Population
1300.0,1400.0,84250000.0,100000000.0,60000000.0,108899290.05062824,59600709.94937177,East Asia,Subset: Population
1400.0,1500.0,88450000.0,110000000.0,65000000.0,113739276.38347922,63160723.61652078,East Asia,Subset: Population
1500.0,1600.0,92900000.0,119800000.0,70000000.0,119167660.7256908,66632339.27430918,East Asia,Subset: Population
1600.0,1700.0,98200000.0,129600000.0,70000000.0,126936040.08905888,69463959.91094111,East Asia,Subset: Population
1700.0,1800.0,109750000.0,140000000.0,90000000.0,139181063.5213884,80318936.47861159,East Asia,Subset: Population
1800.0,1900.0,152250000.0,179199999.99999997,100000000.0,241606519.06828064,62893480.93171936,East Asia,Subset: Population
1900.0,2000.0,347500000.0,400000000.0,150000000.0,672567300.7240193,22432699.27598071,East Asia,Subset: Population
2000.0,2025.0,1315500000.0,1600000000.0,284800000.00000006,1884661444.5831692,746338555.4168308,East Asia,Subset: Population
-1000.0,-900.0,3.0916666666666672,3.3333333333333335,2.8333333333333335,3.357681494991873,2.8256518383414613,Eastern Europe & the Balkans,Overall
-900.0,-800.0,3.2166666666666663,3.5,3.0,3.5105865348091396,2.922746798524193,Eastern Europe & the Balkans,Overall
-800.0,-700.0,3.5583333333333336,3.8333333333333335,3.1733333333333333,3.946616591907392,3.1700500747592755,Eastern Europe & the Balkans,Overall
-700.0,-600.0,3.5583333333333336,3.8333333333333335,3.3333333333333335,3.884399959108564,3.232266707558103,Eastern Europe & the Balkans,Overall
-600.0,-500.0,3.4166666666666665,3.6666666666666665,3.1666666666666665,3.726236260350112,3.1070970729832212,Eastern Europe & the Balkans,Overall
-500.0,-400.0,3.8000000000000007,4.16,3.5,4.1894440481849315,3.41055595181507,Eastern Europe & the Balkans,Overall
-400.0,-300.0,3.9083333333333337,4.326666666666666,3.6666666666666665,4.235250754098884,3.581415912567783,Eastern Europe & the Balkans,Overall
-300.0,-200.0,4.6499999999999995,5.0,4.173333333333334,5.115176191231762,4.184823808768237,Eastern Europe & the Balkans,Overall
-200.0,-100.0,5.516666666666667,6.0,5.0,6.0136017171958525,5.019731616137481,Eastern Europe & the Balkans,Overall
-100.0,0.0,6.083333333333335,6.493333333333333,5.833333333333333,6.401749552909048,5.764917113757622,Eastern Europe & the Balkans,Overall
0.0,100.0,5.808333333333334,6.326666666666666,5.180000000000001,6.475572670702866,5.141093995963801,Eastern Europe & the Balkans,Overall
100.0,200.0,4.8999999999999995,5.666666666666667,4.180000000000001,5.71034971874288,4.089650281257119,Eastern Europe & the Balkans,Overall
200.0,300.0,3.8,4.493333333333333,3.3400000000000003,4.361743318211757,3.2382566817882426,Eastern Europe & the Balkans,Overall
300.0,400.0,3.6833333333333327,4.0,3.1733333333333333,4.077386347251229,3.289280319415436,Eastern Europe & the Balkans,Overall
400.0,500.0,2.95,3.3266666666666667,2.506666666666667,3.4036885862938733,2.496311413706127,Eastern Europe & the Balkans,Overall
500.0,600.0,3.2166666666666672,3.66,2.8400000000000003,3.625255022404376,2.8080783109289587,Eastern Europe & the Balkans,Overall
600.0,700.0,3.575,4.0,3.1666666666666665,4.0899838185160124,3.0600161814839875,Eastern Europe & the Balkans,Overall
700.0,800.0,4.2666666666666675,4.666666666666667,3.8333333333333335,4.724317673924867,3.809015659408468,Eastern Europe & the Balkans,Overall
800.0,900.0,4.324999999999999,4.826666666666666,3.8333333333333335,4.850660959597005,3.799339040402994,Eastern Europe & the Balkans,Overall
900.0,1000.0,4.458333333333333,4.833333333333333,4.006666666666667,4.848756892504082,4.067909774162584,Eastern Europe & the Balkans,Overall
1000.0,1100.0,4.691666666666667,5.319999999999999,4.173333333333334,5.3046624977201,4.078670835613234,Eastern Europe & the Balkans,Overall
1100.0,1200.0,4.841666666666667,5.333333333333333,4.333333333333333,5.481707897977414,4.201625435355919,Eastern Europe & the Balkans,Overall
1200.0,1300.0,3.6999999999999993,3.8333333333333335,3.5,4.082244831372656,3.3177551686273423,Eastern Europe & the Balkans,Overall
1300.0,1400.0,3.3999999999999995,3.8333333333333335,2.8333333333333335,3.9011098792790966,2.8988901207209024,Eastern Europe & the Balkans,Overall
1400.0,1500.0,2.958333333333333,3.1666666666666665,2.6666666666666665,3.2740116154145964,2.6426550512520697,Eastern Europe & the Balkans,Overall
1500.0,1600.0,3.4833333333333334,3.993333333333333,3.0,3.957382088444263,3.009284578222404,Eastern Europe & the Balkans,Overall
1600.0,1700.0,2.7416666666666663,3.0,2.506666666666667,3.007681494991872,2.4756518383414603,Eastern Europe & the Balkans,Overall
1700.0,1800.0,3.8250000000000006,4.0,3.506666666666667,4.069239181495881,3.58076081850412,Eastern Europe & the Balkans,Overall
1800.0,1900.0,4.583333333333334,4.993333333333333,4.333333333333333,4.874404153276217,4.292262513390451,Eastern Europe & the Balkans,Overall
1900.0,2000.0,4.533333333333334,4.833333333333333,4.166666666666667,4.873267967572853,4.193398699093815,Eastern Europe & the Balkans,Overall
2000.0,2025.0,6.508333333333335,6.666666666666667,6.333333333333333,6.686869044046906,6.329797622619763,Eastern Europe & the Balkans,Overall
-1000.0,-900.0,3.35,4.0,3.0,3.826969600708473,2.8730303992915274,Eastern Europe & the Balkans,Subset: Culture & Lesure
-900.0,-800.0,3.45,4.0,3.0,3.9474937185533103,2.95250628144669,Eastern Europe & the Balkans,Subset: Culture & Lesure
-800.0,-700.0,4.15,5.0,4.0,4.803834841531101,3.4961651584688993,Eastern Europe & the Balkans,Subset: Culture & Lesure
-700.0,-600.0,4.25,5.0,4.0,4.78619026473818,3.71380973526182,Eastern Europe & the Balkans,Subset: Culture & Lesure
-600.0,-500.0,4.35,5.0,4.0,4.92227615711298,3.77772384288702,Eastern Europe & the Balkans,Subset: Culture & Lesure
-500.0,-400.0,5.05,5.959999999999999,5.0,5.63949130612758,4.46050869387242,Eastern Europe & the Balkans,Subset: Culture & Lesure
-400.0,-300.0,5.2,6.0,5.0,5.8,4.6000000000000005,Eastern Europe & the Balkans,Subset: Culture & Lesure
-300.0,-200.0,5.65,6.0,5.0,6.22227615711298,5.07772384288702,Eastern Europe & the Balkans,Subset: Culture & Lesure
-200.0,-100.0,6.35,7.0,6.0,6.92227615711298,5.77772384288702,Eastern Europe & the Balkans,Subset: Culture & Lesure
-100.0,0.0,6.75,7.0,6.0,7.18301270189222,6.31698729810778,Eastern Europe & the Balkans,Subset: Culture & Lesure
0.0,100.0,6.8,7.0,6.0,7.4,6.2,Eastern Europe & the Balkans,Subset: Culture & Lesure
100.0,200.0,6.05,7.0,5.0,6.914580823289529,5.185419176710471,Eastern Europe & the Balkans,Subset: Culture & Lesure
200.0,300.0,5.05,6.0,4.0,5.854673846971553,4.245326153028446,Eastern Europe & the Balkans,Subset: Culture & Lesure
300.0,400.0,4.95,5.959999999999999,4.0,5.618954408012983,4.281045591987017,Eastern Europe & the Balkans,Subset: Culture & Lesure
400.0,500.0,4.15,5.0,4.0,4.803834841531101,3.4961651584688993,Eastern Europe & the Balkans,Subset: Culture & Lesure
500.0,600.0,4.25,5.0,4.0,4.872494979899437,3.627505020100563,Eastern Europe & the Balkans,Subset: Culture & Lesure
600.0,700.0,4.75,5.0,4.0,5.448212002188447,4.051787997811553,Eastern Europe & the Balkans,Subset: Culture & Lesure
700.0,800.0,5.55,6.0,5.0,6.218954408012983,4.881045591987017,Eastern Europe & the Balkans,Subset: Culture & Lesure
800.0,900.0,5.75,6.0,5.0,6.516485485837794,4.983514514162206,Eastern Europe & the Balkans,Subset: Culture & Lesure
900.0,1000.0,5.85,6.0,5.0,6.42227615711298,5.27772384288702,Eastern Europe & the Balkans,Subset: Culture & Lesure
1000.0,1100.0,5.85,6.0,5.0,6.5038348415311,5.196165158468899,Eastern Europe & the Balkans,Subset: Culture & Lesure
1100.0,1200.0,6.2,7.0,6.0,6.709901951359279,5.6900980486407216,Eastern Europe & the Balkans,Subset: Culture & Lesure
1200.0,1300.0,5.45,6.0,5.0,6.118954408012983,4.781045591987017,Eastern Europe & the Balkans,Subset: Culture & Lesure
1300.0,1400.0,5.15,6.0,4.0,5.9421489758877435,4.357851024112257,Eastern Europe & the Balkans,Subset: Culture & Lesure
1400.0,1500.0,4.8,5.0,4.0,5.548331477354788,4.051668522645212,Eastern Europe & the Balkans,Subset: Culture & Lesure
1500.0,1600.0,5.25,6.0,4.04,6.192072184070838,4.307927815929162,Eastern Europe & the Balkans,Subset: Culture & Lesure
1600.0,1700.0,4.3,5.0,4.0,5.081024967590666,3.5189750324093345,Eastern Europe & the Balkans,Subset: Culture & Lesure
1700.0,1800.0,5.3,6.0,5.0,6.014142842854285,4.585857157145715,Eastern Europe & the Balkans,Subset: Culture & Lesure
1800.0,1900.0,6.05,6.959999999999999,6.0,6.63949130612758,5.46050869387242,Eastern Europe & the Balkans,Subset: Culture & Lesure
1900.0,2000.0,5.95,6.0,6.0,6.44749371855331,5.4525062814466905,Eastern Europe & the Balkans,Subset: Culture & Lesure
2000.0,2025.0,7.15,7.0,7.0,7.507071421427143,6.792928578572858,Eastern Europe & the Balkans,Subset: Culture & Lesure
-1000.0,-900.0,2.0,2.0,2.0,2.0,2.0,Eastern Europe & the Balkans,Subset: Economic Opportunity
-900.0,-800.0,2.65,3.0,2.0,3.126969600708473,2.1730303992915267,Eastern Europe & the Balkans,Subset: Economic Opportunity
-800.0,-700.0,3.15,3.0,3.0,3.5070714214271423,2.7929285785728575,Eastern Europe & the Balkans,Subset: Economic Opportunity
-700.0,-600.0,3.15,3.959999999999999,3.0,3.6269696007084726,2.673030399291527,Eastern Europe & the Balkans,Subset: Economic Opportunity
-600.0,-500.0,3.05,3.0,3.0,3.43405728739343,2.6659427126065696,Eastern Europe & the Balkans,Subset: Economic Opportunity
-500.0,-400.0,3.45,4.0,3.0,3.9474937185533103,2.95250628144669,Eastern Europe & the Balkans,Subset: Economic Opportunity
-400.0,-300.0,3.9,4.0,4.0,4.335889894354067,3.4641101056459327,Eastern Europe & the Balkans,Subset: Economic Opportunity
-300.0,-200.0,4.65,5.0,4.0,5.22227615711298,4.07772384288702,Eastern Europe & the Balkans,Subset: Economic Opportunity
-200.0,-100.0,5.55,6.0,5.0,6.13949130612758,4.96050869387242,Eastern Europe & the Balkans,Subset: Economic Opportunity
-100.0,0.0,6.15,7.0,6.0,6.72227615711298,5.57772384288702,Eastern Europe & the Balkans,Subset: Economic Opportunity
0.0,100.0,5.95,7.0,5.0,6.754673846971554,5.145326153028447,Eastern Europe & the Balkans,Subset: Economic Opportunity
100.0,200.0,5.1,6.0,4.0,6.144030650891055,4.055969349108945,Eastern Europe & the Balkans,Subset: Economic Opportunity
200.0,300.0,4.05,5.0,3.0,4.854673846971554,3.245326153028446,Eastern Europe & the Balkans,Subset: Economic Opportunity
300.0,400.0,3.75,4.0,3.0,4.448212002188447,3.051787997811553,Eastern Europe & the Balkans,Subset: Economic Opportunity
400.0,500.0,3.0,3.959999999999999,2.04,3.632455532033676,2.367544467966324,Eastern Europe & the Balkans,Subset: Economic Opportunity
500.0,600.0,3.05,3.959999999999999,3.0,3.63949130612758,2.46050869387242,Eastern Europe & the Balkans,Subset: Economic Opportunity
600.0,700.0,3.5,4.0,3.0,4.091607978309962,2.9083920216900383,Eastern Europe & the Balkans,Subset: Economic Opportunity
700.0,800.0,4.1,4.959999999999999,4.0,4.6385164807134505,3.5614835192865493,Eastern Europe & the Balkans,Subset: Economic Opportunity
800.0,900.0,4.4,5.0,4.0,4.889897948556636,3.910102051443365,Eastern Europe & the Balkans,Subset: Economic Opportunity
900.0,1000.0,4.55,5.0,4.0,5.13949130612758,3.96050869387242,Eastern Europe & the Balkans,Subset: Economic Opportunity
1000.0,1100.0,4.85,5.0,4.0,5.5038348415311,4.196165158468899,Eastern Europe & the Balkans,Subset: Economic Opportunity
1100.0,1200.0,5.35,6.0,5.0,6.076291952316697,4.623708047683302,Eastern Europe & the Balkans,Subset: Economic Opportunity
1200.0,1300.0,4.15,5.0,4.0,4.803834841531101,3.4961651584688993,Eastern Europe & the Balkans,Subset: Economic Opportunity
1300.0,1400.0,3.65,4.0,3.0,4.303834841531101,2.996165158468899,Eastern Europe & the Balkans,Subset: Economic Opportunity
1400.0,1500.0,3.15,3.0,3.0,3.5070714214271423,2.7929285785728575,Eastern Europe & the Balkans,Subset: Economic Opportunity
1500.0,1600.0,3.55,4.0,3.0,4.218954408012983,2.881045591987017,Eastern Europe & the Balkans,Subset: Economic Opportunity
1600.0,1700.0,2.95,3.0,3.0,3.4474937185533103,2.45250628144669,Eastern Europe & the Balkans,Subset: Economic Opportunity
1700.0,1800.0,4.0,4.0,4.0,4.447213595499958,3.552786404500042,Eastern Europe & the Balkans,Subset: Economic Opportunity
1800.0,1900.0,5.2,6.0,5.0,5.709901951359279,4.6900980486407216,Eastern Europe & the Balkans,Subset: Economic Opportunity
1900.0,2000.0,5.0,5.959999999999999,4.04,5.632455532033676,4.367544467966324,Eastern Europe & the Balkans,Subset: Economic Opportunity
2000.0,2025.0,6.95,7.0,7.0,7.167944947177034,6.732055052822966,Eastern Europe & the Balkans,Subset: Economic Opportunity
-1000.0,-900.0,3.0,3.0,3.0,3.447213595499958,2.552786404500042,Eastern Europe & the Balkans,Subset: Equality
-900.0,-800.0,3.0,3.0,3.0,3.447213595499958,2.552786404500042,Eastern Europe & the Balkans,Subset: Equality
-800.0,-700.0,3.0,3.0,3.0,3.447213595499958,2.552786404500042,Eastern Europe & the Balkans,Subset: Equality
-700.0,-600.0,3.05,3.0,3.0,3.43405728739343,2.6659427126065696,Eastern Europe & the Balkans,Subset: Equality
-600.0,-500.0,2.95,3.0,3.0,3.167944947177034,2.7320550528229663,Eastern Europe & the Balkans,Subset: Equality
-500.0,-400.0,3.1,3.0,3.0,3.535889894354068,2.6641101056459324,Eastern Europe & the Balkans,Subset: Equality
-400.0,-300.0,3.05,3.0,3.0,3.43405728739343,2.6659427126065696,Eastern Europe & the Balkans,Subset: Equality
-300.0,-200.0,3.8,4.0,3.0,4.3099019513592784,3.290098048640721,Eastern Europe & the Balkans,Subset: Equality
-200.0,-100.0,4.4,5.0,4.0,5.06332495807108,3.73667504192892,Eastern Europe & the Balkans,Subset: Equality
-100.0,0.0,4.8,5.0,5.0,5.3099019513592784,4.290098048640721,Eastern Europe & the Balkans,Subset: Equality
0.0,100.0,4.7,5.0,4.0,5.340312423743285,4.0596875762567155,Eastern Europe & the Balkans,Subset: Equality
100.0,200.0,3.9,4.0,3.04,4.6,3.1999999999999997,Eastern Europe & the Balkans,Subset: Equality
200.0,300.0,3.05,3.0,3.0,3.54749371855331,2.5525062814466897,Eastern Europe & the Balkans,Subset: Equality
300.0,400.0,2.95,3.0,3.0,3.3340572873934304,2.56594271260657,Eastern Europe & the Balkans,Subset: Equality
400.0,500.0,2.5,3.0,2.0,3.0916079783099617,1.9083920216900383,Eastern Europe & the Balkans,Subset: Equality
500.0,600.0,2.8,3.0,2.0,3.3099019513592784,2.290098048640721,Eastern Europe & the Balkans,Subset: Equality
600.0,700.0,3.05,3.0,3.0,3.54749371855331,2.5525062814466897,Eastern Europe & the Balkans,Subset: Equality
700.0,800.0,3.55,4.0,3.0,4.13949130612758,2.96050869387242,Eastern Europe & the Balkans,Subset: Equality
800.0,900.0,3.55,4.0,3.0,4.13949130612758,2.96050869387242,Eastern Europe & the Balkans,Subset: Equality
900.0,1000.0,3.65,4.0,3.0,4.126969600708473,3.1730303992915267,Eastern Europe & the Balkans,Subset: Equality
1000.0,1100.0,3.55,4.0,3.0,4.289932429347437,2.810067570652562,Eastern Europe & the Balkans,Subset: Equality
1100.0,1200.0,3.65,4.0,3.0,4.376291952316698,2.923708047683302,Eastern Europe & the Balkans,Subset: Equality
1200.0,1300.0,3.1,3.0,3.0,3.4,2.8000000000000003,Eastern Europe & the Balkans,Subset: Equality
1300.0,1400.0,2.65,3.0,2.0,3.1269696007084726,2.173030399291527,Eastern Europe & the Balkans,Subset: Equality
1400.0,1500.0,2.15,2.0,2.0,2.5070714214271423,1.7929285785728577,Eastern Europe & the Balkans,Subset: Equality
1500.0,1600.0,2.4,3.0,2.0,2.889897948556636,1.910102051443364,Eastern Europe & the Balkans,Subset: Equality
1600.0,1700.0,2.05,2.0,2.0,2.2679449471770337,1.8320550528229664,Eastern Europe & the Balkans,Subset: Equality
1700.0,1800.0,2.95,3.0,3.0,3.167944947177034,2.7320550528229663,Eastern Europe & the Balkans,Subset: Equality
1800.0,1900.0,3.5,4.0,3.0,4.0,3.0,Eastern Europe & the Balkans,Subset: Equality
1900.0,2000.0,3.95,4.0,4.0,4.33405728739343,3.56594271260657,Eastern Europe & the Balkans,Subset: Equality
2000.0,2025.0,5.45,6.0,5.0,5.94749371855331,4.9525062814466905,Eastern Europe & the Balkans,Subset: Equality
-1000.0,-900.0,2.2,2.959999999999999,2.0,2.6,1.8000000000000005,Eastern Europe & the Balkans,Subset: Freedom
-900.0,-800.0,2.2,2.959999999999999,2.0,2.6,1.8000000000000005,Eastern Europe & the Balkans,Subset: Freedom
-800.0,-700.0,2.65,3.0,2.0,3.22227615711298,2.07772384288702,Eastern Europe & the Balkans,Subset: Freedom
-700.0,-600.0,2.7,3.0,2.0,3.1582575694955843,2.241742430504416,Eastern Europe & the Balkans,Subset: Freedom
-600.0,-500.0,2.55,3.0,2.0,3.04749371855331,2.0525062814466897,Eastern Europe & the Balkans,Subset: Freedom
-500.0,-400.0,3.0,3.0,3.0,3.447213595499958,2.552786404500042,Eastern Europe & the Balkans,Subset: Freedom
-400.0,-300.0,3.1,4.0,3.0,3.72449979983984,2.4755002001601603,Eastern Europe & the Balkans,Subset: Freedom
-300.0,-200.0,3.65,4.0,3.0,4.303834841531101,2.996165158468899,Eastern Europe & the Balkans,Subset: Freedom
-200.0,-100.0,4.6,5.0,4.0,5.263324958071079,3.93667504192892,Eastern Europe & the Balkans,Subset: Freedom
-100.0,0.0,5.35,6.0,5.0,5.92227615711298,4.77772384288702,Eastern Europe & the Balkans,Subset: Freedom
0.0,100.0,5.0,5.0,5.0,5.836660026534076,4.163339973465924,Eastern Europe & the Balkans,Subset: Freedom
100.0,200.0,4.1,5.0,4.0,4.988819441731558,3.211180558268441,Eastern Europe & the Balkans,Subset: Freedom
200.0,300.0,3.05,3.959999999999999,3.0,3.63949130612758,2.46050869387242,Eastern Europe & the Balkans,Subset: Freedom
300.0,400.0,2.95,3.0,3.0,3.44749371855331,2.4525062814466905,Eastern Europe & the Balkans,Subset: Freedom
400.0,500.0,2.25,3.0,2.0,2.872494979899437,1.6275050201005634,Eastern Europe & the Balkans,Subset: Freedom
500.0,600.0,2.65,3.0,2.0,3.22227615711298,2.07772384288702,Eastern Europe & the Balkans,Subset: Freedom
600.0,700.0,3.0,3.0,3.0,3.632455532033676,2.367544467966324,Eastern Europe & the Balkans,Subset: Freedom
700.0,800.0,3.7,4.0,3.0,4.414142842854285,2.9858571571457153,Eastern Europe & the Balkans,Subset: Freedom
800.0,900.0,3.8,4.959999999999999,3.0,4.548331477354788,3.051668522645212,Eastern Europe & the Balkans,Subset: Freedom
900.0,1000.0,4.0,4.0,4.0,4.547722557505166,3.452277442494834,Eastern Europe & the Balkans,Subset: Freedom
1000.0,1100.0,4.15,5.0,4.0,4.876291952316698,3.423708047683303,Eastern Europe & the Balkans,Subset: Freedom
1100.0,1200.0,4.3,5.0,4.0,5.2,3.4,Eastern Europe & the Balkans,Subset: Freedom
1200.0,1300.0,3.05,3.0,3.0,3.43405728739343,2.6659427126065696,Eastern Europe & the Balkans,Subset: Freedom
1300.0,1400.0,2.7,3.0,2.0,3.256776436283002,2.1432235637169983,Eastern Europe & the Balkans,Subset: Freedom
1400.0,1500.0,2.05,2.0,2.0,2.2679449471770337,1.8320550528229664,Eastern Europe & the Balkans,Subset: Freedom
1500.0,1600.0,2.4,3.0,2.0,2.889897948556636,1.910102051443364,Eastern Europe & the Balkans,Subset: Freedom
1600.0,1700.0,2.0,2.0,2.0,2.0,2.0,Eastern Europe & the Balkans,Subset: Freedom
1700.0,1800.0,3.15,3.0,3.0,3.5070714214271423,2.7929285785728575,Eastern Europe & the Balkans,Subset: Freedom
1800.0,1900.0,4.25,5.0,4.0,4.68301270189222,3.816987298107781,Eastern Europe & the Balkans,Subset: Freedom
1900.0,2000.0,3.65,4.0,3.0,4.376291952316698,2.923708047683302,Eastern Europe & the Balkans,Subset: Freedom
2000.0,2025.0,6.45,7.0,6.0,6.94749371855331,5.9525062814466905,Eastern Europe & the Balkans,Subset: Freedom
-1000.0,-900.0,3.0,3.0,3.0,3.0,3.0,Eastern Europe & the Balkans,Subset: Health & Wellbeing
-900.0,-800.0,3.0,3.0,3.0,3.0,3.0,Eastern Europe & the Balkans,Subset: Health & Wellbeing
-800.0,-700.0,3.25,4.0,3.0,3.683012701892219,2.816987298107781,Eastern Europe & the Balkans,Subset: Health & Wellbeing
-700.0,-600.0,3.5,4.0,3.0,4.0,3.0,Eastern Europe & the Balkans,Subset: Health & Wellbeing
-600.0,-500.0,3.55,4.0,3.0,4.0474937185533095,3.0525062814466897,Eastern Europe & the Balkans,Subset: Health & Wellbeing
-500.0,-400.0,3.95,4.0,4.0,4.33405728739343,3.56594271260657,Eastern Europe & the Balkans,Subset: Health & Wellbeing
-400.0,-300.0,4.1,4.0,4.0,4.535889894354067,3.664110105645933,Eastern Europe & the Balkans,Subset: Health & Wellbeing
-300.0,-200.0,5.0,5.0,5.0,5.447213595499958,4.552786404500042,Eastern Europe & the Balkans,Subset: Health & Wellbeing
-200.0,-100.0,5.8,6.0,5.0,6.3099019513592784,5.290098048640721,Eastern Europe & the Balkans,Subset: Health & Wellbeing
-100.0,0.0,6.35,7.0,6.0,6.826969600708472,5.873030399291527,Eastern Europe & the Balkans,Subset: Health & Wellbeing
0.0,100.0,6.15,7.0,6.0,6.803834841531101,5.4961651584689,Eastern Europe & the Balkans,Subset: Health & Wellbeing
100.0,200.0,5.45,6.0,5.0,6.314580823289529,4.585419176710471,Eastern Europe & the Balkans,Subset: Health & Wellbeing
200.0,300.0,4.35,5.0,4.0,4.92227615711298,3.77772384288702,Eastern Europe & the Balkans,Subset: Health & Wellbeing
300.0,400.0,4.2,5.0,4.0,4.8,3.6,Eastern Europe & the Balkans,Subset: Health & Wellbeing
400.0,500.0,3.4,4.0,3.0,3.889897948556636,2.910102051443364,Eastern Europe & the Balkans,Subset: Health & Wellbeing
500.0,600.0,3.45,4.0,3.0,3.9474937185533103,2.95250628144669,Eastern Europe & the Balkans,Subset: Health & Wellbeing
600.0,700.0,3.7,4.0,3.0,4.414142842854285,2.9858571571457153,Eastern Europe & the Balkans,Subset: Health & Wellbeing
700.0,800.0,4.4,5.0,4.0,4.889897948556636,3.910102051443365,Eastern Europe & the Balkans,Subset: Health & Wellbeing
800.0,900.0,4.45,5.0,4.0,5.03949130612758,3.86050869387242,Eastern Europe & the Balkans,Subset: Health & Wellbeing
900.0,1000.0,4.55,5.0,4.0,5.0474937185533095,4.05250628144669,Eastern Europe & the Balkans,Subset: Health & Wellbeing
1000.0,1100.0,4.95,5.0,4.04,5.53949130612758,4.36050869387242,Eastern Europe & the Balkans,Subset: Health & Wellbeing
1100.0,1200.0,5.1,5.959999999999999,5.0,5.6385164807134505,4.561483519286549,Eastern Europe & the Balkans,Subset: Health & Wellbeing
1200.0,1300.0,3.9,4.0,3.04,4.43851648071345,3.3614835192865495,Eastern Europe & the Balkans,Subset: Health & Wellbeing
1300.0,1400.0,3.6,4.0,3.0,4.334846922834954,2.865153077165046,Eastern Europe & the Balkans,Subset: Health & Wellbeing
1400.0,1500.0,3.3,4.0,3.0,3.758257569495584,2.8417424305044157,Eastern Europe & the Balkans,Subset: Health & Wellbeing
1500.0,1600.0,3.75,4.0,3.0,4.372494979899437,3.127505020100563,Eastern Europe & the Balkans,Subset: Health & Wellbeing
1600.0,1700.0,3.05,3.0,3.0,3.5474937185533095,2.55250628144669,Eastern Europe & the Balkans,Subset: Health & Wellbeing
1700.0,1800.0,4.0,4.0,4.0,4.447213595499958,3.552786404500042,Eastern Europe & the Balkans,Subset: Health & Wellbeing
1800.0,1900.0,5.05,5.0,5.0,5.43405728739343,4.66594271260657,Eastern Europe & the Balkans,Subset: Health & Wellbeing
1900.0,2000.0,5.5,6.0,5.0,6.0,5.0,Eastern Europe & the Balkans,Subset: Health & Wellbeing
2000.0,2025.0,7.0,7.0,7.0,7.0,7.0,Eastern Europe & the Balkans,Subset: Health & Wellbeing
-1000.0,-900.0,5.0,6.0,4.0,6.048808848170152,3.951191151829848,Eastern Europe & the Balkans,Subset: Peace
-900.0,-800.0,5.0,6.0,4.0,6.095445115010332,3.904554884989668,Eastern Europe & the Balkans,Subset: Peace
-800.0,-700.0,5.15,6.0,4.0,6.113068014212912,4.186931985787089,Eastern Europe & the Balkans,Subset: Peace
-700.0,-600.0,4.7,5.0,4.0,5.481024967590666,3.918975032409335,Eastern Europe & the Balkans,Subset: Peace
-600.0,-500.0,4.05,5.0,3.0,4.914580823289529,3.1854191767104707,Eastern Europe & the Balkans,Subset: Peace
-500.0,-400.0,4.25,5.0,3.04,5.137411967464942,3.3625880325350574,Eastern Europe & the Balkans,Subset: Peace
-400.0,-300.0,4.1,5.0,3.04,4.86811457478686,3.3318854252131387,Eastern Europe & the Balkans,Subset: Peace
-300.0,-200.0,5.15,6.0,4.0,6.0029361054615995,4.297063894538401,Eastern Europe & the Balkans,Subset: Peace
-200.0,-100.0,6.4,7.0,6.0,7.316515138991168,5.483484861008833,Eastern Europe & the Balkans,Subset: Peace
-100.0,0.0,7.1,7.0,7.0,7.535889894354067,6.664110105645932,Eastern Europe & the Balkans,Subset: Peace
0.0,100.0,6.25,7.0,5.0,7.427921898938974,5.072078101061026,Eastern Europe & the Balkans,Subset: Peace
100.0,200.0,4.8,6.0,4.0,5.877032961426901,3.722967038573099,Eastern Europe & the Balkans,Subset: Peace
200.0,300.0,3.25,4.0,3.0,3.948212002188447,2.551787997811553,Eastern Europe & the Balkans,Subset: Peace
300.0,400.0,3.3,4.0,3.0,3.8567764362830017,2.743223563716998,Eastern Europe & the Balkans,Subset: Peace
400.0,500.0,2.4,3.0,2.0,3.06332495807108,1.73667504192892,Eastern Europe & the Balkans,Subset: Peace
500.0,600.0,3.1,4.0,3.0,3.72449979983984,2.4755002001601603,Eastern Europe & the Balkans,Subset: Peace
600.0,700.0,3.45,4.0,3.0,4.118954408012983,2.7810455919870174,Eastern Europe & the Balkans,Subset: Peace
700.0,800.0,4.3,5.0,4.0,5.014142842854285,3.585857157145715,Eastern Europe & the Balkans,Subset: Peace
800.0,900.0,4.0,5.0,3.0,4.948683298050514,3.051316701949486,Eastern Europe & the Balkans,Subset: Peace
900.0,1000.0,4.15,5.0,4.0,4.72227615711298,3.5777238428870204,Eastern Europe & the Balkans,Subset: Peace
1000.0,1100.0,4.8,5.959999999999999,4.0,5.779795897113271,3.820204102886728,Eastern Europe & the Balkans,Subset: Peace
1100.0,1200.0,4.45,6.0,3.0,5.733549765299344,3.1664502347006565,Eastern Europe & the Balkans,Subset: Peace
1200.0,1300.0,2.55,3.0,2.0,3.13949130612758,1.96050869387242,Eastern Europe & the Balkans,Subset: Peace
1300.0,1400.0,2.65,3.0,2.0,3.1269696007084726,2.173030399291527,Eastern Europe & the Balkans,Subset: Peace
1400.0,1500.0,2.3,2.959999999999999,2.0,3.0141428428542847,1.585857157145715,Eastern Europe & the Balkans,Subset: Peace
1500.0,1600.0,3.55,4.0,3.0,4.218954408012983,2.881045591987017,Eastern Europe & the Balkans,Subset: Peace
1600.0,1700.0,2.1,2.0,2.0,2.4,1.8,Eastern Europe & the Balkans,Subset: Peace
1700.0,1800.0,3.55,4.0,3.0,4.0474937185533095,3.0525062814466897,Eastern Europe & the Balkans,Subset: Peace
1800.0,1900.0,3.45,4.0,3.0,4.03949130612758,2.86050869387242,Eastern Europe & the Balkans,Subset: Peace
1900.0,2000.0,3.15,4.0,3.0,3.72227615711298,2.57772384288702,Eastern Europe & the Balkans,Subset: Peace
2000.0,2025.0,6.05,6.0,6.0,6.43405728739343,5.66594271260657,Eastern Europe & the Balkans,Subset: Peace
-1000.0,-900.0,1955000.0,3000000.0,1200000.0,2865755.1811546283,1044244.8188453716,Eastern Europe & the Balkans,Subset: Population
-900.0,-800.0,2160000.0,3487999.9999999995,1300000.0,3206613.5867644753,1113386.413235525,Eastern Europe & the Balkans,Subset: Population
-800.0,-700.0,2370000.0,3979999.999999999,1400000.0,3561259.8373151007,1178740.1626848993,Eastern Europe & the Balkans,Subset: Population
-700.0,-600.0,2580000.0,4471999.999999999,1500000.0,3918133.027766672,1241866.9722333285,Eastern Europe & the Balkans,Subset: Population
-600.0,-500.0,2785000.0,4959999.999999999,1600000.0,4267320.815478215,1302679.184521785,Eastern Europe & the Balkans,Subset: Population
-500.0,-400.0,2990000.0,5447999.999999999,1700000.0,4618158.468945821,1361841.531054179,Eastern Europe & the Balkans,Subset: Population
-400.0,-300.0,3200000.0,5939999.999999999,1800000.0,4978763.615548733,1421236.3844512673,Eastern Europe & the Balkans,Subset: Population
-300.0,-200.0,3440000.0,6431999.999999998,1900000.0,5352955.828031583,1527044.1719684168,Eastern Europe & the Balkans,Subset: Population
-200.0,-100.0,3720000.0,6927999.999999998,2000000.0,5768072.264350064,1671927.7356499357,Eastern Europe & the Balkans,Subset: Population
-100.0,0.0,4000000.0,7419999.999999998,2200000.0,6174396.467988301,1825603.5320116985,Eastern Europe & the Balkans,Subset: Population
0.0,100.0,4220000.0,7911999.999999998,2300000.0,6546499.516440956,1893500.4835590443,Eastern Europe & the Balkans,Subset: Population
100.0,200.0,4425000.0,8399999.999999998,2400000.0,6899444.38207853,1950555.6179214695,Eastern Europe & the Balkans,Subset: Population
200.0,300.0,4495000.0,8407999.999999998,2304000.0,6962686.163190125,2027313.836809875,Eastern Europe & the Balkans,Subset: Population
300.0,400.0,4450000.0,7935999.999999998,2304000.0,6754235.231047386,2145764.768952614,Eastern Europe & the Balkans,Subset: Population
400.0,500.0,4270000.0,7463999.999999999,2208000.0,6434971.131447254,2105028.8685527467,Eastern Europe & the Balkans,Subset: Population
500.0,600.0,4210000.0,6992000.0,2108000.0,6344689.67299699,2075310.3270030092,Eastern Europe & the Balkans,Subset: Population
600.0,700.0,4225000.0,7000000.0,2200000.0,6344640.299673509,2105359.7003264916,Eastern Europe & the Balkans,Subset: Population
700.0,800.0,4385000.0,7192000.0,2204000.0,6609022.257082874,2160977.7429171265,Eastern Europe & the Balkans,Subset: Population
800.0,900.0,4600000.0,7496000.0,2304000.0,6942007.685726074,2257992.3142739264,Eastern Europe & the Balkans,Subset: Population
900.0,1000.0,4815000.0,7984000.0,2404000.0,7284468.566311384,2345531.4336886164,Eastern Europe & the Balkans,Subset: Population
1000.0,1100.0,5040000.0,8472000.0,2504000.0,7635842.830373211,2444157.1696267896,Eastern Europe & the Balkans,Subset: Population
1100.0,1200.0,5295000.0,8960000.0,2700000.0,8004515.63937173,2585484.360628269,Eastern Europe & the Balkans,Subset: Population
1200.0,1300.0,5540000.0,9447999.999999998,2804000.0,8371854.516037149,2708145.48396285,Eastern Europe & the Balkans,Subset: Population
1300.0,1400.0,5545000.0,8972000.0,2804000.0,8381983.433155717,2708016.5668442827,Eastern Europe & the Balkans,Subset: Population
1400.0,1500.0,5525000.0,8496000.0,2804000.0,8434617.672478637,2615382.3275213633,Eastern Europe & the Balkans,Subset: Population
1500.0,1600.0,5745000.0,8980000.0,3000000.0,8856667.55936427,2633332.4406357286,Eastern Europe & the Balkans,Subset: Population
1600.0,1700.0,5930000.0,9464000.0,3104000.0,9179784.608247137,2680215.391752863,Eastern Europe & the Balkans,Subset: Population
1700.0,1800.0,6160000.0,9947999.999999998,3212000.0,9530815.924965348,2789184.075034651,Eastern Europe & the Balkans,Subset: Population
1800.0,1900.0,7460000.0,11879999.999999998,4000000.0,11988288.860044155,2931711.139955844,Eastern Europe & the Balkans,Subset: Population
1900.0,2000.0,26160000.0,49599999.99999999,8000000.0,49661199.969363265,2658800.0306367353,Eastern Europe & the Balkans,Subset: Population
2000.0,2025.0,33125000.0,69399999.99999999,9040000.0,62223056.206557855,4026943.793442145,Eastern Europe & the Balkans,Subset: Population
-1000.0,-900.0,4.464285714285714,4.666666666666667,4.333333333333333,4.68412125372166,4.244450174849769,Mesoamerica & the Caribbean,Overall
-900.0,-800.0,4.583333333333333,4.833333333333333,4.5,4.758701426936383,4.407965239730283,Mesoamerica & the Caribbean,Overall
-800.0,-700.0,4.785714285714286,4.833333333333333,4.666666666666667,4.932486047689737,4.638942523738834,Mesoamerica & the Caribbean,Overall
-700.0,-600.0,4.785714285714286,5.0,4.513333333333334,5.048699071837792,4.522729499590779,Mesoamerica & the Caribbean,Overall
-600.0,-500.0,4.714285714285714,5.153333333333333,4.5,5.114823900982398,4.3137475275890305,Mesoamerica & the Caribbean,Overall
-500.0,-400.0,4.952380952380953,5.333333333333333,4.666666666666667,5.299869512364916,4.604892392396991,Mesoamerica & the Caribbean,Overall
-400.0,-300.0,5.011904761904762,5.333333333333333,4.666666666666667,5.3595971872978625,4.664212336511661,Mesoamerica & the Caribbean,Overall
-300.0,-200.0,5.095238095238095,5.5,4.666666666666667,5.492222190488882,4.698253999987307,Mesoamerica & the Caribbean,Overall
-200.0,-100.0,5.142857142857143,5.5,4.833333333333333,5.469316885733384,4.816397399980903,Mesoamerica & the Caribbean,Overall
-100.0,0.0,4.988095238095238,5.319999999999999,4.833333333333333,5.258781357164335,4.717409119026141,Mesoamerica & the Caribbean,Overall
0.0,100.0,4.916666666666666,5.166666666666667,4.5,5.260258802134804,4.573074531198528,Mesoamerica & the Caribbean,Overall
100.0,200.0,4.797619047619048,5.319999999999999,4.5,5.252655115562296,4.342582979675801,Mesoamerica & the Caribbean,Overall
200.0,300.0,4.773809523809524,5.333333333333333,4.193333333333333,5.299374763205812,4.248244284413236,Mesoamerica & the Caribbean,Overall
300.0,400.0,4.5357142857142865,4.819999999999999,4.026666666666666,5.003648666834133,4.06777990459444,Mesoamerica & the Caribbean,Overall
400.0,500.0,4.392857142857143,4.833333333333333,3.8466666666666662,4.936971184858402,3.848743100855884,Mesoamerica & the Caribbean,Overall
500.0,600.0,4.297619047619048,4.666666666666667,4.013333333333334,4.711555682159851,3.8836824130782457,Mesoamerica & the Caribbean,Overall
600.0,700.0,4.333333333333334,4.653333333333333,4.0,4.769769113805319,3.896897552861349,Mesoamerica & the Caribbean,Overall
700.0,800.0,4.309523809523809,4.806666666666667,4.0,4.7718211390225616,3.847226480025057,Mesoamerica & the Caribbean,Overall
800.0,900.0,4.261904761904762,4.833333333333333,3.8466666666666662,4.868463771564619,3.655345752244905,Mesoamerica & the Caribbean,Overall
900.0,1000.0,4.2976190476190474,4.819999999999999,3.8466666666666662,4.843812845093069,3.751425250145026,Mesoamerica & the Caribbean,Overall
1000.0,1100.0,4.476190476190476,4.833333333333333,4.026666666666666,4.826117582302359,4.126263370078593,Mesoamerica & the Caribbean,Overall
1100.0,1200.0,4.380952380952381,4.819999999999999,3.8466666666666662,4.823835124708054,3.938069637196708,Mesoamerica & the Caribbean,Overall
1200.0,1300.0,4.30952380952381,4.666666666666667,3.8333333333333335,4.745309648041028,3.873737971006593,Mesoamerica & the Caribbean,Overall
1300.0,1400.0,4.226190476190475,4.653333333333333,3.86,4.59677100991127,3.85560994246968,Mesoamerica & the Caribbean,Overall
1400.0,1500.0,4.2142857142857135,4.653333333333333,3.8466666666666662,4.629418947003873,3.799152481567554,Mesoamerica & the Caribbean,Overall
1500.0,1600.0,2.023809523809524,2.1666666666666665,1.8333333333333333,2.1887667435779887,1.8588523040410596,Mesoamerica & the Caribbean,Overall
1600.0,1700.0,2.047619047619047,2.3200000000000003,1.8333333333333333,2.3180432545619176,1.7771948406761773,Mesoamerica & the Caribbean,Overall
1700.0,1800.0,2.523809523809524,2.8200000000000003,2.3333333333333335,2.7746584226869704,2.272960624932078,Mesoamerica & the Caribbean,Overall
1800.0,1900.0,3.761904761904762,3.986666666666667,3.6666666666666665,3.986523360287062,3.5372861635224617,Mesoamerica & the Caribbean,Overall
1900.0,2000.0,5.428571428571428,5.5,5.333333333333333,5.532354736750968,5.324788120391888,Mesoamerica & the Caribbean,Overall
2000.0,2025.0,6.1309523809523805,6.333333333333333,5.846666666666667,6.350787920388325,5.911116841516436,Mesoamerica & the Caribbean,Overall
-1000.0,-900.0,5.428571428571429,6.0,5.0,5.923443087876822,4.933699769266036,Mesoamerica & the Caribbean,Subset: Culture & Lesure
-900.0,-800.0,5.714285714285714,6.0,5.0,6.303300803659666,5.125270624911763,Mesoamerica & the Caribbean,Subset: Culture & Lesure
-800.0,-700.0,6.428571428571429,7.0,6.0,6.923443087876822,5.933699769266036,Mesoamerica & the Caribbean,Subset: Culture & Lesure
-700.0,-600.0,6.571428571428571,7.0,6.0,7.066300230733964,6.076556912123178,Mesoamerica & the Caribbean,Subset: Culture & Lesure
-600.0,-500.0,6.357142857142857,7.0,6.0,6.9674288389512515,5.746856875334462,Mesoamerica & the Caribbean,Subset: Culture & Lesure
-500.0,-400.0,7.0,7.0,7.0,7.534522483824849,6.465477516175151,Mesoamerica & the Caribbean,Subset: Culture & Lesure
-400.0,-300.0,7.214285714285714,7.92,7.0,7.624611617609859,6.80395981096157,Mesoamerica & the Caribbean,Subset: Culture & Lesure
-300.0,-200.0,7.285714285714286,8.0,7.0,7.737468237166912,6.8339603342616595,Mesoamerica & the Caribbean,Subset: Culture & Lesure
-200.0,-100.0,7.5,8.0,7.0,8.0,7.0,Mesoamerica & the Caribbean,Subset: Culture & Lesure
-100.0,0.0,7.428571428571429,8.0,7.0,7.923443087876822,6.933699769266036,Mesoamerica & the Caribbean,Subset: Culture & Lesure
0.0,100.0,7.428571428571429,8.0,7.0,8.249223235219718,6.607919621923139,Mesoamerica & the Caribbean,Subset: Culture & Lesure
100.0,200.0,7.571428571428571,9.0,7.0,8.62120988976422,6.521647253092923,Mesoamerica & the Caribbean,Subset: Culture & Lesure
200.0,300.0,7.642857142857143,8.92,7.0,8.614390750623961,6.671323535090326,Mesoamerica & the Caribbean,Subset: Culture & Lesure
300.0,400.0,7.285714285714286,8.92,6.08,8.44629120066228,6.125137370766291,Mesoamerica & the Caribbean,Subset: Culture & Lesure
400.0,500.0,7.214285714285714,8.0,6.08,8.153781888426137,6.274789540145292,Mesoamerica & the Caribbean,Subset: Culture & Lesure
500.0,600.0,6.785714285714286,7.0,6.0,7.645828184199449,5.925600387229122,Mesoamerica & the Caribbean,Subset: Culture & Lesure
600.0,700.0,6.5,7.0,6.0,7.323754471047914,5.676245528952086,Mesoamerica & the Caribbean,Subset: Culture & Lesure
700.0,800.0,6.571428571428571,7.0,6.0,7.194128420505811,5.948728722351332,Mesoamerica & the Caribbean,Subset: Culture & Lesure
800.0,900.0,6.357142857142857,7.0,6.0,7.074991115794349,5.6392945984913645,Mesoamerica & the Caribbean,Subset: Culture & Lesure
900.0,1000.0,6.214285714285714,7.0,6.0,6.888141509432614,5.540429919138814,Mesoamerica & the Caribbean,Subset: Culture & Lesure
1000.0,1100.0,6.357142857142857,7.0,6.0,6.836300280892812,5.877985433392902,Mesoamerica & the Caribbean,Subset: Culture & Lesure
1100.0,1200.0,6.428571428571429,7.0,6.0,6.923443087876822,5.933699769266036,Mesoamerica & the Caribbean,Subset: Culture & Lesure
1200.0,1300.0,6.428571428571429,7.0,6.0,6.923443087876822,5.933699769266036,Mesoamerica & the Caribbean,Subset: Culture & Lesure
1300.0,1400.0,6.357142857142857,7.0,6.0,6.836300280892812,5.877985433392902,Mesoamerica & the Caribbean,Subset: Culture & Lesure
1400.0,1500.0,6.428571428571429,7.0,6.0,6.923443087876822,5.933699769266036,Mesoamerica & the Caribbean,Subset: Culture & Lesure
1500.0,1600.0,4.142857142857143,5.0,3.08,4.8851646318152335,3.400549653899053,Mesoamerica & the Caribbean,Subset: Culture & Lesure
1600.0,1700.0,3.4285714285714284,4.0,3.0,4.0512712776486675,2.8058715794941893,Mesoamerica & the Caribbean,Subset: Culture & Lesure
1700.0,1800.0,4.0,5.0,3.0,4.755928946018455,3.2440710539815454,Mesoamerica & the Caribbean,Subset: Culture & Lesure
1800.0,1900.0,4.928571428571429,5.92,4.0,5.632061271556864,4.225081585585993,Mesoamerica & the Caribbean,Subset: Culture & Lesure
1900.0,2000.0,6.571428571428571,7.0,6.0,7.066300230733964,6.076556912123178,Mesoamerica & the Caribbean,Subset: Culture & Lesure
2000.0,2025.0,7.571428571428571,8.0,7.0,8.066300230733965,7.076556912123178,Mesoamerica & the Caribbean,Subset: Culture & Lesure
-1000.0,-900.0,3.0,3.0,3.0,3.0,3.0,Mesoamerica & the Caribbean,Subset: Economic Opportunity
-900.0,-800.0,3.928571428571429,4.0,4.0,4.1861108053902845,3.671032051752572,Mesoamerica & the Caribbean,Subset: Economic Opportunity
-800.0,-700.0,4.214285714285714,4.92,4.0,4.624611617609859,3.8039598109615698,Mesoamerica & the Caribbean,Subset: Economic Opportunity
-700.0,-600.0,4.571428571428571,5.0,4.0,5.066300230733964,4.076556912123178,Mesoamerica & the Caribbean,Subset: Economic Opportunity
-600.0,-500.0,4.714285714285714,5.0,4.0,5.1660396657383405,4.262531762833088,Mesoamerica & the Caribbean,Subset: Economic Opportunity
-500.0,-400.0,5.142857142857143,5.0,5.0,5.492784248969026,4.79293003674526,Mesoamerica & the Caribbean,Subset: Economic Opportunity
-400.0,-300.0,5.428571428571429,6.0,5.0,5.923443087876822,4.933699769266036,Mesoamerica & the Caribbean,Subset: Economic Opportunity
-300.0,-200.0,5.642857142857143,6.0,5.0,6.122014566607098,5.163699719107188,Mesoamerica & the Caribbean,Subset: Economic Opportunity
-200.0,-100.0,5.714285714285714,6.0,5.0,6.1660396657383405,5.262531762833088,Mesoamerica & the Caribbean,Subset: Economic Opportunity
-100.0,0.0,5.785714285714286,6.0,5.08,6.19604018903843,5.375388382390141,Mesoamerica & the Caribbean,Subset: Economic Opportunity
0.0,100.0,5.642857142857143,6.0,5.0,6.253143124665538,5.0325711610487485,Mesoamerica & the Caribbean,Subset: Economic Opportunity
100.0,200.0,5.642857142857143,6.0,5.0,6.454129763685754,4.831584522028533,Mesoamerica & the Caribbean,Subset: Economic Opportunity
200.0,300.0,5.714285714285714,6.0,5.0,6.594916286138425,4.833655142433003,Mesoamerica & the Caribbean,Subset: Economic Opportunity
300.0,400.0,5.285714285714286,6.0,4.08,6.2440291332141955,4.327399438214376,Mesoamerica & the Caribbean,Subset: Economic Opportunity
400.0,500.0,5.142857142857143,6.0,5.0,6.057589176776122,4.228125108938165,Mesoamerica & the Caribbean,Subset: Economic Opportunity
500.0,600.0,5.071428571428571,5.0,5.0,5.774918414414007,4.367938728443136,Mesoamerica & the Caribbean,Subset: Economic Opportunity
600.0,700.0,4.785714285714286,5.0,4.0,5.558332416170854,4.013096155257717,Mesoamerica & the Caribbean,Subset: Economic Opportunity
700.0,800.0,4.928571428571429,5.0,4.08,5.521901704494148,4.33524115264871,Mesoamerica & the Caribbean,Subset: Economic Opportunity
800.0,900.0,4.642857142857143,5.0,4.0,5.253143124665538,4.0325711610487485,Mesoamerica & the Caribbean,Subset: Economic Opportunity
900.0,1000.0,4.5,5.0,4.0,5.2319250547114,3.7680749452886,Mesoamerica & the Caribbean,Subset: Economic Opportunity
1000.0,1100.0,5.0,5.0,5.0,5.534522483824849,4.465477516175151,Mesoamerica & the Caribbean,Subset: Economic Opportunity
1100.0,1200.0,5.071428571428571,5.92,5.0,5.66475884735129,4.478098295505852,Mesoamerica & the Caribbean,Subset: Economic Opportunity
1200.0,1300.0,5.357142857142857,6.0,5.0,6.074991115794349,4.6392945984913645,Mesoamerica & the Caribbean,Subset: Economic Opportunity
1300.0,1400.0,5.5,6.0,5.0,6.126783170528009,4.873216829471991,Mesoamerica & the Caribbean,Subset: Economic Opportunity
1400.0,1500.0,5.5,6.0,5.0,6.126783170528009,4.873216829471991,Mesoamerica & the Caribbean,Subset: Economic Opportunity
1500.0,1600.0,2.2142857142857144,2.92,2.0,2.624611617609859,1.8039598109615695,Mesoamerica & the Caribbean,Subset: Economic Opportunity
1600.0,1700.0,2.2857142857142856,3.0,2.0,2.7374682371669112,1.83396033426166,Mesoamerica & the Caribbean,Subset: Economic Opportunity
1700.0,1800.0,2.9285714285714284,3.0,3.0,3.186110805390285,2.671032051752572,Mesoamerica & the Caribbean,Subset: Economic Opportunity
1800.0,1900.0,3.928571428571429,4.0,4.0,4.1861108053902845,3.671032051752572,Mesoamerica & the Caribbean,Subset: Economic Opportunity
1900.0,2000.0,6.0,6.0,6.0,6.0,6.0,Mesoamerica & the Caribbean,Subset: Economic Opportunity
2000.0,2025.0,6.928571428571429,7.0,7.0,7.186110805390285,6.671032051752572,Mesoamerica & the Caribbean,Subset: Economic Opportunity
-1000.0,-900.0,4.357142857142857,5.0,4.0,4.836300280892812,3.877985433392902,Mesoamerica & the Caribbean,Subset: Equality
-900.0,-800.0,4.214285714285714,4.92,4.0,4.624611617609859,3.8039598109615698,Mesoamerica & the Caribbean,Subset: Equality
-800.0,-700.0,4.142857142857143,4.0,4.0,4.492784248969026,3.7929300367452607,Mesoamerica & the Caribbean,Subset: Equality
-700.0,-600.0,3.857142857142857,4.0,3.0,4.496019422142797,3.2182662921429173,Mesoamerica & the Caribbean,Subset: Equality
-600.0,-500.0,3.857142857142857,4.0,3.0,4.496019422142797,3.2182662921429173,Mesoamerica & the Caribbean,Subset: Equality
-500.0,-400.0,3.928571428571429,4.92,3.0,4.632061271556864,3.2250815855859924,Mesoamerica & the Caribbean,Subset: Equality
-400.0,-300.0,3.857142857142857,4.92,3.0,4.599450346100947,3.114835368184767,Mesoamerica & the Caribbean,Subset: Equality
-300.0,-200.0,3.7857142857142856,5.0,3.0,4.645828184199449,2.925600387229122,Mesoamerica & the Caribbean,Subset: Equality
-200.0,-100.0,3.7857142857142856,5.0,3.0,4.645828184199449,2.925600387229122,Mesoamerica & the Caribbean,Subset: Equality
-100.0,0.0,3.642857142857143,4.0,3.0,4.3607054015086355,2.9250088842056505,Mesoamerica & the Caribbean,Subset: Equality
0.0,100.0,3.642857142857143,4.0,3.0,4.253143124665538,3.0325711610487476,Mesoamerica & the Caribbean,Subset: Equality
100.0,200.0,3.5714285714285716,4.0,3.0,4.194128420505811,2.9487287223513325,Mesoamerica & the Caribbean,Subset: Equality
200.0,300.0,3.5,4.0,3.0,4.323754471047914,2.676245528952086,Mesoamerica & the Caribbean,Subset: Equality
300.0,400.0,3.357142857142857,4.0,3.0,4.252140291867262,2.462145422418452,Mesoamerica & the Caribbean,Subset: Equality
400.0,500.0,3.2142857142857144,4.0,2.08,3.986903844742283,2.4416675838291453,Mesoamerica & the Caribbean,Subset: Equality
500.0,600.0,3.0714285714285716,3.92,3.0,3.6647588473512913,2.478098295505852,Mesoamerica & the Caribbean,Subset: Equality
600.0,700.0,3.2857142857142856,4.0,3.0,3.7374682371669112,2.83396033426166,Mesoamerica & the Caribbean,Subset: Equality
700.0,800.0,3.2857142857142856,4.0,3.0,3.9855684979380506,2.5858600734905206,Mesoamerica & the Caribbean,Subset: Equality
800.0,900.0,3.2857142857142856,4.0,3.0,3.9855684979380506,2.5858600734905206,Mesoamerica & the Caribbean,Subset: Equality
900.0,1000.0,3.4285714285714284,4.0,3.0,4.157002787656112,2.700140069486745,Mesoamerica & the Caribbean,Subset: Equality
1000.0,1100.0,3.5714285714285716,4.0,3.0,4.066300230733965,3.076556912123178,Mesoamerica & the Caribbean,Subset: Equality
1100.0,1200.0,3.4285714285714284,4.0,3.0,4.157002787656112,2.700140069486745,Mesoamerica & the Caribbean,Subset: Equality
1200.0,1300.0,3.142857142857143,4.0,3.0,3.7817337078570823,2.503980577857203,Mesoamerica & the Caribbean,Subset: Equality
1300.0,1400.0,3.0714285714285716,3.92,3.0,3.6647588473512913,2.478098295505852,Mesoamerica & the Caribbean,Subset: Equality
1400.0,1500.0,3.0,3.92,3.0,3.7559289460184546,2.2440710539815454,Mesoamerica & the Caribbean,Subset: Equality
1500.0,1600.0,1.0,1.0,1.0,1.0,1.0,Mesoamerica & the Caribbean,Subset: Equality
1600.0,1700.0,1.0,1.0,1.0,1.0,1.0,Mesoamerica & the Caribbean,Subset: Equality
1700.0,1800.0,1.2142857142857142,1.92,1.0,1.624611617609859,0.8039598109615692,Mesoamerica & the Caribbean,Subset: Equality
1800.0,1900.0,2.7142857142857144,3.0,2.0,3.16603966573834,2.2625317628330888,Mesoamerica & the Caribbean,Subset: Equality
1900.0,2000.0,3.928571428571429,4.0,4.0,4.1861108053902845,3.671032051752572,Mesoamerica & the Caribbean,Subset: Equality
2000.0,2025.0,4.357142857142857,5.0,4.0,4.9674288389512515,3.7468568753344615,Mesoamerica & the Caribbean,Subset: Equality
-1000.0,-900.0,3.357142857142857,4.0,3.0,3.836300280892812,2.8779854333929022,Mesoamerica & the Caribbean,Subset: Freedom
-900.0,-800.0,3.2142857142857144,3.92,3.0,3.624611617609859,2.8039598109615698,Mesoamerica & the Caribbean,Subset: Freedom
-800.0,-700.0,3.142857142857143,3.0,3.0,3.4927842489690253,2.7929300367452603,Mesoamerica & the Caribbean,Subset: Freedom
-700.0,-600.0,3.0714285714285716,3.0,3.0,3.328967948247428,2.813889194609715,Mesoamerica & the Caribbean,Subset: Freedom
-600.0,-500.0,3.0714285714285716,3.0,3.0,3.528794588388061,2.6140625544690823,Mesoamerica & the Caribbean,Subset: Freedom
-500.0,-400.0,3.2857142857142856,4.0,3.0,3.874729375088237,2.696699196340334,Mesoamerica & the Caribbean,Subset: Freedom
-400.0,-300.0,3.2857142857142856,4.0,3.0,3.9855684979380506,2.5858600734905206,Mesoamerica & the Caribbean,Subset: Freedom
-300.0,-200.0,3.2857142857142856,4.0,3.0,4.081109194690003,2.4903193767385683,Mesoamerica & the Caribbean,Subset: Freedom
-200.0,-100.0,3.2857142857142856,4.0,3.0,3.9855684979380506,2.5858600734905206,Mesoamerica & the Caribbean,Subset: Freedom
-100.0,0.0,3.0,3.92,2.08,3.654653670707977,2.345346329292023,Mesoamerica & the Caribbean,Subset: Freedom
0.0,100.0,3.0714285714285716,3.0,3.0,3.528794588388061,2.6140625544690823,Mesoamerica & the Caribbean,Subset: Freedom
100.0,200.0,2.857142857142857,3.0,2.08,3.37222161078057,2.3420641035051446,Mesoamerica & the Caribbean,Subset: Freedom
200.0,300.0,2.9285714285714284,3.92,2.0,3.632061271556864,2.2250815855859924,Mesoamerica & the Caribbean,Subset: Freedom
300.0,400.0,2.642857142857143,3.0,2.0,3.360705401508635,1.9250088842056503,Mesoamerica & the Caribbean,Subset: Freedom
400.0,500.0,2.5714285714285716,3.0,2.0,3.1941284205058107,1.9487287223513323,Mesoamerica & the Caribbean,Subset: Freedom
500.0,600.0,2.642857142857143,3.0,2.0,3.253143124665538,2.0325711610487476,Mesoamerica & the Caribbean,Subset: Freedom
600.0,700.0,2.7857142857142856,3.0,2.0,3.3435892625647607,2.2278393088638104,Mesoamerica & the Caribbean,Subset: Freedom
700.0,800.0,2.7142857142857144,3.0,2.0,3.5096806232614317,1.9188908053099971,Mesoamerica & the Caribbean,Subset: Freedom
800.0,900.0,2.7857142857142856,3.0,2.0,3.6458281841994498,1.9256003872291216,Mesoamerica & the Caribbean,Subset: Freedom
900.0,1000.0,3.0,3.0,3.0,3.534522483824849,2.465477516175151,Mesoamerica & the Caribbean,Subset: Freedom
1000.0,1100.0,3.0,3.0,3.0,3.534522483824849,2.465477516175151,Mesoamerica & the Caribbean,Subset: Freedom
1100.0,1200.0,2.857142857142857,3.0,2.0,3.496019422142797,2.2182662921429173,Mesoamerica & the Caribbean,Subset: Freedom
1200.0,1300.0,2.5714285714285716,3.0,2.0,3.1941284205058107,1.9487287223513323,Mesoamerica & the Caribbean,Subset: Freedom
1300.0,1400.0,2.4285714285714284,3.0,2.0,3.0512712776486675,1.8058715794941893,Mesoamerica & the Caribbean,Subset: Freedom
1400.0,1500.0,2.357142857142857,3.0,2.0,3.0749911157943495,1.639294598491365,Mesoamerica & the Caribbean,Subset: Freedom
1500.0,1600.0,1.0,1.0,1.0,1.0,1.0,Mesoamerica & the Caribbean,Subset: Freedom
1600.0,1700.0,1.0,1.0,1.0,1.0,1.0,Mesoamerica & the Caribbean,Subset: Freedom
1700.0,1800.0,1.2142857142857142,1.92,1.0,1.624611617609859,0.8039598109615692,Mesoamerica & the Caribbean,Subset: Freedom
1800.0,1900.0,3.0,3.0,3.0,3.3779644730092273,2.6220355269907727,Mesoamerica & the Caribbean,Subset: Freedom
1900.0,2000.0,5.0,5.0,5.0,5.0,5.0,Mesoamerica & the Caribbean,Subset: Freedom
2000.0,2025.0,6.0,6.0,6.0,6.0,6.0,Mesoamerica & the Caribbean,Subset: Freedom
-1000.0,-900.0,3.7857142857142856,4.0,3.08,4.19604018903843,3.375388382390141,Mesoamerica & the Caribbean,Subset: Health & Wellbeing
-900.0,-800.0,3.928571428571429,4.0,4.0,4.1861108053902845,3.671032051752572,Mesoamerica & the Caribbean,Subset: Health & Wellbeing
-800.0,-700.0,4.571428571428571,5.0,4.0,5.066300230733964,4.076556912123178,Mesoamerica & the Caribbean,Subset: Health & Wellbeing
-700.0,-600.0,4.785714285714286,5.0,4.08,5.19604018903843,4.375388382390141,Mesoamerica & the Caribbean,Subset: Health & Wellbeing
-600.0,-500.0,4.714285714285714,5.0,4.08,5.303300803659666,4.125270624911763,Mesoamerica & the Caribbean,Subset: Health & Wellbeing
-500.0,-400.0,5.0,5.0,5.0,5.377964473009227,4.622035526990773,Mesoamerica & the Caribbean,Subset: Health & Wellbeing
-400.0,-300.0,5.285714285714286,6.0,5.0,5.737468237166912,4.8339603342616595,Mesoamerica & the Caribbean,Subset: Health & Wellbeing
-300.0,-200.0,5.5,6.0,5.0,6.0,5.0,Mesoamerica & the Caribbean,Subset: Health & Wellbeing
-200.0,-100.0,5.714285714285714,6.0,5.0,6.1660396657383405,5.262531762833088,Mesoamerica & the Caribbean,Subset: Health & Wellbeing
-100.0,0.0,5.571428571428571,6.0,5.0,6.19412842050581,4.9487287223513325,Mesoamerica & the Caribbean,Subset: Health & Wellbeing
0.0,100.0,5.571428571428571,6.0,5.0,6.19412842050581,4.9487287223513325,Mesoamerica & the Caribbean,Subset: Health & Wellbeing
100.0,200.0,5.357142857142857,6.0,5.0,6.168415477971467,4.545870236314246,Mesoamerica & the Caribbean,Subset: Health & Wellbeing
200.0,300.0,5.357142857142857,6.0,5.0,6.168415477971467,4.545870236314246,Mesoamerica & the Caribbean,Subset: Health & Wellbeing
300.0,400.0,5.214285714285714,6.0,5.0,5.888141509432614,4.540429919138814,Mesoamerica & the Caribbean,Subset: Health & Wellbeing
400.0,500.0,5.0,5.0,4.08,5.755928946018455,4.244071053981545,Mesoamerica & the Caribbean,Subset: Health & Wellbeing
500.0,600.0,4.857142857142857,5.0,4.08,5.599450346100947,4.1148353681847665,Mesoamerica & the Caribbean,Subset: Health & Wellbeing
600.0,700.0,4.785714285714286,5.0,4.0,5.645828184199449,3.9256003872291214,Mesoamerica & the Caribbean,Subset: Health & Wellbeing
700.0,800.0,4.857142857142857,5.0,4.0,5.496019422142797,4.218266292142917,Mesoamerica & the Caribbean,Subset: Health & Wellbeing
800.0,900.0,4.571428571428571,5.0,4.0,5.19412842050581,3.948728722351332,Mesoamerica & the Caribbean,Subset: Health & Wellbeing
900.0,1000.0,4.571428571428571,5.0,4.0,5.19412842050581,3.948728722351332,Mesoamerica & the Caribbean,Subset: Health & Wellbeing
1000.0,1100.0,4.714285714285714,5.0,4.0,5.303300803659666,4.125270624911763,Mesoamerica & the Caribbean,Subset: Health & Wellbeing
1100.0,1200.0,4.714285714285714,5.0,4.0,5.303300803659666,4.125270624911763,Mesoamerica & the Caribbean,Subset: Health & Wellbeing
1200.0,1300.0,4.714285714285714,5.0,4.0,5.303300803659666,4.125270624911763,Mesoamerica & the Caribbean,Subset: Health & Wellbeing
1300.0,1400.0,4.714285714285714,5.0,4.0,5.303300803659666,4.125270624911763,Mesoamerica & the Caribbean,Subset: Health & Wellbeing
1400.0,1500.0,4.785714285714286,5.0,4.0,5.343589262564761,4.22783930886381,Mesoamerica & the Caribbean,Subset: Health & Wellbeing
1500.0,1600.0,1.9285714285714288,2.0,2.0,2.186110805390285,1.6710320517525723,Mesoamerica & the Caribbean,Subset: Health & Wellbeing
1600.0,1700.0,2.2857142857142856,3.0,2.0,2.7374682371669112,1.83396033426166,Mesoamerica & the Caribbean,Subset: Health & Wellbeing
1700.0,1800.0,3.0,3.0,3.0,3.0,3.0,Mesoamerica & the Caribbean,Subset: Health & Wellbeing
1800.0,1900.0,3.928571428571429,4.0,4.0,4.1861108053902845,3.671032051752572,Mesoamerica & the Caribbean,Subset: Health & Wellbeing
1900.0,2000.0,6.0,6.0,6.0,6.0,6.0,Mesoamerica & the Caribbean,Subset: Health & Wellbeing
2000.0,2025.0,7.0,7.0,7.0,7.0,7.0,Mesoamerica & the Caribbean,Subset: Health & Wellbeing
-1000.0,-900.0,6.857142857142857,7.0,7.0,7.20706996325474,6.507215751030974,Mesoamerica & the Caribbean,Subset: Peace
-900.0,-800.0,6.5,7.0,6.0,7.0,6.0,Mesoamerica & the Caribbean,Subset: Peace
-800.0,-700.0,6.214285714285714,7.0,6.0,6.888141509432614,5.540429919138814,Mesoamerica & the Caribbean,Subset: Peace
-700.0,-600.0,5.857142857142857,7.0,5.0,6.6901359849779,5.024149729307814,Mesoamerica & the Caribbean,Subset: Peace
-600.0,-500.0,5.571428571428571,6.0,5.0,6.19412842050581,4.9487287223513325,Mesoamerica & the Caribbean,Subset: Peace
-500.0,-400.0,5.357142857142857,6.0,5.0,5.9674288389512515,4.746856875334462,Mesoamerica & the Caribbean,Subset: Peace
-400.0,-300.0,5.0,6.0,4.0,5.755928946018455,4.244071053981545,Mesoamerica & the Caribbean,Subset: Peace
-300.0,-200.0,5.071428571428571,6.0,4.08,5.774918414414008,4.367938728443135,Mesoamerica & the Caribbean,Subset: Peace
-200.0,-100.0,4.857142857142857,5.0,4.0,5.496019422142797,4.218266292142917,Mesoamerica & the Caribbean,Subset: Peace
-100.0,0.0,4.5,5.0,4.0,5.126783170528009,3.8732168294719913,Mesoamerica & the Caribbean,Subset: Peace
0.0,100.0,4.142857142857143,5.0,3.08,4.8851646318152335,3.400549653899053,Mesoamerica & the Caribbean,Subset: Peace
100.0,200.0,3.7857142857142856,4.0,3.0,4.459570080861186,3.111858490567385,Mesoamerica & the Caribbean,Subset: Peace
200.0,300.0,3.5,4.0,3.0,4.323754471047914,2.676245528952086,Mesoamerica & the Caribbean,Subset: Peace
300.0,400.0,3.4285714285714284,4.0,3.0,4.332079331476679,2.525063525666177,Mesoamerica & the Caribbean,Subset: Peace
400.0,500.0,3.2142857142857144,4.0,2.08,3.986903844742283,2.4416675838291453,Mesoamerica & the Caribbean,Subset: Peace
500.0,600.0,3.357142857142857,4.0,3.0,4.074991115794349,2.639294598491365,Mesoamerica & the Caribbean,Subset: Peace
600.0,700.0,3.857142857142857,4.92,3.0,4.771874891061835,2.942410823223879,Mesoamerica & the Caribbean,Subset: Peace
700.0,800.0,3.5,4.0,3.0,4.406326967174966,2.593673032825034,Mesoamerica & the Caribbean,Subset: Peace
800.0,900.0,3.928571428571429,5.0,3.0,5.091344328292836,2.765798528850021,Mesoamerica & the Caribbean,Subset: Peace
900.0,1000.0,4.071428571428571,5.0,3.0,4.954951205489499,3.1879059373676437,Mesoamerica & the Caribbean,Subset: Peace
1000.0,1100.0,4.214285714285714,5.0,3.08,4.986903844742283,3.4416675838291453,Mesoamerica & the Caribbean,Subset: Peace
1100.0,1200.0,3.7857142857142856,4.0,3.0,4.558332416170854,3.0130961552577165,Mesoamerica & the Caribbean,Subset: Peace
1200.0,1300.0,3.642857142857143,4.0,3.0,4.454129763685754,2.8315845220285323,Mesoamerica & the Caribbean,Subset: Peace
1300.0,1400.0,3.2857142857142856,4.0,3.0,3.874729375088237,2.696699196340334,Mesoamerica & the Caribbean,Subset: Peace
1400.0,1500.0,3.2142857142857144,4.0,3.0,3.7721606911361896,2.6564107374352393,Mesoamerica & the Caribbean,Subset: Peace
1500.0,1600.0,1.8571428571428572,2.0,2.0,2.2070699632547397,1.5072157510309747,Mesoamerica & the Caribbean,Subset: Peace
1600.0,1700.0,2.2857142857142856,3.0,2.0,2.7374682371669112,1.83396033426166,Mesoamerica & the Caribbean,Subset: Peace
1700.0,1800.0,2.7857142857142856,3.0,2.08,3.1960401890384307,2.3753883823901405,Mesoamerica & the Caribbean,Subset: Peace
1800.0,1900.0,4.071428571428571,4.0,4.0,4.328967948247428,3.813889194609714,Mesoamerica & the Caribbean,Subset: Peace
1900.0,2000.0,5.071428571428571,5.0,5.0,5.328967948247428,4.813889194609715,Mesoamerica & the Caribbean,Subset: Peace
2000.0,2025.0,4.928571428571429,6.0,4.0,5.961202306771497,3.89594055037136,Mesoamerica & the Caribbean,Subset: Peace
-1000.0,-900.0,2857142.8571428573,3500000.0,1500000.0,4144839.7412371393,1569445.9730485752,Mesoamerica & the Caribbean,Subset: Population
-900.0,-800.0,3242857.1428571427,4000000.0,1800000.0,4621632.10932675,1864082.176387536,Mesoamerica & the Caribbean,Subset: Population
-800.0,-700.0,3635714.285714286,4500000.0,2100000.0,5106674.682800461,2164753.8886281108,Mesoamerica & the Caribbean,Subset: Population
-700.0,-600.0,4042857.1428571423,5000000.0,2500000.0,5596522.98563686,2489191.3000774253,Mesoamerica & the Caribbean,Subset: Population
-600.0,-500.0,4435714.285714285,5500000.0,2800000.0,6090839.288700527,2780589.2827280443,Mesoamerica & the Caribbean,Subset: Population
-500.0,-400.0,4850000.0,6000000.0,3200000.0,6590586.92892451,3109413.0710754897,Mesoamerica & the Caribbean,Subset: Population
-400.0,-300.0,5271428.571428572,6500000.0,3600000.0,7096033.644716868,3446823.498140276,Mesoamerica & the Caribbean,Subset: Population
-300.0,-200.0,5742857.142857143,7000000.0,4008000.0,7637478.961778981,3848235.323935305,Mesoamerica & the Caribbean,Subset: Population
-200.0,-100.0,6221428.571428572,7500000.0,4508000.0,8194163.645752894,4248693.49710425,Mesoamerica & the Caribbean,Subset: Population
-100.0,0.0,6657142.857142857,8000000.0,4824000.0,8702595.753452232,4611689.960833483,Mesoamerica & the Caribbean,Subset: Population
0.0,100.0,7078571.428571428,8500000.0,5040000.0,9218724.48432254,4938418.372820318,Mesoamerica & the Caribbean,Subset: Population
100.0,200.0,7357142.857142857,9000000.0,5240000.0,9441682.643870128,5272603.070415585,Mesoamerica & the Caribbean,Subset: Population
200.0,300.0,7642857.142857143,9500000.0,5440000.0,9706042.712280689,5579671.573433599,Mesoamerica & the Caribbean,Subset: Population
300.0,400.0,7928571.428571428,10000000.0,5640000.0,10028036.861018654,5829105.996124202,Mesoamerica & the Caribbean,Subset: Population
400.0,500.0,8142857.142857143,10500000.0,5840000.0,10355391.012077902,5930323.273636384,Mesoamerica & the Caribbean,Subset: Population
500.0,600.0,8400000.0,11000000.0,6040000.0,10753720.459187964,6046279.540812036,Mesoamerica & the Caribbean,Subset: Population
600.0,700.0,8671428.57142857,11500000.0,5816000.0,11244761.199816618,6098095.943040525,Mesoamerica & the Caribbean,Subset: Population
700.0,800.0,8964285.714285715,12000000.0,5632000.0,11755754.130436497,6172817.298134934,Mesoamerica & the Caribbean,Subset: Population
800.0,900.0,9271428.57142857,12500000.0,5924000.0,12272482.8079615,6270374.334895642,Mesoamerica & the Caribbean,Subset: Population
900.0,1000.0,9392857.142857144,13000000.0,6000000.0,12543699.271947237,6242015.013767052,Mesoamerica & the Caribbean,Subset: Population
1000.0,1100.0,9757142.857142856,13500000.0,6200000.0,13062055.712210571,6452230.002075141,Mesoamerica & the Caribbean,Subset: Population
1100.0,1200.0,10142857.142857144,14000000.0,6500000.0,13577494.63375448,6708219.651959807,Mesoamerica & the Caribbean,Subset: Population
1200.0,1300.0,10557142.857142856,14500000.0,7000000.0,14093023.084129035,7021262.630156677,Mesoamerica & the Caribbean,Subset: Population
1300.0,1400.0,10971428.57142857,15000000.0,7408000.0,14611175.142556952,7331682.000300189,Mesoamerica & the Caribbean,Subset: Population
1400.0,1500.0,11464285.714285716,15500000.0,7816000.0,15285019.96362597,7643551.46494546,Mesoamerica & the Caribbean,Subset: Population
1500.0,1600.0,9250000.0,12000000.0,7540000.0,12126940.339020904,6373059.660979096,Mesoamerica & the Caribbean,Subset: Population
1600.0,1700.0,5071428.571428572,8000000.0,3000000.0,7445824.3055135235,2697032.8373436206,Mesoamerica & the Caribbean,Subset: Population
1700.0,1800.0,5714285.714285715,8920000.0,3500000.0,8080070.737382742,3348500.691188687,Mesoamerica & the Caribbean,Subset: Population
1800.0,1900.0,7321428.571428572,10840000.0,4000000.0,10603452.896973614,4039404.2458835295,Mesoamerica & the Caribbean,Subset: Population
1900.0,2000.0,43214285.71428572,59200000.0,35000000.0,53143884.838898465,33284686.589672968,Mesoamerica & the Caribbean,Subset: Population
2000.0,2025.0,54571428.571428575,73800000.0,45000000.0,67706519.44454011,41436337.69831704,Mesoamerica & the Caribbean,Subset: Population
-1000.0,-900.0,3.7333333333333334,4.166666666666667,3.5,4.080544444266661,3.386122222400006,Middle East & the Levant,Overall
-900.0,-800.0,3.2833333333333337,3.6666666666666665,2.8333333333333335,3.808002541289907,2.7586641253767605,Middle East & the Levant,Overall
-800.0,-700.0,3.258333333333333,3.8333333333333335,2.6666666666666665,3.7892523478732154,2.7274143187934503,Middle East & the Levant,Overall
-700.0,-600.0,3.9416666666666664,4.986666666666666,2.8400000000000003,4.768768366714625,3.1145649666187083,Middle East & the Levant,Overall
-600.0,-500.0,5.075000000000001,5.5,4.833333333333333,5.491583324998334,4.658416675001668,Middle East & the Levant,Overall
-500.0,-400.0,5.233333333333333,5.666666666666667,4.833333333333333,5.652989277067139,4.813677389599528,Middle East & the Levant,Overall
-400.0,-300.0,5.150000000000001,5.66,4.673333333333334,5.518555739791601,4.781444260208401,Middle East & the Levant,Overall
-300.0,-200.0,4.833333333333334,5.326666666666666,4.666666666666667,5.313495343029598,4.35317132363707,Middle East & the Levant,Overall
-200.0,-100.0,5.491666666666666,5.993333333333333,4.666666666666667,6.183835159320169,4.799498174013164,Middle East & the Levant,Overall
-100.0,0.0,5.708333333333334,6.166666666666667,5.173333333333334,6.282970900268644,5.133695766398024,Middle East & the Levant,Overall
0.0,100.0,5.508333333333334,6.16,4.84,6.057259051845816,4.959407614820852,Middle East & the Levant,Overall
100.0,200.0,5.4833333333333325,5.833333333333333,5.0,5.951485730172937,5.015180936493728,Middle East & the Levant,Overall
200.0,300.0,4.291666666666666,4.826666666666666,4.0,4.678516479614505,3.904816853718827,Middle East & the Levant,Overall
300.0,400.0,4.808333333333333,5.166666666666667,4.506666666666667,5.196616591907391,4.420050074759274,Middle East & the Levant,Overall
400.0,500.0,4.525,5.486666666666666,3.673333333333334,5.521208088481295,3.5287919115187054,Middle East & the Levant,Overall
500.0,600.0,6.1000000000000005,6.653333333333333,5.506666666666667,6.628099317258496,5.571900682741505,Middle East & the Levant,Overall
600.0,700.0,6.408333333333333,6.833333333333333,6.006666666666667,6.8215692089405815,5.995097457726085,Middle East & the Levant,Overall
700.0,800.0,6.975,7.166666666666667,6.833333333333333,7.20639072294858,6.743609277051419,Middle East & the Levant,Overall
800.0,900.0,6.45,7.0,5.84,7.034760159761628,5.865239840238372,Middle East & the Levant,Overall
900.0,1000.0,5.35,5.66,5.166666666666667,5.695205252953466,5.0047947470465335,Middle East & the Levant,Overall
1000.0,1100.0,4.3,4.66,3.84,4.74284434185288,3.857155658147119,Middle East & the Levant,Overall
1100.0,1200.0,4.166666666666666,4.5,3.8333333333333335,4.553965001287408,3.779368332045925,Middle East & the Levant,Overall
1200.0,1300.0,4.1,5.5,2.6733333333333333,5.368638815599004,2.831361184400995,Middle East & the Levant,Overall
1300.0,1400.0,4.383333333333333,5.166666666666667,3.506666666666667,5.175832895197916,3.59083377146875,Middle East & the Levant,Overall
1400.0,1500.0,5.466666666666667,6.0,5.006666666666667,5.976568618025945,4.956764715307388,Middle East & the Levant,Overall
1500.0,1600.0,6.258333333333334,6.666666666666667,5.833333333333333,6.668194420911932,5.848472245754736,Middle East & the Levant,Overall
1600.0,1700.0,5.175,5.66,4.666666666666667,5.689983818516012,4.6600161814839876,Middle East & the Levant,Overall
1700.0,1800.0,4.25,4.5,4.006666666666667,4.577023614505809,3.9229763854941906,Middle East & the Levant,Overall
1800.0,1900.0,4.566666666666666,4.826666666666666,4.333333333333333,4.804714280951428,4.328619052381905,Middle East & the Levant,Overall
1900.0,2000.0,4.541666666666666,5.0,4.0,4.997721609750403,4.085611723582929,Middle East & the Levant,Overall
2000.0,2025.0,4.825000000000001,5.166666666666667,4.5,5.267452131748611,4.382547868251391,Middle East & the Levant,Overall
-1000.0,-900.0,4.95,5.0,5.0,5.33405728739343,4.56594271260657,Middle East & the Levant,Subset: Culture & Lesure
-900.0,-800.0,4.7,5.0,4.0,5.414142842854285,3.9858571571457153,Middle East & the Levant,Subset: Culture & Lesure
-800.0,-700.0,4.85,6.0,4.0,5.702936105461599,3.997063894538401,Middle East & the Levant,Subset: Culture & Lesure
-700.0,-600.0,5.4,6.0,5.0,6.260232526704263,4.539767473295738,Middle East & the Levant,Subset: Culture & Lesure
-600.0,-500.0,6.25,7.0,6.0,6.78619026473818,5.71380973526182,Middle East & the Levant,Subset: Culture & Lesure
-500.0,-400.0,6.75,7.0,6.0,7.372494979899437,6.127505020100563,Middle East & the Levant,Subset: Culture & Lesure
-400.0,-300.0,7.35,8.0,7.0,7.826969600708472,6.873030399291527,Middle East & the Levant,Subset: Culture & Lesure
-300.0,-200.0,6.9,7.0,7.0,7.335889894354068,6.464110105645933,Middle East & the Levant,Subset: Culture & Lesure
-200.0,-100.0,6.95,7.0,7.0,7.44749371855331,6.4525062814466905,Middle East & the Levant,Subset: Culture & Lesure
-100.0,0.0,7.4,8.0,7.0,7.98309518948453,6.816904810515471,Middle East & the Levant,Subset: Culture & Lesure
0.0,100.0,7.45,8.0,7.0,7.94749371855331,6.9525062814466905,Middle East & the Levant,Subset: Culture & Lesure
100.0,200.0,7.35,8.0,7.0,7.92227615711298,6.77772384288702,Middle East & the Levant,Subset: Culture & Lesure
200.0,300.0,6.3,7.0,6.0,6.856776436283002,5.743223563716998,Middle East & the Levant,Subset: Culture & Lesure
300.0,400.0,6.75,7.0,6.0,7.28619026473818,6.21380973526182,Middle East & the Levant,Subset: Culture & Lesure
400.0,500.0,6.6,7.959999999999999,6.0,7.5695359714832655,5.630464028516734,Middle East & the Levant,Subset: Culture & Lesure
500.0,600.0,7.85,8.0,7.0,8.422276157112979,7.27772384288702,Middle East & the Levant,Subset: Culture & Lesure
600.0,700.0,8.2,8.959999999999999,8.0,8.6,7.799999999999999,Middle East & the Levant,Subset: Culture & Lesure
700.0,800.0,8.95,9.0,9.0,9.167944947177032,8.732055052822966,Middle East & the Levant,Subset: Culture & Lesure
800.0,900.0,8.5,9.0,8.0,9.09160797830996,7.908392021690038,Middle East & the Levant,Subset: Culture & Lesure
900.0,1000.0,7.45,8.0,7.0,7.94749371855331,6.9525062814466905,Middle East & the Levant,Subset: Culture & Lesure
1000.0,1100.0,6.5,7.0,6.0,7.091607978309962,5.908392021690038,Middle East & the Levant,Subset: Culture & Lesure
1100.0,1200.0,6.45,7.0,6.0,7.03949130612758,5.86050869387242,Middle East & the Levant,Subset: Culture & Lesure
1200.0,1300.0,6.1,7.0,5.0,7.32065556157337,4.879344438426629,Middle East & the Levant,Subset: Culture & Lesure
1300.0,1400.0,6.35,7.0,5.04,7.202936105461599,5.4970638945384005,Middle East & the Levant,Subset: Culture & Lesure
1400.0,1500.0,7.0,7.959999999999999,6.04,7.632455532033676,6.367544467966324,Middle East & the Levant,Subset: Culture & Lesure
1500.0,1600.0,7.75,8.0,7.0,8.372494979899436,7.127505020100563,Middle East & the Levant,Subset: Culture & Lesure
1600.0,1700.0,6.9,7.959999999999999,6.0,7.6,6.2,Middle East & the Levant,Subset: Culture & Lesure
1700.0,1800.0,6.05,6.959999999999999,6.0,6.63949130612758,5.46050869387242,Middle East & the Levant,Subset: Culture & Lesure
1800.0,1900.0,6.45,7.0,6.0,6.94749371855331,5.9525062814466905,Middle East & the Levant,Subset: Culture & Lesure
1900.0,2000.0,6.7,7.0,6.0,7.158257569495584,6.2417424305044165,Middle East & the Levant,Subset: Culture & Lesure
2000.0,2025.0,6.9,7.0,7.0,7.52449979983984,6.2755002001601605,Middle East & the Levant,Subset: Culture & Lesure
-1000.0,-900.0,3.45,4.0,3.0,3.9474937185533103,2.95250628144669,Middle East & the Levant,Subset: Economic Opportunity
-900.0,-800.0,3.75,4.959999999999999,3.0,4.516485485837794,2.9835145141622053,Middle East & the Levant,Subset: Economic Opportunity
-800.0,-700.0,3.65,4.959999999999999,3.0,4.442148975887743,2.857851024112257,Middle East & the Levant,Subset: Economic Opportunity
-700.0,-600.0,4.15,5.0,3.0,5.059670269933013,3.240329730066988,Middle East & the Levant,Subset: Economic Opportunity
-600.0,-500.0,5.2,6.0,5.0,5.8782329983125265,4.521767001687474,Middle East & the Levant,Subset: Economic Opportunity
-500.0,-400.0,5.5,6.0,5.0,6.170820393249937,4.829179606750063,Middle East & the Levant,Subset: Economic Opportunity
-400.0,-300.0,5.5,6.0,5.0,6.091607978309962,4.908392021690038,Middle East & the Levant,Subset: Economic Opportunity
-300.0,-200.0,5.4,6.0,5.0,6.134846922834954,4.665153077165047,Middle East & the Levant,Subset: Economic Opportunity
-200.0,-100.0,5.95,7.0,5.0,6.754673846971554,5.145326153028447,Middle East & the Levant,Subset: Economic Opportunity
-100.0,0.0,6.3,7.0,6.0,6.9403124237432845,5.659687576256715,Middle East & the Levant,Subset: Economic Opportunity
0.0,100.0,6.05,7.0,5.0,6.789932429347437,5.310067570652563,Middle East & the Levant,Subset: Economic Opportunity
100.0,200.0,6.15,7.0,6.0,6.72227615711298,5.57772384288702,Middle East & the Levant,Subset: Economic Opportunity
200.0,300.0,4.95,5.959999999999999,4.0,5.618954408012983,4.281045591987017,Middle East & the Levant,Subset: Economic Opportunity
300.0,400.0,5.4,6.0,5.0,5.98309518948453,4.816904810515471,Middle East & the Levant,Subset: Economic Opportunity
400.0,500.0,5.1,6.0,4.0,6.235781669160055,3.964218330839945,Middle East & the Levant,Subset: Economic Opportunity
500.0,600.0,6.6,7.0,6.0,7.089897948556636,6.110102051443364,Middle East & the Levant,Subset: Economic Opportunity
600.0,700.0,7.0,7.0,7.0,7.547722557505166,6.452277442494834,Middle East & the Levant,Subset: Economic Opportunity
700.0,800.0,7.4,8.0,7.0,7.889897948556636,6.910102051443364,Middle East & the Levant,Subset: Economic Opportunity
800.0,900.0,6.85,7.0,6.0,7.576291952316698,6.1237080476833015,Middle East & the Levant,Subset: Economic Opportunity
900.0,1000.0,5.9,6.0,5.0,6.52449979983984,5.2755002001601605,Middle East & the Levant,Subset: Economic Opportunity
1000.0,1100.0,5.0,5.0,4.0,5.836660026534076,4.163339973465924,Middle East & the Levant,Subset: Economic Opportunity
1100.0,1200.0,4.9,5.0,4.04,5.438516480713451,4.3614835192865495,Middle East & the Levant,Subset: Economic Opportunity
1200.0,1300.0,4.5,6.0,3.0,5.896424004376894,3.103575995623106,Middle East & the Levant,Subset: Economic Opportunity
1300.0,1400.0,4.75,5.0,4.0,5.5791561975888495,3.92084380241115,Middle East & the Levant,Subset: Economic Opportunity
1400.0,1500.0,5.95,6.959999999999999,5.0,6.618954408012983,5.281045591987017,Middle East & the Levant,Subset: Economic Opportunity
1500.0,1600.0,6.7,7.0,6.0,7.158257569495584,6.2417424305044165,Middle East & the Levant,Subset: Economic Opportunity
1600.0,1700.0,5.55,6.0,5.0,6.13949130612758,4.96050869387242,Middle East & the Levant,Subset: Economic Opportunity
1700.0,1800.0,4.65,5.0,4.0,5.126969600708473,4.173030399291528,Middle East & the Levant,Subset: Economic Opportunity
1800.0,1900.0,5.45,6.0,5.0,5.94749371855331,4.9525062814466905,Middle East & the Levant,Subset: Economic Opportunity
1900.0,2000.0,5.65,6.0,5.0,6.126969600708473,5.173030399291528,Middle East & the Levant,Subset: Economic Opportunity
2000.0,2025.0,5.8,6.0,5.0,6.478232998312527,5.121767001687473,Middle East & the Levant,Subset: Economic Opportunity
-1000.0,-900.0,2.65,3.0,2.0,3.303834841531101,1.9961651584688989,Middle East & the Levant,Subset: Equality
-900.0,-800.0,2.25,3.0,2.0,2.872494979899437,1.6275050201005634,Middle East & the Levant,Subset: Equality
-800.0,-700.0,2.3,3.0,2.0,2.8567764362830017,1.7432235637169975,Middle East & the Levant,Subset: Equality
-700.0,-600.0,2.9,4.0,2.0,3.668114574786861,2.131885425213139,Middle East & the Levant,Subset: Equality
-600.0,-500.0,3.8,4.0,3.04,4.2,3.4,Middle East & the Levant,Subset: Equality
-500.0,-400.0,3.8,4.0,3.0,4.3099019513592784,3.290098048640721,Middle East & the Levant,Subset: Equality
-400.0,-300.0,3.65,4.0,3.0,4.222276157112979,3.07772384288702,Middle East & the Levant,Subset: Equality
-300.0,-200.0,3.3,4.0,3.0,3.8567764362830017,2.743223563716998,Middle East & the Levant,Subset: Equality
-200.0,-100.0,3.85,4.0,3.0,4.576291952316698,3.1237080476833023,Middle East & the Levant,Subset: Equality
-100.0,0.0,3.7,4.0,3.0,4.414142842854285,2.9858571571457153,Middle East & the Levant,Subset: Equality
0.0,100.0,3.85,4.959999999999999,3.0,4.576291952316698,3.1237080476833023,Middle East & the Levant,Subset: Equality
100.0,200.0,3.85,4.959999999999999,3.0,4.576291952316698,3.1237080476833023,Middle East & the Levant,Subset: Equality
200.0,300.0,3.1,3.959999999999999,3.0,3.6385164807134505,2.5614835192865497,Middle East & the Levant,Subset: Equality
300.0,400.0,3.4,4.0,3.0,3.98309518948453,2.81690481051547,Middle East & the Levant,Subset: Equality
400.0,500.0,3.35,4.0,3.0,4.259670269933013,2.4403297300669875,Middle East & the Levant,Subset: Equality
500.0,600.0,4.65,5.0,4.0,5.22227615711298,4.07772384288702,Middle East & the Levant,Subset: Equality
600.0,700.0,4.85,5.0,4.0,5.42227615711298,4.27772384288702,Middle East & the Levant,Subset: Equality
700.0,800.0,5.2,5.959999999999999,5.0,5.6000000000000005,4.8,Middle East & the Levant,Subset: Equality
800.0,900.0,4.8,5.959999999999999,4.0,5.548331477354788,4.051668522645212,Middle East & the Levant,Subset: Equality
900.0,1000.0,4.0,4.0,4.0,4.447213595499958,3.552786404500042,Middle East & the Levant,Subset: Equality
1000.0,1100.0,3.25,4.0,3.0,3.683012701892219,2.816987298107781,Middle East & the Levant,Subset: Equality
1100.0,1200.0,3.1,3.959999999999999,3.0,3.6385164807134505,2.5614835192865497,Middle East & the Levant,Subset: Equality
1200.0,1300.0,3.05,4.0,2.0,4.023396116696589,2.076603883303411,Middle East & the Levant,Subset: Equality
1300.0,1400.0,3.2,4.0,3.0,3.8,2.6,Middle East & the Levant,Subset: Equality
1400.0,1500.0,4.0,4.0,4.0,4.547722557505166,3.452277442494834,Middle East & the Levant,Subset: Equality
1500.0,1600.0,4.65,5.0,4.0,5.126969600708473,4.173030399291528,Middle East & the Levant,Subset: Equality
1600.0,1700.0,3.6,4.0,3.0,4.18309518948453,3.01690481051547,Middle East & the Levant,Subset: Equality
1700.0,1800.0,3.0,3.0,3.0,3.316227766016838,2.683772233983162,Middle East & the Levant,Subset: Equality
1800.0,1900.0,3.25,4.0,3.0,3.683012701892219,2.816987298107781,Middle East & the Levant,Subset: Equality
1900.0,2000.0,3.4,4.0,3.0,3.889897948556636,2.910102051443364,Middle East & the Levant,Subset: Equality
2000.0,2025.0,3.55,4.0,3.0,4.0474937185533095,3.0525062814466897,Middle East & the Levant,Subset: Equality
-1000.0,-900.0,2.95,3.0,3.0,3.167944947177034,2.7320550528229663,Middle East & the Levant,Subset: Freedom
-900.0,-800.0,2.15,2.0,2.0,2.72227615711298,1.57772384288702,Middle East & the Levant,Subset: Freedom
-800.0,-700.0,2.2,3.0,2.0,2.8000000000000003,1.6,Middle East & the Levant,Subset: Freedom
-700.0,-600.0,3.0,4.0,2.0,3.707106781186547,2.2928932188134525,Middle East & the Levant,Subset: Freedom
-600.0,-500.0,4.2,4.959999999999999,4.0,4.6000000000000005,3.8,Middle East & the Levant,Subset: Freedom
-500.0,-400.0,4.4,5.0,4.0,4.98309518948453,3.8169048105154704,Middle East & the Levant,Subset: Freedom
-400.0,-300.0,4.55,5.0,4.0,5.0474937185533095,4.05250628144669,Middle East & the Levant,Subset: Freedom
-300.0,-200.0,4.0,4.0,4.0,4.547722557505166,3.452277442494834,Middle East & the Levant,Subset: Freedom
-200.0,-100.0,4.5,5.0,4.0,5.306225774829855,3.693774225170145,Middle East & the Levant,Subset: Freedom
-100.0,0.0,4.55,5.0,4.0,5.289932429347437,3.810067570652562,Middle East & the Levant,Subset: Freedom
0.0,100.0,4.35,5.0,4.0,5.0038348415311,3.6961651584688986,Middle East & the Levant,Subset: Freedom
100.0,200.0,4.3,5.0,4.0,5.014142842854285,3.585857157145715,Middle East & the Levant,Subset: Freedom
200.0,300.0,3.25,4.0,3.0,3.683012701892219,2.816987298107781,Middle East & the Levant,Subset: Freedom
300.0,400.0,3.75,4.0,3.0,4.18301270189222,3.316987298107781,Middle East & the Levant,Subset: Freedom
400.0,500.0,3.7,5.0,3.0,4.887434208703792,2.5125657912962085,Middle East & the Levant,Subset: Freedom
500.0,600.0,5.95,6.0,6.0,6.618954408012983,5.281045591987017,Middle East & the Levant,Subset: Freedom
600.0,700.0,6.4,7.0,6.0,6.98309518948453,5.816904810515471,Middle East & the Levant,Subset: Freedom
700.0,800.0,6.95,7.0,7.0,7.33405728739343,6.56594271260657,Middle East & the Levant,Subset: Freedom
800.0,900.0,6.25,7.0,6.0,6.948212002188447,5.551787997811553,Middle East & the Levant,Subset: Freedom
900.0,1000.0,4.95,5.0,5.0,5.33405728739343,4.56594271260657,Middle East & the Levant,Subset: Freedom
1000.0,1100.0,3.6,4.0,3.0,4.18309518948453,3.01690481051547,Middle East & the Levant,Subset: Freedom
1100.0,1200.0,3.3,4.0,3.0,3.8567764362830017,2.743223563716998,Middle East & the Levant,Subset: Freedom
1200.0,1300.0,3.35,5.0,2.0,4.625735082217307,2.074264917782693,Middle East & the Levant,Subset: Freedom
1300.0,1400.0,3.8,5.0,3.0,4.72736184954957,2.8726381504504293,Middle East & the Levant,Subset: Freedom
1400.0,1500.0,5.0,5.959999999999999,4.04,5.632455532033676,4.367544467966324,Middle East & the Levant,Subset: Freedom
1500.0,1600.0,5.8,6.0,5.0,6.478232998312526,5.1217670016874735,Middle East & the Levant,Subset: Freedom
1600.0,1700.0,4.75,5.0,4.0,5.28619026473818,4.21380973526182,Middle East & the Levant,Subset: Freedom
1700.0,1800.0,3.7,4.0,3.0,4.158257569495584,3.241742430504416,Middle East & the Levant,Subset: Freedom
1800.0,1900.0,3.9,4.0,4.0,4.335889894354067,3.4641101056459327,Middle East & the Levant,Subset: Freedom
1900.0,2000.0,3.75,4.959999999999999,3.0,4.516485485837794,2.9835145141622053,Middle East & the Levant,Subset: Freedom
2000.0,2025.0,4.2,5.0,4.0,4.8,3.6,Middle East & the Levant,Subset: Freedom
-1000.0,-900.0,3.95,4.0,4.0,4.167944947177034,3.7320550528229663,Middle East & the Levant,Subset: Health & Wellbeing
-900.0,-800.0,3.7,4.0,3.0,4.340312423743285,3.0596875762567155,Middle East & the Levant,Subset: Health & Wellbeing
-800.0,-700.0,3.55,4.0,3.0,4.0474937185533095,3.0525062814466897,Middle East & the Levant,Subset: Health & Wellbeing
-700.0,-600.0,4.1,5.0,3.0,4.86811457478686,3.3318854252131387,Middle East & the Levant,Subset: Health & Wellbeing
-600.0,-500.0,4.85,5.0,4.0,5.42227615711298,4.27772384288702,Middle East & the Levant,Subset: Health & Wellbeing
-500.0,-400.0,5.1,5.959999999999999,5.0,5.6385164807134505,4.561483519286549,Middle East & the Levant,Subset: Health & Wellbeing
-400.0,-300.0,5.1,5.959999999999999,5.0,5.6385164807134505,4.561483519286549,Middle East & the Levant,Subset: Health & Wellbeing
-300.0,-200.0,5.1,6.0,5.0,5.7244997998398395,4.47550020016016,Middle East & the Levant,Subset: Health & Wellbeing
-200.0,-100.0,5.85,6.0,5.0,6.42227615711298,5.27772384288702,Middle East & the Levant,Subset: Health & Wellbeing
-100.0,0.0,6.15,6.959999999999999,6.0,6.626969600708473,5.673030399291528,Middle East & the Levant,Subset: Health & Wellbeing
0.0,100.0,5.95,6.0,5.04,6.53949130612758,5.36050869387242,Middle East & the Levant,Subset: Health & Wellbeing
100.0,200.0,5.95,6.0,6.0,6.44749371855331,5.4525062814466905,Middle East & the Levant,Subset: Health & Wellbeing
200.0,300.0,4.9,5.0,4.04,5.438516480713451,4.3614835192865495,Middle East & the Levant,Subset: Health & Wellbeing
300.0,400.0,5.25,6.0,5.0,5.68301270189222,4.81698729810778,Middle East & the Levant,Subset: Health & Wellbeing
400.0,500.0,4.7,5.959999999999999,4.0,5.704987562112089,3.695012437887911,Middle East & the Levant,Subset: Health & Wellbeing
500.0,600.0,6.0,6.959999999999999,5.04,6.632455532033676,5.367544467966324,Middle East & the Levant,Subset: Health & Wellbeing
600.0,700.0,6.35,7.0,6.0,6.92227615711298,5.77772384288702,Middle East & the Levant,Subset: Health & Wellbeing
700.0,800.0,6.9,7.0,7.0,7.335889894354068,6.464110105645933,Middle East & the Levant,Subset: Health & Wellbeing
800.0,900.0,6.7,7.0,6.0,7.158257569495584,6.2417424305044165,Middle East & the Levant,Subset: Health & Wellbeing
900.0,1000.0,5.8,6.0,5.04,6.2,5.3999999999999995,Middle East & the Levant,Subset: Health & Wellbeing
1000.0,1100.0,4.95,5.0,5.0,5.44749371855331,4.4525062814466905,Middle East & the Levant,Subset: Health & Wellbeing
1100.0,1200.0,4.85,5.0,4.04,5.326969600708472,4.373030399291527,Middle East & the Levant,Subset: Health & Wellbeing
1200.0,1300.0,4.4,6.0,3.0,5.719090595827292,3.0809094041727088,Middle East & the Levant,Subset: Health & Wellbeing
1300.0,1400.0,4.25,5.0,3.0,5.137411967464942,3.3625880325350574,Middle East & the Levant,Subset: Health & Wellbeing
1400.0,1500.0,5.35,6.0,5.0,5.92227615711298,4.77772384288702,Middle East & the Levant,Subset: Health & Wellbeing
1500.0,1600.0,6.3,7.0,6.0,6.7582575694955835,5.841742430504416,Middle East & the Levant,Subset: Health & Wellbeing
1600.0,1700.0,5.45,6.0,5.0,6.03949130612758,4.86050869387242,Middle East & the Levant,Subset: Health & Wellbeing
1700.0,1800.0,4.75,5.0,4.0,5.28619026473818,4.21380973526182,Middle East & the Levant,Subset: Health & Wellbeing
1800.0,1900.0,5.1,5.0,5.0,5.3999999999999995,4.8,Middle East & the Levant,Subset: Health & Wellbeing
1900.0,2000.0,5.4,6.0,5.0,5.98309518948453,4.816904810515471,Middle East & the Levant,Subset: Health & Wellbeing
2000.0,2025.0,5.8,6.0,6.0,6.3099019513592784,5.290098048640721,Middle East & the Levant,Subset: Health & Wellbeing
-1000.0,-900.0,4.45,6.0,4.0,5.370597631976099,3.5294023680239017,Middle East & the Levant,Subset: Peace
-900.0,-800.0,3.15,3.959999999999999,3.0,3.803834841531101,2.496165158468899,Middle East & the Levant,Subset: Peace
-800.0,-700.0,3.0,4.0,2.0,3.894427190999916,2.1055728090000843,Middle East & the Levant,Subset: Peace
-700.0,-600.0,4.1,6.0,2.04,5.613274595042155,2.586725404957844,Middle East & the Levant,Subset: Peace
-600.0,-500.0,6.15,7.0,6.0,6.803834841531101,5.4961651584689,Middle East & the Levant,Subset: Peace
-500.0,-400.0,5.85,6.959999999999999,5.0,6.642148975887743,5.0578510241122565,Middle East & the Levant,Subset: Peace
-400.0,-300.0,4.75,5.0,4.0,5.28619026473818,4.21380973526182,Middle East & the Levant,Subset: Peace
-300.0,-200.0,4.3,5.0,4.0,5.142614977317636,3.457385022682364,Middle East & the Levant,Subset: Peace
-200.0,-100.0,5.85,7.0,4.0,7.273903086589813,4.426096913410186,Middle East & the Levant,Subset: Peace
-100.0,0.0,6.15,7.0,5.0,7.211838029079765,5.088161970920235,Middle East & the Levant,Subset: Peace
0.0,100.0,5.4,6.0,5.0,6.316515138991168,4.483484861008833,Middle East & the Levant,Subset: Peace
100.0,200.0,5.3,6.0,4.04,6.253939201416945,4.346060798583054,Middle East & the Levant,Subset: Peace
200.0,300.0,3.25,4.0,3.0,3.683012701892219,2.816987298107781,Middle East & the Levant,Subset: Peace
300.0,400.0,4.3,5.0,3.0,5.253939201416945,3.3460607985830544,Middle East & the Levant,Subset: Peace
400.0,500.0,3.7,4.959999999999999,3.0,4.887434208703792,2.5125657912962085,Middle East & the Levant,Subset: Peace
500.0,600.0,5.55,6.959999999999999,5.0,6.523396116696589,4.57660388330341,Middle East & the Levant,Subset: Peace
600.0,700.0,5.65,6.0,5.0,6.4421489758877435,4.857851024112257,Middle East & the Levant,Subset: Peace
700.0,800.0,6.45,7.0,6.0,7.03949130612758,5.86050869387242,Middle East & the Levant,Subset: Peace
800.0,900.0,5.6,7.0,5.0,6.619803902718557,4.580196097281442,Middle East & the Levant,Subset: Peace
900.0,1000.0,4.0,4.0,4.0,4.547722557505166,3.452277442494834,Middle East & the Levant,Subset: Peace
1000.0,1100.0,2.5,3.0,2.0,3.0,2.0,Middle East & the Levant,Subset: Peace
1100.0,1200.0,2.4,3.0,2.0,2.889897948556636,1.910102051443364,Middle East & the Levant,Subset: Peace
1200.0,1300.0,3.2,5.0,1.04,4.9776388834631184,1.4223611165368824,Middle East & the Levant,Subset: Peace
1300.0,1400.0,3.95,5.0,2.04,5.271930406640228,2.6280695933597715,Middle East & the Levant,Subset: Peace
1400.0,1500.0,5.5,6.0,5.0,6.366025403784438,4.633974596215562,Middle East & the Levant,Subset: Peace
1500.0,1600.0,6.35,7.0,6.0,6.92227615711298,5.77772384288702,Middle East & the Levant,Subset: Peace
1600.0,1700.0,4.8,5.0,4.0,5.72736184954957,3.8726381504504297,Middle East & the Levant,Subset: Peace
1700.0,1800.0,3.35,4.0,3.0,3.92227615711298,2.77772384288702,Middle East & the Levant,Subset: Peace
1800.0,1900.0,3.25,4.0,3.0,3.683012701892219,2.816987298107781,Middle East & the Levant,Subset: Peace
1900.0,2000.0,2.35,3.0,2.0,2.826969600708473,1.8730303992915271,Middle East & the Levant,Subset: Peace
2000.0,2025.0,2.7,3.0,2.0,3.1582575694955843,2.241742430504416,Middle East & the Levant,Subset: Peace
-1000.0,-900.0,1945000.0,2500000.0,1500000.0,2513748.6263719676,1376251.3736280324,Middle East & the Levant,Subset: Population
-900.0,-800.0,2185000.0,2700000.0,1608000.0,2811318.60901621,1558681.3909837902,Middle East & the Levant,Subset: Population
-800.0,-700.0,2400000.0,2896000.0,1712000.0,3114142.842854285,1685857.1571457149,Middle East & the Levant,Subset: Population
-700.0,-600.0,2600000.0,3187999.9999999995,1816000.0,3398122.7975693964,1801877.2024306036,Middle East & the Levant,Subset: Population
-600.0,-500.0,2780000.0,3479999.9999999995,2012000.0,3675321.1714239754,1884678.8285760244,Middle East & the Levant,Subset: Population
-500.0,-400.0,2935000.0,3679999.999999999,2112000.0,3896912.158151669,1973087.8418483315,Middle East & the Levant,Subset: Population
-400.0,-300.0,3110000.0,3883999.999999999,2212000.0,4158761.17395716,2061238.8260428405,Middle East & the Levant,Subset: Population
-300.0,-200.0,3280000.0,3987999.999999999,2312000.0,4436978.82435246,2123021.17564754,Middle East & the Levant,Subset: Population
-200.0,-100.0,3480000.0,4096000.0,2412000.0,4750275.560656033,2209724.4393439665,Middle East & the Levant,Subset: Population
-100.0,0.0,3680000.0,4488000.0,2512000.0,5071617.763611833,2288382.236388167,Middle East & the Levant,Subset: Population
0.0,100.0,3880000.0,4780000.0,2612000.0,5372849.624041216,2387150.375958784,Middle East & the Levant,Subset: Population
100.0,200.0,4060000.0,4975999.999999999,2712000.0,5660124.995117569,2459875.004882431,Middle East & the Levant,Subset: Population
200.0,300.0,4230000.0,5175999.999999999,2812000.0,5940292.372666148,2519707.6273338525,Middle East & the Levant,Subset: Population
300.0,400.0,4395000.0,5375999.999999999,2912000.0,6217491.426591631,2572508.5734083685,Middle East & the Levant,Subset: Population
400.0,500.0,4560000.0,5575999.999999999,3012000.0,6496078.510804766,2623921.489195234,Middle East & the Levant,Subset: Population
500.0,600.0,4690000.0,5967999.999999999,3116000.0,6764584.29570842,2615415.70429158,Middle East & the Levant,Subset: Population
600.0,700.0,4945000.0,6171999.999999999,3216000.0,7188763.579346095,2701236.420653905,Middle East & the Levant,Subset: Population
700.0,800.0,5210000.0,6471999.999999999,3412000.0,7627829.605245167,2792170.394754833,Middle East & the Levant,Subset: Population
800.0,900.0,5440000.0,6671999.999999999,3608000.0,8026194.114910943,2853805.885089056,Middle East & the Levant,Subset: Population
900.0,1000.0,5645000.0,6967999.999999999,3804000.0,8333582.340193434,2956417.6598065663,Middle East & the Levant,Subset: Population
1000.0,1100.0,5845000.0,7167999.999999999,4000000.0,8634171.023799006,3055828.976200993,Middle East & the Levant,Subset: Population
1100.0,1200.0,6040000.0,7367999.999999999,4200000.0,8932818.69462986,3147181.3053701413,Middle East & the Levant,Subset: Population
1200.0,1300.0,6230000.0,7567999.999999999,4400000.0,9229349.929568073,3230650.0704319277,Middle East & the Levant,Subset: Population
1300.0,1400.0,6135000.0,7767999.999999999,3904000.0,9372479.729666272,2897520.270333728,Middle East & the Levant,Subset: Population
1400.0,1500.0,6190000.0,7967999.999999999,4008000.0,9283040.575226909,3096959.4247730924,Middle East & the Levant,Subset: Population
1500.0,1600.0,6575000.0,8460000.0,4212000.0,10037928.67382509,3112071.3261749097,Middle East & the Levant,Subset: Population
1600.0,1700.0,6890000.0,8951999.999999998,4408000.0,10599299.125171762,3180700.874828238,Middle East & the Levant,Subset: Population
1700.0,1800.0,7205000.0,9439999.999999998,4604000.0,11160688.94125916,3249311.0587408417,Middle East & the Levant,Subset: Population
1800.0,1900.0,7790000.0,9939999.999999998,4800000.0,12249921.523973264,3330078.476026736,Middle East & the Levant,Subset: Population
1900.0,2000.0,13400000.0,15000000.0,7000000.0,19868384.651518498,6931615.348481508,Middle East & the Levant,Subset: Population
2000.0,2025.0,18875000.0,20000000.0,13000000.0,28453458.90527281,9296541.09472719,Middle East & the Levant,Subset: Population
-1000.0,-900.0,4.2666666666666675,4.493333333333333,4.166666666666667,4.444617970867189,4.088715362466146,North Africa,Overall
-900.0,-800.0,4.341666666666667,4.5,4.166666666666667,4.627804745223156,4.055528588110177,North Africa,Overall
-800.0,-700.0,4.366666666666667,4.666666666666667,4.0,4.706601300906186,4.026732032427148,North Africa,Overall
-700.0,-600.0,4.325000000000001,4.666666666666667,4.0,4.668491064092084,3.9815089359079185,North Africa,Overall
-600.0,-500.0,4.35,4.993333333333333,3.84,4.910009920547048,3.7899900794529513,North Africa,Overall
-500.0,-400.0,3.9833333333333334,4.5,3.1666666666666665,4.624296150767647,3.34237051589902,North Africa,Overall
-400.0,-300.0,3.775,4.826666666666666,3.0,4.674498316964641,2.875501683035359,North Africa,Overall
-300.0,-200.0,5.383333333333332,6.0,4.84,6.206774621802373,4.559892044864291,North Africa,Overall
-200.0,-100.0,6.183333333333334,6.5,5.666666666666667,6.677465569345786,5.689201097320881,North Africa,Overall
-100.0,0.0,6.466666666666666,6.826666666666666,6.006666666666667,6.8186452013657135,6.114688131967618,North Africa,Overall
0.0,100.0,6.208333333333334,6.66,5.673333333333334,6.639336684699526,5.777329981967142,North Africa,Overall
100.0,200.0,5.8583333333333325,6.333333333333333,5.34,6.414298460137363,5.302368206529302,North Africa,Overall
200.0,300.0,4.6416666666666675,5.16,4.173333333333334,5.147946672636135,4.1353866606972,North Africa,Overall
300.0,400.0,3.8166666666666664,4.333333333333333,3.3333333333333335,4.32191687970747,3.3114164536258626,North Africa,Overall
400.0,500.0,3.599999999999999,4.319999999999999,2.8466666666666667,4.1661762583821,3.033823741617898,North Africa,Overall
500.0,600.0,4.3583333333333325,4.833333333333333,3.6666666666666665,5.048089731555842,3.6685769351108233,North Africa,Overall
600.0,700.0,5.6083333333333325,6.0,4.84,6.200586563707713,5.016080102958952,North Africa,Overall
700.0,800.0,6.325,6.826666666666666,6.0,6.684301018955169,5.965698981044832,North Africa,Overall
800.0,900.0,6.524999999999999,6.993333333333333,6.166666666666667,6.902399729140807,6.14760027085919,North Africa,Overall
900.0,1000.0,6.525,7.0,5.84,7.020185150558186,6.029814849441815,North Africa,Overall
1000.0,1100.0,6.058333333333334,6.66,5.666666666666667,6.601664110423435,5.515002556243232,North Africa,Overall
1100.0,1200.0,5.791666666666666,6.486666666666666,5.34,6.412765603140469,5.170567730192863,North Africa,Overall
1200.0,1300.0,4.925,5.326666666666666,4.506666666666667,5.41226846353479,4.4377315364652095,North Africa,Overall
1300.0,1400.0,4.133333333333334,4.493333333333333,3.8333333333333335,4.594611750103269,3.672054916563398,North Africa,Overall
1400.0,1500.0,4.416666666666667,5.0,3.8333333333333335,4.995218498590327,3.838114834743008,North Africa,Overall
1500.0,1600.0,4.908333333333332,5.333333333333333,4.173333333333334,5.447043211963132,4.369623454703532,North Africa,Overall
1600.0,1700.0,4.733333333333333,5.166666666666667,4.333333333333333,5.237207215261033,4.229459451405634,North Africa,Overall
1700.0,1800.0,4.208333333333334,4.66,3.8333333333333335,4.6551585539484845,3.7615081127181833,North Africa,Overall
1800.0,1900.0,3.45,3.826666666666666,3.1666666666666665,3.7919714088113863,3.1080285911886136,North Africa,Overall
1900.0,2000.0,5.05,5.5,4.5,5.527551626063147,4.572448373936853,North Africa,Overall
2000.0,2025.0,5.758333333333334,6.166666666666667,5.5,6.136468376817948,5.380198289848719,North Africa,Overall
-1000.0,-900.0,5.05,5.0,5.0,5.43405728739343,4.66594271260657,North Africa,Subset: Culture & Lesure
-900.0,-800.0,5.65,6.0,5.0,6.22227615711298,5.07772384288702,North Africa,Subset: Culture & Lesure
-800.0,-700.0,6.0,6.0,6.0,6.447213595499958,5.552786404500042,North Africa,Subset: Culture & Lesure
-700.0,-600.0,6.25,7.0,6.0,6.78619026473818,5.71380973526182,North Africa,Subset: Culture & Lesure
-600.0,-500.0,6.5,7.0,6.0,7.170820393249937,5.829179606750063,North Africa,Subset: Culture & Lesure
-500.0,-400.0,6.3,7.0,6.0,7.014142842854285,5.585857157145715,North Africa,Subset: Culture & Lesure
-400.0,-300.0,5.9,7.0,5.0,6.668114574786861,5.13188542521314,North Africa,Subset: Culture & Lesure
-300.0,-200.0,6.9,7.0,7.0,7.52449979983984,6.2755002001601605,North Africa,Subset: Culture & Lesure
-200.0,-100.0,7.6,8.0,7.0,8.089897948556635,7.110102051443364,North Africa,Subset: Culture & Lesure
-100.0,0.0,7.8,8.0,7.04,8.2,7.4,North Africa,Subset: Culture & Lesure
0.0,100.0,7.65,8.0,7.0,8.126969600708474,7.173030399291528,North Africa,Subset: Culture & Lesure
100.0,200.0,7.35,8.0,7.0,7.92227615711298,6.77772384288702,North Africa,Subset: Culture & Lesure
200.0,300.0,6.35,7.0,6.0,6.92227615711298,5.77772384288702,North Africa,Subset: Culture & Lesure
300.0,400.0,5.6,6.0,5.0,6.263324958071079,4.93667504192892,North Africa,Subset: Culture & Lesure
400.0,500.0,5.3,6.0,5.0,5.9403124237432845,4.659687576256715,North Africa,Subset: Culture & Lesure
500.0,600.0,6.2,7.0,5.0,7.071779788708135,5.328220211291866,North Africa,Subset: Culture & Lesure
600.0,700.0,7.5,8.0,7.0,8.09160797830996,6.908392021690038,North Africa,Subset: Culture & Lesure
700.0,800.0,8.1,8.0,8.0,8.535889894354067,7.664110105645932,North Africa,Subset: Culture & Lesure
800.0,900.0,8.2,9.0,8.0,8.709901951359278,7.690098048640721,North Africa,Subset: Culture & Lesure
900.0,1000.0,8.2,8.959999999999999,8.0,8.6,7.799999999999999,North Africa,Subset: Culture & Lesure
1000.0,1100.0,7.75,8.0,7.0,8.286190264738181,7.21380973526182,North Africa,Subset: Culture & Lesure
1100.0,1200.0,7.6,8.0,7.0,8.089897948556635,7.110102051443364,North Africa,Subset: Culture & Lesure
1200.0,1300.0,6.7,7.0,6.0,7.158257569495584,6.2417424305044165,North Africa,Subset: Culture & Lesure
1300.0,1400.0,6.05,6.959999999999999,5.04,6.789932429347437,5.310067570652563,North Africa,Subset: Culture & Lesure
1400.0,1500.0,6.15,6.959999999999999,6.0,6.803834841531101,5.4961651584689,North Africa,Subset: Culture & Lesure
1500.0,1600.0,6.55,7.0,6.0,7.0474937185533095,6.05250628144669,North Africa,Subset: Culture & Lesure
1600.0,1700.0,6.35,7.0,6.0,7.0038348415311,5.696165158468899,North Africa,Subset: Culture & Lesure
1700.0,1800.0,5.9,6.0,5.04,6.438516480713451,5.3614835192865495,North Africa,Subset: Culture & Lesure
1800.0,1900.0,5.25,6.0,5.0,5.68301270189222,4.81698729810778,North Africa,Subset: Culture & Lesure
1900.0,2000.0,6.65,7.0,6.0,7.126969600708473,6.173030399291528,North Africa,Subset: Culture & Lesure
2000.0,2025.0,7.2,7.959999999999999,7.0,7.6,6.8,North Africa,Subset: Culture & Lesure
-1000.0,-900.0,3.35,4.0,3.0,3.826969600708473,2.8730303992915274,North Africa,Subset: Economic Opportunity
-900.0,-800.0,4.15,4.959999999999999,4.0,4.626969600708473,3.673030399291528,North Africa,Subset: Economic Opportunity
-800.0,-700.0,4.9,5.0,4.0,5.52449979983984,4.2755002001601605,North Africa,Subset: Economic Opportunity
-700.0,-600.0,5.05,5.0,5.0,5.5474937185533095,4.55250628144669,North Africa,Subset: Economic Opportunity
-600.0,-500.0,5.3,6.0,5.0,6.142614977317636,4.457385022682364,North Africa,Subset: Economic Opportunity
-500.0,-400.0,5.0,6.0,4.0,5.948683298050514,4.051316701949486,North Africa,Subset: Economic Opportunity
-400.0,-300.0,4.5,5.0,4.0,5.306225774829855,3.693774225170145,North Africa,Subset: Economic Opportunity
-300.0,-200.0,6.0,7.0,6.0,6.894427190999916,5.105572809000084,North Africa,Subset: Economic Opportunity
-200.0,-100.0,6.65,7.0,6.0,7.126969600708473,6.173030399291528,North Africa,Subset: Economic Opportunity
-100.0,0.0,7.0,7.0,7.0,7.447213595499958,6.552786404500042,North Africa,Subset: Economic Opportunity
0.0,100.0,6.8,7.0,6.0,7.3099019513592784,6.290098048640721,North Africa,Subset: Economic Opportunity
100.0,200.0,6.4,7.0,6.0,6.98309518948453,5.816904810515471,North Africa,Subset: Economic Opportunity
200.0,300.0,5.2,6.0,5.0,5.8,4.6000000000000005,North Africa,Subset: Economic Opportunity
300.0,400.0,4.3,5.0,4.0,4.9403124237432845,3.659687576256715,North Africa,Subset: Economic Opportunity
400.0,500.0,4.0,5.0,3.0,4.707106781186548,3.2928932188134525,North Africa,Subset: Economic Opportunity
500.0,600.0,4.7,5.0,4.0,5.481024967590666,3.918975032409335,North Africa,Subset: Economic Opportunity
600.0,700.0,5.9,6.959999999999999,5.0,6.6000000000000005,5.2,North Africa,Subset: Economic Opportunity
700.0,800.0,6.6,7.0,6.0,7.089897948556636,6.110102051443364,North Africa,Subset: Economic Opportunity
800.0,900.0,6.75,7.0,6.0,7.18301270189222,6.31698729810778,North Africa,Subset: Economic Opportunity
900.0,1000.0,6.8,7.0,6.0,7.3099019513592784,6.290098048640721,North Africa,Subset: Economic Opportunity
1000.0,1100.0,6.4,7.0,6.0,6.98309518948453,5.816904810515471,North Africa,Subset: Economic Opportunity
1100.0,1200.0,6.2,7.0,6.0,6.8,5.6000000000000005,North Africa,Subset: Economic Opportunity
1200.0,1300.0,5.35,6.0,5.0,5.92227615711298,4.77772384288702,North Africa,Subset: Economic Opportunity
1300.0,1400.0,4.45,5.0,4.0,5.03949130612758,3.86050869387242,North Africa,Subset: Economic Opportunity
1400.0,1500.0,4.75,5.0,4.0,5.28619026473818,4.21380973526182,North Africa,Subset: Economic Opportunity
1500.0,1600.0,5.5,6.0,5.0,6.0,5.0,North Africa,Subset: Economic Opportunity
1600.0,1700.0,5.15,6.0,4.04,5.876291952316698,4.423708047683303,North Africa,Subset: Economic Opportunity
1700.0,1800.0,4.75,5.0,4.0,5.372494979899437,4.127505020100563,North Africa,Subset: Economic Opportunity
1800.0,1900.0,4.15,5.0,4.0,4.72227615711298,3.5777238428870204,North Africa,Subset: Economic Opportunity
1900.0,2000.0,5.75,6.0,5.0,6.372494979899437,5.127505020100563,North Africa,Subset: Economic Opportunity
2000.0,2025.0,6.15,7.0,6.0,6.72227615711298,5.57772384288702,North Africa,Subset: Economic Opportunity
-1000.0,-900.0,3.65,4.0,3.0,4.126969600708473,3.173030399291527,North Africa,Subset: Equality
-900.0,-800.0,3.6,4.0,3.0,4.18309518948453,3.01690481051547,North Africa,Subset: Equality
-800.0,-700.0,3.45,4.0,3.0,3.9474937185533103,2.95250628144669,North Africa,Subset: Equality
-700.0,-600.0,3.3,4.0,3.0,3.758257569495584,2.8417424305044157,North Africa,Subset: Equality
-600.0,-500.0,3.1,3.959999999999999,3.0,3.6385164807134505,2.5614835192865497,North Africa,Subset: Equality
-500.0,-400.0,2.7,3.0,2.0,3.340312423743285,2.0596875762567155,North Africa,Subset: Equality
-400.0,-300.0,2.75,3.0,2.0,3.448212002188447,2.051787997811553,North Africa,Subset: Equality
-300.0,-200.0,4.15,5.0,4.0,4.9421489758877435,3.357851024112257,North Africa,Subset: Equality
-200.0,-100.0,4.65,5.0,4.0,5.3762919523166985,3.9237080476833026,North Africa,Subset: Equality
-100.0,0.0,4.8,5.0,4.0,5.478232998312526,4.1217670016874735,North Africa,Subset: Equality
0.0,100.0,4.65,5.0,4.0,5.303834841531101,3.9961651584688993,North Africa,Subset: Equality
100.0,200.0,4.45,5.0,4.0,5.118954408012983,3.7810455919870174,North Africa,Subset: Equality
200.0,300.0,3.65,4.0,3.0,4.222276157112979,3.07772384288702,North Africa,Subset: Equality
300.0,400.0,3.0,3.959999999999999,2.04,3.632455532033676,2.367544467966324,North Africa,Subset: Equality
400.0,500.0,2.9,3.959999999999999,2.0,3.5999999999999996,2.2,North Africa,Subset: Equality
500.0,600.0,3.55,4.0,3.0,4.289932429347437,2.810067570652562,North Africa,Subset: Equality
600.0,700.0,4.55,5.0,4.0,5.218954408012983,3.881045591987017,North Africa,Subset: Equality
700.0,800.0,5.1,5.959999999999999,5.0,5.6385164807134505,4.561483519286549,North Africa,Subset: Equality
800.0,900.0,5.25,6.0,5.0,5.78619026473818,4.71380973526182,North Africa,Subset: Equality
900.0,1000.0,5.25,6.0,5.0,6.0791561975888495,4.4208438024111505,North Africa,Subset: Equality
1000.0,1100.0,4.9,5.959999999999999,4.0,5.6000000000000005,4.2,North Africa,Subset: Equality
1100.0,1200.0,4.6,5.0,4.0,5.3999999999999995,3.8,North Africa,Subset: Equality
1200.0,1300.0,3.9,4.0,3.0,4.524499799839839,3.27550020016016,North Africa,Subset: Equality
1300.0,1400.0,3.25,4.0,3.0,3.78619026473818,2.71380973526182,North Africa,Subset: Equality
1400.0,1500.0,3.45,4.0,3.0,4.118954408012983,2.7810455919870174,North Africa,Subset: Equality
1500.0,1600.0,3.85,4.0,3.0,4.42227615711298,3.27772384288702,North Africa,Subset: Equality
1600.0,1700.0,3.55,4.0,3.0,4.0474937185533095,3.0525062814466897,North Africa,Subset: Equality
1700.0,1800.0,3.05,3.0,3.0,3.54749371855331,2.5525062814466897,North Africa,Subset: Equality
1800.0,1900.0,2.35,3.0,2.0,2.826969600708473,1.8730303992915271,North Africa,Subset: Equality
1900.0,2000.0,3.7,4.0,3.0,4.256776436283002,3.1432235637169983,North Africa,Subset: Equality
2000.0,2025.0,4.6,5.0,4.0,5.089897948556636,4.110102051443364,North Africa,Subset: Equality
-1000.0,-900.0,3.15,3.0,3.0,3.5070714214271423,2.7929285785728575,North Africa,Subset: Freedom
-900.0,-800.0,3.05,3.0,3.0,3.54749371855331,2.5525062814466897,North Africa,Subset: Freedom
-800.0,-700.0,2.8,3.0,2.0,3.3099019513592784,2.290098048640721,North Africa,Subset: Freedom
-700.0,-600.0,2.7,3.0,2.0,3.256776436283002,2.1432235637169983,North Africa,Subset: Freedom
-600.0,-500.0,2.5,3.0,2.0,3.241619848709566,1.7583801512904338,North Africa,Subset: Freedom
-500.0,-400.0,2.2,3.0,2.0,3.0124038404635964,1.387596159536404,North Africa,Subset: Freedom
-400.0,-300.0,2.2,3.959999999999999,1.0,3.3224972160321826,1.0775027839678175,North Africa,Subset: Freedom
-300.0,-200.0,4.05,5.0,3.04,4.854673846971553,3.245326153028446,North Africa,Subset: Freedom
-200.0,-100.0,4.9,5.0,4.04,5.6000000000000005,4.2,North Africa,Subset: Freedom
-100.0,0.0,5.25,6.0,5.0,5.948212002188447,4.551787997811553,North Africa,Subset: Freedom
0.0,100.0,5.05,6.0,4.04,5.718954408012983,4.381045591987017,North Africa,Subset: Freedom
100.0,200.0,4.65,5.0,4.0,5.376291952316698,3.923708047683303,North Africa,Subset: Freedom
200.0,300.0,3.45,4.0,3.0,4.189932429347437,2.710067570652563,North Africa,Subset: Freedom
300.0,400.0,2.6,3.0,2.0,3.089897948556636,2.110102051443364,North Africa,Subset: Freedom
400.0,500.0,2.55,3.0,2.0,3.2189544080129826,1.881045591987017,North Africa,Subset: Freedom
500.0,600.0,3.3,4.0,2.04,4.142614977317636,2.457385022682364,North Africa,Subset: Freedom
600.0,700.0,4.55,5.0,4.0,5.354673846971554,3.7453261530284454,North Africa,Subset: Freedom
700.0,800.0,5.45,6.0,5.0,6.118954408012983,4.781045591987017,North Africa,Subset: Freedom
800.0,900.0,5.85,6.0,5.0,6.503834841531101,5.196165158468898,North Africa,Subset: Freedom
900.0,1000.0,5.8,6.959999999999999,5.0,6.612403840463596,4.987596159536404,North Africa,Subset: Freedom
1000.0,1100.0,5.35,6.0,5.0,6.202936105461599,4.4970638945384005,North Africa,Subset: Freedom
1100.0,1200.0,5.15,6.0,4.0,6.113068014212912,4.186931985787089,North Africa,Subset: Freedom
1200.0,1300.0,4.25,5.0,4.0,5.016485485837794,3.4835145141622053,North Africa,Subset: Freedom
1300.0,1400.0,3.4,4.0,3.0,3.889897948556636,2.910102051443364,North Africa,Subset: Freedom
1400.0,1500.0,3.65,4.0,3.0,4.303834841531101,2.996165158468899,North Africa,Subset: Freedom
1500.0,1600.0,4.0,4.959999999999999,3.0,4.774596669241483,3.2254033307585166,North Africa,Subset: Freedom
1600.0,1700.0,3.8,4.0,3.0,4.478232998312527,3.121767001687473,North Africa,Subset: Freedom
1700.0,1800.0,3.35,4.0,3.0,3.826969600708473,2.8730303992915274,North Africa,Subset: Freedom
1800.0,1900.0,2.25,3.0,2.0,2.683012701892219,1.8169872981077808,North Africa,Subset: Freedom
1900.0,2000.0,4.1,5.0,3.0,4.86811457478686,3.3318854252131387,North Africa,Subset: Freedom
2000.0,2025.0,5.5,6.0,5.0,6.0,5.0,North Africa,Subset: Freedom
-1000.0,-900.0,4.2,4.959999999999999,4.0,4.6000000000000005,3.8,North Africa,Subset: Health & Wellbeing
-900.0,-800.0,4.3,5.0,4.0,4.856776436283002,3.7432235637169975,North Africa,Subset: Health & Wellbeing
-800.0,-700.0,4.6,5.0,4.0,5.089897948556636,4.110102051443364,North Africa,Subset: Health & Wellbeing
-700.0,-600.0,4.7,5.0,4.0,5.158257569495584,4.2417424305044165,North Africa,Subset: Health & Wellbeing
-600.0,-500.0,4.8,5.0,4.0,5.548331477354788,4.051668522645212,North Africa,Subset: Health & Wellbeing
-500.0,-400.0,4.6,5.0,4.0,5.460232526704262,3.739767473295737,North Africa,Subset: Health & Wellbeing
-400.0,-300.0,4.3,5.0,3.04,5.253939201416945,3.3460607985830544,North Africa,Subset: Health & Wellbeing
-300.0,-200.0,5.85,6.959999999999999,5.0,6.759670269933013,4.940329730066987,North Africa,Subset: Health & Wellbeing
-200.0,-100.0,6.65,7.0,6.0,7.126969600708473,6.173030399291528,North Africa,Subset: Health & Wellbeing
-100.0,0.0,6.85,7.0,7.0,7.207071421427142,6.492928578572857,North Africa,Subset: Health & Wellbeing
0.0,100.0,6.7,7.0,6.0,7.158257569495584,6.2417424305044165,North Africa,Subset: Health & Wellbeing
100.0,200.0,6.4,7.0,6.0,6.98309518948453,5.816904810515471,North Africa,Subset: Health & Wellbeing
200.0,300.0,5.2,6.0,5.0,5.8,4.6000000000000005,North Africa,Subset: Health & Wellbeing
300.0,400.0,4.5,5.0,4.0,5.091607978309962,3.9083920216900383,North Africa,Subset: Health & Wellbeing
400.0,500.0,4.1,5.0,4.0,4.7244997998398395,3.47550020016016,North Africa,Subset: Health & Wellbeing
500.0,600.0,4.65,5.0,4.0,5.303834841531101,3.9961651584688993,North Africa,Subset: Health & Wellbeing
600.0,700.0,5.7,6.0,5.0,6.256776436283002,5.143223563716998,North Africa,Subset: Health & Wellbeing
700.0,800.0,6.3,7.0,6.0,6.7582575694955835,5.841742430504416,North Africa,Subset: Health & Wellbeing
800.0,900.0,6.5,7.0,6.0,7.0,6.0,North Africa,Subset: Health & Wellbeing
900.0,1000.0,6.75,7.0,6.0,7.18301270189222,6.31698729810778,North Africa,Subset: Health & Wellbeing
1000.0,1100.0,6.35,7.0,6.0,6.92227615711298,5.77772384288702,North Africa,Subset: Health & Wellbeing
1100.0,1200.0,6.15,7.0,6.0,6.72227615711298,5.57772384288702,North Africa,Subset: Health & Wellbeing
1200.0,1300.0,5.35,6.0,5.0,5.92227615711298,4.77772384288702,North Africa,Subset: Health & Wellbeing
1300.0,1400.0,4.2,5.0,4.0,4.8782329983125265,3.521767001687474,North Africa,Subset: Health & Wellbeing
1400.0,1500.0,4.6,5.0,4.0,5.263324958071079,3.93667504192892,North Africa,Subset: Health & Wellbeing
1500.0,1600.0,5.1,5.959999999999999,5.0,5.6385164807134505,4.561483519286549,North Africa,Subset: Health & Wellbeing
1600.0,1700.0,5.05,5.0,5.0,5.5474937185533095,4.55250628144669,North Africa,Subset: Health & Wellbeing
1700.0,1800.0,4.7,5.0,4.0,5.340312423743285,4.0596875762567155,North Africa,Subset: Health & Wellbeing
1800.0,1900.0,4.25,5.0,4.0,4.872494979899437,3.627505020100563,North Africa,Subset: Health & Wellbeing
1900.0,2000.0,5.9,6.0,6.0,6.335889894354068,5.464110105645933,North Africa,Subset: Health & Wellbeing
2000.0,2025.0,6.5,7.0,6.0,7.0,6.0,North Africa,Subset: Health & Wellbeing
-1000.0,-900.0,6.2,6.959999999999999,6.0,6.6000000000000005,5.8,North Africa,Subset: Peace
-900.0,-800.0,5.3,6.0,5.0,5.7582575694955835,4.841742430504416,North Africa,Subset: Peace
-800.0,-700.0,4.45,5.0,4.0,4.94749371855331,3.95250628144669,North Africa,Subset: Peace
-700.0,-600.0,3.95,4.0,3.0,4.689932429347437,3.210067570652563,North Africa,Subset: Peace
-600.0,-500.0,3.9,4.959999999999999,3.0,4.730662386291807,3.069337613708192,North Africa,Subset: Peace
-500.0,-400.0,3.1,3.959999999999999,2.04,3.930662386291808,2.2693376137081924,North Africa,Subset: Peace
-400.0,-300.0,3.0,5.0,2.0,4.549193338482967,1.4508066615170332,North Africa,Subset: Peace
-300.0,-200.0,5.35,6.959999999999999,4.0,6.773903086589814,3.926096913410185,North Africa,Subset: Peace
-200.0,-100.0,6.65,7.0,6.0,7.442148975887744,5.857851024112257,North Africa,Subset: Peace
-100.0,0.0,7.1,7.0,7.0,7.535889894354067,6.664110105645932,North Africa,Subset: Peace
0.0,100.0,6.4,7.0,6.0,7.134846922834954,5.665153077165047,North Africa,Subset: Peace
100.0,200.0,5.9,7.0,5.0,7.035781669160055,4.764218330839945,North Africa,Subset: Peace
200.0,300.0,4.0,5.0,3.0,4.774596669241483,3.2254033307585166,North Africa,Subset: Peace
300.0,400.0,2.9,3.0,2.0,3.5244997998398397,2.27550020016016,North Africa,Subset: Peace
400.0,500.0,2.75,3.0,2.0,3.28619026473818,2.21380973526182,North Africa,Subset: Peace
500.0,600.0,3.75,4.0,3.0,4.5791561975888495,2.92084380241115,North Africa,Subset: Peace
600.0,700.0,5.45,6.0,5.0,6.254673846971555,4.645326153028446,North Africa,Subset: Peace
700.0,800.0,6.4,7.0,6.0,6.889897948556636,5.910102051443364,North Africa,Subset: Peace
800.0,900.0,6.6,7.0,6.0,7.089897948556636,6.110102051443364,North Africa,Subset: Peace
900.0,1000.0,6.35,7.0,5.04,7.142148975887743,5.5578510241122565,North Africa,Subset: Peace
1000.0,1100.0,5.6,6.0,5.0,6.263324958071079,4.93667504192892,North Africa,Subset: Peace
1100.0,1200.0,5.05,6.0,4.0,6.121214264281427,3.978785735718573,North Africa,Subset: Peace
1200.0,1300.0,4.0,4.959999999999999,3.0,4.774596669241483,3.2254033307585166,North Africa,Subset: Peace
1300.0,1400.0,3.45,4.0,3.0,4.03949130612758,2.86050869387242,North Africa,Subset: Peace
1400.0,1500.0,3.9,5.0,3.0,4.9440306508910545,2.855969349108945,North Africa,Subset: Peace
1500.0,1600.0,4.45,5.0,3.0,5.473474474522936,3.4265255254770643,North Africa,Subset: Peace
1600.0,1700.0,4.5,5.0,4.0,5.306225774829855,3.693774225170145,North Africa,Subset: Peace
1700.0,1800.0,3.5,4.0,3.0,4.241619848709567,2.758380151290434,North Africa,Subset: Peace
1800.0,1900.0,2.45,3.0,2.0,2.9474937185533103,1.95250628144669,North Africa,Subset: Peace
1900.0,2000.0,4.2,5.0,4.0,4.878232998312527,3.521767001687474,North Africa,Subset: Peace
2000.0,2025.0,4.6,5.0,4.0,5.334846922834953,3.865153077165046,North Africa,Subset: Peace
-1000.0,-900.0,2600000.0,3500000.0,1020000.0,3594987.43710662,1605012.56289338,North Africa,Subset: Population
-900.0,-800.0,2875000.0,3700000.0,1216000.0,3971756.58192691,1778243.4180730896,North Africa,Subset: Population
-800.0,-700.0,3200000.0,4000000.0,1508000.0,4397497.390393816,2002502.609606184,North Africa,Subset: Population
-700.0,-600.0,3550000.0,4500000.0,1800000.0,4867004.176151314,2232995.823848686,North Africa,Subset: Population
-600.0,-500.0,3875000.0,5000000.0,2000000.0,5324439.546859406,2425560.453140594,North Africa,Subset: Population
-500.0,-400.0,4180000.0,5500000.0,2200000.0,5762908.71499275,2597091.2850072496,North Africa,Subset: Population
-400.0,-300.0,4435000.0,6000000.0,2100000.0,6178638.437291401,2691361.5627085986,North Africa,Subset: Population
-300.0,-200.0,4510000.0,5980000.0,2204000.0,6232178.852500518,2787821.147499482,North Africa,Subset: Population
-200.0,-100.0,4895000.0,6480000.0,2500000.0,6720232.861856262,3069767.138143738,North Africa,Subset: Population
-100.0,0.0,5300000.0,7000000.0,2712000.0,7249871.790657016,3350128.2093429836,North Africa,Subset: Population
0.0,100.0,5645000.0,7500000.0,2828000.0,7711754.702426004,3578245.297573996,North Africa,Subset: Population
100.0,200.0,5920000.0,7980000.0,2944000.0,8083238.313270177,3756761.6867298232,North Africa,Subset: Population
200.0,300.0,6020000.0,8439999.999999998,2856000.0,8249484.245290825,3790515.754709175,North Africa,Subset: Population
300.0,400.0,5935000.0,8439999.999999998,2848000.0,8098394.323742207,3771605.676257794,North Africa,Subset: Population
400.0,500.0,5540000.0,7927999.999999998,2648000.0,7595577.777657659,3484422.222342341,North Africa,Subset: Population
500.0,600.0,5265000.0,7455999.999999999,2540000.0,7198720.507208836,3331279.4927911637,North Africa,Subset: Population
600.0,700.0,5475000.0,6984000.0,2624000.0,7514331.99847401,3435668.0015259897,North Africa,Subset: Population
700.0,800.0,5835000.0,7480000.0,2828000.0,7989825.979052601,3680174.020947399,North Africa,Subset: Population
800.0,900.0,6170000.0,7967999.999999999,3028000.0,8444225.142768411,3895774.857231589,North Africa,Subset: Population
900.0,1000.0,6495000.0,8460000.0,3232000.0,8881519.432143807,4108480.5678561926,North Africa,Subset: Population
1000.0,1100.0,6770000.0,8960000.0,3528000.0,9260401.574043833,4279598.425956167,North Africa,Subset: Population
1100.0,1200.0,7090000.0,9460000.0,3732000.0,9707040.313025383,4472959.686974616,North Africa,Subset: Population
1200.0,1300.0,7340000.0,9960000.0,3836000.0,10096700.926832652,4583299.073167348,North Africa,Subset: Population
1300.0,1400.0,7280000.0,9480000.0,3552000.0,10083497.81523011,4476502.184769889,North Africa,Subset: Population
1400.0,1500.0,7170000.0,9000000.0,3464000.0,9952642.628869183,4387357.371130817,North Africa,Subset: Population
1500.0,1600.0,7350000.0,9480000.0,3664000.0,10265047.169429682,4434952.830570318,North Africa,Subset: Population
1600.0,1700.0,7620000.0,9980000.0,3864000.0,10647309.036091294,4592690.963908706,North Africa,Subset: Population
1700.0,1800.0,7920000.0,10960000.0,4064000.0,11094681.086345524,4745318.9136544755,North Africa,Subset: Population
1800.0,1900.0,8485000.0,11960000.0,4560000.0,12028201.236170478,4941798.763829522,North Africa,Subset: Population
1900.0,2000.0,24600000.0,30000000.0,12120000.0,43826024.02994441,5373975.970055588,North Africa,Subset: Population
2000.0,2025.0,62500000.0,98799999.99999996,25000000.0,113746951.12882328,11253048.871176736,North Africa,Subset: Population
-1000.0,-900.0,5.966666666666667,6.493333333333333,5.506666666666667,6.366666666666667,5.566666666666666,North America,Overall
-900.0,-800.0,5.9750000000000005,6.493333333333333,5.506666666666667,6.3975419111362415,5.55245808886376,North America,Overall
-800.0,-700.0,5.866666666666666,6.493333333333333,5.34,6.330946275906137,5.4023870574271955,North America,Overall
-700.0,-600.0,5.766666666666667,6.486666666666666,5.34,6.2565646152233025,5.276768718110031,North America,Overall
-600.0,-500.0,5.7749999999999995,6.16,5.5,6.1942420409368415,5.355757959063157,North America,Overall
-500.0,-400.0,5.7333333333333325,6.319999999999999,5.173333333333334,6.190984340591532,5.275682326075133,North America,Overall
-400.0,-300.0,5.666666666666666,6.16,5.0,6.143927368775878,5.189405964557454,North America,Overall
-300.0,-200.0,5.55,6.166666666666667,5.0,6.09288324916341,5.007116750836589,North America,Overall
-200.0,-100.0,5.441666666666667,5.993333333333333,5.0,5.966798925139606,4.916534408193729,North America,Overall
-100.0,0.0,5.408333333333333,5.993333333333333,4.84,5.991607139819903,4.825059526846763,North America,Overall
0.0,100.0,5.508333333333335,6.16,5.006666666666667,6.091607139819905,4.9250595268467645,North America,Overall
100.0,200.0,5.4750000000000005,6.16,4.84,6.057797372830196,4.892202627169805,North America,Overall
200.0,300.0,5.325,5.993333333333333,4.673333333333334,5.922390157267426,4.727609842732575,North America,Overall
300.0,400.0,5.208333333333333,5.833333333333333,4.5,5.921064777224446,4.49560188944222,North America,Overall
400.0,500.0,5.158333333333333,5.666666666666667,4.3533333333333335,5.800540897564366,4.516125769102301,North America,Overall
500.0,600.0,5.033333333333333,5.66,4.5,5.686530598075514,4.380136068591153,North America,Overall
600.0,700.0,5.066666666666666,5.666666666666667,4.506666666666667,5.677676759327445,4.4556565740058875,North America,Overall
700.0,800.0,5.091666666666666,5.833333333333333,4.34,5.777789023749489,4.405544309583843,North America,Overall
800.0,900.0,5.258333333333334,6.0,4.506666666666667,5.9048517871388775,4.61181487952779,North America,Overall
900.0,1000.0,5.241666666666667,5.993333333333333,4.506666666666667,5.929810304773325,4.55352302856001,North America,Overall
1000.0,1100.0,5.2333333333333325,6.16,4.506666666666667,5.968180256168286,4.498486410498379,North America,Overall
1100.0,1200.0,5.05,5.666666666666667,4.333333333333333,5.714789022505971,4.385210977494029,North America,Overall
1200.0,1300.0,5.058333333333333,5.993333333333333,4.34,5.769894605778963,4.3467720608877025,North America,Overall
1300.0,1400.0,4.716666666666667,5.66,3.84,5.480611109091056,3.9527222242422777,North America,Overall
1400.0,1500.0,5.1,5.833333333333333,4.666666666666667,5.771648055986995,4.428351944013004,North America,Overall
1500.0,1600.0,3.1666666666666665,3.5,2.8333333333333335,3.629147897517053,2.70418543581628,North America,Overall
1600.0,1700.0,2.6999999999999997,3.0,2.3333333333333335,3.0439961240091713,2.356003875990828,North America,Overall
1700.0,1800.0,2.8666666666666667,3.1666666666666665,2.5,3.2666666666666666,2.466666666666667,North America,Overall
1800.0,1900.0,4.683333333333334,4.993333333333333,4.34,4.951557948990518,4.415108717676149,North America,Overall
1900.0,2000.0,6.775,7.0,6.506666666666667,7.000308430576597,6.549691569423404,North America,Overall
2000.0,2025.0,7.449999999999998,7.666666666666667,7.34,7.74860788111948,7.1513921188805165,North America,Overall
-1000.0,-900.0,6.45,7.0,6.0,7.03949130612758,5.86050869387242,North America,Subset: Culture & Lesure
-900.0,-800.0,6.45,7.0,6.0,7.03949130612758,5.86050869387242,North America,Subset: Culture & Lesure
-800.0,-700.0,6.4,7.0,6.0,6.98309518948453,5.816904810515471,North America,Subset: Culture & Lesure
-700.0,-600.0,6.5,7.0,6.0,7.091607978309962,5.908392021690038,North America,Subset: Culture & Lesure
-600.0,-500.0,6.7,7.0,6.0,7.158257569495584,6.2417424305044165,North America,Subset: Culture & Lesure
-500.0,-400.0,6.75,7.0,6.0,7.18301270189222,6.31698729810778,North America,Subset: Culture & Lesure
-400.0,-300.0,6.8,7.0,6.04,7.2,6.3999999999999995,North America,Subset: Culture & Lesure
-300.0,-200.0,6.75,7.0,6.0,7.18301270189222,6.31698729810778,North America,Subset: Culture & Lesure
-200.0,-100.0,6.75,7.0,6.0,7.18301270189222,6.31698729810778,North America,Subset: Culture & Lesure
-100.0,0.0,6.85,7.0,6.04,7.326969600708472,6.373030399291527,North America,Subset: Culture & Lesure
0.0,100.0,6.9,7.0,7.0,7.335889894354068,6.464110105645933,North America,Subset: Culture & Lesure
100.0,200.0,6.9,7.0,7.0,7.335889894354068,6.464110105645933,North America,Subset: Culture & Lesure
200.0,300.0,6.65,7.0,6.0,7.126969600708473,6.173030399291528,North America,Subset: Culture & Lesure
300.0,400.0,6.7,7.0,6.0,7.256776436283002,6.143223563716998,North America,Subset: Culture & Lesure
400.0,500.0,6.65,7.0,6.0,7.22227615711298,6.07772384288702,North America,Subset: Culture & Lesure
500.0,600.0,6.55,7.0,6.0,7.218954408012983,5.881045591987017,North America,Subset: Culture & Lesure
600.0,700.0,6.5,7.0,6.0,7.091607978309962,5.908392021690038,North America,Subset: Culture & Lesure
700.0,800.0,6.5,7.0,6.0,7.170820393249937,5.829179606750063,North America,Subset: Culture & Lesure
800.0,900.0,6.65,7.0,6.0,7.22227615711298,6.07772384288702,North America,Subset: Culture & Lesure
900.0,1000.0,6.7,7.0,6.0,7.256776436283002,6.143223563716998,North America,Subset: Culture & Lesure
1000.0,1100.0,6.6,7.0,6.0,7.089897948556636,6.110102051443364,North America,Subset: Culture & Lesure
1100.0,1200.0,6.55,7.0,6.0,7.218954408012983,5.881045591987017,North America,Subset: Culture & Lesure
1200.0,1300.0,6.6,7.0,6.0,7.183095189484529,6.01690481051547,North America,Subset: Culture & Lesure
1300.0,1400.0,6.15,7.0,6.0,6.72227615711298,5.57772384288702,North America,Subset: Culture & Lesure
1400.0,1500.0,6.45,7.0,6.0,7.03949130612758,5.86050869387242,North America,Subset: Culture & Lesure
1500.0,1600.0,4.85,5.0,4.04,5.326969600708472,4.373030399291527,North America,Subset: Culture & Lesure
1600.0,1700.0,3.95,4.0,4.0,4.33405728739343,3.56594271260657,North America,Subset: Culture & Lesure
1700.0,1800.0,4.05,4.959999999999999,4.0,4.63949130612758,3.46050869387242,North America,Subset: Culture & Lesure
1800.0,1900.0,5.45,6.0,5.0,5.94749371855331,4.9525062814466905,North America,Subset: Culture & Lesure
1900.0,2000.0,7.5,8.0,7.0,8.0,7.0,North America,Subset: Culture & Lesure
2000.0,2025.0,8.15,8.0,8.0,8.507071421427142,7.792928578572858,North America,Subset: Culture & Lesure
-1000.0,-900.0,4.75,5.0,4.0,5.5791561975888495,3.92084380241115,North America,Subset: Economic Opportunity
-900.0,-800.0,4.9,5.0,5.0,5.668114574786861,4.13188542521314,North America,Subset: Economic Opportunity
-800.0,-700.0,5.05,5.959999999999999,5.0,5.718954408012983,4.381045591987017,North America,Subset: Economic Opportunity
-700.0,-600.0,5.25,6.0,5.0,5.872494979899437,4.627505020100563,North America,Subset: Economic Opportunity
-600.0,-500.0,5.45,6.0,5.0,6.118954408012983,4.781045591987017,North America,Subset: Economic Opportunity
-500.0,-400.0,5.55,6.0,5.0,6.218954408012983,4.881045591987017,North America,Subset: Economic Opportunity
-400.0,-300.0,5.45,6.0,5.0,6.189932429347437,4.710067570652563,North America,Subset: Economic Opportunity
-300.0,-200.0,5.45,6.0,4.04,6.254673846971555,4.645326153028446,North America,Subset: Economic Opportunity
-200.0,-100.0,5.45,6.0,5.0,6.189932429347437,4.710067570652563,North America,Subset: Economic Opportunity
-100.0,0.0,5.45,6.0,5.0,6.189932429347437,4.710067570652563,North America,Subset: Economic Opportunity
0.0,100.0,5.45,6.0,5.0,6.189932429347437,4.710067570652563,North America,Subset: Economic Opportunity
100.0,200.0,5.5,6.0,5.0,6.170820393249937,4.829179606750063,North America,Subset: Economic Opportunity
200.0,300.0,5.4,6.0,5.0,6.316515138991168,4.483484861008833,North America,Subset: Economic Opportunity
300.0,400.0,5.35,6.0,4.04,6.313068014212911,4.386931985787088,North America,Subset: Economic Opportunity
400.0,500.0,5.4,6.0,4.04,6.369535971483266,4.4304640285167345,North America,Subset: Economic Opportunity
500.0,600.0,5.2,6.0,4.0,6.127361849549571,4.27263815045043,North America,Subset: Economic Opportunity
600.0,700.0,5.25,6.0,4.0,6.192072184070838,4.307927815929162,North America,Subset: Economic Opportunity
700.0,800.0,5.2,6.0,4.0,6.012403840463596,4.387596159536404,North America,Subset: Economic Opportunity
800.0,900.0,5.45,6.0,5.0,6.314580823289529,4.585419176710471,North America,Subset: Economic Opportunity
900.0,1000.0,5.4,6.0,5.0,6.134846922834954,4.665153077165047,North America,Subset: Economic Opportunity
1000.0,1100.0,5.25,6.0,4.04,6.016485485837794,4.483514514162206,North America,Subset: Economic Opportunity
1100.0,1200.0,5.2,6.0,4.04,5.948331477354788,4.451668522645212,North America,Subset: Economic Opportunity
1200.0,1300.0,5.15,6.0,4.0,6.0029361054615995,4.297063894538401,North America,Subset: Economic Opportunity
1300.0,1400.0,4.75,6.0,4.0,5.692072184070838,3.8079278159291614,North America,Subset: Economic Opportunity
1400.0,1500.0,5.05,6.0,4.04,5.854673846971553,4.245326153028446,North America,Subset: Economic Opportunity
1500.0,1600.0,3.45,4.0,3.0,4.254673846971555,2.6453261530284458,North America,Subset: Economic Opportunity
1600.0,1700.0,3.3,4.0,3.0,3.940312423743285,2.659687576256715,North America,Subset: Economic Opportunity
1700.0,1800.0,3.95,4.0,3.04,4.53949130612758,3.36050869387242,North America,Subset: Economic Opportunity
1800.0,1900.0,5.9,6.0,6.0,6.2,5.6000000000000005,North America,Subset: Economic Opportunity
1900.0,2000.0,7.65,8.0,7.0,8.126969600708474,7.173030399291528,North America,Subset: Economic Opportunity
2000.0,2025.0,7.85,8.0,8.0,8.207071421427143,7.492928578572857,North America,Subset: Economic Opportunity
-1000.0,-900.0,5.85,6.0,5.04,6.326969600708472,5.373030399291527,North America,Subset: Equality
-900.0,-800.0,5.85,6.0,5.04,6.326969600708472,5.373030399291527,North America,Subset: Equality
-800.0,-700.0,5.7,6.0,5.0,6.158257569495584,5.2417424305044165,North America,Subset: Equality
-700.0,-600.0,5.25,6.0,5.0,5.872494979899437,4.627505020100563,North America,Subset: Equality
-600.0,-500.0,5.15,5.959999999999999,5.0,5.803834841531101,4.4961651584689,North America,Subset: Equality
-500.0,-400.0,5.0,5.959999999999999,4.0,5.774596669241483,4.225403330758517,North America,Subset: Equality
-400.0,-300.0,4.95,6.0,4.0,5.689932429347437,4.210067570652563,North America,Subset: Equality
-300.0,-200.0,4.75,6.0,4.0,5.5791561975888495,3.92084380241115,North America,Subset: Equality
-200.0,-100.0,4.5,5.0,4.0,5.306225774829855,3.693774225170145,North America,Subset: Equality
-100.0,0.0,4.45,5.0,4.0,5.314580823289529,3.585419176710471,North America,Subset: Equality
0.0,100.0,4.6,5.0,4.0,5.460232526704262,3.739767473295737,North America,Subset: Equality
100.0,200.0,4.55,5.0,4.0,5.470597631976099,3.629402368023901,North America,Subset: Equality
200.0,300.0,4.5,5.0,4.0,5.306225774829855,3.693774225170145,North America,Subset: Equality
300.0,400.0,4.3,5.0,4.0,5.142614977317636,3.457385022682364,North America,Subset: Equality
400.0,500.0,4.15,5.0,4.0,4.72227615711298,3.5777238428870204,North America,Subset: Equality
500.0,600.0,4.0,5.0,3.0,4.836660026534076,3.1633399734659244,North America,Subset: Equality
600.0,700.0,4.1,5.0,3.0,5.04339811320566,3.156601886794339,North America,Subset: Equality
700.0,800.0,4.1,5.0,3.0,5.144030650891055,3.055969349108945,North America,Subset: Equality
800.0,900.0,4.25,5.0,3.0,5.292832680730711,3.2071673192692893,North America,Subset: Equality
900.0,1000.0,4.2,5.0,3.0,5.322497216032183,3.0775027839678177,North America,Subset: Equality
1000.0,1100.0,4.35,5.959999999999999,3.0,5.411838029079765,3.2881619709202345,North America,Subset: Equality
1100.0,1200.0,4.05,5.0,3.0,4.854673846971554,3.245326153028446,North America,Subset: Equality
1200.0,1300.0,4.1,5.0,3.0,4.988819441731558,3.211180558268441,North America,Subset: Equality
1300.0,1400.0,3.85,5.0,3.0,4.7029361054616,2.997063894538401,North America,Subset: Equality
1400.0,1500.0,4.2,5.0,3.0,5.071779788708135,3.3282202112918653,North America,Subset: Equality
1500.0,1600.0,2.35,3.0,2.0,2.92227615711298,1.77772384288702,North America,Subset: Equality
1600.0,1700.0,1.85,2.0,1.04,2.326969600708473,1.3730303992915274,North America,Subset: Equality
1700.0,1800.0,1.7,2.0,1.0,2.256776436283002,1.1432235637169978,North America,Subset: Equality
1800.0,1900.0,3.2,3.959999999999999,3.0,3.6,2.8000000000000003,North America,Subset: Equality
1900.0,2000.0,5.45,6.0,5.0,5.94749371855331,4.9525062814466905,North America,Subset: Equality
2000.0,2025.0,6.15,7.0,6.0,6.72227615711298,5.57772384288702,North America,Subset: Equality
-1000.0,-900.0,6.5,7.0,6.0,7.091607978309962,5.908392021690038,North America,Subset: Freedom
-900.0,-800.0,6.5,7.0,6.0,7.091607978309962,5.908392021690038,North America,Subset: Freedom
-800.0,-700.0,6.35,7.0,5.04,7.142148975887743,5.5578510241122565,North America,Subset: Freedom
-700.0,-600.0,6.0,7.0,5.0,6.707106781186548,5.292893218813452,North America,Subset: Freedom
-600.0,-500.0,5.9,6.0,5.0,6.52449979983984,5.2755002001601605,North America,Subset: Freedom
-500.0,-400.0,5.75,6.0,5.0,6.448212002188447,5.051787997811553,North America,Subset: Freedom
-400.0,-300.0,5.7,6.0,5.0,6.414142842854285,4.985857157145715,North America,Subset: Freedom
-300.0,-200.0,5.55,7.0,5.0,6.470597631976099,4.629402368023901,North America,Subset: Freedom
-200.0,-100.0,5.4,6.959999999999999,5.0,6.419803902718558,4.380196097281443,North America,Subset: Freedom
-100.0,0.0,5.25,6.959999999999999,4.04,6.339724735885168,4.160275264114832,North America,Subset: Freedom
0.0,100.0,5.45,7.0,5.0,6.473474474522936,4.426525525477064,North America,Subset: Freedom
100.0,200.0,5.4,6.959999999999999,5.0,6.369535971483266,4.4304640285167345,North America,Subset: Freedom
200.0,300.0,5.2,6.0,4.0,6.127361849549571,4.27263815045043,North America,Subset: Freedom
300.0,400.0,5.2,6.0,4.0,6.179795897113271,4.220204102886729,North America,Subset: Freedom
400.0,500.0,5.0,6.0,4.0,5.948683298050514,4.051316701949486,North America,Subset: Freedom
500.0,600.0,5.0,6.0,4.0,5.948683298050514,4.051316701949486,North America,Subset: Freedom
600.0,700.0,5.0,6.0,4.0,5.894427190999916,4.105572809000084,North America,Subset: Freedom
700.0,800.0,5.1,6.0,4.0,6.235781669160055,3.964218330839945,North America,Subset: Freedom
800.0,900.0,5.2,6.0,4.0,6.229563014098701,4.1704369859013,North America,Subset: Freedom
900.0,1000.0,5.15,6.0,4.0,6.257925990308017,4.042074009691984,North America,Subset: Freedom
1000.0,1100.0,5.25,6.0,4.0,6.339724735885168,4.160275264114832,North America,Subset: Freedom
1100.0,1200.0,5.0,6.0,4.0,6.0,4.0,North America,Subset: Freedom
1200.0,1300.0,5.05,6.0,4.0,6.121214264281427,3.978785735718573,North America,Subset: Freedom
1300.0,1400.0,4.75,6.0,3.04,5.839724735885168,3.660275264114832,North America,Subset: Freedom
1400.0,1500.0,5.15,6.0,4.0,6.2118380290797655,4.088161970920235,North America,Subset: Freedom
1500.0,1600.0,3.0,3.0,3.0,3.547722557505166,2.452277442494834,North America,Subset: Freedom
1600.0,1700.0,2.4,3.0,2.0,2.889897948556636,1.910102051443364,North America,Subset: Freedom
1700.0,1800.0,2.4,3.0,2.0,2.98309518948453,1.8169048105154697,North America,Subset: Freedom
1800.0,1900.0,4.8,5.0,4.0,5.3099019513592784,4.290098048640721,North America,Subset: Freedom
1900.0,2000.0,7.0,7.0,7.0,7.0,7.0,North America,Subset: Freedom
2000.0,2025.0,7.9,8.0,8.0,8.200000000000001,7.6,North America,Subset: Freedom
-1000.0,-900.0,4.55,5.0,4.0,5.13949130612758,3.96050869387242,North America,Subset: Health & Wellbeing
-900.0,-800.0,4.55,5.0,4.0,5.13949130612758,3.96050869387242,North America,Subset: Health & Wellbeing
-800.0,-700.0,4.6,5.0,4.0,5.263324958071079,3.93667504192892,North America,Subset: Health & Wellbeing
-700.0,-600.0,4.8,5.959999999999999,4.0,5.548331477354788,4.051668522645212,North America,Subset: Health & Wellbeing
-600.0,-500.0,4.9,5.959999999999999,4.0,5.6000000000000005,4.2,North America,Subset: Health & Wellbeing
-500.0,-400.0,5.0,6.0,4.0,5.707106781186548,4.292893218813452,North America,Subset: Health & Wellbeing
-400.0,-300.0,4.95,5.959999999999999,4.0,5.618954408012983,4.281045591987017,North America,Subset: Health & Wellbeing
-300.0,-200.0,4.95,5.959999999999999,4.0,5.618954408012983,4.281045591987017,North America,Subset: Health & Wellbeing
-200.0,-100.0,5.0,6.0,4.0,5.707106781186548,4.292893218813452,North America,Subset: Health & Wellbeing
-100.0,0.0,4.95,6.0,4.0,5.689932429347437,4.210067570652563,North America,Subset: Health & Wellbeing
0.0,100.0,4.95,6.0,4.0,5.754673846971554,4.145326153028447,North America,Subset: Health & Wellbeing
100.0,200.0,4.9,5.959999999999999,4.0,5.668114574786861,4.13188542521314,North America,Subset: Health & Wellbeing
200.0,300.0,4.8,5.0,4.0,5.612403840463596,3.987596159536403,North America,Subset: Health & Wellbeing
300.0,400.0,4.6,5.0,3.04,5.5695359714832655,3.6304640285167338,North America,Subset: Health & Wellbeing
400.0,500.0,4.65,5.0,4.0,5.559670269933013,3.740329730066988,North America,Subset: Health & Wellbeing
500.0,600.0,4.55,5.0,3.04,5.523396116696589,3.5766038833034104,North America,Subset: Health & Wellbeing
600.0,700.0,4.6,5.0,4.0,5.460232526704262,3.739767473295737,North America,Subset: Health & Wellbeing
700.0,800.0,4.65,5.0,4.0,5.4421489758877435,3.857851024112257,North America,Subset: Health & Wellbeing
800.0,900.0,4.75,5.0,4.0,5.516485485837794,3.9835145141622057,North America,Subset: Health & Wellbeing
900.0,1000.0,4.7,5.0,4.0,5.542614977317636,3.857385022682364,North America,Subset: Health & Wellbeing
1000.0,1100.0,4.7,5.0,4.0,5.6000000000000005,3.8,North America,Subset: Health & Wellbeing
1100.0,1200.0,4.6,5.0,4.0,5.516515138991167,3.683484861008832,North America,Subset: Health & Wellbeing
1200.0,1300.0,4.55,5.0,4.0,5.414580823289529,3.6854191767104703,North America,Subset: Health & Wellbeing
1300.0,1400.0,4.15,5.0,3.0,5.163656746635665,3.136343253364336,North America,Subset: Health & Wellbeing
1400.0,1500.0,4.45,5.0,3.0,5.370597631976099,3.5294023680239017,North America,Subset: Health & Wellbeing
1500.0,1600.0,2.25,2.959999999999999,2.0,2.78619026473818,1.7138097352618196,North America,Subset: Health & Wellbeing
1600.0,1700.0,2.35,3.0,2.0,2.92227615711298,1.77772384288702,North America,Subset: Health & Wellbeing
1700.0,1800.0,2.8,3.0,2.0,3.3099019513592784,2.290098048640721,North America,Subset: Health & Wellbeing
1800.0,1900.0,4.8,5.0,4.04,5.2,4.3999999999999995,North America,Subset: Health & Wellbeing
1900.0,2000.0,7.05,7.0,7.0,7.267944947177034,6.832055052822966,North America,Subset: Health & Wellbeing
2000.0,2025.0,7.95,8.0,8.0,8.167944947177034,7.732055052822966,North America,Subset: Health & Wellbeing
-1000.0,-900.0,7.7,8.0,7.0,8.158257569495584,7.241742430504416,North America,Subset: Peace
-900.0,-800.0,7.6,8.0,7.0,8.089897948556635,7.110102051443364,North America,Subset: Peace
-800.0,-700.0,7.1,8.0,7.0,7.72449979983984,6.47550020016016,North America,Subset: Peace
-700.0,-600.0,6.8,7.959999999999999,6.0,7.612403840463596,5.987596159536404,North America,Subset: Peace
-600.0,-500.0,6.55,7.0,6.0,7.354673846971554,5.745326153028445,North America,Subset: Peace
-500.0,-400.0,6.35,7.0,6.0,7.202936105461599,5.4970638945384005,North America,Subset: Peace
-400.0,-300.0,6.15,7.0,5.04,7.0029361054615995,5.297063894538401,North America,Subset: Peace
-300.0,-200.0,5.85,7.0,5.0,6.863656746635664,4.836343253364335,North America,Subset: Peace
-200.0,-100.0,5.55,6.0,5.0,6.573474474522936,4.526525525477064,North America,Subset: Peace
-100.0,0.0,5.5,6.0,4.04,6.6618950038622256,4.3381049961377744,North America,Subset: Peace
0.0,100.0,5.7,6.959999999999999,5.0,6.704987562112089,4.695012437887911,North America,Subset: Peace
100.0,200.0,5.6,6.959999999999999,5.0,6.5695359714832655,4.630464028516734,North America,Subset: Peace
200.0,300.0,5.4,6.0,5.0,6.2,4.6000000000000005,North America,Subset: Peace
300.0,400.0,5.1,5.959999999999999,4.04,6.094987437106619,4.10501256289338,North America,Subset: Peace
400.0,500.0,5.1,6.0,4.04,6.094987437106619,4.10501256289338,North America,Subset: Peace
500.0,600.0,4.9,6.0,4.0,5.944030650891055,3.8559693491089457,North America,Subset: Peace
600.0,700.0,4.95,6.0,4.0,5.870597631976098,4.029402368023902,North America,Subset: Peace
700.0,800.0,5.0,6.0,4.0,5.948683298050514,4.051316701949486,North America,Subset: Peace
800.0,900.0,5.25,6.0,4.0,6.292832680730711,4.207167319269289,North America,Subset: Peace
900.0,1000.0,5.3,6.0,5.0,6.44455231422596,4.15544768577404,North America,Subset: Peace
1000.0,1100.0,5.25,6.959999999999999,4.0,6.469631091765047,4.030368908234953,North America,Subset: Peace
1100.0,1200.0,4.9,6.0,4.0,5.944030650891055,3.8559693491089457,North America,Subset: Peace
1200.0,1300.0,4.9,6.0,4.0,6.035781669160055,3.7642183308399457,North America,Subset: Peace
1300.0,1400.0,4.65,6.0,3.04,5.7118380290797655,3.5881619709202353,North America,Subset: Peace
1400.0,1500.0,5.3,6.0,5.0,6.253939201416945,4.346060798583054,North America,Subset: Peace
1500.0,1600.0,3.1,4.0,3.0,3.72449979983984,2.4755002001601603,North America,Subset: Peace
1600.0,1700.0,2.35,3.0,2.0,2.826969600708473,1.8730303992915271,North America,Subset: Peace
1700.0,1800.0,2.3,3.0,2.0,2.758257569495584,1.8417424305044157,North America,Subset: Peace
1800.0,1900.0,3.95,4.0,4.0,4.44749371855331,3.4525062814466905,North America,Subset: Peace
1900.0,2000.0,6.0,6.0,6.0,6.316227766016838,5.683772233983162,North America,Subset: Peace
2000.0,2025.0,6.7,7.0,6.04,7.340312423743285,6.0596875762567155,North America,Subset: Peace
-1000.0,-900.0,4950000.0,4959999.999999999,2000000.0,10956038.62791441,-1056038.6279144092,North America,Subset: Population
-900.0,-800.0,5175000.0,5159999.999999999,2100000.0,11440291.294105966,-1090291.2941059656,North America,Subset: Population
-800.0,-700.0,5400000.0,5359999.999999999,2200000.0,11924798.84747415,-1124798.8474741504,North America,Subset: Population
-700.0,-600.0,5625000.0,5559999.999999999,2300000.0,12409532.039868336,-1159532.0398683352,North America,Subset: Population
-600.0,-500.0,5850000.0,5759999.999999999,2400000.0,12894465.913041243,-1194465.913041243,North America,Subset: Population
-500.0,-400.0,6075000.0,5959999.999999999,2500000.0,13379579.04331249,-1229579.043312489,North America,Subset: Population
-400.0,-300.0,6300000.0,6159999.999999999,2600000.0,13864852.939747076,-1264852.9397470774,North America,Subset: Population
-300.0,-200.0,6525000.0,6359999.999999999,2700000.0,14350271.560783053,-1300271.560783051,North America,Subset: Population
-200.0,-100.0,6750000.0,6559999.999999999,2800000.0,14835820.923072685,-1335820.9230726846,North America,Subset: Population
-100.0,0.0,6980000.0,6759999.999999999,2900000.0,15324075.74270512,-1364075.7427051198,North America,Subset: Population
0.0,100.0,7210000.0,6959999.999999999,3000000.0,15812493.824467417,-1392493.824467415,North America,Subset: Population
100.0,200.0,7440000.0,7159999.999999999,3100000.0,16301060.884566814,-1421060.8845668137,North America,Subset: Population
200.0,300.0,7670000.0,7359999.999999999,3200000.0,16789764.25133896,-1449764.2513389569,North America,Subset: Population
300.0,400.0,7890000.0,7559999.999999999,3300000.0,17273597.391192783,-1493597.391192783,North America,Subset: Population
400.0,500.0,8110000.0,7759999.999999999,3400000.0,17757740.668156456,-1537740.6681564562,North America,Subset: Population
500.0,600.0,8340000.0,7959999.999999999,3500000.0,18246785.553346757,-1566785.5533467568,North America,Subset: Population
600.0,700.0,8570000.0,8159999.999999999,3600000.0,18735928.38849458,-1595928.3884945791,North America,Subset: Population
700.0,800.0,8800000.0,8359999.999999999,3700000.0,19225161.86924692,-1625161.8692469224,North America,Subset: Population
800.0,900.0,9030000.0,8560000.0,3800000.0,19714479.397705816,-1654479.397705814,North America,Subset: Population
900.0,1000.0,9260000.0,8760000.0,3900000.0,20203874.99928613,-1683874.99928613,North America,Subset: Population
1000.0,1100.0,9490000.0,8960000.0,4000000.0,20693343.251012173,-1713343.2510121723,North America,Subset: Population
1100.0,1200.0,9720000.0,9160000.0,4100000.0,21182879.219463147,-1742879.2194631454,North America,Subset: Population
1200.0,1300.0,9950000.0,9360000.0,4200000.0,21672478.4068899,-1772478.4068899006,North America,Subset: Population
1300.0,1400.0,10170000.0,9560000.0,4300000.0,22157455.943610385,-1817455.943610387,North America,Subset: Population
1400.0,1500.0,10390000.0,9760000.0,4400000.0,22642628.289473243,-1862628.289473243,North America,Subset: Population
1500.0,1600.0,10320000.0,9960000.0,5000000.0,21521856.98891037,-881856.9889103658,North America,Subset: Population
1600.0,1700.0,6510000.0,7959999.999999999,2520000.0,13524763.003836978,-504763.0038369792,North America,Subset: Population
1700.0,1800.0,5975000.0,6000000.0,2500000.0,12763731.4720793,-813731.4720793013,North America,Subset: Population
1800.0,1900.0,25350000.0,26000000.0,6000000.0,44223990.03920475,6476009.9607952535,North America,Subset: Population
1900.0,2000.0,257500000.0,250000000.0,250000000.0,275353571.07135713,239646428.92864287,North America,Subset: Population
2000.0,2025.0,370000000.0,370000000.0,370000000.0,370000000.0,370000000.0,North America,Subset: Population
-1000.0,-900.0,3.725,3.8333333333333335,3.5,3.9737468592766554,3.476253140723345,Northern Europe & Scandinavia,Overall
-900.0,-800.0,3.749999999999999,4.0,3.506666666666667,3.994381304976919,3.505618695023079,Northern Europe & Scandinavia,Overall
-800.0,-700.0,3.8583333333333334,4.166666666666667,3.506666666666667,4.184399959108564,3.5322667075581027,Northern Europe & Scandinavia,Overall
-700.0,-600.0,4.008333333333334,4.486666666666666,3.6666666666666665,4.335250754098884,3.681415912567783,Northern Europe & Scandinavia,Overall
-600.0,-500.0,4.091666666666667,4.5,3.8333333333333335,4.4981249466085735,3.68520838672476,Northern Europe & Scandinavia,Overall
-500.0,-400.0,4.225,4.833333333333333,3.8333333333333335,4.775946155868853,3.6740538441311466,Northern Europe & Scandinavia,Overall
-400.0,-300.0,4.333333333333333,4.833333333333333,4.0,4.90097954553088,3.7656871211357865,Northern Europe & Scandinavia,Overall
-300.0,-200.0,4.4833333333333325,5.326666666666666,3.84,5.1414029007466535,3.825263765920011,Northern Europe & Scandinavia,Overall
-200.0,-100.0,4.491666666666666,5.326666666666666,3.673333333333334,5.195771693554622,3.78756163977871,Northern Europe & Scandinavia,Overall
-100.0,0.0,4.566666666666666,5.16,4.006666666666667,5.213023980988844,3.920309352344489,Northern Europe & Scandinavia,Overall
0.0,100.0,4.108333333333334,4.66,3.506666666666667,4.628149005791691,3.588517660874978,Northern Europe & Scandinavia,Overall
100.0,200.0,3.825,4.326666666666666,3.5,4.373925718512482,3.276074281487518,Northern Europe & Scandinavia,Overall
200.0,300.0,3.758333333333333,4.326666666666666,2.8533333333333335,4.5027104032530225,3.0139562634136436,Northern Europe & Scandinavia,Overall
300.0,400.0,3.8416666666666663,4.5,2.6733333333333333,4.727472953491149,2.955860379842184,Northern Europe & Scandinavia,Overall
400.0,500.0,4.016666666666667,5.153333333333333,3.1666666666666665,4.979734680879578,3.0535986524537555,Northern Europe & Scandinavia,Overall
500.0,600.0,4.275,5.306666666666666,3.5,5.033791070643883,3.516208929356118,Northern Europe & Scandinavia,Overall
600.0,700.0,4.616666666666666,5.0,4.0,5.378790891011578,3.8545424423217542,Northern Europe & Scandinavia,Overall
700.0,800.0,4.908333333333333,5.486666666666666,4.333333333333333,5.647091676019823,4.169574990646844,Northern Europe & Scandinavia,Overall
800.0,900.0,5.200000000000001,5.826666666666666,4.506666666666667,5.979244648504065,4.420755351495937,Northern Europe & Scandinavia,Overall
900.0,1000.0,5.683333333333334,6.16,5.166666666666667,6.40193537124367,4.964731295422997,Northern Europe & Scandinavia,Overall
1000.0,1100.0,5.825000000000001,6.493333333333333,5.173333333333334,6.47366315518063,5.176336844819372,Northern Europe & Scandinavia,Overall
1100.0,1200.0,6.183333333333333,6.833333333333333,5.346666666666667,6.9266367706992575,5.440029895967408,Northern Europe & Scandinavia,Overall
1200.0,1300.0,6.241666666666666,6.826666666666666,5.833333333333333,6.83672735451474,5.6466059788185925,Northern Europe & Scandinavia,Overall
1300.0,1400.0,4.550000000000001,4.833333333333333,4.166666666666667,5.012781445897161,4.08721855410284,Northern Europe & Scandinavia,Overall
1400.0,1500.0,5.466666666666667,5.993333333333333,5.166666666666667,5.927945083436602,5.005388249896732,Northern Europe & Scandinavia,Overall
1500.0,1600.0,5.858333333333334,6.166666666666667,5.5,6.287398855395201,5.429267811271467,Northern Europe & Scandinavia,Overall
1600.0,1700.0,4.749999999999999,5.0,4.346666666666667,5.142640632979657,4.357359367020341,Northern Europe & Scandinavia,Overall
1700.0,1800.0,5.958333333333334,6.326666666666666,5.666666666666667,6.269580823283052,5.647085843383616,Northern Europe & Scandinavia,Overall
1800.0,1900.0,6.3,6.5,6.0,6.6009245014211295,5.99907549857887,Northern Europe & Scandinavia,Overall
1900.0,2000.0,7.875000000000002,8.166666666666666,7.506666666666667,8.299509520898336,7.450490479101667,Northern Europe & Scandinavia,Overall
2000.0,2025.0,8.791666666666666,8.833333333333334,8.666666666666666,8.89541582998324,8.687917503350093,Northern Europe & Scandinavia,Overall
-1000.0,-900.0,3.15,3.0,3.0,3.5070714214271423,2.7929285785728575,Northern Europe & Scandinavia,Subset: Culture & Lesure
-900.0,-800.0,3.7,4.0,3.0,4.340312423743285,3.0596875762567155,Northern Europe & Scandinavia,Subset: Culture & Lesure
-800.0,-700.0,4.35,5.0,4.0,5.142148975887743,3.5578510241122565,Northern Europe & Scandinavia,Subset: Culture & Lesure
-700.0,-600.0,4.55,5.0,4.0,5.289932429347437,3.810067570652562,Northern Europe & Scandinavia,Subset: Culture & Lesure
-600.0,-500.0,4.7,5.0,4.0,5.414142842854285,3.9858571571457153,Northern Europe & Scandinavia,Subset: Culture & Lesure
-500.0,-400.0,4.75,5.0,4.0,5.637411967464942,3.8625880325350574,Northern Europe & Scandinavia,Subset: Culture & Lesure
-400.0,-300.0,4.85,6.0,4.0,5.702936105461599,3.997063894538401,Northern Europe & Scandinavia,Subset: Culture & Lesure
-300.0,-200.0,5.1,6.0,4.0,5.930662386291807,4.269337613708192,Northern Europe & Scandinavia,Subset: Culture & Lesure
-200.0,-100.0,5.15,6.0,4.0,6.0029361054615995,4.297063894538401,Northern Europe & Scandinavia,Subset: Culture & Lesure
-100.0,0.0,5.3,6.0,5.0,6.142614977317636,4.457385022682364,Northern Europe & Scandinavia,Subset: Culture & Lesure
0.0,100.0,5.0,6.0,4.0,5.836660026534076,4.163339973465924,Northern Europe & Scandinavia,Subset: Culture & Lesure
100.0,200.0,4.8,6.0,4.0,5.671779788708134,3.928220211291865,Northern Europe & Scandinavia,Subset: Culture & Lesure
200.0,300.0,4.75,6.0,3.04,5.884680571791022,3.615319428208978,Northern Europe & Scandinavia,Subset: Culture & Lesure
300.0,400.0,4.95,6.0,3.04,6.271930406640228,3.628069593359772,Northern Europe & Scandinavia,Subset: Culture & Lesure
400.0,500.0,5.25,6.959999999999999,4.0,6.384680571791022,4.115319428208978,Northern Europe & Scandinavia,Subset: Culture & Lesure
500.0,600.0,5.8,7.0,5.0,6.72736184954957,4.872638150450429,Northern Europe & Scandinavia,Subset: Culture & Lesure
600.0,700.0,6.3,7.0,5.04,7.142614977317636,5.457385022682364,Northern Europe & Scandinavia,Subset: Culture & Lesure
700.0,800.0,6.75,7.0,6.0,7.448212002188447,6.051787997811553,Northern Europe & Scandinavia,Subset: Culture & Lesure
800.0,900.0,6.8,7.959999999999999,6.0,7.548331477354788,6.051668522645212,Northern Europe & Scandinavia,Subset: Culture & Lesure
900.0,1000.0,6.85,7.959999999999999,6.0,7.576291952316697,6.123708047683302,Northern Europe & Scandinavia,Subset: Culture & Lesure
1000.0,1100.0,6.8,7.959999999999999,6.0,7.548331477354788,6.051668522645212,Northern Europe & Scandinavia,Subset: Culture & Lesure
1100.0,1200.0,7.45,8.0,7.0,8.31458082328953,6.585419176710471,Northern Europe & Scandinavia,Subset: Culture & Lesure
1200.0,1300.0,7.5,8.0,7.0,8.241619848709567,6.758380151290433,Northern Europe & Scandinavia,Subset: Culture & Lesure
1300.0,1400.0,5.55,6.0,5.0,6.0474937185533095,5.05250628144669,Northern Europe & Scandinavia,Subset: Culture & Lesure
1400.0,1500.0,6.45,7.0,6.0,6.94749371855331,5.9525062814466905,Northern Europe & Scandinavia,Subset: Culture & Lesure
1500.0,1600.0,7.25,8.0,7.0,7.68301270189222,6.81698729810778,Northern Europe & Scandinavia,Subset: Culture & Lesure
1600.0,1700.0,6.4,7.0,6.0,6.889897948556636,5.910102051443364,Northern Europe & Scandinavia,Subset: Culture & Lesure
1700.0,1800.0,7.2,7.959999999999999,7.0,7.6,6.8,Northern Europe & Scandinavia,Subset: Culture & Lesure
1800.0,1900.0,7.1,7.0,7.0,7.4,6.8,Northern Europe & Scandinavia,Subset: Culture & Lesure
1900.0,2000.0,8.3,9.0,8.0,8.758257569495585,7.841742430504417,Northern Europe & Scandinavia,Subset: Culture & Lesure
2000.0,2025.0,9.0,9.0,9.0,9.0,9.0,Northern Europe & Scandinavia,Subset: Culture & Lesure
-1000.0,-900.0,2.9,3.0,3.0,3.3358898943540676,2.464110105645932,Northern Europe & Scandinavia,Subset: Economic Opportunity
-900.0,-800.0,3.65,4.0,3.0,4.303834841531101,2.996165158468899,Northern Europe & Scandinavia,Subset: Economic Opportunity
-800.0,-700.0,4.3,5.0,4.0,4.9403124237432845,3.659687576256715,Northern Europe & Scandinavia,Subset: Economic Opportunity
-700.0,-600.0,4.5,5.0,4.0,5.241619848709567,3.758380151290434,Northern Europe & Scandinavia,Subset: Economic Opportunity
-600.0,-500.0,4.5,5.0,4.0,5.170820393249937,3.829179606750063,Northern Europe & Scandinavia,Subset: Economic Opportunity
-500.0,-400.0,4.7,5.0,4.0,5.414142842854285,3.9858571571457153,Northern Europe & Scandinavia,Subset: Economic Opportunity
-400.0,-300.0,4.85,5.0,4.0,5.576291952316697,4.123708047683302,Northern Europe & Scandinavia,Subset: Economic Opportunity
-300.0,-200.0,4.95,6.0,4.04,5.814580823289529,4.085419176710471,Northern Europe & Scandinavia,Subset: Economic Opportunity
-200.0,-100.0,4.95,6.0,4.0,5.870597631976099,4.029402368023901,Northern Europe & Scandinavia,Subset: Economic Opportunity
-100.0,0.0,5.1,6.0,5.0,5.86811457478686,4.331885425213139,Northern Europe & Scandinavia,Subset: Economic Opportunity
0.0,100.0,4.8,5.0,4.0,5.548331477354788,4.051668522645212,Northern Europe & Scandinavia,Subset: Economic Opportunity
100.0,200.0,4.6,5.0,4.0,5.460232526704262,3.739767473295737,Northern Europe & Scandinavia,Subset: Economic Opportunity
200.0,300.0,4.45,6.0,3.04,5.61081867662439,3.28918132337561,Northern Europe & Scandinavia,Subset: Economic Opportunity
300.0,400.0,4.65,6.0,3.04,5.8447803145348525,3.455219685465148,Northern Europe & Scandinavia,Subset: Economic Opportunity
400.0,500.0,4.95,6.0,4.0,5.92339611669659,3.9766038833034103,Northern Europe & Scandinavia,Subset: Economic Opportunity
500.0,600.0,5.6,6.0,5.0,6.460232526704262,4.739767473295737,Northern Europe & Scandinavia,Subset: Economic Opportunity
600.0,700.0,6.05,7.0,5.04,6.718954408012983,5.381045591987017,Northern Europe & Scandinavia,Subset: Economic Opportunity
700.0,800.0,6.35,7.0,6.0,6.92227615711298,5.77772384288702,Northern Europe & Scandinavia,Subset: Economic Opportunity
800.0,900.0,6.65,7.0,6.0,7.22227615711298,6.07772384288702,Northern Europe & Scandinavia,Subset: Economic Opportunity
900.0,1000.0,6.65,7.0,6.0,7.303834841531101,5.9961651584689,Northern Europe & Scandinavia,Subset: Economic Opportunity
1000.0,1100.0,6.6,7.0,6.0,7.334846922834953,5.865153077165046,Northern Europe & Scandinavia,Subset: Economic Opportunity
1100.0,1200.0,7.1,8.0,6.04,7.8,6.3999999999999995,Northern Europe & Scandinavia,Subset: Economic Opportunity
1200.0,1300.0,7.2,8.0,7.0,7.8,6.6000000000000005,Northern Europe & Scandinavia,Subset: Economic Opportunity
1300.0,1400.0,5.05,5.0,5.0,5.5474937185533095,4.55250628144669,Northern Europe & Scandinavia,Subset: Economic Opportunity
1400.0,1500.0,6.05,6.0,6.0,6.5474937185533095,5.55250628144669,Northern Europe & Scandinavia,Subset: Economic Opportunity
1500.0,1600.0,6.75,7.0,6.0,7.18301270189222,6.31698729810778,Northern Europe & Scandinavia,Subset: Economic Opportunity
1600.0,1700.0,5.95,6.0,6.0,6.44749371855331,5.4525062814466905,Northern Europe & Scandinavia,Subset: Economic Opportunity
1700.0,1800.0,6.8,7.0,6.04,7.2,6.3999999999999995,Northern Europe & Scandinavia,Subset: Economic Opportunity
1800.0,1900.0,7.45,8.0,7.0,7.94749371855331,6.9525062814466905,Northern Europe & Scandinavia,Subset: Economic Opportunity
1900.0,2000.0,8.4,9.0,8.0,8.889897948556635,7.910102051443364,Northern Europe & Scandinavia,Subset: Economic Opportunity
2000.0,2025.0,9.0,9.0,9.0,9.0,9.0,Northern Europe & Scandinavia,Subset: Economic Opportunity
-1000.0,-900.0,3.7,4.0,3.04,4.481024967590666,2.918975032409335,Northern Europe & Scandinavia,Subset: Equality
-900.0,-800.0,3.4,4.0,3.0,4.134846922834953,2.6651530771650465,Northern Europe & Scandinavia,Subset: Equality
-800.0,-700.0,3.3,4.0,3.0,3.758257569495584,2.8417424305044157,Northern Europe & Scandinavia,Subset: Equality
-700.0,-600.0,3.2,4.0,3.0,3.709901951359279,2.6900980486407216,Northern Europe & Scandinavia,Subset: Equality
-600.0,-500.0,3.3,4.0,3.0,3.8567764362830017,2.743223563716998,Northern Europe & Scandinavia,Subset: Equality
-500.0,-400.0,3.3,4.0,3.0,3.940312423743285,2.659687576256715,Northern Europe & Scandinavia,Subset: Equality
-400.0,-300.0,3.35,4.0,3.0,3.92227615711298,2.77772384288702,Northern Europe & Scandinavia,Subset: Equality
-300.0,-200.0,3.4,4.0,3.0,4.06332495807108,2.73667504192892,Northern Europe & Scandinavia,Subset: Equality
-200.0,-100.0,3.5,4.0,3.0,4.241619848709567,2.758380151290434,Northern Europe & Scandinavia,Subset: Equality
-100.0,0.0,3.5,4.0,3.0,4.241619848709567,2.758380151290434,Northern Europe & Scandinavia,Subset: Equality
0.0,100.0,3.2,3.959999999999999,3.0,3.6,2.8000000000000003,Northern Europe & Scandinavia,Subset: Equality
100.0,200.0,2.95,3.0,3.0,3.4474937185533103,2.45250628144669,Northern Europe & Scandinavia,Subset: Equality
200.0,300.0,2.95,3.0,3.0,3.4474937185533103,2.45250628144669,Northern Europe & Scandinavia,Subset: Equality
300.0,400.0,3.0,3.959999999999999,2.04,3.632455532033676,2.367544467966324,Northern Europe & Scandinavia,Subset: Equality
400.0,500.0,3.05,4.0,2.0,3.914580823289529,2.1854191767104707,Northern Europe & Scandinavia,Subset: Equality
500.0,600.0,3.0,3.959999999999999,2.04,3.632455532033676,2.367544467966324,Northern Europe & Scandinavia,Subset: Equality
600.0,700.0,3.25,4.0,3.0,4.0791561975888495,2.42084380241115,Northern Europe & Scandinavia,Subset: Equality
700.0,800.0,3.4,4.0,3.0,4.2,2.5999999999999996,Northern Europe & Scandinavia,Subset: Equality
800.0,900.0,3.75,4.959999999999999,3.0,4.692072184070838,2.8079278159291614,Northern Europe & Scandinavia,Subset: Equality
900.0,1000.0,4.35,5.0,4.0,5.076291952316697,3.623708047683302,Northern Europe & Scandinavia,Subset: Equality
1000.0,1100.0,4.35,5.0,4.0,5.076291952316697,3.6237080476833023,Northern Europe & Scandinavia,Subset: Equality
1100.0,1200.0,4.5,5.0,4.0,5.4219544457292885,3.5780455542707115,Northern Europe & Scandinavia,Subset: Equality
1200.0,1300.0,4.5,5.0,4.0,5.306225774829855,3.693774225170145,Northern Europe & Scandinavia,Subset: Equality
1300.0,1400.0,4.3,5.0,4.0,5.142614977317636,3.457385022682364,Northern Europe & Scandinavia,Subset: Equality
1400.0,1500.0,4.45,5.0,4.0,5.03949130612758,3.86050869387242,Northern Europe & Scandinavia,Subset: Equality
1500.0,1600.0,4.55,5.0,4.0,5.218954408012983,3.881045591987017,Northern Europe & Scandinavia,Subset: Equality
1600.0,1700.0,3.75,4.0,3.0,4.28619026473818,3.21380973526182,Northern Europe & Scandinavia,Subset: Equality
1700.0,1800.0,4.75,5.0,4.0,5.28619026473818,4.21380973526182,Northern Europe & Scandinavia,Subset: Equality
1800.0,1900.0,4.75,5.0,4.0,5.5791561975888495,3.92084380241115,Northern Europe & Scandinavia,Subset: Equality
1900.0,2000.0,7.05,7.0,7.0,7.547493718553309,6.55250628144669,Northern Europe & Scandinavia,Subset: Equality
2000.0,2025.0,8.1,8.0,8.0,8.4,7.8,Northern Europe & Scandinavia,Subset: Equality
-1000.0,-900.0,3.05,3.0,3.0,3.2679449471770337,2.832055052822966,Northern Europe & Scandinavia,Subset: Freedom
-900.0,-800.0,3.1,3.959999999999999,3.0,3.6385164807134505,2.5614835192865497,Northern Europe & Scandinavia,Subset: Freedom
-800.0,-700.0,3.25,4.0,3.0,3.948212002188447,2.551787997811553,Northern Europe & Scandinavia,Subset: Freedom
-700.0,-600.0,3.35,4.0,3.0,3.826969600708473,2.8730303992915274,Northern Europe & Scandinavia,Subset: Freedom
-600.0,-500.0,3.4,4.0,3.0,3.889897948556636,2.910102051443364,Northern Europe & Scandinavia,Subset: Freedom
-500.0,-400.0,3.6,4.0,3.0,4.4,2.8000000000000003,Northern Europe & Scandinavia,Subset: Freedom
-400.0,-300.0,3.7,4.959999999999999,3.0,4.542614977317636,2.8573850226823643,Northern Europe & Scandinavia,Subset: Freedom
-300.0,-200.0,3.8,4.0,3.0,4.478232998312526,3.121767001687473,Northern Europe & Scandinavia,Subset: Freedom
-200.0,-100.0,3.8,4.0,3.0,4.478232998312526,3.121767001687473,Northern Europe & Scandinavia,Subset: Freedom
-100.0,0.0,3.85,4.0,3.0,4.503834841531101,3.196165158468899,Northern Europe & Scandinavia,Subset: Freedom
0.0,100.0,3.35,4.0,3.0,4.003834841531101,2.696165158468899,Northern Europe & Scandinavia,Subset: Freedom
100.0,200.0,3.15,3.959999999999999,3.0,3.803834841531101,2.496165158468899,Northern Europe & Scandinavia,Subset: Freedom
200.0,300.0,3.05,4.0,2.0,3.854673846971554,2.245326153028446,Northern Europe & Scandinavia,Subset: Freedom
300.0,400.0,3.2,4.0,2.0,4.2295630140987,2.1704369859013,Northern Europe & Scandinavia,Subset: Freedom
400.0,500.0,3.45,4.0,3.0,4.370597631976099,2.5294023680239017,Northern Europe & Scandinavia,Subset: Freedom
500.0,600.0,3.65,4.0,3.0,4.442148975887743,2.857851024112257,Northern Europe & Scandinavia,Subset: Freedom
600.0,700.0,4.2,5.0,3.04,5.012403840463596,3.387596159536404,Northern Europe & Scandinavia,Subset: Freedom
700.0,800.0,4.55,5.0,4.0,5.289932429347437,3.810067570652562,Northern Europe & Scandinavia,Subset: Freedom
800.0,900.0,4.9,6.0,4.0,5.730662386291808,4.069337613708193,Northern Europe & Scandinavia,Subset: Freedom
900.0,1000.0,5.5,6.0,5.0,6.241619848709567,4.758380151290433,Northern Europe & Scandinavia,Subset: Freedom
1000.0,1100.0,5.55,6.0,5.0,6.289932429347437,4.810067570652563,Northern Europe & Scandinavia,Subset: Freedom
1100.0,1200.0,5.8,6.959999999999999,5.0,6.671779788708134,4.928220211291865,Northern Europe & Scandinavia,Subset: Freedom
1200.0,1300.0,5.95,6.0,5.04,6.53949130612758,5.36050869387242,Northern Europe & Scandinavia,Subset: Freedom
1300.0,1400.0,4.25,5.0,4.0,4.872494979899437,3.627505020100563,Northern Europe & Scandinavia,Subset: Freedom
1400.0,1500.0,5.3,6.0,5.0,5.856776436283002,4.743223563716998,Northern Europe & Scandinavia,Subset: Freedom
1500.0,1600.0,5.9,6.0,5.04,6.438516480713451,5.3614835192865495,Northern Europe & Scandinavia,Subset: Freedom
1600.0,1700.0,4.5,5.0,4.0,5.170820393249937,3.829179606750063,Northern Europe & Scandinavia,Subset: Freedom
1700.0,1800.0,6.0,6.0,6.0,6.447213595499958,5.552786404500042,Northern Europe & Scandinavia,Subset: Freedom
1800.0,1900.0,6.8,7.0,6.04,7.2,6.3999999999999995,Northern Europe & Scandinavia,Subset: Freedom
1900.0,2000.0,8.45,9.0,8.0,8.947493718553309,7.95250628144669,Northern Europe & Scandinavia,Subset: Freedom
2000.0,2025.0,9.05,9.0,9.0,9.267944947177034,8.832055052822968,Northern Europe & Scandinavia,Subset: Freedom
-1000.0,-900.0,3.7,4.0,3.0,4.158257569495584,3.241742430504416,Northern Europe & Scandinavia,Subset: Health & Wellbeing
-900.0,-800.0,3.75,4.0,3.0,4.18301270189222,3.316987298107781,Northern Europe & Scandinavia,Subset: Health & Wellbeing
-800.0,-700.0,3.9,4.0,3.0,4.524499799839839,3.2755002001601605,Northern Europe & Scandinavia,Subset: Health & Wellbeing
-700.0,-600.0,4.15,5.0,4.0,4.72227615711298,3.5777238428870204,Northern Europe & Scandinavia,Subset: Health & Wellbeing
-600.0,-500.0,4.25,5.0,4.0,4.872494979899437,3.627505020100563,Northern Europe & Scandinavia,Subset: Health & Wellbeing
-500.0,-400.0,4.3,5.0,4.0,4.856776436283002,3.743223563716998,Northern Europe & Scandinavia,Subset: Health & Wellbeing
-400.0,-300.0,4.4,5.0,4.0,4.98309518948453,3.8169048105154704,Northern Europe & Scandinavia,Subset: Health & Wellbeing
-300.0,-200.0,4.75,5.0,4.0,5.5791561975888495,3.92084380241115,Northern Europe & Scandinavia,Subset: Health & Wellbeing
-200.0,-100.0,4.7,5.0,4.0,5.542614977317636,3.857385022682364,Northern Europe & Scandinavia,Subset: Health & Wellbeing
-100.0,0.0,4.75,5.0,4.0,5.516485485837794,3.9835145141622057,Northern Europe & Scandinavia,Subset: Health & Wellbeing
0.0,100.0,4.35,5.0,4.0,5.0038348415311,3.6961651584688986,Northern Europe & Scandinavia,Subset: Health & Wellbeing
100.0,200.0,4.05,5.0,3.04,4.718954408012983,3.381045591987017,Northern Europe & Scandinavia,Subset: Health & Wellbeing
200.0,300.0,4.0,5.0,3.0,4.836660026534076,3.1633399734659244,Northern Europe & Scandinavia,Subset: Health & Wellbeing
300.0,400.0,3.95,4.959999999999999,3.0,4.92339611669659,2.9766038833034107,Northern Europe & Scandinavia,Subset: Health & Wellbeing
400.0,500.0,4.0,5.0,3.0,5.224744871391589,2.775255128608411,Northern Europe & Scandinavia,Subset: Health & Wellbeing
500.0,600.0,4.2,5.0,3.0,5.277032961426901,3.122967038573099,Northern Europe & Scandinavia,Subset: Health & Wellbeing
600.0,700.0,4.45,5.959999999999999,3.04,5.566915395184434,3.3330846048155665,Northern Europe & Scandinavia,Subset: Health & Wellbeing
700.0,800.0,4.9,6.0,4.0,5.944030650891055,3.8559693491089457,Northern Europe & Scandinavia,Subset: Health & Wellbeing
800.0,900.0,5.15,6.0,4.0,6.059670269933013,4.240329730066987,Northern Europe & Scandinavia,Subset: Health & Wellbeing
900.0,1000.0,5.6,6.959999999999999,5.0,6.516515138991168,4.683484861008831,Northern Europe & Scandinavia,Subset: Health & Wellbeing
1000.0,1100.0,5.95,7.0,5.0,6.689932429347437,5.210067570652563,Northern Europe & Scandinavia,Subset: Health & Wellbeing
1100.0,1200.0,6.05,7.0,5.0,6.789932429347437,5.310067570652563,Northern Europe & Scandinavia,Subset: Health & Wellbeing
1200.0,1300.0,6.1,7.0,6.0,6.86811457478686,5.331885425213139,Northern Europe & Scandinavia,Subset: Health & Wellbeing
1300.0,1400.0,2.9,3.0,3.0,3.3358898943540676,2.464110105645932,Northern Europe & Scandinavia,Subset: Health & Wellbeing
1400.0,1500.0,4.8,5.0,4.0,5.478232998312527,4.121767001687473,Northern Europe & Scandinavia,Subset: Health & Wellbeing
1500.0,1600.0,5.55,6.0,5.0,6.13949130612758,4.96050869387242,Northern Europe & Scandinavia,Subset: Health & Wellbeing
1600.0,1700.0,4.65,5.0,4.0,5.303834841531101,3.9961651584688993,Northern Europe & Scandinavia,Subset: Health & Wellbeing
1700.0,1800.0,5.75,6.0,5.0,6.18301270189222,5.31698729810778,Northern Europe & Scandinavia,Subset: Health & Wellbeing
1800.0,1900.0,6.15,6.0,6.0,6.507071421427143,5.792928578572858,Northern Europe & Scandinavia,Subset: Health & Wellbeing
1900.0,2000.0,8.0,8.0,8.0,8.316227766016837,7.683772233983162,Northern Europe & Scandinavia,Subset: Health & Wellbeing
2000.0,2025.0,9.0,9.0,9.0,9.0,9.0,Northern Europe & Scandinavia,Subset: Health & Wellbeing
-1000.0,-900.0,5.85,6.0,6.0,6.5038348415311,5.196165158468899,Northern Europe & Scandinavia,Subset: Peace
-900.0,-800.0,4.9,6.0,4.0,5.894987437106621,3.90501256289338,Northern Europe & Scandinavia,Subset: Peace
-800.0,-700.0,4.05,5.0,3.0,4.970597631976098,3.129402368023902,Northern Europe & Scandinavia,Subset: Peace
-700.0,-600.0,4.3,5.0,3.04,5.081024967590666,3.5189750324093345,Northern Europe & Scandinavia,Subset: Peace
-600.0,-500.0,4.4,5.0,4.0,5.260232526704263,3.5397674732957376,Northern Europe & Scandinavia,Subset: Peace
-500.0,-400.0,4.7,5.959999999999999,4.0,5.653939201416946,3.7460607985830543,Northern Europe & Scandinavia,Subset: Peace
-400.0,-300.0,4.85,6.0,4.0,5.813068014212911,3.886931985787088,Northern Europe & Scandinavia,Subset: Peace
-300.0,-200.0,4.9,6.0,4.0,6.035781669160055,3.7642183308399457,Northern Europe & Scandinavia,Subset: Peace
-200.0,-100.0,4.85,6.0,4.0,6.085920709430828,3.614079290569172,Northern Europe & Scandinavia,Subset: Peace
-100.0,0.0,4.9,6.0,4.0,5.990871211463572,3.809128788536429,Northern Europe & Scandinavia,Subset: Peace
0.0,100.0,3.95,5.0,3.0,4.814580823289529,3.085419176710471,Northern Europe & Scandinavia,Subset: Peace
100.0,200.0,3.4,4.0,3.0,4.2,2.5999999999999996,Northern Europe & Scandinavia,Subset: Peace
200.0,300.0,3.35,4.0,3.0,4.2029361054616,2.497063894538401,Northern Europe & Scandinavia,Subset: Peace
300.0,400.0,3.3,4.959999999999999,2.0,4.353565375285274,2.246434624714726,Northern Europe & Scandinavia,Subset: Peace
400.0,500.0,3.4,4.959999999999999,2.0,4.719090595827292,2.080909404172708,Northern Europe & Scandinavia,Subset: Peace
500.0,600.0,3.4,4.919999999999998,3.0,4.640967364599086,2.159032635400914,Northern Europe & Scandinavia,Subset: Peace
600.0,700.0,3.45,4.0,2.04,4.845528573695287,2.0544714263047137,Northern Europe & Scandinavia,Subset: Peace
700.0,800.0,3.5,4.959999999999999,2.0,5.0329709716755895,1.9670290283244107,Northern Europe & Scandinavia,Subset: Peace
800.0,900.0,3.95,5.0,3.0,5.546088969951237,2.3539110300487636,Northern Europe & Scandinavia,Subset: Peace
900.0,1000.0,5.15,6.0,4.0,6.464343942809492,3.835656057190509,Northern Europe & Scandinavia,Subset: Peace
1000.0,1100.0,5.7,6.959999999999999,5.0,6.653939201416946,4.746060798583055,Northern Europe & Scandinavia,Subset: Peace
1100.0,1200.0,6.2,7.0,5.0,7.127361849549571,5.27263815045043,Northern Europe & Scandinavia,Subset: Peace
1200.0,1300.0,6.2,7.0,6.0,6.878232998312527,5.521767001687473,Northern Europe & Scandinavia,Subset: Peace
1300.0,1400.0,5.25,6.0,4.04,6.0791561975888495,4.4208438024111505,Northern Europe & Scandinavia,Subset: Peace
1400.0,1500.0,5.75,6.0,5.0,6.372494979899437,5.127505020100563,Northern Europe & Scandinavia,Subset: Peace
1500.0,1600.0,5.15,6.0,4.04,5.876291952316698,4.423708047683303,Northern Europe & Scandinavia,Subset: Peace
1600.0,1700.0,3.25,4.0,3.0,3.683012701892219,2.816987298107781,Northern Europe & Scandinavia,Subset: Peace
1700.0,1800.0,5.25,6.0,5.0,5.948212002188447,4.551787997811553,Northern Europe & Scandinavia,Subset: Peace
1800.0,1900.0,5.55,6.0,5.0,6.0474937185533095,5.05250628144669,Northern Europe & Scandinavia,Subset: Peace
1900.0,2000.0,7.05,8.0,6.0,8.253120941551597,5.846879058448404,Northern Europe & Scandinavia,Subset: Peace
2000.0,2025.0,8.6,9.0,8.0,9.089897948556636,8.110102051443365,Northern Europe & Scandinavia,Subset: Peace
-1000.0,-900.0,487500.0,695999.9999999999,300000.0,679121.3714594487,295878.62854055135,Northern Europe & Scandinavia,Subset: Population
-900.0,-800.0,557000.0,748000.0,350000.0,784136.5228227288,329863.4771772712,Northern Europe & Scandinavia,Subset: Population
-800.0,-700.0,630000.0,800000.0,400000.0,897581.763205193,362418.23679480696,Northern Europe & Scandinavia,Subset: Population
-700.0,-600.0,697500.0,850000.0,450000.0,1004922.7545254254,390077.24547457456,Northern Europe & Scandinavia,Subset: Population
-600.0,-500.0,765000.0,900000.0,500000.0,1113962.7487282846,416037.2512717153,Northern Europe & Scandinavia,Subset: Population
-500.0,-400.0,832500.0,1000000.0,550000.0,1224365.729555418,440634.270444582,Northern Europe & Scandinavia,Subset: Population
-400.0,-300.0,899500.0,1098000.0,600000.0,1335796.630745643,463203.36925435695,Northern Europe & Scandinavia,Subset: Population
-300.0,-200.0,966500.0,1196000.0,650000.0,1447907.052295664,485092.9477043362,Northern Europe & Scandinavia,Subset: Population
-200.0,-100.0,1034000.0,1293999.9999999998,700000.0,1560463.6739605116,507536.3260394883,Northern Europe & Scandinavia,Subset: Population
-100.0,0.0,1109000.0,1391999.9999999998,750000.0,1680960.6629830413,537039.3370169589,Northern Europe & Scandinavia,Subset: Population
0.0,100.0,1181000.0,1491999.9999999998,800000.0,1799836.812091847,562163.1879081529,Northern Europe & Scandinavia,Subset: Population
100.0,200.0,1258500.0,1591999.9999999998,850000.0,1936602.315288777,580397.684711223,Northern Europe & Scandinavia,Subset: Population
200.0,300.0,1312500.0,1500000.0,900000.0,2051897.5588274552,573102.4411725448,Northern Europe & Scandinavia,Subset: Population
300.0,400.0,1364500.0,1600000.0,950000.0,2169077.3735322165,559922.6264677834,Northern Europe & Scandinavia,Subset: Population
400.0,500.0,1398500.0,1687999.9999999998,1000000.0,2270562.354421976,526437.6455780241,Northern Europe & Scandinavia,Subset: Population
500.0,600.0,1490000.0,1787999.9999999998,1050000.0,2417442.720603273,562557.2793967273,Northern Europe & Scandinavia,Subset: Population
600.0,700.0,1582500.0,1888000.0,1100000.0,2565133.5787057145,599866.4212942853,Northern Europe & Scandinavia,Subset: Population
700.0,800.0,1677500.0,1988000.0,1150000.0,2714620.4124883474,640379.5875116525,Northern Europe & Scandinavia,Subset: Population
800.0,900.0,1777500.0,2088000.0,1200000.0,2884915.3466518335,670084.6533481667,Northern Europe & Scandinavia,Subset: Population
900.0,1000.0,1882500.0,2187999.9999999995,1250000.0,3058751.9925594176,706248.0074405824,Northern Europe & Scandinavia,Subset: Population
1000.0,1100.0,1987500.0,2287999.9999999995,1300000.0,3233380.7125884886,741619.2874115114,Northern Europe & Scandinavia,Subset: Population
1100.0,1200.0,2095000.0,2387999.9999999995,1350000.0,3409239.3237154335,780760.6762845665,Northern Europe & Scandinavia,Subset: Population
1200.0,1300.0,2202500.0,2487999.9999999995,1400000.0,3585745.7301578773,819254.2698421224,Northern Europe & Scandinavia,Subset: Population
1300.0,1400.0,2052500.0,2387999.9999999995,1300000.0,3314985.1484274976,790014.8515725026,Northern Europe & Scandinavia,Subset: Population
1400.0,1500.0,1970000.0,2192000.0,1202000.0,3278758.954124097,661241.045875903,Northern Europe & Scandinavia,Subset: Population
1500.0,1600.0,2092500.0,2296000.0,1300000.0,3491184.649947943,693815.3500520568,Northern Europe & Scandinavia,Subset: Population
1600.0,1700.0,2190000.0,2396000.0,1352000.0,3624451.11453824,755548.8854617595,Northern Europe & Scandinavia,Subset: Population
1700.0,1800.0,2322500.0,2496000.0,1404000.0,3814685.8965959977,830314.1034040027,Northern Europe & Scandinavia,Subset: Population
1800.0,1900.0,3115000.0,3500000.0,2000000.0,4895807.401152635,1334192.5988473657,Northern Europe & Scandinavia,Subset: Population
1900.0,2000.0,16300000.0,21920000.0,8000000.0,24381460.26408594,8218539.735914059,Northern Europe & Scandinavia,Subset: Population
2000.0,2025.0,19800000.0,26960000.0,10500000.0,25869184.459216908,13730815.540783094,Northern Europe & Scandinavia,Subset: Population
-1000.0,-900.0,6.476190476190476,6.5,6.333333333333333,6.693105561408197,6.259275390972755,Oceania & Pacific Islands,Overall
-900.0,-800.0,6.523809523809525,6.653333333333333,6.333333333333333,6.731376140168605,6.3162429074504445,Oceania & Pacific Islands,Overall
-800.0,-700.0,6.500000000000001,6.666666666666667,6.166666666666667,6.82732683535399,6.172673164646012,Oceania & Pacific Islands,Overall
-700.0,-600.0,6.583333333333334,6.833333333333333,6.333333333333333,6.9703754335002115,6.196291233166456,Oceania & Pacific Islands,Overall
-600.0,-500.0,6.428571428571429,6.986666666666666,5.846666666666667,6.93532849175697,5.921814365385887,Oceania & Pacific Islands,Overall
-500.0,-400.0,6.440476190476191,7.0,6.0,6.91442926755701,5.966523113395372,Oceania & Pacific Islands,Overall
-400.0,-300.0,6.369047619047619,6.653333333333333,6.013333333333334,6.85772323218509,5.880372005910147,Oceania & Pacific Islands,Overall
-300.0,-200.0,6.5,7.0,6.013333333333334,7.011766315719159,5.988233684280841,Oceania & Pacific Islands,Overall
-200.0,-100.0,6.392857142857144,6.833333333333333,5.693333333333333,6.965400697924337,5.8203135877899514,Oceania & Pacific Islands,Overall
-100.0,0.0,6.523809523809525,7.0,5.859999999999999,7.05031772351181,5.997301324107239,Oceania & Pacific Islands,Overall
0.0,100.0,6.559523809523809,7.0,5.846666666666667,7.142371031661602,5.976676587386017,Oceania & Pacific Islands,Overall
100.0,200.0,6.404761904761905,6.986666666666666,5.846666666666667,7.102588137607278,5.706935671916532,Oceania & Pacific Islands,Overall
200.0,300.0,6.261904761904762,6.819999999999999,5.846666666666667,7.019706212516169,5.504103311293354,Oceania & Pacific Islands,Overall
300.0,400.0,6.214285714285715,6.666666666666667,5.233333333333333,6.981750545775534,5.446820882795897,Oceania & Pacific Islands,Overall
400.0,500.0,6.357142857142857,7.166666666666667,5.680000000000001,7.271874891061835,5.442410823223878,Oceania & Pacific Islands,Overall
500.0,600.0,6.202380952380953,6.973333333333334,5.680000000000001,7.091420409583267,5.31334149517864,Oceania & Pacific Islands,Overall
600.0,700.0,6.285714285714286,7.140000000000001,6.166666666666667,7.392024776713232,5.179403794715339,Oceania & Pacific Islands,Overall
700.0,800.0,6.297619047619049,7.126666666666667,5.859999999999999,7.353927706042056,5.241310389196043,Oceania & Pacific Islands,Overall
800.0,900.0,6.297619047619048,7.306666666666667,5.859999999999999,7.582726929305911,5.012511165932185,Oceania & Pacific Islands,Overall
900.0,1000.0,6.416666666666666,7.319999999999999,6.166666666666667,7.498166947361431,5.335166385971901,Oceania & Pacific Islands,Overall
1000.0,1100.0,6.440476190476191,7.319999999999999,6.166666666666667,7.42166259344436,5.4592897875080215,Oceania & Pacific Islands,Overall
1100.0,1200.0,6.3571428571428585,6.806666666666667,6.166666666666667,7.074991115794351,5.639294598491366,Oceania & Pacific Islands,Overall
1200.0,1300.0,6.321428571428572,7.166666666666667,5.706666666666667,7.355499517296618,5.287357625560526,Oceania & Pacific Islands,Overall
1300.0,1400.0,6.273809523809525,6.833333333333333,5.846666666666667,7.1548423386704005,5.392776708948649,Oceania & Pacific Islands,Overall
1400.0,1500.0,6.25,6.819999999999999,5.680000000000001,7.015708510994571,5.484291489005429,Oceania & Pacific Islands,Overall
1500.0,1600.0,5.071428571428572,5.819999999999999,4.513333333333334,5.970533694690439,4.172323448166705,Oceania & Pacific Islands,Overall
1600.0,1700.0,4.0476190476190474,4.666666666666667,3.513333333333333,4.744632436585926,3.350605658652169,Oceania & Pacific Islands,Overall
1700.0,1800.0,3.19047619047619,3.6666666666666665,2.8333333333333335,3.804004701272624,2.5769476796797552,Oceania & Pacific Islands,Overall
1800.0,1900.0,3.2857142857142856,3.82,2.8466666666666667,3.728597029469958,2.8428315419586125,Oceania & Pacific Islands,Overall
1900.0,2000.0,6.047619047619048,6.166666666666667,5.846666666666667,6.286901800502879,5.808336294735217,Oceania & Pacific Islands,Overall
2000.0,2025.0,7.047619047619048,7.166666666666667,6.833333333333333,7.286901800502879,6.808336294735217,Oceania & Pacific Islands,Overall
-1000.0,-900.0,8.0,8.0,8.0,8.0,8.0,Oceania & Pacific Islands,Subset: Culture & Lesure
-900.0,-800.0,8.0,8.0,8.0,8.0,8.0,Oceania & Pacific Islands,Subset: Culture & Lesure
-800.0,-700.0,8.0,8.0,8.0,8.0,8.0,Oceania & Pacific Islands,Subset: Culture & Lesure
-700.0,-600.0,8.0,8.0,8.0,8.377964473009227,7.622035526990773,Oceania & Pacific Islands,Subset: Culture & Lesure
-600.0,-500.0,8.142857142857142,9.0,7.08,8.885164631815233,7.400549653899052,Oceania & Pacific Islands,Subset: Culture & Lesure
-500.0,-400.0,8.357142857142858,9.0,8.0,9.074991115794347,7.639294598491365,Oceania & Pacific Islands,Subset: Culture & Lesure
-400.0,-300.0,8.357142857142858,9.0,8.0,9.074991115794347,7.639294598491365,Oceania & Pacific Islands,Subset: Culture & Lesure
-300.0,-200.0,8.5,9.0,8.0,9.12678317052801,7.873216829471991,Oceania & Pacific Islands,Subset: Culture & Lesure
-200.0,-100.0,8.428571428571429,9.0,8.0,9.157002787656111,7.7001400694867455,Oceania & Pacific Islands,Subset: Culture & Lesure
-100.0,0.0,8.642857142857142,9.0,8.08,9.360705401508634,7.92500888420565,Oceania & Pacific Islands,Subset: Culture & Lesure
0.0,100.0,8.571428571428571,9.0,8.0,9.299859930513254,7.842997212343888,Oceania & Pacific Islands,Subset: Culture & Lesure
100.0,200.0,8.5,9.0,7.08,9.323754471047916,7.676245528952086,Oceania & Pacific Islands,Subset: Culture & Lesure
200.0,300.0,8.428571428571429,9.0,8.0,9.157002787656111,7.7001400694867455,Oceania & Pacific Islands,Subset: Culture & Lesure
300.0,400.0,8.285714285714286,9.0,7.0,9.166344857566996,7.405083713861576,Oceania & Pacific Islands,Subset: Culture & Lesure
400.0,500.0,8.571428571428571,9.0,8.0,9.550807800057292,7.59204934279985,Oceania & Pacific Islands,Subset: Culture & Lesure
500.0,600.0,8.428571428571429,9.0,8.0,9.40795065720015,7.449192199942708,Oceania & Pacific Islands,Subset: Culture & Lesure
600.0,700.0,8.5,9.0,8.0,9.680193688704165,7.319806311295835,Oceania & Pacific Islands,Subset: Culture & Lesure
700.0,800.0,8.571428571428571,9.0,8.0,9.68717852512952,7.455678617727621,Oceania & Pacific Islands,Subset: Culture & Lesure
800.0,900.0,8.428571428571429,9.0,8.0,9.776283018865229,7.080859838277628,Oceania & Pacific Islands,Subset: Culture & Lesure
900.0,1000.0,8.714285714285714,9.0,8.08,9.874862629233707,7.55370879933772,Oceania & Pacific Islands,Subset: Culture & Lesure
1000.0,1100.0,8.5,9.0,8.0,9.552208561618302,7.447791438381698,Oceania & Pacific Islands,Subset: Culture & Lesure
1100.0,1200.0,8.428571428571429,9.0,8.0,9.249223235219718,7.607919621923139,Oceania & Pacific Islands,Subset: Culture & Lesure
1200.0,1300.0,8.5,9.0,8.0,9.552208561618302,7.447791438381698,Oceania & Pacific Islands,Subset: Culture & Lesure
1300.0,1400.0,8.357142857142858,9.0,8.0,9.399608537094746,7.31467717719097,Oceania & Pacific Islands,Subset: Culture & Lesure
1400.0,1500.0,8.428571428571429,9.0,8.0,9.249223235219718,7.607919621923139,Oceania & Pacific Islands,Subset: Culture & Lesure
1500.0,1600.0,7.285714285714286,8.0,7.0,8.383020821124086,6.188407750304485,Oceania & Pacific Islands,Subset: Culture & Lesure
1600.0,1700.0,6.357142857142857,7.0,6.0,7.252140291867262,5.462145422418452,Oceania & Pacific Islands,Subset: Culture & Lesure
1700.0,1800.0,5.428571428571429,6.0,5.0,6.33207933147668,4.5250635256661775,Oceania & Pacific Islands,Subset: Culture & Lesure
1800.0,1900.0,4.857142857142857,5.0,4.08,5.37222161078057,4.342064103505144,Oceania & Pacific Islands,Subset: Culture & Lesure
1900.0,2000.0,6.928571428571429,7.0,7.0,7.186110805390285,6.671032051752572,Oceania & Pacific Islands,Subset: Culture & Lesure
2000.0,2025.0,7.857142857142857,8.0,8.0,8.207069963254739,7.507215751030974,Oceania & Pacific Islands,Subset: Culture & Lesure
-1000.0,-900.0,4.0,4.0,4.0,4.377964473009227,3.6220355269907727,Oceania & Pacific Islands,Subset: Economic Opportunity
-900.0,-800.0,4.214285714285714,4.92,4.0,4.624611617609859,3.8039598109615698,Oceania & Pacific Islands,Subset: Economic Opportunity
-800.0,-700.0,4.714285714285714,5.0,4.0,5.303300803659666,4.125270624911763,Oceania & Pacific Islands,Subset: Economic Opportunity
-700.0,-600.0,5.071428571428571,5.0,5.0,5.5287945883880605,4.614062554469082,Oceania & Pacific Islands,Subset: Economic Opportunity
-600.0,-500.0,5.142857142857143,5.0,5.0,5.492784248969026,4.79293003674526,Oceania & Pacific Islands,Subset: Economic Opportunity
-500.0,-400.0,5.214285714285714,5.92,5.0,5.624611617609859,4.80395981096157,Oceania & Pacific Islands,Subset: Economic Opportunity
-400.0,-300.0,5.285714285714286,6.0,5.0,5.985568497938051,4.585860073490521,Oceania & Pacific Islands,Subset: Economic Opportunity
-300.0,-200.0,5.571428571428571,6.0,5.0,6.2998599305132545,4.842997212343888,Oceania & Pacific Islands,Subset: Economic Opportunity
-200.0,-100.0,5.571428571428571,6.0,5.0,6.2998599305132545,4.842997212343888,Oceania & Pacific Islands,Subset: Economic Opportunity
-100.0,0.0,5.642857142857143,6.0,5.0,6.3607054015086355,4.925008884205651,Oceania & Pacific Islands,Subset: Economic Opportunity
0.0,100.0,5.714285714285714,6.0,5.0,6.414139926509479,5.014431502061949,Oceania & Pacific Islands,Subset: Economic Opportunity
100.0,200.0,5.642857142857143,6.0,5.0,6.3607054015086355,4.925008884205651,Oceania & Pacific Islands,Subset: Economic Opportunity
200.0,300.0,5.428571428571429,6.0,5.0,6.33207933147668,4.5250635256661775,Oceania & Pacific Islands,Subset: Economic Opportunity
300.0,400.0,5.357142857142857,6.0,5.0,6.328676464909674,4.3856092493760395,Oceania & Pacific Islands,Subset: Economic Opportunity
400.0,500.0,5.571428571428571,6.0,5.0,6.4749364743338225,4.66792066852332,Oceania & Pacific Islands,Subset: Economic Opportunity
500.0,600.0,5.5,6.0,5.0,6.406326967174966,4.593673032825034,Oceania & Pacific Islands,Subset: Economic Opportunity
600.0,700.0,5.5,6.0,5.0,6.739239398064106,4.260760601935894,Oceania & Pacific Islands,Subset: Economic Opportunity
700.0,800.0,5.785714285714286,6.92,5.08,6.991567358295295,4.5798612131332765,Oceania & Pacific Islands,Subset: Economic Opportunity
800.0,900.0,6.0,7.0,5.08,7.309307341415954,4.690692658584046,Oceania & Pacific Islands,Subset: Economic Opportunity
900.0,1000.0,5.857142857142857,7.0,5.08,7.102542555297335,4.611743158988379,Oceania & Pacific Islands,Subset: Economic Opportunity
1000.0,1100.0,5.928571428571429,7.0,5.08,6.961202306771497,4.89594055037136,Oceania & Pacific Islands,Subset: Economic Opportunity
1100.0,1200.0,6.0,7.0,5.08,6.8451542547285165,5.1548457452714835,Oceania & Pacific Islands,Subset: Economic Opportunity
1200.0,1300.0,5.928571428571429,7.0,5.0,7.151231626330263,4.705911230812594,Oceania & Pacific Islands,Subset: Economic Opportunity
1300.0,1400.0,5.928571428571429,7.0,5.0,6.88954457479098,4.967598282351878,Oceania & Pacific Islands,Subset: Economic Opportunity
1400.0,1500.0,5.857142857142857,7.0,5.0,6.846886175753644,4.867399538532069,Oceania & Pacific Islands,Subset: Economic Opportunity
1500.0,1600.0,4.714285714285714,6.0,4.0,5.74444322156114,3.684128207010289,Oceania & Pacific Islands,Subset: Economic Opportunity
1600.0,1700.0,3.7142857142857144,4.92,3.0,4.594916286138425,2.833655142433003,Oceania & Pacific Islands,Subset: Economic Opportunity
1700.0,1800.0,2.9285714285714284,3.92,2.0,3.632061271556864,2.2250815855859924,Oceania & Pacific Islands,Subset: Economic Opportunity
1800.0,1900.0,3.5,4.92,3.0,4.323754471047914,2.676245528952086,Oceania & Pacific Islands,Subset: Economic Opportunity
1900.0,2000.0,6.071428571428571,6.0,6.0,6.328967948247428,5.813889194609715,Oceania & Pacific Islands,Subset: Economic Opportunity
2000.0,2025.0,7.0,7.0,7.0,7.0,7.0,Oceania & Pacific Islands,Subset: Economic Opportunity
-1000.0,-900.0,6.142857142857143,6.0,6.0,6.492784248969026,5.79293003674526,Oceania & Pacific Islands,Subset: Equality
-900.0,-800.0,6.142857142857143,6.0,6.0,6.492784248969026,5.79293003674526,Oceania & Pacific Islands,Subset: Equality
-800.0,-700.0,5.857142857142857,6.0,5.08,6.37222161078057,5.342064103505144,Oceania & Pacific Islands,Subset: Equality
-700.0,-600.0,5.785714285714286,6.0,5.0,6.459570080861186,5.111858490567386,Oceania & Pacific Islands,Subset: Equality
-600.0,-500.0,5.428571428571429,6.0,5.0,6.157002787656112,4.7001400694867455,Oceania & Pacific Islands,Subset: Equality
-500.0,-400.0,5.428571428571429,6.0,5.0,6.0512712776486675,4.80587157949419,Oceania & Pacific Islands,Subset: Equality
-400.0,-300.0,5.142857142857143,5.92,5.0,5.657935896494856,4.62777838921943,Oceania & Pacific Islands,Subset: Equality
-300.0,-200.0,5.285714285714286,6.0,5.0,5.874729375088237,4.696699196340334,Oceania & Pacific Islands,Subset: Equality
-200.0,-100.0,5.0,6.0,4.0,5.755928946018455,4.244071053981545,Oceania & Pacific Islands,Subset: Equality
-100.0,0.0,5.142857142857143,6.0,4.08,5.8851646318152335,4.400549653899053,Oceania & Pacific Islands,Subset: Equality
0.0,100.0,5.285714285714286,6.0,4.08,6.166344857566997,4.405083713861575,Oceania & Pacific Islands,Subset: Equality
100.0,200.0,4.928571428571429,5.92,4.0,5.88954457479098,3.967598282351878,Oceania & Pacific Islands,Subset: Equality
200.0,300.0,4.857142857142857,5.0,4.0,5.771874891061835,3.942410823223878,Oceania & Pacific Islands,Subset: Equality
300.0,400.0,4.857142857142857,5.92,4.0,5.846886175753644,3.86739953853207,Oceania & Pacific Islands,Subset: Equality
400.0,500.0,4.928571428571429,6.0,4.0,6.151231626330263,3.7059112308125943,Oceania & Pacific Islands,Subset: Equality
500.0,600.0,4.714285714285714,5.92,4.0,5.811592249695516,3.616979178875913,Oceania & Pacific Islands,Subset: Equality
600.0,700.0,4.857142857142857,6.0,4.0,6.043803408988296,3.670482305297418,Oceania & Pacific Islands,Subset: Equality
700.0,800.0,4.785714285714286,5.92,4.0,5.991567358295295,3.5798612131332765,Oceania & Pacific Islands,Subset: Equality
800.0,900.0,4.785714285714286,6.0,4.0,6.208918488940805,3.3625100824877663,Oceania & Pacific Islands,Subset: Equality
900.0,1000.0,4.928571428571429,6.0,4.0,6.091344328292836,3.7657985288500218,Oceania & Pacific Islands,Subset: Equality
1000.0,1100.0,5.0,6.0,4.0,6.069044967649697,3.9309550323503024,Oceania & Pacific Islands,Subset: Equality
1100.0,1200.0,4.785714285714286,5.0,4.0,5.725210459854708,3.846218111573864,Oceania & Pacific Islands,Subset: Equality
1200.0,1300.0,4.785714285714286,6.0,4.0,5.991567358295295,3.5798612131332765,Oceania & Pacific Islands,Subset: Equality
1300.0,1400.0,4.785714285714286,5.92,4.0,5.930801395848671,3.6406271755799,Oceania & Pacific Islands,Subset: Equality
1400.0,1500.0,4.714285714285714,5.0,4.0,5.672600561785624,3.755970866785805,Oceania & Pacific Islands,Subset: Equality
1500.0,1600.0,3.7857142857142856,4.92,3.0,4.7983890627684165,2.773039508660155,Oceania & Pacific Islands,Subset: Equality
1600.0,1700.0,3.0,4.0,2.0,3.9258200997725514,2.0741799002274486,Oceania & Pacific Islands,Subset: Equality
1700.0,1800.0,2.2857142857142856,3.0,2.0,3.081109194690003,1.4903193767385683,Oceania & Pacific Islands,Subset: Equality
1800.0,1900.0,2.2857142857142856,3.0,2.0,2.7374682371669112,1.83396033426166,Oceania & Pacific Islands,Subset: Equality
1900.0,2000.0,4.857142857142857,5.0,5.0,5.20706996325474,4.507215751030974,Oceania & Pacific Islands,Subset: Equality
2000.0,2025.0,5.785714285714286,6.0,5.0,6.343589262564761,5.22783930886381,Oceania & Pacific Islands,Subset: Equality
-1000.0,-900.0,7.0,7.0,7.0,7.377964473009227,6.622035526990773,Oceania & Pacific Islands,Subset: Freedom
-900.0,-800.0,7.0,7.0,7.0,7.377964473009227,6.622035526990773,Oceania & Pacific Islands,Subset: Freedom
-800.0,-700.0,6.785714285714286,7.0,6.0,7.343589262564761,6.22783930886381,Oceania & Pacific Islands,Subset: Freedom
-700.0,-600.0,6.642857142857143,7.0,6.0,7.253143124665538,6.0325711610487485,Oceania & Pacific Islands,Subset: Freedom
-600.0,-500.0,6.285714285714286,7.0,6.0,6.985568497938051,5.585860073490521,Oceania & Pacific Islands,Subset: Freedom
-500.0,-400.0,6.285714285714286,7.0,6.0,6.874729375088237,5.696699196340334,Oceania & Pacific Islands,Subset: Freedom
-400.0,-300.0,6.071428571428571,6.92,6.0,6.66475884735129,5.478098295505852,Oceania & Pacific Islands,Subset: Freedom
-300.0,-200.0,6.214285714285714,7.0,6.0,6.986903844742283,5.441667583829146,Oceania & Pacific Islands,Subset: Freedom
-200.0,-100.0,6.071428571428571,7.0,6.0,6.870024277678496,5.272832865178646,Oceania & Pacific Islands,Subset: Freedom
-100.0,0.0,6.214285714285714,7.0,6.0,6.888141509432614,5.540429919138814,Oceania & Pacific Islands,Subset: Freedom
0.0,100.0,6.214285714285714,7.0,5.08,6.986903844742283,5.441667583829146,Oceania & Pacific Islands,Subset: Freedom
100.0,200.0,6.0,7.0,5.08,6.8451542547285165,5.1548457452714835,Oceania & Pacific Islands,Subset: Freedom
200.0,300.0,5.857142857142857,6.0,5.08,6.599450346100947,5.1148353681847665,Oceania & Pacific Islands,Subset: Freedom
300.0,400.0,5.857142857142857,6.92,5.08,6.771874891061835,4.942410823223878,Oceania & Pacific Islands,Subset: Freedom
400.0,500.0,5.928571428571429,7.0,5.0,6.961202306771497,4.89594055037136,Oceania & Pacific Islands,Subset: Freedom
500.0,600.0,5.714285714285714,6.92,5.0,6.594916286138425,4.833655142433003,Oceania & Pacific Islands,Subset: Freedom
600.0,700.0,5.857142857142857,7.0,5.08,6.982001124858829,4.732284589426884,Oceania & Pacific Islands,Subset: Freedom
700.0,800.0,5.714285714285714,6.92,5.0,6.74444322156114,4.684128207010289,Oceania & Pacific Islands,Subset: Freedom
800.0,900.0,5.785714285714286,7.0,5.0,7.049414715211009,4.522013856217562,Oceania & Pacific Islands,Subset: Freedom
900.0,1000.0,5.928571428571429,7.0,5.08,6.961202306771497,4.89594055037136,Oceania & Pacific Islands,Subset: Freedom
1000.0,1100.0,5.928571428571429,7.0,5.0,7.028200308452904,4.8289425486899535,Oceania & Pacific Islands,Subset: Freedom
1100.0,1200.0,5.785714285714286,6.0,5.0,6.558332416170854,5.013096155257717,Oceania & Pacific Islands,Subset: Freedom
1200.0,1300.0,5.785714285714286,7.0,5.0,6.930801395848671,4.6406271755799,Oceania & Pacific Islands,Subset: Freedom
1300.0,1400.0,5.714285714285714,6.92,5.0,6.74444322156114,4.684128207010289,Oceania & Pacific Islands,Subset: Freedom
1400.0,1500.0,5.714285714285714,6.0,5.0,6.509680623261432,4.918890805309997,Oceania & Pacific Islands,Subset: Freedom
1500.0,1600.0,4.5,5.0,4.0,5.552208561618302,3.4477914383816977,Oceania & Pacific Islands,Subset: Freedom
1600.0,1700.0,3.5,4.0,3.0,4.406326967174966,2.593673032825034,Oceania & Pacific Islands,Subset: Freedom
1700.0,1800.0,2.5714285714285716,3.0,2.0,3.474936474333823,1.6679206685233203,Oceania & Pacific Islands,Subset: Freedom
1800.0,1900.0,2.5,3.0,2.0,3.0,2.0,Oceania & Pacific Islands,Subset: Freedom
1900.0,2000.0,5.714285714285714,6.0,5.0,6.1660396657383405,5.262531762833088,Oceania & Pacific Islands,Subset: Freedom
2000.0,2025.0,7.071428571428571,7.0,7.0,7.328967948247428,6.813889194609715,Oceania & Pacific Islands,Subset: Freedom
-1000.0,-900.0,5.0,5.0,5.0,5.377964473009227,4.622035526990773,Oceania & Pacific Islands,Subset: Health & Wellbeing
-900.0,-800.0,5.071428571428571,5.0,5.0,5.328967948247428,4.813889194609715,Oceania & Pacific Islands,Subset: Health & Wellbeing
-800.0,-700.0,5.214285714285714,5.92,5.0,5.624611617609859,4.80395981096157,Oceania & Pacific Islands,Subset: Health & Wellbeing
-700.0,-600.0,5.714285714285714,6.0,5.0,6.303300803659666,5.125270624911763,Oceania & Pacific Islands,Subset: Health & Wellbeing
-600.0,-500.0,5.785714285714286,6.0,5.0,6.343589262564761,5.22783930886381,Oceania & Pacific Islands,Subset: Health & Wellbeing
-500.0,-400.0,5.857142857142857,6.0,5.08,6.37222161078057,5.342064103505144,Oceania & Pacific Islands,Subset: Health & Wellbeing
-400.0,-300.0,6.0,6.0,6.0,6.377964473009227,5.622035526990773,Oceania & Pacific Islands,Subset: Health & Wellbeing
-300.0,-200.0,6.0,6.0,6.0,6.377964473009227,5.622035526990773,Oceania & Pacific Islands,Subset: Health & Wellbeing
-200.0,-100.0,6.142857142857143,6.0,6.0,6.492784248969026,5.79293003674526,Oceania & Pacific Islands,Subset: Health & Wellbeing
-100.0,0.0,6.142857142857143,6.0,6.0,6.492784248969026,5.79293003674526,Oceania & Pacific Islands,Subset: Health & Wellbeing
0.0,100.0,6.142857142857143,6.0,6.0,6.492784248969026,5.79293003674526,Oceania & Pacific Islands,Subset: Health & Wellbeing
100.0,200.0,6.142857142857143,7.0,6.0,6.8851646318152335,5.400549653899053,Oceania & Pacific Islands,Subset: Health & Wellbeing
200.0,300.0,6.071428571428571,7.0,6.0,7.032401717648122,5.11045542520902,Oceania & Pacific Islands,Subset: Health & Wellbeing
300.0,400.0,6.071428571428571,7.0,6.0,6.870024277678496,5.272832865178646,Oceania & Pacific Islands,Subset: Health & Wellbeing
400.0,500.0,6.285714285714286,7.0,6.0,7.081109194690003,5.490319376738568,Oceania & Pacific Islands,Subset: Health & Wellbeing
500.0,600.0,6.214285714285714,7.0,6.0,7.226960491339845,5.2016109372315835,Oceania & Pacific Islands,Subset: Health & Wellbeing
600.0,700.0,6.214285714285714,7.0,6.0,7.295196139315825,5.1333752892556035,Oceania & Pacific Islands,Subset: Health & Wellbeing
700.0,800.0,6.285714285714286,7.0,6.0,7.315871792989711,5.25555677843886,Oceania & Pacific Islands,Subset: Health & Wellbeing
800.0,900.0,6.214285714285714,7.0,6.0,7.477986143782438,4.950585284788991,Oceania & Pacific Islands,Subset: Health & Wellbeing
900.0,1000.0,6.285714285714286,7.0,6.0,7.315871792989711,5.25555677843886,Oceania & Pacific Islands,Subset: Health & Wellbeing
1000.0,1100.0,6.357142857142857,7.0,6.0,7.399608537094744,5.314677177190969,Oceania & Pacific Islands,Subset: Health & Wellbeing
1100.0,1200.0,6.428571428571429,7.0,6.0,7.249223235219719,5.607919621923139,Oceania & Pacific Islands,Subset: Health & Wellbeing
1200.0,1300.0,6.285714285714286,7.0,6.0,7.166344857566997,5.405083713861575,Oceania & Pacific Islands,Subset: Health & Wellbeing
1300.0,1400.0,6.285714285714286,7.0,6.0,7.081109194690003,5.490319376738568,Oceania & Pacific Islands,Subset: Health & Wellbeing
1400.0,1500.0,6.285714285714286,7.0,6.0,6.985568497938051,5.585860073490521,Oceania & Pacific Islands,Subset: Health & Wellbeing
1500.0,1600.0,5.071428571428571,6.0,4.0,6.1710574513100465,3.971799691547096,Oceania & Pacific Islands,Subset: Health & Wellbeing
1600.0,1700.0,3.642857142857143,4.0,3.0,4.360705401508635,2.9250088842056505,Oceania & Pacific Islands,Subset: Health & Wellbeing
1700.0,1800.0,2.857142857142857,3.0,2.08,3.37222161078057,2.3420641035051446,Oceania & Pacific Islands,Subset: Health & Wellbeing
1800.0,1900.0,3.4285714285714284,4.0,3.0,4.0512712776486675,2.8058715794941893,Oceania & Pacific Islands,Subset: Health & Wellbeing
1900.0,2000.0,6.642857142857143,7.0,6.0,7.122014566607098,6.163699719107188,Oceania & Pacific Islands,Subset: Health & Wellbeing
2000.0,2025.0,7.428571428571429,8.0,7.0,7.923443087876822,6.933699769266036,Oceania & Pacific Islands,Subset: Health & Wellbeing
-1000.0,-900.0,8.714285714285714,9.0,8.0,9.16603966573834,8.262531762833088,Oceania & Pacific Islands,Subset: Peace
-900.0,-800.0,8.714285714285714,9.0,8.0,9.16603966573834,8.262531762833088,Oceania & Pacific Islands,Subset: Peace
-800.0,-700.0,8.428571428571429,9.0,8.0,9.051271277648668,7.80587157949419,Oceania & Pacific Islands,Subset: Peace
-700.0,-600.0,8.285714285714286,9.0,8.0,8.985568497938052,7.5858600734905215,Oceania & Pacific Islands,Subset: Peace
-600.0,-500.0,7.785714285714286,9.0,7.0,8.866624710744397,6.704803860684175,Oceania & Pacific Islands,Subset: Peace
-500.0,-400.0,7.5,8.0,7.0,8.323754471047915,6.676245528952086,Oceania & Pacific Islands,Subset: Peace
-400.0,-300.0,7.357142857142857,8.0,7.0,8.168415477971466,6.545870236314246,Oceania & Pacific Islands,Subset: Peace
-300.0,-200.0,7.428571428571429,8.0,7.0,8.40795065720015,6.449192199942708,Oceania & Pacific Islands,Subset: Peace
-200.0,-100.0,7.142857142857143,8.0,6.08,8.267715410573116,6.017998875141171,Oceania & Pacific Islands,Subset: Peace
-100.0,0.0,7.357142857142857,8.0,6.08,8.252140291867262,6.462145422418452,Oceania & Pacific Islands,Subset: Peace
0.0,100.0,7.428571428571429,8.0,7.0,8.249223235219718,6.607919621923139,Oceania & Pacific Islands,Subset: Peace
100.0,200.0,7.214285714285714,8.0,6.08,8.074399612770879,6.354171815800551,Oceania & Pacific Islands,Subset: Peace
200.0,300.0,6.928571428571429,8.0,6.0,8.028200308452904,5.8289425486899535,Oceania & Pacific Islands,Subset: Peace
300.0,400.0,6.857142857142857,7.0,6.0,7.771874891061835,5.942410823223878,Oceania & Pacific Islands,Subset: Peace
400.0,500.0,6.857142857142857,8.0,6.0,8.043803408988296,5.670482305297417,Oceania & Pacific Islands,Subset: Peace
500.0,600.0,6.642857142857143,7.0,6.0,7.751726764018573,5.533987521695713,Oceania & Pacific Islands,Subset: Peace
600.0,700.0,6.785714285714286,7.0,7.0,8.104727522329956,5.466701049098615,Oceania & Pacific Islands,Subset: Peace
700.0,800.0,6.642857142857143,7.92,6.0,7.984878159146853,5.300836126567433,Oceania & Pacific Islands,Subset: Peace
800.0,900.0,6.571428571428571,7.92,6.0,8.162218389380007,4.980638753477137,Oceania & Pacific Islands,Subset: Peace
900.0,1000.0,6.785714285714286,7.92,6.0,8.104727522329956,5.466701049098615,Oceania & Pacific Islands,Subset: Peace
1000.0,1100.0,6.928571428571429,8.0,6.0,8.091344328292836,5.765798528850022,Oceania & Pacific Islands,Subset: Peace
1100.0,1200.0,6.714285714285714,7.0,6.0,7.594916286138425,5.833655142433003,Oceania & Pacific Islands,Subset: Peace
1200.0,1300.0,6.642857142857143,7.92,6.0,7.873834852829578,5.411879432884708,Oceania & Pacific Islands,Subset: Peace
1300.0,1400.0,6.571428571428571,7.0,6.0,7.621209889764219,5.521647253092923,Oceania & Pacific Islands,Subset: Peace
1400.0,1500.0,6.5,7.92,6.0,7.618033988749895,5.381966011250105,Oceania & Pacific Islands,Subset: Peace
1500.0,1600.0,5.071428571428571,5.92,5.0,5.954951205489499,4.187905937367644,Oceania & Pacific Islands,Subset: Peace
1600.0,1700.0,4.071428571428571,4.92,4.0,4.66475884735129,3.4780982955058515,Oceania & Pacific Islands,Subset: Peace
1700.0,1800.0,3.0714285714285716,3.92,3.0,3.6647588473512913,2.478098295505852,Oceania & Pacific Islands,Subset: Peace
1800.0,1900.0,3.142857142857143,3.92,3.0,3.6579358964948554,2.62777838921943,Oceania & Pacific Islands,Subset: Peace
1900.0,2000.0,6.071428571428571,6.0,6.0,6.328967948247428,5.813889194609715,Oceania & Pacific Islands,Subset: Peace
2000.0,2025.0,7.142857142857143,7.0,7.0,7.492784248969025,6.792930036745261,Oceania & Pacific Islands,Subset: Peace
-1000.0,-900.0,1853571.4285714289,4840000.0,500000.0,3639474.9899689206,67667.86717393668,Oceania & Pacific Islands,Subset: Population
-900.0,-800.0,1947142.857142857,5032000.0,522400.0,3792834.4757564343,101451.2385292796,Oceania & Pacific Islands,Subset: Population
-800.0,-700.0,2040714.2857142857,5224000.0,544800.0,3946421.744472672,135006.82695589913,Oceania & Pacific Islands,Subset: Population
-700.0,-600.0,2134285.714285714,5416000.0,567200.0,4100215.934983555,168355.49358787294,Oceania & Pacific Islands,Subset: Population
-600.0,-500.0,2227857.1428571427,5608000.0,589600.0,4254198.598258367,201515.68745591864,Oceania & Pacific Islands,Subset: Population
-500.0,-400.0,2321428.5714285714,5800000.0,612000.0,4408353.3669209285,234503.7759362145,Oceania & Pacific Islands,Subset: Population
-400.0,-300.0,2415000.0,5992000.0,634400.0,4562665.676296676,267334.3237033244,Oceania & Pacific Islands,Subset: Population
-300.0,-200.0,2508571.4285714286,6184000.0,656800.0,4717122.528089769,300020.3290530876,Oceania & Pacific Islands,Subset: Population
-200.0,-100.0,2602142.8571428573,6376000.0,679200.0,4871712.289472097,332573.42481361795,Oceania & Pacific Islands,Subset: Population
-100.0,0.0,2695714.285714286,6568000.0,701600.0,5026424.521689927,365004.04973864416,Oceania & Pacific Islands,Subset: Population
0.0,100.0,2789285.714285714,6760000.0,724000.0,5181249.833359989,397321.5952114388,Oceania & Pacific Islands,Subset: Population
100.0,200.0,2882857.1428571427,6952000.0,746400.0,5336179.754487071,429534.53122721426,Oceania & Pacific Islands,Subset: Population
200.0,300.0,2962142.8571428573,7144000.0,768800.0,5480720.059145801,443565.6551399133,Oceania & Pacific Islands,Subset: Population
300.0,400.0,3041428.5714285714,7336000.0,791200.0,5626119.371236596,456737.77162054693,Oceania & Pacific Islands,Subset: Population
400.0,500.0,3131428.5714285714,7528000.0,813600.0,5778777.264374179,484079.8784829639,Oceania & Pacific Islands,Subset: Population
500.0,600.0,3221428.5714285714,7720000.0,836000.0,5931509.901633725,511347.2412234186,Oceania & Pacific Islands,Subset: Population
600.0,700.0,3300714.285714286,7912000.0,858400.0,6077964.889885135,523463.6815434368,Oceania & Pacific Islands,Subset: Population
700.0,800.0,3380000.0,8104000.0,880800.0,6225111.094993857,534888.9050061433,Oceania & Pacific Islands,Subset: Population
800.0,900.0,3459285.714285714,8296000.0,903200.0,6372900.220323861,545671.2082475671,Oceania & Pacific Islands,Subset: Population
900.0,1000.0,3538571.4285714286,8488000.0,925600.0,6521287.968771599,555854.8883712585,Oceania & Pacific Islands,Subset: Population
1000.0,1100.0,3628571.4285714286,8680000.0,948000.0,6674453.56010306,582689.2970397975,Oceania & Pacific Islands,Subset: Population
1100.0,1200.0,3718571.4285714286,8872000.0,970400.0,6827663.756251778,609479.1008910788,Oceania & Pacific Islands,Subset: Population
1200.0,1300.0,3808571.4285714286,9064000.0,992800.0,6980915.890913925,636226.9662289321,Oceania & Pacific Islands,Subset: Population
1300.0,1400.0,3898571.4285714286,9256000.0,1015200.0,7134207.50457357,662935.3525692876,Oceania & Pacific Islands,Subset: Population
1400.0,1500.0,3992142.8571428577,9448000.0,1037600.0,7289033.553739595,695252.1605461193,Oceania & Pacific Islands,Subset: Population
1500.0,1600.0,4078571.4285714286,9640000.0,1052000.0,7441856.084004178,715286.7731386796,Oceania & Pacific Islands,Subset: Population
1600.0,1700.0,4167857.1428571423,9816000.0,1124000.0,7687577.461639443,648136.824074842,Oceania & Pacific Islands,Subset: Population
1700.0,1800.0,4217857.142857143,9984000.0,1208000.0,7885846.429668551,549867.8560457341,Oceania & Pacific Islands,Subset: Population
1800.0,1900.0,4107142.8571428577,7744000.0,1200000.0,7611520.585828241,602765.128457474,Oceania & Pacific Islands,Subset: Population
1900.0,2000.0,18642857.14285714,25000000.0,9240000.0,28005450.97498006,9280263.310734224,Oceania & Pacific Islands,Subset: Population
2000.0,2025.0,37642857.14285714,42000000.0,42000000.0,48730863.16517785,26554851.12053643,Oceania & Pacific Islands,Subset: Population
-1000.0,-900.0,4.116666666666667,4.166666666666667,4.006666666666667,4.223385403957215,4.0099479293761195,Persia & Greater Iran,Overall
-900.0,-800.0,4.1416666666666675,4.166666666666667,4.006666666666667,4.250639140255184,4.032694193078151,Persia & Greater Iran,Overall
-800.0,-700.0,4.549999999999999,5.16,3.84,5.09288324916341,4.0071167508365875,Persia & Greater Iran,Overall
-700.0,-600.0,5.783333333333333,6.0,5.34,6.233950194486526,5.332716472180141,Persia & Greater Iran,Overall
-600.0,-500.0,6.533333333333331,6.833333333333333,6.166666666666667,6.889235941734375,6.177430724932288,Persia & Greater Iran,Overall
-500.0,-400.0,6.025,6.5,5.666666666666667,6.555395554698986,5.4946044453010146,Persia & Greater Iran,Overall
-400.0,-300.0,4.750000000000001,5.0,4.506666666666667,4.982737334062817,4.517262665937185,Persia & Greater Iran,Overall
-300.0,-200.0,4.408333333333333,4.666666666666667,4.166666666666667,4.743639992312178,4.073026674354488,Persia & Greater Iran,Overall
-200.0,-100.0,4.925000000000001,5.166666666666667,4.506666666666667,5.328026742978126,4.521973257021876,Persia & Greater Iran,Overall
-100.0,0.0,5.333333333333333,5.833333333333333,4.673333333333334,5.905852134577255,4.760814532089411,Persia & Greater Iran,Overall
0.0,100.0,5.833333333333334,6.0,5.5,6.162473627635526,5.504193039031142,Persia & Greater Iran,Overall
100.0,200.0,6.083333333333333,6.493333333333333,5.666666666666667,6.4427309775474635,5.723935689119203,Persia & Greater Iran,Overall
200.0,300.0,5.925,6.5,5.5,6.4372797629767895,5.41272023702321,Persia & Greater Iran,Overall
300.0,400.0,5.316666666666668,5.986666666666666,4.833333333333333,5.846079339142288,4.787253994191048,Persia & Greater Iran,Overall
400.0,500.0,4.5583333333333345,5.153333333333333,4.166666666666667,5.129090627538926,3.987576039127742,Persia & Greater Iran,Overall
500.0,600.0,4.633333333333333,5.0,4.333333333333333,5.00075679475081,4.265909871915856,Persia & Greater Iran,Overall
600.0,700.0,5.233333333333334,5.666666666666667,4.833333333333333,5.67867964052958,4.787987026137088,Persia & Greater Iran,Overall
700.0,800.0,6.158333333333334,6.666666666666667,5.673333333333334,6.584801386064133,5.731865280602535,Persia & Greater Iran,Overall
800.0,900.0,6.383333333333334,6.666666666666667,5.833333333333333,6.781593438178285,5.985073228488383,Persia & Greater Iran,Overall
900.0,1000.0,6.116666666666667,6.66,5.666666666666667,6.585412037014175,5.64792129631916,Persia & Greater Iran,Overall
1000.0,1100.0,6.000000000000001,6.493333333333333,5.506666666666667,6.414996653266292,5.58500334673371,Persia & Greater Iran,Overall
1100.0,1200.0,5.166666666666666,6.153333333333333,4.34,6.062645337047707,4.270687996285625,Persia & Greater Iran,Overall
1200.0,1300.0,2.7999999999999994,3.1666666666666665,2.3333333333333335,3.3233439489369188,2.27665605106308,Persia & Greater Iran,Overall
1300.0,1400.0,4.741666666666667,5.0,4.173333333333334,5.137741154610539,4.345592178722796,Persia & Greater Iran,Overall
1400.0,1500.0,5.516666666666667,6.0,5.0,6.010798902679119,5.022534430654214,Persia & Greater Iran,Overall
1500.0,1600.0,6.25,6.66,6.0,6.679793231940921,5.820206768059079,Persia & Greater Iran,Overall
1600.0,1700.0,5.533333333333333,5.993333333333333,5.166666666666667,6.0294292022045735,5.037237464462093,Persia & Greater Iran,Overall
1700.0,1800.0,4.016666666666667,4.333333333333333,3.8333333333333335,4.3698270016736185,3.663506331659715,Persia & Greater Iran,Overall
1800.0,1900.0,4.2666666666666675,4.5,4.006666666666667,4.498806471286403,4.034526862046932,Persia & Greater Iran,Overall
1900.0,2000.0,5.408333333333333,5.66,5.166666666666667,5.743639992312178,5.073026674354488,Persia & Greater Iran,Overall
2000.0,2025.0,4.666666666666667,4.833333333333333,4.5,4.913873282903189,4.419460050430145,Persia & Greater Iran,Overall
-1000.0,-900.0,4.85,5.0,5.0,5.207071421427142,4.492928578572857,Persia & Greater Iran,Subset: Culture & Lesure
-900.0,-800.0,4.9,5.0,5.0,5.2,4.6000000000000005,Persia & Greater Iran,Subset: Culture & Lesure
-800.0,-700.0,5.75,6.0,5.0,6.28619026473818,5.21380973526182,Persia & Greater Iran,Subset: Culture & Lesure
-700.0,-600.0,6.95,7.0,7.0,7.33405728739343,6.56594271260657,Persia & Greater Iran,Subset: Culture & Lesure
-600.0,-500.0,7.75,8.0,7.0,8.183012701892219,7.31698729810778,Persia & Greater Iran,Subset: Culture & Lesure
-500.0,-400.0,7.65,8.0,7.0,8.22227615711298,7.07772384288702,Persia & Greater Iran,Subset: Culture & Lesure
-400.0,-300.0,6.7,7.0,6.0,7.158257569495584,6.2417424305044165,Persia & Greater Iran,Subset: Culture & Lesure
-300.0,-200.0,6.15,6.0,6.0,6.507071421427143,5.792928578572858,Persia & Greater Iran,Subset: Culture & Lesure
-200.0,-100.0,6.45,7.0,6.0,6.94749371855331,5.9525062814466905,Persia & Greater Iran,Subset: Culture & Lesure
-100.0,0.0,6.85,7.0,7.0,7.326969600708472,6.373030399291527,Persia & Greater Iran,Subset: Culture & Lesure
0.0,100.0,7.65,8.0,7.0,8.126969600708474,7.173030399291528,Persia & Greater Iran,Subset: Culture & Lesure
100.0,200.0,7.95,8.0,8.0,8.167944947177034,7.732055052822966,Persia & Greater Iran,Subset: Culture & Lesure
200.0,300.0,7.85,8.0,7.0,8.422276157112979,7.27772384288702,Persia & Greater Iran,Subset: Culture & Lesure
300.0,400.0,7.3,8.0,7.0,7.9403124237432845,6.659687576256715,Persia & Greater Iran,Subset: Culture & Lesure
400.0,500.0,6.6,7.0,6.0,7.263324958071079,5.93667504192892,Persia & Greater Iran,Subset: Culture & Lesure
500.0,600.0,7.05,7.0,7.0,7.547493718553309,6.55250628144669,Persia & Greater Iran,Subset: Culture & Lesure
600.0,700.0,7.55,8.0,7.0,8.13949130612758,6.96050869387242,Persia & Greater Iran,Subset: Culture & Lesure
700.0,800.0,8.5,9.0,8.0,9.09160797830996,7.908392021690038,Persia & Greater Iran,Subset: Culture & Lesure
800.0,900.0,8.7,9.0,8.0,9.158257569495584,8.241742430504415,Persia & Greater Iran,Subset: Culture & Lesure
900.0,1000.0,8.3,9.0,8.0,8.856776436283003,7.743223563716999,Persia & Greater Iran,Subset: Culture & Lesure
1000.0,1100.0,8.1,8.0,8.0,8.535889894354067,7.664110105645932,Persia & Greater Iran,Subset: Culture & Lesure
1100.0,1200.0,7.3,8.0,7.0,8.2,6.3999999999999995,Persia & Greater Iran,Subset: Culture & Lesure
1200.0,1300.0,4.9,6.0,4.0,5.788819441731559,4.011180558268442,Persia & Greater Iran,Subset: Culture & Lesure
1300.0,1400.0,7.05,7.959999999999999,6.04,7.789932429347437,6.310067570652563,Persia & Greater Iran,Subset: Culture & Lesure
1400.0,1500.0,8.2,9.0,8.0,8.799999999999999,7.599999999999999,Persia & Greater Iran,Subset: Culture & Lesure
1500.0,1600.0,8.4,9.0,8.0,8.889897948556635,7.910102051443364,Persia & Greater Iran,Subset: Culture & Lesure
1600.0,1700.0,7.9,8.0,8.0,8.335889894354068,7.464110105645933,Persia & Greater Iran,Subset: Culture & Lesure
1700.0,1800.0,6.25,7.0,6.0,6.872494979899437,5.627505020100563,Persia & Greater Iran,Subset: Culture & Lesure
1800.0,1900.0,6.25,7.0,6.0,6.68301270189222,5.81698729810778,Persia & Greater Iran,Subset: Culture & Lesure
1900.0,2000.0,7.1,7.0,7.0,7.4,6.8,Persia & Greater Iran,Subset: Culture & Lesure
2000.0,2025.0,6.45,7.0,6.0,6.94749371855331,5.9525062814466905,Persia & Greater Iran,Subset: Culture & Lesure
-1000.0,-900.0,3.0,3.0,3.0,3.0,3.0,Persia & Greater Iran,Subset: Economic Opportunity
-900.0,-800.0,3.9,4.0,4.0,4.2,3.6,Persia & Greater Iran,Subset: Economic Opportunity
-800.0,-700.0,4.45,5.0,4.0,5.03949130612758,3.86050869387242,Persia & Greater Iran,Subset: Economic Opportunity
-700.0,-600.0,5.95,6.0,6.0,6.447493718553311,5.45250628144669,Persia & Greater Iran,Subset: Economic Opportunity
-600.0,-500.0,7.0,7.0,7.0,7.316227766016838,6.683772233983162,Persia & Greater Iran,Subset: Economic Opportunity
-500.0,-400.0,6.7,7.0,6.0,7.256776436283002,6.143223563716998,Persia & Greater Iran,Subset: Economic Opportunity
-400.0,-300.0,4.95,5.0,5.0,5.33405728739343,4.56594271260657,Persia & Greater Iran,Subset: Economic Opportunity
-300.0,-200.0,4.4,5.0,4.0,4.889897948556636,3.910102051443365,Persia & Greater Iran,Subset: Economic Opportunity
-200.0,-100.0,5.15,5.959999999999999,5.0,5.626969600708473,4.673030399291528,Persia & Greater Iran,Subset: Economic Opportunity
-100.0,0.0,5.6,6.0,5.0,6.183095189484529,5.01690481051547,Persia & Greater Iran,Subset: Economic Opportunity
0.0,100.0,6.1,6.0,6.0,6.3999999999999995,5.8,Persia & Greater Iran,Subset: Economic Opportunity
100.0,200.0,6.65,7.0,6.0,7.126969600708473,6.173030399291528,Persia & Greater Iran,Subset: Economic Opportunity
200.0,300.0,6.6,7.0,6.0,7.183095189484529,6.01690481051547,Persia & Greater Iran,Subset: Economic Opportunity
300.0,400.0,6.0,7.0,5.0,6.707106781186548,5.292893218813452,Persia & Greater Iran,Subset: Economic Opportunity
400.0,500.0,5.05,5.0,5.0,5.718954408012983,4.381045591987017,Persia & Greater Iran,Subset: Economic Opportunity
500.0,600.0,5.25,6.0,5.0,5.78619026473818,4.71380973526182,Persia & Greater Iran,Subset: Economic Opportunity
600.0,700.0,5.9,6.0,5.04,6.438516480713451,5.3614835192865495,Persia & Greater Iran,Subset: Economic Opportunity
700.0,800.0,6.75,7.0,6.0,7.28619026473818,6.21380973526182,Persia & Greater Iran,Subset: Economic Opportunity
800.0,900.0,6.8,7.0,6.0,7.3099019513592784,6.290098048640721,Persia & Greater Iran,Subset: Economic Opportunity
900.0,1000.0,6.45,7.0,6.0,6.94749371855331,5.9525062814466905,Persia & Greater Iran,Subset: Economic Opportunity
1000.0,1100.0,6.65,7.0,6.0,7.126969600708473,6.173030399291528,Persia & Greater Iran,Subset: Economic Opportunity
1100.0,1200.0,5.8,7.0,5.0,6.779795897113271,4.820204102886729,Persia & Greater Iran,Subset: Economic Opportunity
1200.0,1300.0,2.85,3.0,2.0,3.576291952316698,2.1237080476833023,Persia & Greater Iran,Subset: Economic Opportunity
1300.0,1400.0,4.8,5.0,4.0,5.3099019513592784,4.290098048640721,Persia & Greater Iran,Subset: Economic Opportunity
1400.0,1500.0,5.65,6.0,5.0,6.126969600708473,5.173030399291528,Persia & Greater Iran,Subset: Economic Opportunity
1500.0,1600.0,6.6,7.0,6.0,7.089897948556636,6.110102051443364,Persia & Greater Iran,Subset: Economic Opportunity
1600.0,1700.0,6.25,7.0,6.0,6.872494979899437,5.627505020100563,Persia & Greater Iran,Subset: Economic Opportunity
1700.0,1800.0,4.15,4.959999999999999,4.0,4.626969600708473,3.673030399291528,Persia & Greater Iran,Subset: Economic Opportunity
1800.0,1900.0,4.85,5.0,5.0,5.207071421427142,4.492928578572857,Persia & Greater Iran,Subset: Economic Opportunity
1900.0,2000.0,6.35,7.0,6.0,6.826969600708472,5.873030399291527,Persia & Greater Iran,Subset: Economic Opportunity
2000.0,2025.0,5.0,5.0,5.0,5.316227766016838,4.683772233983162,Persia & Greater Iran,Subset: Economic Opportunity
-1000.0,-900.0,4.0,4.0,4.0,4.0,4.0,Persia & Greater Iran,Subset: Equality
-900.0,-800.0,3.95,4.0,4.0,4.167944947177034,3.7320550528229663,Persia & Greater Iran,Subset: Equality
-800.0,-700.0,4.0,5.0,3.0,4.707106781186548,3.2928932188134525,Persia & Greater Iran,Subset: Equality
-700.0,-600.0,5.05,5.0,5.0,5.43405728739343,4.66594271260657,Persia & Greater Iran,Subset: Equality
-600.0,-500.0,5.65,6.0,5.0,6.126969600708473,5.173030399291528,Persia & Greater Iran,Subset: Equality
-500.0,-400.0,5.3,6.0,5.0,5.856776436283002,4.743223563716998,Persia & Greater Iran,Subset: Equality
-400.0,-300.0,4.45,5.0,4.0,4.94749371855331,3.95250628144669,Persia & Greater Iran,Subset: Equality
-300.0,-200.0,3.85,4.0,3.0,4.503834841531101,3.196165158468899,Persia & Greater Iran,Subset: Equality
-200.0,-100.0,3.95,4.959999999999999,3.0,4.618954408012983,3.2810455919870174,Persia & Greater Iran,Subset: Equality
-100.0,0.0,4.3,5.0,3.0,5.142614977317636,3.457385022682364,Persia & Greater Iran,Subset: Equality
0.0,100.0,4.85,5.0,4.04,5.326969600708472,4.373030399291527,Persia & Greater Iran,Subset: Equality
100.0,200.0,5.15,5.959999999999999,5.0,5.626969600708473,4.673030399291528,Persia & Greater Iran,Subset: Equality
200.0,300.0,5.1,6.0,5.0,5.7244997998398395,4.47550020016016,Persia & Greater Iran,Subset: Equality
300.0,400.0,4.65,5.0,4.0,5.4421489758877435,3.857851024112257,Persia & Greater Iran,Subset: Equality
400.0,500.0,3.95,4.959999999999999,3.0,4.754673846971555,3.145326153028446,Persia & Greater Iran,Subset: Equality
500.0,600.0,4.0,4.0,4.0,4.547722557505166,3.452277442494834,Persia & Greater Iran,Subset: Equality
600.0,700.0,4.2,5.0,4.0,4.8782329983125265,3.521767001687474,Persia & Greater Iran,Subset: Equality
700.0,800.0,5.0,5.959999999999999,4.04,5.632455532033676,4.367544467966324,Persia & Greater Iran,Subset: Equality
800.0,900.0,5.25,6.0,5.0,5.78619026473818,4.71380973526182,Persia & Greater Iran,Subset: Equality
900.0,1000.0,5.15,6.0,5.0,5.72227615711298,4.57772384288702,Persia & Greater Iran,Subset: Equality
1000.0,1100.0,4.9,5.0,4.04,5.438516480713451,4.3614835192865495,Persia & Greater Iran,Subset: Equality
1100.0,1200.0,4.3,5.0,4.0,5.081024967590666,3.5189750324093345,Persia & Greater Iran,Subset: Equality
1200.0,1300.0,2.4,3.0,2.0,2.98309518948453,1.8169048105154697,Persia & Greater Iran,Subset: Equality
1300.0,1400.0,3.75,4.0,3.0,4.28619026473818,3.21380973526182,Persia & Greater Iran,Subset: Equality
1400.0,1500.0,4.45,5.0,4.0,4.94749371855331,3.95250628144669,Persia & Greater Iran,Subset: Equality
1500.0,1600.0,5.15,6.0,5.0,5.803834841531101,4.4961651584689,Persia & Greater Iran,Subset: Equality
1600.0,1700.0,4.6,5.0,4.0,5.089897948556636,4.110102051443364,Persia & Greater Iran,Subset: Equality
1700.0,1800.0,3.3,4.0,3.0,3.758257569495584,2.8417424305044157,Persia & Greater Iran,Subset: Equality
1800.0,1900.0,3.15,3.0,3.0,3.5070714214271423,2.7929285785728575,Persia & Greater Iran,Subset: Equality
1900.0,2000.0,4.2,4.959999999999999,4.0,4.6000000000000005,3.8,Persia & Greater Iran,Subset: Equality
2000.0,2025.0,3.4,4.0,3.0,3.889897948556636,2.910102051443364,Persia & Greater Iran,Subset: Equality
-1000.0,-900.0,3.0,3.0,3.0,3.0,3.0,Persia & Greater Iran,Subset: Freedom
-900.0,-800.0,3.0,3.0,3.0,3.0,3.0,Persia & Greater Iran,Subset: Freedom
-800.0,-700.0,3.4,4.0,3.0,4.134846922834953,2.6651530771650465,Persia & Greater Iran,Subset: Freedom
-700.0,-600.0,4.85,5.0,4.04,5.326969600708472,4.373030399291527,Persia & Greater Iran,Subset: Freedom
-600.0,-500.0,5.7,6.0,5.0,6.158257569495584,5.2417424305044165,Persia & Greater Iran,Subset: Freedom
-500.0,-400.0,5.15,5.959999999999999,5.0,5.803834841531101,4.4961651584689,Persia & Greater Iran,Subset: Freedom
-400.0,-300.0,3.7,4.0,3.0,4.256776436283002,3.1432235637169983,Persia & Greater Iran,Subset: Freedom
-300.0,-200.0,3.35,4.0,3.0,3.826969600708473,2.8730303992915274,Persia & Greater Iran,Subset: Freedom
-200.0,-100.0,3.95,4.0,4.0,4.44749371855331,3.45250628144669,Persia & Greater Iran,Subset: Freedom
-100.0,0.0,4.4,5.0,4.0,5.134846922834954,3.665153077165047,Persia & Greater Iran,Subset: Freedom
0.0,100.0,4.8,5.0,4.0,5.3999999999999995,4.2,Persia & Greater Iran,Subset: Freedom
100.0,200.0,5.0,5.0,4.04,5.707106781186548,4.292893218813452,Persia & Greater Iran,Subset: Freedom
200.0,300.0,4.9,5.959999999999999,4.0,5.6000000000000005,4.2,Persia & Greater Iran,Subset: Freedom
300.0,400.0,4.3,5.0,4.0,4.9403124237432845,3.659687576256715,Persia & Greater Iran,Subset: Freedom
400.0,500.0,3.55,4.0,3.0,4.13949130612758,2.96050869387242,Persia & Greater Iran,Subset: Freedom
500.0,600.0,3.3,4.0,3.0,3.8567764362830017,2.743223563716998,Persia & Greater Iran,Subset: Freedom
600.0,700.0,3.95,4.0,3.04,4.53949130612758,3.36050869387242,Persia & Greater Iran,Subset: Freedom
700.0,800.0,4.9,5.0,4.04,5.438516480713451,4.3614835192865495,Persia & Greater Iran,Subset: Freedom
800.0,900.0,5.35,6.0,5.0,6.076291952316697,4.623708047683302,Persia & Greater Iran,Subset: Freedom
900.0,1000.0,5.2,6.0,5.0,5.878232998312527,4.521767001687473,Persia & Greater Iran,Subset: Freedom
1000.0,1100.0,4.85,5.0,4.0,5.42227615711298,4.27772384288702,Persia & Greater Iran,Subset: Freedom
1100.0,1200.0,4.15,5.0,3.0,5.2118380290797655,3.0881619709202353,Persia & Greater Iran,Subset: Freedom
1200.0,1300.0,1.95,2.0,2.0,2.44749371855331,1.4525062814466898,Persia & Greater Iran,Subset: Freedom
1300.0,1400.0,3.75,4.0,3.0,4.18301270189222,3.316987298107781,Persia & Greater Iran,Subset: Freedom
1400.0,1500.0,4.6,5.0,4.0,5.263324958071079,3.93667504192892,Persia & Greater Iran,Subset: Freedom
1500.0,1600.0,5.3,6.0,5.0,6.014142842854285,4.585857157145715,Persia & Greater Iran,Subset: Freedom
1600.0,1700.0,4.45,5.0,4.0,5.118954408012983,3.7810455919870174,Persia & Greater Iran,Subset: Freedom
1700.0,1800.0,3.1,3.0,3.0,3.5358898943540673,2.664110105645933,Persia & Greater Iran,Subset: Freedom
1800.0,1900.0,3.4,4.0,3.0,3.889897948556636,2.910102051443364,Persia & Greater Iran,Subset: Freedom
1900.0,2000.0,5.1,5.959999999999999,5.0,5.6385164807134505,4.561483519286549,Persia & Greater Iran,Subset: Freedom
2000.0,2025.0,3.95,4.0,4.0,4.44749371855331,3.45250628144669,Persia & Greater Iran,Subset: Freedom
-1000.0,-900.0,3.95,4.0,4.0,4.167944947177034,3.7320550528229663,Persia & Greater Iran,Subset: Health & Wellbeing
-900.0,-800.0,4.05,4.0,4.0,4.267944947177034,3.832055052822966,Persia & Greater Iran,Subset: Health & Wellbeing
-800.0,-700.0,4.75,5.0,4.0,5.18301270189222,4.31698729810778,Persia & Greater Iran,Subset: Health & Wellbeing
-700.0,-600.0,5.65,6.0,5.0,6.126969600708473,5.173030399291528,Persia & Greater Iran,Subset: Health & Wellbeing
-600.0,-500.0,6.45,7.0,6.0,6.94749371855331,5.9525062814466905,Persia & Greater Iran,Subset: Health & Wellbeing
-500.0,-400.0,6.35,7.0,6.0,6.92227615711298,5.77772384288702,Persia & Greater Iran,Subset: Health & Wellbeing
-400.0,-300.0,5.2,5.959999999999999,5.0,5.6000000000000005,4.8,Persia & Greater Iran,Subset: Health & Wellbeing
-300.0,-200.0,4.9,5.0,5.0,5.2,4.6000000000000005,Persia & Greater Iran,Subset: Health & Wellbeing
-200.0,-100.0,5.15,5.0,5.0,5.507071421427143,4.792928578572858,Persia & Greater Iran,Subset: Health & Wellbeing
-100.0,0.0,5.65,6.0,5.0,6.126969600708473,5.173030399291528,Persia & Greater Iran,Subset: Health & Wellbeing
0.0,100.0,6.1,6.0,6.0,6.3999999999999995,5.8,Persia & Greater Iran,Subset: Health & Wellbeing
100.0,200.0,6.65,7.0,6.0,7.126969600708473,6.173030399291528,Persia & Greater Iran,Subset: Health & Wellbeing
200.0,300.0,6.5,7.0,6.0,7.0,6.0,Persia & Greater Iran,Subset: Health & Wellbeing
300.0,400.0,5.95,6.0,5.04,6.53949130612758,5.36050869387242,Persia & Greater Iran,Subset: Health & Wellbeing
400.0,500.0,5.2,6.0,5.0,5.8782329983125265,4.521767001687474,Persia & Greater Iran,Subset: Health & Wellbeing
500.0,600.0,5.1,5.0,5.0,5.3999999999999995,4.8,Persia & Greater Iran,Subset: Health & Wellbeing
600.0,700.0,5.5,6.0,5.0,6.0,5.0,Persia & Greater Iran,Subset: Health & Wellbeing
700.0,800.0,6.4,7.0,6.0,6.889897948556636,5.910102051443364,Persia & Greater Iran,Subset: Health & Wellbeing
800.0,900.0,6.6,7.0,6.0,7.089897948556636,6.110102051443364,Persia & Greater Iran,Subset: Health & Wellbeing
900.0,1000.0,6.25,7.0,6.0,6.68301270189222,5.81698729810778,Persia & Greater Iran,Subset: Health & Wellbeing
1000.0,1100.0,6.2,6.959999999999999,6.0,6.6000000000000005,5.8,Persia & Greater Iran,Subset: Health & Wellbeing
1100.0,1200.0,5.5,6.0,5.0,6.366025403784438,4.633974596215562,Persia & Greater Iran,Subset: Health & Wellbeing
1200.0,1300.0,3.05,3.0,3.0,3.2679449471770337,2.832055052822966,Persia & Greater Iran,Subset: Health & Wellbeing
1300.0,1400.0,4.85,5.0,5.0,5.207071421427142,4.492928578572857,Persia & Greater Iran,Subset: Health & Wellbeing
1400.0,1500.0,5.65,6.0,5.0,6.22227615711298,5.07772384288702,Persia & Greater Iran,Subset: Health & Wellbeing
1500.0,1600.0,6.35,7.0,6.0,6.92227615711298,5.77772384288702,Persia & Greater Iran,Subset: Health & Wellbeing
1600.0,1700.0,5.95,6.0,5.04,6.53949130612758,5.36050869387242,Persia & Greater Iran,Subset: Health & Wellbeing
1700.0,1800.0,4.5,5.0,4.0,5.0,4.0,Persia & Greater Iran,Subset: Health & Wellbeing
1800.0,1900.0,4.8,5.0,4.04,5.2,4.3999999999999995,Persia & Greater Iran,Subset: Health & Wellbeing
1900.0,2000.0,6.15,6.959999999999999,6.0,6.626969600708473,5.673030399291528,Persia & Greater Iran,Subset: Health & Wellbeing
2000.0,2025.0,5.65,6.0,5.0,6.126969600708473,5.173030399291528,Persia & Greater Iran,Subset: Health & Wellbeing
-1000.0,-900.0,5.9,6.0,6.0,6.335889894354068,5.464110105645933,Persia & Greater Iran,Subset: Peace
-900.0,-800.0,5.05,5.0,5.0,5.267944947177034,4.832055052822966,Persia & Greater Iran,Subset: Peace
-800.0,-700.0,4.95,5.959999999999999,4.0,5.754673846971554,4.145326153028447,Persia & Greater Iran,Subset: Peace
-700.0,-600.0,6.25,7.0,5.04,7.384680571791022,5.115319428208978,Persia & Greater Iran,Subset: Peace
-600.0,-500.0,6.65,7.0,6.0,7.711838029079765,5.588161970920235,Persia & Greater Iran,Subset: Peace
-500.0,-400.0,5.0,6.0,4.0,6.095445115010332,3.904554884989668,Persia & Greater Iran,Subset: Peace
-400.0,-300.0,3.5,4.0,3.0,4.0,3.0,Persia & Greater Iran,Subset: Peace
-300.0,-200.0,3.8,4.0,3.0,4.478232998312526,3.121767001687473,Persia & Greater Iran,Subset: Peace
-200.0,-100.0,4.9,6.0,4.0,5.668114574786861,4.13188542521314,Persia & Greater Iran,Subset: Peace
-100.0,0.0,5.2,6.0,4.0,6.277032961426901,4.122967038573099,Persia & Greater Iran,Subset: Peace
0.0,100.0,5.5,6.0,5.0,6.241619848709567,4.758380151290433,Persia & Greater Iran,Subset: Peace
100.0,200.0,5.1,6.0,4.0,5.930662386291807,4.269337613708192,Persia & Greater Iran,Subset: Peace
200.0,300.0,4.6,5.959999999999999,4.0,5.713552872566003,3.486447127433995,Persia & Greater Iran,Subset: Peace
300.0,400.0,3.7,4.0,3.0,4.414142842854285,2.9858571571457153,Persia & Greater Iran,Subset: Peace
400.0,500.0,3.0,3.0,2.04,3.707106781186547,2.2928932188134525,Persia & Greater Iran,Subset: Peace
500.0,600.0,3.1,4.0,2.0,3.930662386291808,2.2693376137081924,Persia & Greater Iran,Subset: Peace
600.0,700.0,4.3,5.0,4.0,4.856776436283002,3.743223563716998,Persia & Greater Iran,Subset: Peace
700.0,800.0,5.4,6.0,5.0,6.06332495807108,4.736675041928921,Persia & Greater Iran,Subset: Peace
800.0,900.0,5.6,6.0,5.0,6.334846922834953,4.865153077165046,Persia & Greater Iran,Subset: Peace
900.0,1000.0,5.35,6.0,5.0,6.142148975887743,4.5578510241122565,Persia & Greater Iran,Subset: Peace
1000.0,1100.0,5.3,6.0,4.0,6.2,4.3999999999999995,Persia & Greater Iran,Subset: Peace
1100.0,1200.0,3.95,5.959999999999999,3.0,5.193985530462473,2.7060144695375277,Persia & Greater Iran,Subset: Peace
1200.0,1300.0,1.65,2.0,1.0,2.3762919523166977,0.9237080476833024,Persia & Greater Iran,Subset: Peace
1300.0,1400.0,4.25,5.0,4.0,4.68301270189222,3.816987298107781,Persia & Greater Iran,Subset: Peace
1400.0,1500.0,4.55,5.959999999999999,4.0,5.523396116696589,3.5766038833034104,Persia & Greater Iran,Subset: Peace
1500.0,1600.0,5.7,6.0,5.0,6.256776436283002,5.143223563716998,Persia & Greater Iran,Subset: Peace
1600.0,1700.0,4.05,4.0,3.04,4.854673846971554,3.245326153028446,Persia & Greater Iran,Subset: Peace
1700.0,1800.0,2.8,3.0,2.04,3.1999999999999997,2.4,Persia & Greater Iran,Subset: Peace
1800.0,1900.0,3.15,3.959999999999999,3.0,3.6269696007084726,2.673030399291527,Persia & Greater Iran,Subset: Peace
1900.0,2000.0,3.55,4.0,3.0,4.0474937185533095,3.0525062814466897,Persia & Greater Iran,Subset: Peace
2000.0,2025.0,3.55,4.0,3.0,4.218954408012983,2.881045591987017,Persia & Greater Iran,Subset: Peace
-1000.0,-900.0,2710000.0,3500000.0,2000000.0,3633525.852372309,1786474.1476276908,Persia & Greater Iran,Subset: Population
-900.0,-800.0,3105000.0,4000000.0,2200000.0,4156891.154064906,2053108.845935094,Persia & Greater Iran,Subset: Population
-800.0,-700.0,3530000.0,4500000.0,2500000.0,4677649.772360889,2382350.227639111,Persia & Greater Iran,Subset: Population
-700.0,-600.0,4115000.0,5000000.0,3000000.0,5396122.554637143,2833877.4453628566,Persia & Greater Iran,Subset: Population
-600.0,-500.0,6060000.0,7959999.999999999,3500000.0,9067224.634110328,3052775.3658896713,Persia & Greater Iran,Subset: Population
-500.0,-400.0,7100000.0,8960000.0,4000000.0,10913135.192987524,3286864.807012476,Persia & Greater Iran,Subset: Population
-400.0,-300.0,5515000.0,7000000.0,3500000.0,8038742.261008441,2991257.7389915586,Persia & Greater Iran,Subset: Population
-300.0,-200.0,5060000.0,6480000.0,3008000.0,7160809.367838977,2959190.6321610236,Persia & Greater Iran,Subset: Population
-200.0,-100.0,5380000.0,7000000.0,3020000.0,7594407.369929932,3165592.6300700675,Persia & Greater Iran,Subset: Population
-100.0,0.0,5990000.0,7980000.0,3520000.0,8316349.070969359,3663650.929030641,Persia & Greater Iran,Subset: Population
0.0,100.0,6735000.0,8960000.0,4008000.0,9358790.197405271,4111209.8025947274,Persia & Greater Iran,Subset: Population
100.0,200.0,7345000.0,9960000.0,4500000.0,10191484.674119992,4498515.325880008,Persia & Greater Iran,Subset: Population
200.0,300.0,7810000.0,10919999.999999998,4712000.0,10865143.204499586,4754856.795500414,Persia & Greater Iran,Subset: Population
300.0,400.0,8110000.0,11899999.999999998,5012000.0,11375715.848018624,4844284.151981376,Persia & Greater Iran,Subset: Population
400.0,500.0,7760000.0,10919999.999999998,4824000.0,10667817.050641254,4852182.949358746,Persia & Greater Iran,Subset: Population
500.0,600.0,6905000.0,8980000.0,4540000.0,9292147.879792957,4517852.120207045,Persia & Greater Iran,Subset: Population
600.0,700.0,7095000.0,8960000.0,4272000.0,9605473.06299032,4584526.937009679,Persia & Greater Iran,Subset: Population
700.0,800.0,7685000.0,9960000.0,4580000.0,10388752.022652963,4981247.977347035,Persia & Greater Iran,Subset: Population
800.0,900.0,8245000.0,10960000.0,4876000.0,11176804.052115353,5313195.947884647,Persia & Greater Iran,Subset: Population
900.0,1000.0,8725000.0,11960000.0,5272000.0,11889786.722671846,5560213.277328154,Persia & Greater Iran,Subset: Population
1000.0,1100.0,9300000.0,12960000.0,5568000.0,12698381.967937095,5901618.032062905,Persia & Greater Iran,Subset: Population
1100.0,1200.0,9765000.0,13960000.0,6056000.0,13437094.0892085,6092905.9107915005,Persia & Greater Iran,Subset: Population
1200.0,1300.0,7225000.0,9000000.0,4040000.0,9965779.99846759,4484220.00153241,Persia & Greater Iran,Subset: Population
1300.0,1400.0,6625000.0,8480000.0,4500000.0,8985481.942316018,4264518.057683982,Persia & Greater Iran,Subset: Population
1400.0,1500.0,7290000.0,9000000.0,4808000.0,9884783.227940246,4695216.7720597545,Persia & Greater Iran,Subset: Population
1500.0,1600.0,8260000.0,11000000.0,5232000.0,11079468.034931412,5440531.965068588,Persia & Greater Iran,Subset: Population
1600.0,1700.0,8970000.0,12000000.0,6020000.0,11944407.504024962,5995592.495975038,Persia & Greater Iran,Subset: Population
1700.0,1800.0,8125000.0,10960000.0,5520000.0,10849311.839712922,5400688.1602870785,Persia & Greater Iran,Subset: Population
1800.0,1900.0,8850000.0,9960000.0,7040000.0,11179699.551444348,6520300.448555651,Persia & Greater Iran,Subset: Population
1900.0,2000.0,23900000.0,30000000.0,20000000.0,29857348.40344259,17942651.59655741,Persia & Greater Iran,Subset: Population
2000.0,2025.0,85000000.0,85000000.0,85000000.0,85000000.0,85000000.0,Persia & Greater Iran,Subset: Population
-1000.0,-900.0,3.35,3.5,3.013333333333333,3.546497102042527,3.1535028979574733,Russia & the Eurasian Steppe,Overall
-900.0,-800.0,3.5416666666666665,3.826666666666666,3.3333333333333335,3.758173017612776,3.3251603157205567,Russia & the Eurasian Steppe,Overall
-800.0,-700.0,3.7166666666666663,3.8333333333333335,3.506666666666667,3.940893734117895,3.492439599215438,Russia & the Eurasian Steppe,Overall
-700.0,-600.0,3.5083333333333337,3.826666666666666,3.0,3.8752839809384,3.141382685728267,Russia & the Eurasian Steppe,Overall
-600.0,-500.0,3.7,3.8333333333333335,3.5,4.03166247903554,3.3683375209644604,Russia & the Eurasian Steppe,Overall
-500.0,-400.0,3.8333333333333335,4.326666666666666,3.3333333333333335,4.365623980755711,3.3010426859109563,Russia & the Eurasian Steppe,Overall
-400.0,-300.0,3.766666666666667,4.166666666666667,3.3333333333333335,4.239248229291928,3.294085104041406,Russia & the Eurasian Steppe,Overall
-300.0,-200.0,3.750000000000001,4.16,3.5,4.159945795874963,3.3400542041250394,Russia & the Eurasian Steppe,Overall
-200.0,-100.0,3.6833333333333336,4.166666666666667,3.1666666666666665,4.194051781534819,3.172614885131848,Russia & the Eurasian Steppe,Overall
-100.0,0.0,3.65,4.0,3.1666666666666665,4.087480158280223,3.212519841719777,Russia & the Eurasian Steppe,Overall
0.0,100.0,3.183333333333333,3.5,2.8400000000000003,3.636409240635606,2.73025742603106,Russia & the Eurasian Steppe,Overall
100.0,200.0,3.375000000000001,4.0,2.8333333333333335,3.896416340365356,2.8535836596346456,Russia & the Eurasian Steppe,Overall
200.0,300.0,3.2083333333333335,3.6666666666666665,2.8333333333333335,3.69674060873642,2.719926057930247,Russia & the Eurasian Steppe,Overall
300.0,400.0,3.3083333333333336,3.6666666666666665,3.0,3.662965380515887,2.95370128615078,Russia & the Eurasian Steppe,Overall
400.0,500.0,3.4083333333333328,3.8333333333333335,3.0,3.8181944209119303,2.998472245754735,Russia & the Eurasian Steppe,Overall
500.0,600.0,3.5833333333333335,4.0,3.1666666666666665,4.090230210858185,3.076436455808482,Russia & the Eurasian Steppe,Overall
600.0,700.0,4.0,4.493333333333333,3.6666666666666665,4.491596040125088,3.5084039598749124,Russia & the Eurasian Steppe,Overall
700.0,800.0,4.366666666666667,4.666666666666667,4.0,4.748911498039324,3.98442183529401,Russia & the Eurasian Steppe,Overall
800.0,900.0,4.9416666666666655,5.326666666666666,4.673333333333334,5.315368122079644,4.5679652112536875,Russia & the Eurasian Steppe,Overall
900.0,1000.0,5.208333333333333,5.666666666666667,4.84,5.655158553948484,4.761508112718182,Russia & the Eurasian Steppe,Overall
1000.0,1100.0,4.65,4.993333333333333,4.34,5.271154838452808,4.028845161547193,Russia & the Eurasian Steppe,Overall
1100.0,1200.0,3.2,3.6666666666666665,2.6666666666666665,3.78831208649076,2.611687913509241,Russia & the Eurasian Steppe,Overall
1200.0,1300.0,2.2666666666666666,2.82,1.8333333333333333,2.6659716183570312,1.867361714976302,Russia & the Eurasian Steppe,Overall
1300.0,1400.0,3.258333333333333,3.6666666666666665,3.0,3.6176343522885017,2.8990323143781644,Russia & the Eurasian Steppe,Overall
1400.0,1500.0,4.074999999999999,4.493333333333333,3.8333333333333335,4.40191742076555,3.748082579234449,Russia & the Eurasian Steppe,Overall
1500.0,1600.0,3.499999999999999,3.6666666666666665,3.3333333333333335,3.773861278752582,3.226138721247416,Russia & the Eurasian Steppe,Overall
1600.0,1700.0,2.7499999999999996,3.1666666666666665,2.5,3.1355011168740123,2.3644988831259868,Russia & the Eurasian Steppe,Overall
1700.0,1800.0,4.191666666666666,4.5,4.0,4.4719195286800035,3.9114138046533298,Russia & the Eurasian Steppe,Overall
1800.0,1900.0,4.325,4.666666666666667,4.0,4.710411035994906,3.939588964005094,Russia & the Eurasian Steppe,Overall
1900.0,2000.0,4.5166666666666675,5.0,4.0,5.0079800990994565,4.0253532342338785,Russia & the Eurasian Steppe,Overall
2000.0,2025.0,4.816666666666666,5.0,4.5,5.109639930520783,4.52369340281255,Russia & the Eurasian Steppe,Overall
-1000.0,-900.0,2.8,3.0,2.04,3.1999999999999997,2.4,Russia & the Eurasian Steppe,Subset: Culture & Lesure
-900.0,-800.0,3.45,4.0,3.0,3.9474937185533103,2.95250628144669,Russia & the Eurasian Steppe,Subset: Culture & Lesure
-800.0,-700.0,3.95,4.0,4.0,4.44749371855331,3.4525062814466905,Russia & the Eurasian Steppe,Subset: Culture & Lesure
-700.0,-600.0,3.7,4.0,3.0,4.158257569495584,3.241742430504416,Russia & the Eurasian Steppe,Subset: Culture & Lesure
-600.0,-500.0,3.9,4.0,3.04,4.43851648071345,3.3614835192865495,Russia & the Eurasian Steppe,Subset: Culture & Lesure
-500.0,-400.0,4.35,5.0,3.04,5.142148975887743,3.5578510241122565,Russia & the Eurasian Steppe,Subset: Culture & Lesure
-400.0,-300.0,4.35,5.0,3.04,5.142148975887743,3.5578510241122565,Russia & the Eurasian Steppe,Subset: Culture & Lesure
-300.0,-200.0,4.35,5.0,4.0,5.0038348415311,3.6961651584688986,Russia & the Eurasian Steppe,Subset: Culture & Lesure
-200.0,-100.0,4.35,5.0,4.0,5.076291952316697,3.623708047683302,Russia & the Eurasian Steppe,Subset: Culture & Lesure
-100.0,0.0,4.35,5.0,4.0,5.003834841531101,3.6961651584688986,Russia & the Eurasian Steppe,Subset: Culture & Lesure
0.0,100.0,3.95,4.959999999999999,3.0,4.618954408012983,3.2810455919870174,Russia & the Eurasian Steppe,Subset: Culture & Lesure
100.0,200.0,4.0,5.0,3.0,4.894427190999916,3.1055728090000843,Russia & the Eurasian Steppe,Subset: Culture & Lesure
200.0,300.0,3.9,4.0,3.0,4.668114574786861,3.131885425213139,Russia & the Eurasian Steppe,Subset: Culture & Lesure
300.0,400.0,4.05,4.0,4.0,4.43405728739343,3.6659427126065696,Russia & the Eurasian Steppe,Subset: Culture & Lesure
400.0,500.0,4.15,5.0,4.0,4.72227615711298,3.5777238428870204,Russia & the Eurasian Steppe,Subset: Culture & Lesure
500.0,600.0,4.45,5.0,4.0,5.189932429347437,3.710067570652563,Russia & the Eurasian Steppe,Subset: Culture & Lesure
600.0,700.0,5.0,5.0,5.0,5.632455532033676,4.367544467966324,Russia & the Eurasian Steppe,Subset: Culture & Lesure
700.0,800.0,5.55,6.0,5.0,6.218954408012983,4.881045591987017,Russia & the Eurasian Steppe,Subset: Culture & Lesure
800.0,900.0,6.1,6.0,6.0,6.3999999999999995,5.8,Russia & the Eurasian Steppe,Subset: Culture & Lesure
900.0,1000.0,6.35,7.0,6.0,6.826969600708472,5.873030399291527,Russia & the Eurasian Steppe,Subset: Culture & Lesure
1000.0,1100.0,6.2,7.0,6.0,6.878232998312527,5.521767001687473,Russia & the Eurasian Steppe,Subset: Culture & Lesure
1100.0,1200.0,4.7,5.0,4.0,5.542614977317636,3.857385022682364,Russia & the Eurasian Steppe,Subset: Culture & Lesure
1200.0,1300.0,3.55,4.0,3.0,4.13949130612758,2.96050869387242,Russia & the Eurasian Steppe,Subset: Culture & Lesure
1300.0,1400.0,4.3,5.0,4.0,4.9403124237432845,3.659687576256715,Russia & the Eurasian Steppe,Subset: Culture & Lesure
1400.0,1500.0,5.15,6.0,5.0,5.72227615711298,4.57772384288702,Russia & the Eurasian Steppe,Subset: Culture & Lesure
1500.0,1600.0,5.1,5.959999999999999,5.0,5.6385164807134505,4.561483519286549,Russia & the Eurasian Steppe,Subset: Culture & Lesure
1600.0,1700.0,4.1,5.0,3.04,4.86811457478686,3.3318854252131387,Russia & the Eurasian Steppe,Subset: Culture & Lesure
1700.0,1800.0,6.05,6.0,6.0,6.5474937185533095,5.55250628144669,Russia & the Eurasian Steppe,Subset: Culture & Lesure
1800.0,1900.0,6.1,6.959999999999999,6.0,6.8,5.3999999999999995,Russia & the Eurasian Steppe,Subset: Culture & Lesure
1900.0,2000.0,6.25,7.0,6.0,6.872494979899437,5.627505020100563,Russia & the Eurasian Steppe,Subset: Culture & Lesure
2000.0,2025.0,6.2,7.0,6.0,6.709901951359279,5.6900980486407216,Russia & the Eurasian Steppe,Subset: Culture & Lesure
-1000.0,-900.0,2.05,2.0,2.0,2.2679449471770337,1.8320550528229664,Russia & the Eurasian Steppe,Subset: Economic Opportunity
-900.0,-800.0,2.95,3.0,3.0,3.3340572873934304,2.56594271260657,Russia & the Eurasian Steppe,Subset: Economic Opportunity
-800.0,-700.0,3.1,3.0,3.0,3.4,2.8000000000000003,Russia & the Eurasian Steppe,Subset: Economic Opportunity
-700.0,-600.0,2.95,3.0,3.0,3.3340572873934304,2.56594271260657,Russia & the Eurasian Steppe,Subset: Economic Opportunity
-600.0,-500.0,3.1,3.0,3.0,3.5358898943540673,2.664110105645933,Russia & the Eurasian Steppe,Subset: Economic Opportunity
-500.0,-400.0,3.45,4.0,3.0,4.118954408012983,2.7810455919870174,Russia & the Eurasian Steppe,Subset: Economic Opportunity
-400.0,-300.0,3.5,4.0,3.0,4.170820393249937,2.829179606750063,Russia & the Eurasian Steppe,Subset: Economic Opportunity
-300.0,-200.0,3.6,4.0,3.0,4.26332495807108,2.93667504192892,Russia & the Eurasian Steppe,Subset: Economic Opportunity
-200.0,-100.0,3.7,4.959999999999999,3.0,4.542614977317636,2.8573850226823643,Russia & the Eurasian Steppe,Subset: Economic Opportunity
-100.0,0.0,3.7,4.0,3.0,4.414142842854285,2.9858571571457153,Russia & the Eurasian Steppe,Subset: Economic Opportunity
0.0,100.0,3.25,4.0,3.0,3.948212002188447,2.551787997811553,Russia & the Eurasian Steppe,Subset: Economic Opportunity
100.0,200.0,3.5,4.0,3.0,4.170820393249937,2.829179606750063,Russia & the Eurasian Steppe,Subset: Economic Opportunity
200.0,300.0,3.2,4.0,3.0,3.8,2.6,Russia & the Eurasian Steppe,Subset: Economic Opportunity
300.0,400.0,3.4,4.0,3.0,3.889897948556636,2.910102051443364,Russia & the Eurasian Steppe,Subset: Economic Opportunity
400.0,500.0,3.45,4.0,3.0,3.9474937185533103,2.95250628144669,Russia & the Eurasian Steppe,Subset: Economic Opportunity
500.0,600.0,3.65,4.0,3.0,4.303834841531101,2.996165158468899,Russia & the Eurasian Steppe,Subset: Economic Opportunity
600.0,700.0,4.1,4.959999999999999,4.0,4.6385164807134505,3.5614835192865493,Russia & the Eurasian Steppe,Subset: Economic Opportunity
700.0,800.0,4.5,5.0,4.0,5.091607978309962,3.9083920216900383,Russia & the Eurasian Steppe,Subset: Economic Opportunity
800.0,900.0,5.05,5.0,5.0,5.5474937185533095,4.55250628144669,Russia & the Eurasian Steppe,Subset: Economic Opportunity
900.0,1000.0,5.5,6.0,5.0,6.091607978309962,4.908392021690038,Russia & the Eurasian Steppe,Subset: Economic Opportunity
1000.0,1100.0,5.15,6.0,5.0,5.9421489758877435,4.357851024112257,Russia & the Eurasian Steppe,Subset: Economic Opportunity
1100.0,1200.0,3.5,4.0,3.0,4.306225774829855,2.693774225170145,Russia & the Eurasian Steppe,Subset: Economic Opportunity
1200.0,1300.0,2.4,3.0,2.0,2.889897948556636,1.910102051443364,Russia & the Eurasian Steppe,Subset: Economic Opportunity
1300.0,1400.0,3.4,4.0,3.0,3.889897948556636,2.910102051443364,Russia & the Eurasian Steppe,Subset: Economic Opportunity
1400.0,1500.0,4.35,5.0,4.0,4.826969600708472,3.873030399291527,Russia & the Eurasian Steppe,Subset: Economic Opportunity
1500.0,1600.0,4.15,4.959999999999999,4.0,4.626969600708473,3.673030399291528,Russia & the Eurasian Steppe,Subset: Economic Opportunity
1600.0,1700.0,3.2,4.0,3.0,3.8,2.6,Russia & the Eurasian Steppe,Subset: Economic Opportunity
1700.0,1800.0,5.2,6.0,5.0,5.709901951359279,4.6900980486407216,Russia & the Eurasian Steppe,Subset: Economic Opportunity
1800.0,1900.0,5.35,6.0,5.0,5.92227615711298,4.77772384288702,Russia & the Eurasian Steppe,Subset: Economic Opportunity
1900.0,2000.0,5.65,6.0,5.0,6.22227615711298,5.07772384288702,Russia & the Eurasian Steppe,Subset: Economic Opportunity
2000.0,2025.0,5.35,6.0,5.0,5.826969600708472,4.873030399291527,Russia & the Eurasian Steppe,Subset: Economic Opportunity
-1000.0,-900.0,3.85,4.0,3.04,4.326969600708473,3.3730303992915274,Russia & the Eurasian Steppe,Subset: Equality
-900.0,-800.0,3.85,4.0,3.04,4.326969600708473,3.3730303992915274,Russia & the Eurasian Steppe,Subset: Equality
-800.0,-700.0,3.8,4.0,3.0,4.3099019513592784,3.290098048640721,Russia & the Eurasian Steppe,Subset: Equality
-700.0,-600.0,3.75,4.0,3.0,4.448212002188447,3.051787997811553,Russia & the Eurasian Steppe,Subset: Equality
-600.0,-500.0,3.95,4.959999999999999,3.0,4.618954408012983,3.2810455919870174,Russia & the Eurasian Steppe,Subset: Equality
-500.0,-400.0,4.0,4.959999999999999,3.04,4.632455532033676,3.367544467966324,Russia & the Eurasian Steppe,Subset: Equality
-400.0,-300.0,3.9,4.959999999999999,3.0,4.6,3.1999999999999997,Russia & the Eurasian Steppe,Subset: Equality
-300.0,-200.0,3.9,4.0,3.04,4.43851648071345,3.3614835192865495,Russia & the Eurasian Steppe,Subset: Equality
-200.0,-100.0,3.8,4.0,3.0,4.3099019513592784,3.290098048640721,Russia & the Eurasian Steppe,Subset: Equality
-100.0,0.0,3.7,4.0,3.0,4.256776436283002,3.1432235637169983,Russia & the Eurasian Steppe,Subset: Equality
0.0,100.0,3.3,4.0,3.0,3.8567764362830017,2.743223563716998,Russia & the Eurasian Steppe,Subset: Equality
100.0,200.0,3.55,4.0,3.0,4.218954408012983,2.881045591987017,Russia & the Eurasian Steppe,Subset: Equality
200.0,300.0,3.45,4.0,3.0,4.118954408012983,2.7810455919870174,Russia & the Eurasian Steppe,Subset: Equality
300.0,400.0,3.4,4.0,3.0,3.98309518948453,2.81690481051547,Russia & the Eurasian Steppe,Subset: Equality
400.0,500.0,3.65,4.0,3.0,4.222276157112979,3.07772384288702,Russia & the Eurasian Steppe,Subset: Equality
500.0,600.0,3.65,4.0,3.0,4.126969600708473,3.173030399291527,Russia & the Eurasian Steppe,Subset: Equality
600.0,700.0,3.75,4.0,3.0,4.448212002188447,3.051787997811553,Russia & the Eurasian Steppe,Subset: Equality
700.0,800.0,3.85,4.0,3.0,4.42227615711298,3.27772384288702,Russia & the Eurasian Steppe,Subset: Equality
800.0,900.0,4.25,5.0,4.0,4.872494979899437,3.627505020100563,Russia & the Eurasian Steppe,Subset: Equality
900.0,1000.0,4.3,5.0,4.0,4.9403124237432845,3.659687576256715,Russia & the Eurasian Steppe,Subset: Equality
1000.0,1100.0,3.55,4.0,3.0,4.218954408012983,2.881045591987017,Russia & the Eurasian Steppe,Subset: Equality
1100.0,1200.0,2.7,3.0,2.0,3.256776436283002,2.1432235637169983,Russia & the Eurasian Steppe,Subset: Equality
1200.0,1300.0,2.1,2.0,2.0,2.535889894354068,1.6641101056459326,Russia & the Eurasian Steppe,Subset: Equality
1300.0,1400.0,2.9,3.0,3.0,3.3358898943540676,2.464110105645932,Russia & the Eurasian Steppe,Subset: Equality
1400.0,1500.0,3.25,4.0,3.0,3.683012701892219,2.816987298107781,Russia & the Eurasian Steppe,Subset: Equality
1500.0,1600.0,2.2,2.959999999999999,2.0,2.6,1.8000000000000005,Russia & the Eurasian Steppe,Subset: Equality
1600.0,1700.0,2.1,2.0,2.0,2.4,1.8,Russia & the Eurasian Steppe,Subset: Equality
1700.0,1800.0,2.35,3.0,2.0,2.826969600708473,1.8730303992915271,Russia & the Eurasian Steppe,Subset: Equality
1800.0,1900.0,2.65,3.0,2.0,3.1269696007084726,2.173030399291527,Russia & the Eurasian Steppe,Subset: Equality
1900.0,2000.0,3.6,4.0,3.0,4.18309518948453,3.01690481051547,Russia & the Eurasian Steppe,Subset: Equality
2000.0,2025.0,3.5,4.0,3.0,4.0,3.0,Russia & the Eurasian Steppe,Subset: Equality
-1000.0,-900.0,2.25,3.0,2.0,2.683012701892219,1.8169872981077808,Russia & the Eurasian Steppe,Subset: Freedom
-900.0,-800.0,2.4,3.0,2.0,2.889897948556636,1.910102051443364,Russia & the Eurasian Steppe,Subset: Freedom
-800.0,-700.0,2.75,3.0,2.0,3.183012701892219,2.316987298107781,Russia & the Eurasian Steppe,Subset: Freedom
-700.0,-600.0,2.6,3.0,2.0,3.18309518948453,2.01690481051547,Russia & the Eurasian Steppe,Subset: Freedom
-600.0,-500.0,3.0,3.0,3.0,3.447213595499958,2.552786404500042,Russia & the Eurasian Steppe,Subset: Freedom
-500.0,-400.0,2.95,3.0,3.0,3.4474937185533103,2.45250628144669,Russia & the Eurasian Steppe,Subset: Freedom
-400.0,-300.0,2.95,3.0,3.0,3.4474937185533103,2.45250628144669,Russia & the Eurasian Steppe,Subset: Freedom
-300.0,-200.0,2.95,3.0,3.0,3.4474937185533103,2.45250628144669,Russia & the Eurasian Steppe,Subset: Freedom
-200.0,-100.0,2.9,3.0,2.0,3.5244997998398397,2.27550020016016,Russia & the Eurasian Steppe,Subset: Freedom
-100.0,0.0,2.95,3.0,2.04,3.53949130612758,2.36050869387242,Russia & the Eurasian Steppe,Subset: Freedom
0.0,100.0,2.4,3.0,2.0,3.134846922834954,1.6651530771650465,Russia & the Eurasian Steppe,Subset: Freedom
100.0,200.0,2.75,3.0,2.0,3.448212002188447,2.051787997811553,Russia & the Eurasian Steppe,Subset: Freedom
200.0,300.0,2.6,3.0,2.0,3.3348469228349535,1.8651530771650464,Russia & the Eurasian Steppe,Subset: Freedom
300.0,400.0,2.75,3.0,2.0,3.448212002188447,2.051787997811553,Russia & the Eurasian Steppe,Subset: Freedom
400.0,500.0,2.85,3.0,2.0,3.42227615711298,2.27772384288702,Russia & the Eurasian Steppe,Subset: Freedom
500.0,600.0,2.95,3.0,2.04,3.618954408012983,2.2810455919870174,Russia & the Eurasian Steppe,Subset: Freedom
600.0,700.0,3.4,4.0,3.0,4.06332495807108,2.73667504192892,Russia & the Eurasian Steppe,Subset: Freedom
700.0,800.0,4.05,4.0,4.0,4.5474937185533095,3.55250628144669,Russia & the Eurasian Steppe,Subset: Freedom
800.0,900.0,4.7,5.0,4.0,5.256776436283002,4.143223563716998,Russia & the Eurasian Steppe,Subset: Freedom
900.0,1000.0,5.05,5.0,5.0,5.5474937185533095,4.55250628144669,Russia & the Eurasian Steppe,Subset: Freedom
1000.0,1100.0,4.45,5.0,4.0,5.189932429347437,3.710067570652563,Russia & the Eurasian Steppe,Subset: Freedom
1100.0,1200.0,2.7,3.0,2.0,3.414142842854285,1.985857157145715,Russia & the Eurasian Steppe,Subset: Freedom
1200.0,1300.0,1.7,2.0,1.0,2.340312423743285,1.059687576256715,Russia & the Eurasian Steppe,Subset: Freedom
1300.0,1400.0,2.8,3.0,2.0,3.4,2.1999999999999997,Russia & the Eurasian Steppe,Subset: Freedom
1400.0,1500.0,3.75,4.0,3.0,4.28619026473818,3.21380973526182,Russia & the Eurasian Steppe,Subset: Freedom
1500.0,1600.0,2.95,3.0,3.0,3.3340572873934304,2.56594271260657,Russia & the Eurasian Steppe,Subset: Freedom
1600.0,1700.0,2.25,3.0,2.0,2.683012701892219,1.8169872981077808,Russia & the Eurasian Steppe,Subset: Freedom
1700.0,1800.0,3.7,4.0,3.0,4.158257569495584,3.241742430504416,Russia & the Eurasian Steppe,Subset: Freedom
1800.0,1900.0,3.9,5.0,3.0,4.730662386291807,3.069337613708192,Russia & the Eurasian Steppe,Subset: Freedom
1900.0,2000.0,3.4,4.0,3.0,4.2,2.5999999999999996,Russia & the Eurasian Steppe,Subset: Freedom
2000.0,2025.0,4.3,5.0,4.0,4.9403124237432845,3.659687576256715,Russia & the Eurasian Steppe,Subset: Freedom
-1000.0,-900.0,3.0,3.0,3.0,3.0,3.0,Russia & the Eurasian Steppe,Subset: Health & Wellbeing
-900.0,-800.0,3.0,3.0,3.0,3.0,3.0,Russia & the Eurasian Steppe,Subset: Health & Wellbeing
-800.0,-700.0,3.3,4.0,3.0,3.758257569495584,2.8417424305044157,Russia & the Eurasian Steppe,Subset: Health & Wellbeing
-700.0,-600.0,3.25,4.0,3.0,3.683012701892219,2.816987298107781,Russia & the Eurasian Steppe,Subset: Health & Wellbeing
-600.0,-500.0,3.55,4.0,3.0,4.0474937185533095,3.0525062814466897,Russia & the Eurasian Steppe,Subset: Health & Wellbeing
-500.0,-400.0,3.7,4.0,3.0,4.158257569495584,3.241742430504416,Russia & the Eurasian Steppe,Subset: Health & Wellbeing
-400.0,-300.0,3.7,4.0,3.0,4.158257569495584,3.241742430504416,Russia & the Eurasian Steppe,Subset: Health & Wellbeing
-300.0,-200.0,3.75,4.0,3.0,4.18301270189222,3.316987298107781,Russia & the Eurasian Steppe,Subset: Health & Wellbeing
-200.0,-100.0,3.65,4.0,3.0,4.126969600708473,3.173030399291527,Russia & the Eurasian Steppe,Subset: Health & Wellbeing
-100.0,0.0,3.65,4.0,3.0,4.126969600708473,3.173030399291527,Russia & the Eurasian Steppe,Subset: Health & Wellbeing
0.0,100.0,3.3,4.0,3.0,3.758257569495584,2.8417424305044157,Russia & the Eurasian Steppe,Subset: Health & Wellbeing
100.0,200.0,3.2,4.0,3.0,3.709901951359279,2.6900980486407216,Russia & the Eurasian Steppe,Subset: Health & Wellbeing
200.0,300.0,3.2,4.0,3.0,3.709901951359279,2.6900980486407216,Russia & the Eurasian Steppe,Subset: Health & Wellbeing
300.0,400.0,3.2,4.0,3.0,3.709901951359279,2.6900980486407216,Russia & the Eurasian Steppe,Subset: Health & Wellbeing
400.0,500.0,3.35,4.0,3.0,3.826969600708473,2.8730303992915274,Russia & the Eurasian Steppe,Subset: Health & Wellbeing
500.0,600.0,3.5,4.0,3.0,4.0,3.0,Russia & the Eurasian Steppe,Subset: Health & Wellbeing
600.0,700.0,3.9,4.0,3.04,4.43851648071345,3.3614835192865495,Russia & the Eurasian Steppe,Subset: Health & Wellbeing
700.0,800.0,4.2,5.0,4.0,4.709901951359279,3.6900980486407216,Russia & the Eurasian Steppe,Subset: Health & Wellbeing
800.0,900.0,4.8,5.0,4.0,5.3099019513592784,4.290098048640721,Russia & the Eurasian Steppe,Subset: Health & Wellbeing
900.0,1000.0,5.15,5.959999999999999,5.0,5.626969600708473,4.673030399291528,Russia & the Eurasian Steppe,Subset: Health & Wellbeing
1000.0,1100.0,4.85,5.0,4.04,5.5038348415311,4.196165158468899,Russia & the Eurasian Steppe,Subset: Health & Wellbeing
1100.0,1200.0,3.55,4.0,3.0,4.218954408012983,2.881045591987017,Russia & the Eurasian Steppe,Subset: Health & Wellbeing
1200.0,1300.0,2.45,3.0,2.0,2.9474937185533103,1.95250628144669,Russia & the Eurasian Steppe,Subset: Health & Wellbeing
1300.0,1400.0,3.2,3.959999999999999,3.0,3.6,2.8000000000000003,Russia & the Eurasian Steppe,Subset: Health & Wellbeing
1400.0,1500.0,4.0,4.0,4.0,4.547722557505166,3.452277442494834,Russia & the Eurasian Steppe,Subset: Health & Wellbeing
1500.0,1600.0,3.6,4.0,3.0,4.18309518948453,3.01690481051547,Russia & the Eurasian Steppe,Subset: Health & Wellbeing
1600.0,1700.0,2.7,3.0,2.0,3.256776436283002,2.1432235637169983,Russia & the Eurasian Steppe,Subset: Health & Wellbeing
1700.0,1800.0,4.45,5.0,4.0,4.94749371855331,3.95250628144669,Russia & the Eurasian Steppe,Subset: Health & Wellbeing
1800.0,1900.0,4.7,5.0,4.0,5.158257569495584,4.2417424305044165,Russia & the Eurasian Steppe,Subset: Health & Wellbeing
1900.0,2000.0,5.2,6.0,4.04,5.948331477354788,4.451668522645212,Russia & the Eurasian Steppe,Subset: Health & Wellbeing
2000.0,2025.0,5.9,6.0,6.0,6.335889894354068,5.464110105645933,Russia & the Eurasian Steppe,Subset: Health & Wellbeing
-1000.0,-900.0,6.15,6.0,6.0,6.507071421427143,5.792928578572858,Russia & the Eurasian Steppe,Subset: Peace
-900.0,-800.0,5.6,6.0,5.0,6.089897948556636,5.110102051443364,Russia & the Eurasian Steppe,Subset: Peace
-800.0,-700.0,5.4,6.0,5.0,5.889897948556636,4.910102051443364,Russia & the Eurasian Steppe,Subset: Peace
-700.0,-600.0,4.8,5.0,4.0,5.3099019513592784,4.290098048640721,Russia & the Eurasian Steppe,Subset: Peace
-600.0,-500.0,4.7,5.0,4.0,5.256776436283002,4.143223563716998,Russia & the Eurasian Steppe,Subset: Peace
-500.0,-400.0,4.55,5.0,4.0,5.470597631976098,3.629402368023902,Russia & the Eurasian Steppe,Subset: Peace
-400.0,-300.0,4.2,5.0,4.0,4.948331477354788,3.4516685226452117,Russia & the Eurasian Steppe,Subset: Peace
-300.0,-200.0,3.95,4.959999999999999,3.0,4.618954408012983,3.2810455919870174,Russia & the Eurasian Steppe,Subset: Peace
-200.0,-100.0,3.7,4.0,3.0,4.481024967590666,2.918975032409335,Russia & the Eurasian Steppe,Subset: Peace
-100.0,0.0,3.55,4.0,3.0,4.218954408012983,2.881045591987017,Russia & the Eurasian Steppe,Subset: Peace
0.0,100.0,2.9,3.959999999999999,2.0,3.6,2.1999999999999997,Russia & the Eurasian Steppe,Subset: Peace
100.0,200.0,3.25,4.0,2.04,4.0791561975888495,2.42084380241115,Russia & the Eurasian Steppe,Subset: Peace
200.0,300.0,2.9,3.959999999999999,2.0,3.5999999999999996,2.2,Russia & the Eurasian Steppe,Subset: Peace
300.0,400.0,3.05,4.0,2.04,3.7189544080129826,2.381045591987017,Russia & the Eurasian Steppe,Subset: Peace
400.0,500.0,3.0,4.0,2.0,3.7745966692414834,2.2254033307585166,Russia & the Eurasian Steppe,Subset: Peace
500.0,600.0,3.3,4.0,3.0,4.2,2.4,Russia & the Eurasian Steppe,Subset: Peace
600.0,700.0,3.85,4.0,3.0,4.576291952316698,3.1237080476833023,Russia & the Eurasian Steppe,Subset: Peace
700.0,800.0,4.05,4.0,4.0,4.5474937185533095,3.5525062814466897,Russia & the Eurasian Steppe,Subset: Peace
800.0,900.0,4.75,5.0,4.0,5.448212002188447,4.051787997811553,Russia & the Eurasian Steppe,Subset: Peace
900.0,1000.0,4.9,6.0,4.04,5.8433981132056605,3.95660188679434,Russia & the Eurasian Steppe,Subset: Peace
1000.0,1100.0,3.7,4.0,3.0,4.653939201416946,2.7460607985830547,Russia & the Eurasian Steppe,Subset: Peace
1100.0,1200.0,2.05,3.0,1.04,2.7189544080129826,1.3810455919870173,Russia & the Eurasian Steppe,Subset: Peace
1200.0,1300.0,1.4,2.0,1.0,2.06332495807108,0.7366750419289199,Russia & the Eurasian Steppe,Subset: Peace
1300.0,1400.0,2.95,3.0,3.0,3.4474937185533103,2.45250628144669,Russia & the Eurasian Steppe,Subset: Peace
1400.0,1500.0,3.95,4.0,4.0,4.33405728739343,3.56594271260657,Russia & the Eurasian Steppe,Subset: Peace
1500.0,1600.0,3.0,3.0,3.0,3.0,3.0,Russia & the Eurasian Steppe,Subset: Peace
1600.0,1700.0,2.15,2.0,2.0,2.5070714214271423,1.7929285785728577,Russia & the Eurasian Steppe,Subset: Peace
1700.0,1800.0,3.4,4.0,3.0,3.889897948556636,2.910102051443364,Russia & the Eurasian Steppe,Subset: Peace
1800.0,1900.0,3.25,4.0,3.0,3.683012701892219,2.816987298107781,Russia & the Eurasian Steppe,Subset: Peace
1900.0,2000.0,3.0,4.0,2.0,3.707106781186547,2.2928932188134525,Russia & the Eurasian Steppe,Subset: Peace
2000.0,2025.0,3.65,4.0,3.0,4.303834841531101,2.996165158468899,Russia & the Eurasian Steppe,Subset: Peace
-1000.0,-900.0,2400000.0,4480000.0,1000000.0,4018332.475111341,781667.5248886587,Russia & the Eurasian Steppe,Subset: Population
-900.0,-800.0,2680000.0,4788000.0,1200000.0,4444539.600009022,915460.3999909776,Russia & the Eurasian Steppe,Subset: Population
-800.0,-700.0,2965000.0,5192000.0,1400000.0,4885227.851063514,1044772.1489364865,Russia & the Eurasian Steppe,Subset: Population
-700.0,-600.0,3225000.0,5500000.0,1500000.0,5293785.875821855,1156214.1241781448,Russia & the Eurasian Steppe,Subset: Population
-600.0,-500.0,3487500.0,5992000.0,1600000.0,5712352.52320238,1262647.4767976194,Russia & the Eurasian Steppe,Subset: Population
-500.0,-400.0,3745000.0,6480000.0,1700000.0,6122703.724184323,1367296.275815677,Russia & the Eurasian Steppe,Subset: Population
-400.0,-300.0,3997500.0,6980000.0,1800000.0,6527938.450150488,1467061.5498495123,Russia & the Eurasian Steppe,Subset: Population
-300.0,-200.0,4275000.0,7480000.0,1900000.0,6954342.27003569,1595657.7299643108,Russia & the Eurasian Steppe,Subset: Population
-200.0,-100.0,4560000.0,7980000.0,2000000.0,7388674.60129298,1731325.39870702,Russia & the Eurasian Steppe,Subset: Population
-100.0,0.0,4870000.0,8480000.0,2100000.0,7897061.281176845,1842938.7188231552,Russia & the Eurasian Steppe,Subset: Population
0.0,100.0,5175000.0,8980000.0,2200000.0,8406853.183546554,1943146.8164534452,Russia & the Eurasian Steppe,Subset: Population
100.0,200.0,5395000.0,8980000.0,2300000.0,8715764.219272425,2074235.7807275744,Russia & the Eurasian Steppe,Subset: Population
200.0,300.0,5695000.0,9000000.0,2400000.0,9193781.930901095,2196218.0690989043,Russia & the Eurasian Steppe,Subset: Population
300.0,400.0,6015000.0,9500000.0,2500000.0,9722327.20433468,2307672.795665319,Russia & the Eurasian Steppe,Subset: Population
400.0,500.0,6335000.0,10000000.0,2600000.0,10252942.699938323,2417057.3000616767,Russia & the Eurasian Steppe,Subset: Population
500.0,600.0,6695000.0,10980000.0,2700000.0,10844274.032888165,2545725.967111837,Russia & the Eurasian Steppe,Subset: Population
600.0,700.0,7070000.0,11480000.0,2800000.0,11452020.082108252,2687979.917891749,Russia & the Eurasian Steppe,Subset: Population
700.0,800.0,7465000.0,11980000.0,2904000.0,12067420.558792949,2862579.4412070513,Russia & the Eurasian Steppe,Subset: Population
800.0,900.0,7900000.0,12480000.0,3008000.0,12730217.386412334,3069782.6135876663,Russia & the Eurasian Steppe,Subset: Population
900.0,1000.0,8415000.0,13000000.0,3208000.0,13498923.189821027,3331076.8101789737,Russia & the Eurasian Steppe,Subset: Population
1000.0,1100.0,8940000.0,14000000.0,3404000.0,14276796.79208418,3603203.2079158193,Russia & the Eurasian Steppe,Subset: Population
1100.0,1200.0,9395000.0,15000000.0,3504000.0,15055783.956308523,3734216.043691475,Russia & the Eurasian Steppe,Subset: Population
1200.0,1300.0,8450000.0,13960000.0,3000000.0,14084403.251454407,2815596.7485455927,Russia & the Eurasian Steppe,Subset: Population
1300.0,1400.0,8155000.0,12980000.0,3104000.0,13221998.618511751,3088001.3814882487,Russia & the Eurasian Steppe,Subset: Population
1400.0,1500.0,8820000.0,13960000.0,3212000.0,14184382.53669516,3455617.46330484,Russia & the Eurasian Steppe,Subset: Population
1500.0,1600.0,10165000.0,15960000.0,3520000.0,16032049.940131754,4297950.059868247,Russia & the Eurasian Steppe,Subset: Population
1600.0,1700.0,11075000.0,15960000.0,4020000.0,17278376.096933022,4871623.903066976,Russia & the Eurasian Steppe,Subset: Population
1700.0,1800.0,16050000.0,24799999.999999996,6000000.0,24365497.579820465,7734502.420179536,Russia & the Eurasian Steppe,Subset: Population
1800.0,1900.0,35525000.0,44639999.99999999,13400000.0,52659376.994802,18390623.005198,Russia & the Eurasian Steppe,Subset: Population
1900.0,2000.0,115450000.0,140000000.0,21920000.000000004,165849875.99191093,65050124.008089066,Russia & the Eurasian Steppe,Subset: Population
2000.0,2025.0,125475000.0,145000000.0,145000000.0,172094329.41388154,78855670.58611846,Russia & the Eurasian Steppe,Subset: Population
-1000.0,-900.0,5.217948717948717,5.680000000000001,4.666666666666667,5.700040914793926,4.735856521103508,South America,Overall
-900.0,-800.0,5.384615384615385,5.706666666666667,4.833333333333333,5.879825843995589,4.889404925235181,South America,Overall
-800.0,-700.0,5.294871794871796,5.706666666666667,4.96,5.846302901733503,4.743440688010089,South America,Overall
-700.0,-600.0,5.282051282051283,5.833333333333333,4.833333333333333,5.722450359931223,4.841652204171343,South America,Overall
-600.0,-500.0,5.423076923076924,6.013333333333334,4.986666666666666,5.864594239941606,4.981559606212243,South America,Overall
-500.0,-400.0,5.1923076923076925,5.553333333333334,4.5,5.772781098598553,4.611834286016832,South America,Overall
-400.0,-300.0,5.179487179487179,5.680000000000001,4.833333333333333,5.6250806973585314,4.733893661615826,South America,Overall
-300.0,-200.0,5.064102564102563,5.513333333333334,4.5,5.533410390198028,4.594794738007098,South America,Overall
-200.0,-100.0,5.038461538461538,5.206666666666667,4.819999999999999,5.436930006869745,4.639993070053332,South America,Overall
-100.0,0.0,5.256410256410256,5.666666666666667,4.986666666666666,5.612165049372092,4.9006554634484205,South America,Overall
0.0,100.0,5.3076923076923075,5.680000000000001,4.986666666666666,5.7254915573538545,4.8898930580307605,South America,Overall
100.0,200.0,5.320512820512819,5.680000000000001,4.819999999999999,5.824605211572755,4.816420429452884,South America,Overall
200.0,300.0,5.128205128205129,5.666666666666667,4.666666666666667,5.639420565060946,4.616989691349311,South America,Overall
300.0,400.0,4.820512820512821,5.346666666666667,4.5,5.289470286106972,4.351555354918671,South America,Overall
400.0,500.0,4.705128205128205,5.346666666666667,4.0,5.384978132490403,4.025278277766008,South America,Overall
500.0,600.0,4.94871794871795,5.373333333333333,4.166666666666667,5.566767732984306,4.330668164451594,South America,Overall
600.0,700.0,4.923076923076923,5.513333333333334,4.319999999999999,5.456632103761149,4.389521742392698,South America,Overall
700.0,800.0,5.166666666666667,5.513333333333334,4.806666666666667,5.590325939534829,4.743007393798505,South America,Overall
800.0,900.0,4.948717948717948,5.333333333333333,4.319999999999999,5.398716122430365,4.498719775005531,South America,Overall
900.0,1000.0,5.102564102564103,5.513333333333334,4.653333333333333,5.528930490982459,4.676197714145747,South America,Overall
1000.0,1100.0,5.397435897435898,5.680000000000001,4.96,5.914406285991179,4.880465508880617,South America,Overall
1100.0,1200.0,5.435897435897435,5.846666666666667,5.153333333333333,5.914224566825067,4.957570304969804,South America,Overall
1200.0,1300.0,5.6410256410256405,6.346666666666667,5.166666666666667,6.163373045832393,5.118678236218888,South America,Overall
1300.0,1400.0,5.679487179487179,6.513333333333334,5.166666666666667,6.273119841168729,5.085854517805629,South America,Overall
1400.0,1500.0,5.923076923076923,6.833333333333333,5.306666666666667,6.6168076542804455,5.229346191873401,South America,Overall
1500.0,1600.0,2.3205128205128207,2.513333333333333,2.1666666666666665,2.5512820512820515,2.08974358974359,South America,Overall
1600.0,1700.0,2.538461538461538,2.8333333333333335,2.1666666666666665,2.8391292153732963,2.237793861549779,South America,Overall
1700.0,1800.0,2.9358974358974357,3.3333333333333335,2.5,3.2662589417109005,2.605535930083971,South America,Overall
1800.0,1900.0,4.358974358974359,4.513333333333334,4.140000000000001,4.650200427989757,4.06774828995896,South America,Overall
1900.0,2000.0,5.76923076923077,6.166666666666667,5.319999999999999,6.147815975903422,5.390645562558118,South America,Overall
2000.0,2025.0,6.512820512820513,6.680000000000001,6.166666666666667,6.743589743589744,6.282051282051282,South America,Overall
-1000.0,-900.0,6.076923076923077,6.08,6.0,6.551108769459152,5.602737384387002,South America,Subset: Culture & Lesure
-900.0,-800.0,6.076923076923077,6.08,6.0,6.551108769459152,5.602737384387002,South America,Subset: Culture & Lesure
-800.0,-700.0,6.384615384615385,7.0,6.0,6.8711196400259045,5.898111129204866,South America,Subset: Culture & Lesure
-700.0,-600.0,6.769230769230769,7.0,6.0,7.1905558134655125,6.347905724996026,South America,Subset: Culture & Lesure
-600.0,-500.0,7.153846153846154,7.08,7.0,7.514647366140264,6.793044941552044,South America,Subset: Culture & Lesure
-500.0,-400.0,7.076923076923077,7.08,7.0,7.551108769459152,6.602737384387002,South America,Subset: Culture & Lesure
-400.0,-300.0,7.230769230769231,8.0,7.0,7.652094275003974,6.8094441865344875,South America,Subset: Culture & Lesure
-300.0,-200.0,7.153846153846154,8.0,7.0,7.686784863867347,6.6209074438249615,South America,Subset: Culture & Lesure
-200.0,-100.0,7.3076923076923075,8.0,7.0,7.769230769230769,6.846153846153846,South America,Subset: Culture & Lesure
-100.0,0.0,7.615384615384615,8.0,7.0,8.101888870795134,7.1288803599740955,South America,Subset: Culture & Lesure
0.0,100.0,7.6923076923076925,8.0,7.0,8.153846153846153,7.230769230769231,South America,Subset: Culture & Lesure
100.0,200.0,7.6923076923076925,8.0,7.0,8.298000605693217,7.0866147789221685,South America,Subset: Culture & Lesure
200.0,300.0,7.461538461538462,8.0,6.92,8.304188550007948,6.618888373068975,South America,Subset: Culture & Lesure
300.0,400.0,7.3076923076923075,8.0,6.0,8.217858428169171,6.397526187215443,South America,Subset: Culture & Lesure
400.0,500.0,7.076923076923077,8.0,6.0,8.073960107447363,6.079886046398791,South America,Subset: Culture & Lesure
500.0,600.0,7.3076923076923075,8.0,6.92,8.298776825132702,6.316607790251913,South America,Subset: Culture & Lesure
600.0,700.0,7.230769230769231,8.08,6.0,8.20377774159027,6.257760719948191,South America,Subset: Culture & Lesure
700.0,800.0,7.615384615384615,8.0,7.0,8.353204849740418,6.877564381028812,South America,Subset: Culture & Lesure
800.0,900.0,7.384615384615385,8.0,6.92,8.220213883938479,6.549016885292292,South America,Subset: Culture & Lesure
900.0,1000.0,7.615384615384615,8.0,7.0,8.240310646510459,6.990458584258772,South America,Subset: Culture & Lesure
1000.0,1100.0,7.923076923076923,8.08,7.0,8.538461538461538,7.307692307692308,South America,Subset: Culture & Lesure
1100.0,1200.0,8.076923076923077,8.08,8.0,8.551108769459152,7.602737384387002,South America,Subset: Culture & Lesure
1200.0,1300.0,8.384615384615385,9.0,8.0,8.871119640025904,7.898111129204866,South America,Subset: Culture & Lesure
1300.0,1400.0,8.461538461538462,9.0,8.0,9.09586240394118,7.827214519135745,South America,Subset: Culture & Lesure
1400.0,1500.0,8.76923076923077,9.0,8.0,9.190555813465512,8.347905724996027,South America,Subset: Culture & Lesure
1500.0,1600.0,4.923076923076923,6.08,4.0,6.064030536476256,3.7821233096775906,South America,Subset: Culture & Lesure
1600.0,1700.0,4.230769230769231,6.0,3.0,5.3507861368123875,3.110752324726074,South America,Subset: Culture & Lesure
1700.0,1800.0,4.461538461538462,6.0,3.0,5.612817657468906,3.310259265608018,South America,Subset: Culture & Lesure
1800.0,1900.0,5.538461538461538,6.08,4.92,6.467926613353429,4.608996463569648,South America,Subset: Culture & Lesure
1900.0,2000.0,6.923076923076923,7.08,6.0,7.538461538461538,6.307692307692308,South America,Subset: Culture & Lesure
2000.0,2025.0,7.846153846153846,8.0,7.92,8.206955058447956,7.485352633859736,South America,Subset: Culture & Lesure
-1000.0,-900.0,2.8461538461538463,3.0,2.0,3.3790925561750393,2.313215136132653,South America,Subset: Economic Opportunity
-900.0,-800.0,3.692307692307693,4.0,3.0,4.2980006056932165,3.0866147789221685,South America,Subset: Economic Opportunity
-800.0,-700.0,3.769230769230769,4.0,3.0,4.344870367195991,3.1935911712655476,South America,Subset: Economic Opportunity
-700.0,-600.0,4.230769230769231,5.0,3.92,4.927337318318263,3.5342011432201987,South America,Subset: Economic Opportunity
-600.0,-500.0,4.538461538461538,5.0,4.0,5.172785480864255,3.9041375960588214,South America,Subset: Economic Opportunity
-500.0,-400.0,4.6923076923076925,5.0,4.0,5.2980006056932165,4.0866147789221685,South America,Subset: Economic Opportunity
-400.0,-300.0,4.923076923076923,5.08,4.0,5.538461538461538,4.307692307692308,South America,Subset: Economic Opportunity
-300.0,-200.0,5.076923076923077,6.0,4.92,5.692307692307692,4.461538461538462,South America,Subset: Economic Opportunity
-200.0,-100.0,5.384615384615385,6.0,4.92,6.122435618971188,4.646795150259582,South America,Subset: Economic Opportunity
-100.0,0.0,5.615384615384615,6.0,5.0,6.240310646510458,4.990458584258772,South America,Subset: Economic Opportunity
0.0,100.0,5.846153846153846,7.0,5.0,6.615384615384615,5.076923076923077,South America,Subset: Economic Opportunity
100.0,200.0,6.0,7.0,5.0,6.784464540552737,5.215535459447263,South America,Subset: Economic Opportunity
200.0,300.0,6.0,7.0,5.0,6.784464540552737,5.215535459447263,South America,Subset: Economic Opportunity
300.0,400.0,5.846153846153846,7.0,5.0,6.709613243101678,4.982694449206013,South America,Subset: Economic Opportunity
400.0,500.0,5.615384615384615,7.0,4.0,6.761512648134718,4.469256582634512,South America,Subset: Economic Opportunity
500.0,600.0,5.769230769230769,7.0,4.0,6.9559422015801164,4.582519336881422,South America,Subset: Economic Opportunity
600.0,700.0,5.769230769230769,7.0,5.0,6.659679761753094,4.878781776708444,South America,Subset: Economic Opportunity
700.0,800.0,6.0,7.0,5.0,6.679366220486758,5.320633779513242,South America,Subset: Economic Opportunity
800.0,900.0,5.923076923076923,6.08,5.0,6.538461538461538,5.307692307692308,South America,Subset: Economic Opportunity
900.0,1000.0,6.153846153846154,7.0,5.0,7.017305550793987,5.290386756898322,South America,Subset: Economic Opportunity
1000.0,1100.0,6.615384615384615,7.0,6.0,7.353204849740418,5.877564381028812,South America,Subset: Economic Opportunity
1100.0,1200.0,6.769230769230769,7.0,6.0,7.344870367195991,6.193591171265547,South America,Subset: Economic Opportunity
1200.0,1300.0,6.846153846153846,7.0,6.0,7.3790925561750385,6.313215136132653,South America,Subset: Economic Opportunity
1300.0,1400.0,7.230769230769231,8.0,6.92,7.927337318318263,6.534201143220199,South America,Subset: Economic Opportunity
1400.0,1500.0,7.461538461538462,8.0,7.0,8.09586240394118,6.827214519135745,South America,Subset: Economic Opportunity
1500.0,1600.0,2.1538461538461537,2.08,2.0,2.5146473661402635,1.7930449415520435,South America,Subset: Economic Opportunity
1600.0,1700.0,2.923076923076923,3.0,3.0,3.1895462780875192,2.6566075680663266,South America,Subset: Economic Opportunity
1700.0,1800.0,3.769230769230769,4.0,3.0,4.1905558134655125,3.347905724996026,South America,Subset: Economic Opportunity
1800.0,1900.0,4.923076923076923,5.0,5.0,5.18954627808752,4.656607568066327,South America,Subset: Economic Opportunity
1900.0,2000.0,6.384615384615385,7.0,6.0,6.8711196400259045,5.898111129204866,South America,Subset: Economic Opportunity
2000.0,2025.0,7.0,7.0,7.0,7.0,7.0,South America,Subset: Economic Opportunity
-1000.0,-900.0,5.384615384615385,6.0,5.0,6.009541415741228,4.759689353489542,South America,Subset: Equality
-900.0,-800.0,5.384615384615385,6.0,5.0,6.009541415741228,4.759689353489542,South America,Subset: Equality
-800.0,-700.0,4.846153846153846,6.0,4.0,5.615384615384615,4.076923076923077,South America,Subset: Equality
-700.0,-600.0,4.538461538461538,5.0,4.0,5.172785480864255,3.9041375960588214,South America,Subset: Equality
-600.0,-500.0,4.461538461538462,5.0,4.0,4.960056976800605,3.9630199462763183,South America,Subset: Equality
-500.0,-400.0,4.0,5.0,3.0,4.784464540552737,3.215535459447264,South America,Subset: Equality
-400.0,-300.0,3.769230769230769,4.08,3.0,4.465798856779801,3.072662681681737,South America,Subset: Equality
-300.0,-200.0,3.6153846153846154,4.0,3.0,4.2403106465104585,2.9904585842587723,South America,Subset: Equality
-200.0,-100.0,3.3846153846153846,4.0,3.0,4.009541415741228,2.7596893534895415,South America,Subset: Equality
-100.0,0.0,3.5384615384615383,4.0,3.0,4.284258439602512,2.7926646373205646,South America,Subset: Equality
0.0,100.0,3.5384615384615383,4.0,2.92,4.381111626931025,2.695811449992052,South America,Subset: Equality
100.0,200.0,3.4615384615384617,4.0,2.92,4.207335362679435,2.715741560397488,South America,Subset: Equality
200.0,300.0,3.230769230769231,4.0,2.0,4.03017729580102,2.4313611657374414,South America,Subset: Equality
300.0,400.0,2.769230769230769,3.08,2.0,3.4657988567798013,2.072662681681737,South America,Subset: Equality
400.0,500.0,2.923076923076923,3.08,2.0,3.5384615384615383,2.3076923076923075,South America,Subset: Equality
500.0,600.0,3.1538461538461537,4.0,2.92,3.815563482080202,2.4921288256121055,South America,Subset: Equality
600.0,700.0,3.1538461538461537,4.0,2.0,3.923076923076923,2.3846153846153846,South America,Subset: Equality
700.0,800.0,3.230769230769231,4.0,3.0,3.806408828734453,2.6551296328040093,South America,Subset: Equality
800.0,900.0,2.923076923076923,4.0,2.0,3.6528333061927025,2.1933205399611433,South America,Subset: Equality
900.0,1000.0,3.1538461538461537,4.0,2.92,3.815563482080202,2.4921288256121055,South America,Subset: Equality
1000.0,1100.0,3.230769230769231,4.0,2.0,4.203777741590271,2.257760719948191,South America,Subset: Equality
1100.0,1200.0,3.1538461538461537,4.0,2.0,4.102217538918304,2.2054747687740033,South America,Subset: Equality
1200.0,1300.0,3.4615384615384617,5.0,2.0,4.739480594295088,2.1835963287818347,South America,Subset: Equality
1300.0,1400.0,3.3076923076923075,5.0,2.0,4.631126964160404,1.984257651224211,South America,Subset: Equality
1400.0,1500.0,3.6153846153846154,5.0,2.0,5.004266929635984,2.226502301133247,South America,Subset: Equality
1500.0,1600.0,1.1538461538461535,1.08,1.0,1.5146473661402635,0.7930449415520437,South America,Subset: Equality
1600.0,1700.0,1.1538461538461535,1.08,1.0,1.5146473661402635,0.7930449415520437,South America,Subset: Equality
1700.0,1800.0,1.3076923076923077,2.0,1.0,1.7692307692307692,0.8461538461538461,South America,Subset: Equality
1800.0,1900.0,2.769230769230769,3.0,2.0,3.1905558134655125,2.347905724996026,South America,Subset: Equality
1900.0,2000.0,3.769230769230769,4.0,3.0,4.1905558134655125,3.347905724996026,South America,Subset: Equality
2000.0,2025.0,4.538461538461538,5.0,4.0,5.036980053723681,4.039943023199395,South America,Subset: Equality
-1000.0,-900.0,5.3076923076923075,7.0,3.92,6.742673700475202,3.8727109149094128,South America,Subset: Freedom
-900.0,-800.0,5.3076923076923075,7.0,3.92,6.742673700475202,3.8727109149094128,South America,Subset: Freedom
-800.0,-700.0,4.923076923076923,6.08,3.0,6.414670725358871,3.431483120794976,South America,Subset: Freedom
-700.0,-600.0,4.6923076923076925,6.0,3.0,5.8280633123256465,3.5565520722897386,South America,Subset: Freedom
-600.0,-500.0,4.615384615384615,6.0,3.0,5.692307692307692,3.538461538461538,South America,Subset: Freedom
-500.0,-400.0,4.230769230769231,5.08,3.0,5.417480663118578,3.0440577984198836,South America,Subset: Freedom
-400.0,-300.0,4.076923076923077,5.0,3.0,5.073960107447363,3.0798860463987903,South America,Subset: Freedom
-300.0,-200.0,3.923076923076923,5.0,2.92,4.994491405937239,2.8516624402166064,South America,Subset: Freedom
-200.0,-100.0,3.6153846153846154,5.0,3.0,4.538461538461538,2.6923076923076925,South America,Subset: Freedom
-100.0,0.0,3.692307692307693,5.0,3.0,4.602473812784557,2.7821415718308287,South America,Subset: Freedom
0.0,100.0,3.692307692307693,5.0,3.0,4.602473812784557,2.7821415718308287,South America,Subset: Freedom
100.0,200.0,3.6153846153846154,5.0,3.0,4.538461538461538,2.6923076923076925,South America,Subset: Freedom
200.0,300.0,3.3846153846153846,4.0,2.0,4.3076923076923075,2.4615384615384617,South America,Subset: Freedom
300.0,400.0,2.923076923076923,4.0,2.0,3.6528333061927025,2.1933205399611433,South America,Subset: Freedom
400.0,500.0,2.923076923076923,3.08,2.0,3.5384615384615383,2.3076923076923075,South America,Subset: Freedom
500.0,600.0,3.1538461538461537,4.0,2.92,3.815563482080202,2.4921288256121055,South America,Subset: Freedom
600.0,700.0,3.1538461538461537,4.0,2.92,4.102217538918304,2.2054747687740033,South America,Subset: Freedom
700.0,800.0,3.5384615384615383,4.08,2.92,4.467926613353429,2.608996463569648,South America,Subset: Freedom
800.0,900.0,3.230769230769231,4.0,2.92,4.03017729580102,2.4313611657374414,South America,Subset: Freedom
900.0,1000.0,3.3076923076923075,4.0,2.92,4.129006019387024,2.486378595997591,South America,Subset: Freedom
1000.0,1100.0,3.5384615384615383,4.08,2.92,4.6208651753438685,2.456057901579208,South America,Subset: Freedom
1100.0,1200.0,3.4615384615384617,5.0,2.0,4.79831901515252,2.1247579079244026,South America,Subset: Freedom
1200.0,1300.0,3.6153846153846154,5.08,2.0,5.004266929635984,2.226502301133247,South America,Subset: Freedom
1300.0,1400.0,3.4615384615384617,5.08,2.0,4.908837517094367,2.014239405982556,South America,Subset: Freedom
1400.0,1500.0,3.692307692307693,6.0,2.0,5.279982110811561,2.104633273803824,South America,Subset: Freedom
1500.0,1600.0,1.2307692307692308,2.0,1.0,1.652094275003974,0.8094441865344877,South America,Subset: Freedom
1600.0,1700.0,1.2307692307692308,2.0,1.0,1.652094275003974,0.8094441865344877,South America,Subset: Freedom
1700.0,1800.0,1.3846153846153846,2.0,1.0,1.8711196400259045,0.8981111292048647,South America,Subset: Freedom
1800.0,1900.0,3.769230769230769,4.0,3.0,4.1905558134655125,3.347905724996026,South America,Subset: Freedom
1900.0,2000.0,5.6923076923076925,6.0,5.0,6.153846153846154,5.230769230769231,South America,Subset: Freedom
2000.0,2025.0,6.769230769230769,7.0,6.0,7.1905558134655125,6.347905724996026,South America,Subset: Freedom
-1000.0,-900.0,3.8461538461538463,4.0,3.0,4.379092556175039,3.313215136132653,South America,Subset: Health & Wellbeing
-900.0,-800.0,4.0,5.0,3.0,4.679366220486758,3.3206337795132423,South America,Subset: Health & Wellbeing
-800.0,-700.0,4.615384615384615,5.0,4.0,5.101888870795134,4.1288803599740955,South America,Subset: Health & Wellbeing
-700.0,-600.0,4.615384615384615,5.0,4.0,5.101888870795134,4.1288803599740955,South America,Subset: Health & Wellbeing
-600.0,-500.0,5.076923076923077,6.0,4.0,5.806679460038857,4.347166693807297,South America,Subset: Health & Wellbeing
-500.0,-400.0,5.0,6.0,4.0,5.784464540552737,4.215535459447263,South America,Subset: Health & Wellbeing
-400.0,-300.0,5.153846153846154,6.0,4.92,5.8155634820802025,4.492128825612106,South America,Subset: Health & Wellbeing
-300.0,-200.0,5.230769230769231,6.0,5.0,5.806408828734453,4.655129632804009,South America,Subset: Health & Wellbeing
-200.0,-100.0,5.3076923076923075,6.0,5.0,5.9133852210778315,4.7019993943067835,South America,Subset: Health & Wellbeing
-100.0,0.0,5.6923076923076925,6.08,5.0,6.413910116895912,4.970705267719473,South America,Subset: Health & Wellbeing
0.0,100.0,5.769230769230769,6.08,5.0,6.465798856779801,5.072662681681737,South America,Subset: Health & Wellbeing
100.0,200.0,5.846153846153846,7.0,5.0,6.615384615384615,5.076923076923077,South America,Subset: Health & Wellbeing
200.0,300.0,5.6923076923076925,6.08,5.0,6.413910116895912,4.970705267719473,South America,Subset: Health & Wellbeing
300.0,400.0,5.615384615384615,6.08,5.0,6.450983114707708,4.779786116061522,South America,Subset: Health & Wellbeing
400.0,500.0,5.461538461538462,6.08,4.0,6.4703751575849235,4.452701765492,South America,Subset: Health & Wellbeing
500.0,600.0,5.615384615384615,7.0,4.92,6.618338831569638,4.612430399199592,South America,Subset: Health & Wellbeing
600.0,700.0,5.615384615384615,6.08,5.0,6.353204849740418,4.877564381028812,South America,Subset: Health & Wellbeing
700.0,800.0,5.6923076923076925,6.08,5.0,6.413910116895912,4.970705267719473,South America,Subset: Health & Wellbeing
800.0,900.0,5.615384615384615,6.0,5.0,6.240310646510458,4.990458584258772,South America,Subset: Health & Wellbeing
900.0,1000.0,5.6923076923076925,6.08,5.0,6.413910116895912,4.970705267719473,South America,Subset: Health & Wellbeing
1000.0,1100.0,6.153846153846154,7.0,6.0,6.686784863867347,5.6209074438249615,South America,Subset: Health & Wellbeing
1100.0,1200.0,6.384615384615385,7.0,6.0,6.8711196400259045,5.898111129204866,South America,Subset: Health & Wellbeing
1200.0,1300.0,6.615384615384615,7.0,6.0,7.101888870795134,6.1288803599740955,South America,Subset: Health & Wellbeing
1300.0,1400.0,6.769230769230769,7.0,6.0,7.1905558134655125,6.347905724996026,South America,Subset: Health & Wellbeing
1400.0,1500.0,7.076923076923077,7.0,7.0,7.343392431933673,6.81045372191248,South America,Subset: Health & Wellbeing
1500.0,1600.0,2.3076923076923075,3.0,2.0,2.769230769230769,1.8461538461538456,South America,Subset: Health & Wellbeing
1600.0,1700.0,2.8461538461538463,3.0,2.92,3.206955058447956,2.4853526338597365,South America,Subset: Health & Wellbeing
1700.0,1800.0,3.3076923076923075,4.0,3.0,3.769230769230769,2.846153846153846,South America,Subset: Health & Wellbeing
1800.0,1900.0,4.461538461538462,5.0,4.0,4.960056976800605,3.9630199462763183,South America,Subset: Health & Wellbeing
1900.0,2000.0,6.538461538461538,7.0,6.0,7.036980053723681,6.039943023199395,South America,Subset: Health & Wellbeing
2000.0,2025.0,7.076923076923077,7.0,7.0,7.343392431933673,6.81045372191248,South America,Subset: Health & Wellbeing
-1000.0,-900.0,7.846153846153846,8.0,7.92,8.206955058447956,7.485352633859736,South America,Subset: Peace
-900.0,-800.0,7.846153846153846,8.0,7.92,8.206955058447956,7.485352633859736,South America,Subset: Peace
-800.0,-700.0,7.230769230769231,8.0,7.0,7.806408828734453,6.655129632804009,South America,Subset: Peace
-700.0,-600.0,6.846153846153846,7.0,6.92,7.206955058447956,6.485352633859736,South America,Subset: Peace
-600.0,-500.0,6.6923076923076925,7.0,6.0,7.153846153846154,6.230769230769231,South America,Subset: Peace
-500.0,-400.0,6.153846153846154,7.0,5.92,6.8155634820802025,5.492128825612106,South America,Subset: Peace
-400.0,-300.0,5.923076923076923,6.08,5.92,6.652833306192703,5.193320539961143,South America,Subset: Peace
-300.0,-200.0,5.384615384615385,6.0,5.0,6.009541415741228,4.759689353489542,South America,Subset: Peace
-200.0,-100.0,5.230769230769231,6.0,4.0,6.03017729580102,4.431361165737441,South America,Subset: Peace
-100.0,0.0,5.384615384615385,6.0,5.0,6.009541415741228,4.759689353489542,South America,Subset: Peace
0.0,100.0,5.3076923076923075,6.0,4.92,6.029294732280527,4.586089883104088,South America,Subset: Peace
100.0,200.0,5.3076923076923075,6.0,4.0,6.217858428169172,4.397526187215443,South America,Subset: Peace
200.0,300.0,5.0,5.08,4.0,5.784464540552737,4.215535459447263,South America,Subset: Peace
300.0,400.0,4.461538461538462,5.0,4.0,5.207335362679435,3.715741560397488,South America,Subset: Peace
400.0,500.0,4.230769230769231,5.08,3.0,5.279860130537374,3.1816783310010877,South America,Subset: Peace
500.0,600.0,4.6923076923076925,6.0,4.0,5.513621404002409,3.870993980612977,South America,Subset: Peace
600.0,700.0,4.615384615384615,5.0,3.92,5.450983114707708,3.779786116061522,South America,Subset: Peace
700.0,800.0,4.923076923076923,6.0,4.0,5.652833306192703,4.193320539961143,South America,Subset: Peace
800.0,900.0,4.615384615384615,5.0,3.92,5.450983114707708,3.779786116061522,South America,Subset: Peace
900.0,1000.0,4.6923076923076925,6.0,3.92,5.683392209748087,3.701223174867298,South America,Subset: Peace
1000.0,1100.0,4.923076923076923,6.0,4.0,5.8397211759856145,4.006432670168232,South America,Subset: Peace
1100.0,1200.0,4.769230769230769,6.0,4.0,5.659679761753094,3.878781776708444,South America,Subset: Peace
1200.0,1300.0,4.923076923076923,6.0,4.0,5.8397211759856145,4.006432670168232,South America,Subset: Peace
1300.0,1400.0,4.846153846153846,6.08,4.0,5.944835142852746,3.7474725494549457,South America,Subset: Peace
1400.0,1500.0,4.923076923076923,6.08,3.92,6.25097511551016,3.595178730643687,South America,Subset: Peace
1500.0,1600.0,2.1538461538461537,2.08,2.0,2.514647366140264,1.7930449415520435,South America,Subset: Peace
1600.0,1700.0,2.8461538461538463,3.0,2.0,3.3790925561750393,2.313215136132653,South America,Subset: Peace
1700.0,1800.0,3.3846153846153846,4.0,3.0,4.009541415741228,2.7596893534895415,South America,Subset: Peace
1800.0,1900.0,4.6923076923076925,5.0,4.0,5.2980006056932165,4.0866147789221685,South America,Subset: Peace
1900.0,2000.0,5.3076923076923075,6.0,4.92,6.029294732280527,4.586089883104088,South America,Subset: Peace
2000.0,2025.0,5.846153846153846,6.0,5.92,6.507871174387894,5.1844365179197975,South America,Subset: Peace
-1000.0,-900.0,2038461.5384615385,2080000.0,1460000.0,2784258.439602512,1292664.6373205648,South America,Subset: Population
-900.0,-800.0,2207692.3076923075,2280000.0,1560000.0,3044776.568189181,1370608.047195434,South America,Subset: Population
-800.0,-700.0,2392307.6923076925,2572000.0,1660000.0,3325013.8777714577,1459601.5068439275,South America,Subset: Population
-700.0,-600.0,2576923.076923077,2864000.0,1760000.0,3609584.944401672,1544261.2094444823,South America,Subset: Population
-600.0,-500.0,2776923.076923077,3248000.0,1860000.0,3917876.69032241,1635969.463523744,South America,Subset: Population
-500.0,-400.0,2969230.769230769,3632000.0,1960000.0,4220313.140856121,1718148.3976054168,South America,Subset: Population
-400.0,-300.0,3161538.4615384615,4016000.0,2060000.0,4525660.304471439,1797416.6186054838,South America,Subset: Population
-300.0,-200.0,3384615.3846153845,4408000.0,2160000.0,4874502.398321278,1894728.3709094904,South America,Subset: Population
-200.0,-100.0,3607692.307692307,4632000.0,2260000.0,5227977.913314656,1987406.7020699584,South America,Subset: Population
-100.0,0.0,3876923.076923077,5040000.0,2368000.0,5609042.208620008,2144803.9452261454,South America,Subset: Population
0.0,100.0,4176923.076923077,5540000.0,2476000.0,6020478.9412385775,2333367.2126075765,South America,Subset: Population
100.0,200.0,4484615.384615385,6040000.0,2676000.0,6439430.407871531,2529800.3613592386,South America,Subset: Population
200.0,300.0,4784615.384615385,6540000.0,2876000.0,6864499.3140122425,2704731.4552185275,South America,Subset: Population
300.0,400.0,5084615.384615385,7040000.0,3076000.0,7294330.351910124,2874900.417320646,South America,Subset: Population
400.0,500.0,5369230.769230769,7540000.0,3276000.0,7707995.931705851,3030465.6067556865,South America,Subset: Population
500.0,600.0,5653846.153846154,8040000.0,3476000.0,8125412.267316405,3182280.0403759037,South America,Subset: Population
600.0,700.0,5946153.846153846,8540000.0,3584000.0,8555195.929316932,3337111.76299076,South America,Subset: Population
700.0,800.0,6253846.153846154,9040000.0,3692000.0,9006359.797944352,3501332.5097479555,South America,Subset: Population
800.0,900.0,6569230.769230769,9540000.0,3800000.0,9458836.708663875,3679624.82979766,South America,Subset: Population
900.0,1000.0,6884615.384615385,10040000.0,3900000.0,9913666.049261669,3855564.719969103,South America,Subset: Population
1000.0,1100.0,7246153.846153846,11000000.0,4000000.0,10454464.061496155,4037843.630811536,South America,Subset: Population
1100.0,1200.0,7630769.230769231,11540000.0,4200000.0,11002457.831999872,4259080.62953859,South America,Subset: Population
1200.0,1300.0,8046153.846153846,12080000.0,4500000.0,11570053.649281796,4522254.043025896,South America,Subset: Population
1300.0,1400.0,8515384.615384616,12620000.0,4800000.0,12260914.49550041,4769854.735268822,South America,Subset: Population
1400.0,1500.0,9084615.384615384,13160000.0,5200000.0,13065115.18969324,5104115.579537528,South America,Subset: Population
1500.0,1600.0,8076923.076923077,12120000.0,4760000.0,12250310.162170935,3903535.991675219,South America,Subset: Population
1600.0,1700.0,5692307.692307692,8080000.0,3000000.0,8090531.887403061,3294083.4972123234,South America,Subset: Population
1700.0,1800.0,6846153.846153846,9080000.0,4000000.0,9509181.4420175,4183126.250290191,South America,Subset: Population
1800.0,1900.0,12384615.384615384,15000000.0,8000000.0,16218441.782885265,8550788.986345503,South America,Subset: Population
1900.0,2000.0,196153846.15384617,200000000.0,196000000.0,219863130.7806499,172444561.5270424,South America,Subset: Population
2000.0,2025.0,430000000.0,430000000.0,430000000.0,430000000.0,430000000.0,South America,Subset: Population
-1000.0,-900.0,4.158333333333333,4.326666666666666,4.0,4.336869044046905,3.979797622619762,South Asia,Overall
-900.0,-800.0,4.124999999999999,4.333333333333333,3.84,4.353977194400567,3.896022805599431,South Asia,Overall
-800.0,-700.0,4.416666666666667,4.666666666666667,4.173333333333334,4.6552970177212725,4.1780363156120615,South Asia,Overall
-700.0,-600.0,4.533333333333333,4.833333333333333,4.333333333333333,4.869157361326831,4.197509305339835,South Asia,Overall
-600.0,-500.0,5.033333333333333,5.326666666666666,4.833333333333333,5.369157361326831,4.697509305339835,South Asia,Overall
-500.0,-400.0,5.9833333333333325,6.166666666666667,5.833333333333333,6.199999999999999,5.766666666666666,South Asia,Overall
-400.0,-300.0,4.891666666666666,5.0,4.666666666666667,5.221965353043439,4.5613679802898925,South Asia,Overall
-300.0,-200.0,5.591666666666667,6.333333333333333,5.0,6.229534207775321,4.953799125558013,South Asia,Overall
-200.0,-100.0,5.883333333333333,6.5,5.333333333333333,6.493661114120018,5.273005552546648,South Asia,Overall
-100.0,0.0,5.7250000000000005,6.333333333333333,5.0,6.44045440106271,5.009545598937291,South Asia,Overall
0.0,100.0,5.9,6.826666666666666,5.166666666666667,6.644237118725537,5.155762881274463,South Asia,Overall
100.0,200.0,5.708333333333334,6.653333333333333,5.0,6.459027456573064,4.957639210093604,South Asia,Overall
200.0,300.0,4.941666666666666,5.326666666666666,4.506666666666667,5.373957078311431,4.509376255021902,South Asia,Overall
300.0,400.0,5.158333333333333,5.66,4.333333333333333,5.821815309978768,4.4948513566878985,South Asia,Overall
400.0,500.0,5.166666666666666,5.993333333333333,4.173333333333334,6.076489604263744,4.256843729069588,South Asia,Overall
500.0,600.0,4.9833333333333325,5.326666666666666,4.5,5.4394644061134665,4.5272022605531985,South Asia,Overall
600.0,700.0,5.366666666666667,5.666666666666667,5.006666666666667,5.803193361790294,4.93013997154304,South Asia,Overall
700.0,800.0,5.116666666666665,5.666666666666667,4.506666666666667,5.691847797557912,4.5414855357754185,South Asia,Overall
800.0,900.0,5.441666666666667,6.0,5.006666666666667,5.934039041557416,4.949294291775919,South Asia,Overall
900.0,1000.0,5.4833333333333325,6.0,4.513333333333334,6.156014535687018,4.810652130979647,South Asia,Overall
1000.0,1100.0,4.25,4.826666666666666,3.8333333333333335,4.737339717240448,3.762660282759552,South Asia,Overall
1100.0,1200.0,4.466666666666667,4.833333333333333,4.006666666666667,4.880322454866362,4.053010878466972,South Asia,Overall
1200.0,1300.0,4.033333333333333,4.333333333333333,3.506666666666667,4.520957961277593,3.5457087053890732,South Asia,Overall
1300.0,1400.0,4.283333333333334,4.993333333333333,3.3400000000000003,5.045457557678246,3.5212091089884225,South Asia,Overall
1400.0,1500.0,5.408333333333333,5.826666666666666,5.006666666666667,5.841265840262018,4.975400826404648,South Asia,Overall
1500.0,1600.0,6.475000000000001,6.826666666666666,6.166666666666667,6.769745653063791,6.180254346936212,South Asia,Overall
1600.0,1700.0,6.716666666666666,7.166666666666667,6.34,7.241335874623239,6.191997458710093,South Asia,Overall
1700.0,1800.0,4.6416666666666675,4.833333333333333,4.173333333333334,4.984348086582536,4.298985246750799,South Asia,Overall
1800.0,1900.0,3.8083333333333336,4.326666666666666,3.5,4.237398855395201,3.379267811271467,South Asia,Overall
1900.0,2000.0,5.250000000000001,5.5,4.84,5.572748612183952,4.9272513878160495,South Asia,Overall
2000.0,2025.0,6.1416666666666675,6.333333333333333,6.0,6.32632099838467,5.957012334948665,South Asia,Overall
-1000.0,-900.0,5.2,5.959999999999999,5.0,5.6000000000000005,4.8,South Asia,Subset: Culture & Lesure
-900.0,-800.0,5.2,5.959999999999999,5.0,5.6000000000000005,4.8,South Asia,Subset: Culture & Lesure
-800.0,-700.0,6.1,6.0,6.0,6.535889894354067,5.664110105645932,South Asia,Subset: Culture & Lesure
-700.0,-600.0,6.2,6.959999999999999,6.0,6.6000000000000005,5.8,South Asia,Subset: Culture & Lesure
-600.0,-500.0,7.0,7.0,7.0,7.316227766016838,6.683772233983162,South Asia,Subset: Culture & Lesure
-500.0,-400.0,7.2,7.959999999999999,7.0,7.6,6.8,South Asia,Subset: Culture & Lesure
-400.0,-300.0,6.65,7.0,6.0,7.22227615711298,6.07772384288702,South Asia,Subset: Culture & Lesure
-300.0,-200.0,7.45,8.0,7.0,8.31458082328953,6.585419176710471,South Asia,Subset: Culture & Lesure
-200.0,-100.0,7.65,8.0,7.0,8.442148975887743,6.857851024112257,South Asia,Subset: Culture & Lesure
-100.0,0.0,7.5,8.0,7.0,8.170820393249937,6.829179606750063,South Asia,Subset: Culture & Lesure
0.0,100.0,7.65,8.0,7.0,8.376291952316699,6.923708047683302,South Asia,Subset: Culture & Lesure
100.0,200.0,7.45,8.0,7.0,8.189932429347436,6.710067570652563,South Asia,Subset: Culture & Lesure
200.0,300.0,6.75,7.0,6.0,7.372494979899437,6.127505020100563,South Asia,Subset: Culture & Lesure
300.0,400.0,6.95,7.0,6.0,7.689932429347437,6.210067570652563,South Asia,Subset: Culture & Lesure
400.0,500.0,6.9,7.959999999999999,6.0,7.668114574786861,6.13188542521314,South Asia,Subset: Culture & Lesure
500.0,600.0,6.8,7.0,6.0,7.4,6.2,South Asia,Subset: Culture & Lesure
600.0,700.0,7.25,8.0,7.0,7.872494979899437,6.627505020100563,South Asia,Subset: Culture & Lesure
700.0,800.0,7.0,8.0,6.0,7.707106781186548,6.292893218813452,South Asia,Subset: Culture & Lesure
800.0,900.0,7.45,8.0,7.0,8.03949130612758,6.86050869387242,South Asia,Subset: Culture & Lesure
900.0,1000.0,7.55,8.0,7.0,8.289932429347438,6.810067570652563,South Asia,Subset: Culture & Lesure
1000.0,1100.0,6.45,7.0,6.0,7.03949130612758,5.86050869387242,South Asia,Subset: Culture & Lesure
1100.0,1200.0,6.85,7.0,6.04,7.326969600708472,6.373030399291527,South Asia,Subset: Culture & Lesure
1200.0,1300.0,6.4,7.0,6.0,6.98309518948453,5.816904810515471,South Asia,Subset: Culture & Lesure
1300.0,1400.0,6.65,7.0,6.0,7.303834841531101,5.9961651584689,South Asia,Subset: Culture & Lesure
1400.0,1500.0,7.55,8.0,7.0,8.13949130612758,6.96050869387242,South Asia,Subset: Culture & Lesure
1500.0,1600.0,8.5,9.0,8.0,9.0,8.0,South Asia,Subset: Culture & Lesure
1600.0,1700.0,8.55,9.0,8.0,9.04749371855331,8.052506281446691,South Asia,Subset: Culture & Lesure
1700.0,1800.0,6.7,7.0,6.0,7.158257569495584,6.2417424305044165,South Asia,Subset: Culture & Lesure
1800.0,1900.0,5.8,6.0,5.04,6.2,5.3999999999999995,South Asia,Subset: Culture & Lesure
1900.0,2000.0,6.9,7.0,7.0,7.2,6.6000000000000005,South Asia,Subset: Culture & Lesure
2000.0,2025.0,7.45,8.0,7.0,7.94749371855331,6.9525062814466905,South Asia,Subset: Culture & Lesure
-1000.0,-900.0,3.0,3.0,3.0,3.0,3.0,South Asia,Subset: Economic Opportunity
-900.0,-800.0,3.75,4.0,3.0,4.18301270189222,3.316987298107781,South Asia,Subset: Economic Opportunity
-800.0,-700.0,4.05,4.0,4.0,4.267944947177034,3.832055052822966,South Asia,Subset: Economic Opportunity
-700.0,-600.0,4.3,5.0,4.0,4.7582575694955835,3.841742430504416,South Asia,Subset: Economic Opportunity
-600.0,-500.0,4.95,5.0,4.04,5.53949130612758,4.36050869387242,South Asia,Subset: Economic Opportunity
-500.0,-400.0,5.9,6.0,6.0,6.335889894354068,5.464110105645933,South Asia,Subset: Economic Opportunity
-400.0,-300.0,4.85,5.0,4.04,5.326969600708472,4.373030399291527,South Asia,Subset: Economic Opportunity
-300.0,-200.0,5.55,6.0,5.0,6.289932429347437,4.810067570652563,South Asia,Subset: Economic Opportunity
-200.0,-100.0,5.85,6.0,5.0,6.5038348415311,5.196165158468899,South Asia,Subset: Economic Opportunity
-100.0,0.0,5.7,6.0,5.0,6.414142842854285,4.985857157145715,South Asia,Subset: Economic Opportunity
0.0,100.0,5.75,6.0,5.0,6.448212002188447,5.051787997811553,South Asia,Subset: Economic Opportunity
100.0,200.0,5.75,6.0,5.0,6.516485485837794,4.983514514162206,South Asia,Subset: Economic Opportunity
200.0,300.0,5.0,5.0,5.0,5.547722557505166,4.452277442494834,South Asia,Subset: Economic Opportunity
300.0,400.0,5.05,6.0,4.04,5.718954408012983,4.381045591987017,South Asia,Subset: Economic Opportunity
400.0,500.0,5.1,6.0,4.0,5.988819441731558,4.211180558268441,South Asia,Subset: Economic Opportunity
500.0,600.0,4.9,5.0,4.04,5.438516480713451,4.3614835192865495,South Asia,Subset: Economic Opportunity
600.0,700.0,5.3,6.0,5.0,5.856776436283002,4.743223563716998,South Asia,Subset: Economic Opportunity
700.0,800.0,5.4,6.0,5.0,5.98309518948453,4.816904810515471,South Asia,Subset: Economic Opportunity
800.0,900.0,5.6,6.0,5.0,6.183095189484529,5.01690481051547,South Asia,Subset: Economic Opportunity
900.0,1000.0,5.75,6.0,5.0,6.516485485837794,4.983514514162206,South Asia,Subset: Economic Opportunity
1000.0,1100.0,4.65,5.0,4.0,5.303834841531101,3.9961651584688993,South Asia,Subset: Economic Opportunity
1100.0,1200.0,4.9,5.0,4.04,5.438516480713451,4.3614835192865495,South Asia,Subset: Economic Opportunity
1200.0,1300.0,4.45,5.0,4.0,5.189932429347437,3.710067570652563,South Asia,Subset: Economic Opportunity
1300.0,1400.0,4.6,5.959999999999999,4.0,5.5695359714832655,3.6304640285167338,South Asia,Subset: Economic Opportunity
1400.0,1500.0,5.55,6.0,5.0,6.218954408012983,4.881045591987017,South Asia,Subset: Economic Opportunity
1500.0,1600.0,6.95,7.0,7.0,7.33405728739343,6.56594271260657,South Asia,Subset: Economic Opportunity
1600.0,1700.0,6.95,7.0,7.0,7.44749371855331,6.4525062814466905,South Asia,Subset: Economic Opportunity
1700.0,1800.0,5.0,5.0,5.0,5.447213595499958,4.552786404500042,South Asia,Subset: Economic Opportunity
1800.0,1900.0,4.5,5.0,4.0,5.241619848709567,3.758380151290434,South Asia,Subset: Economic Opportunity
1900.0,2000.0,5.8,6.0,5.04,6.2,5.3999999999999995,South Asia,Subset: Economic Opportunity
2000.0,2025.0,6.95,7.0,7.0,7.167944947177034,6.732055052822966,South Asia,Subset: Economic Opportunity
-1000.0,-900.0,4.0,4.0,4.0,4.0,4.0,South Asia,Subset: Equality
-900.0,-800.0,3.85,4.0,4.0,4.207071421427143,3.4929285785728577,South Asia,Subset: Equality
-800.0,-700.0,3.9,4.0,3.04,4.43851648071345,3.3614835192865495,South Asia,Subset: Equality
-700.0,-600.0,4.0,4.959999999999999,3.04,4.632455532033676,3.367544467966324,South Asia,Subset: Equality
-600.0,-500.0,4.65,5.0,4.0,5.22227615711298,4.07772384288702,South Asia,Subset: Equality
-500.0,-400.0,5.3,6.0,5.0,5.7582575694955835,4.841742430504416,South Asia,Subset: Equality
-400.0,-300.0,4.4,5.0,4.0,4.98309518948453,3.8169048105154704,South Asia,Subset: Equality
-300.0,-200.0,4.85,5.0,4.0,5.5038348415311,4.196165158468899,South Asia,Subset: Equality
-200.0,-100.0,5.05,5.959999999999999,5.0,5.63949130612758,4.46050869387242,South Asia,Subset: Equality
-100.0,0.0,4.9,6.0,4.0,5.730662386291808,4.069337613708193,South Asia,Subset: Equality
0.0,100.0,5.05,6.0,4.0,5.789932429347437,4.310067570652563,South Asia,Subset: Equality
100.0,200.0,4.9,5.959999999999999,4.0,5.6000000000000005,4.2,South Asia,Subset: Equality
200.0,300.0,4.35,5.0,4.0,5.0038348415311,3.6961651584688986,South Asia,Subset: Equality
300.0,400.0,4.55,5.0,4.0,5.354673846971554,3.7453261530284454,South Asia,Subset: Equality
400.0,500.0,4.55,5.0,4.0,5.573474474522936,3.526525525477064,South Asia,Subset: Equality
500.0,600.0,4.4,5.0,4.0,4.889897948556636,3.910102051443365,South Asia,Subset: Equality
600.0,700.0,4.75,5.0,4.0,5.448212002188447,4.051787997811553,South Asia,Subset: Equality
700.0,800.0,4.55,5.0,4.0,5.414580823289529,3.6854191767104703,South Asia,Subset: Equality
800.0,900.0,4.75,5.0,4.0,5.448212002188447,4.051787997811553,South Asia,Subset: Equality
900.0,1000.0,4.7,5.0,4.0,5.414142842854285,3.9858571571457153,South Asia,Subset: Equality
1000.0,1100.0,3.55,4.0,3.0,4.218954408012983,2.881045591987017,South Asia,Subset: Equality
1100.0,1200.0,3.7,4.0,3.0,4.340312423743285,3.0596875762567155,South Asia,Subset: Equality
1200.0,1300.0,3.45,4.0,3.0,4.118954408012983,2.7810455919870174,South Asia,Subset: Equality
1300.0,1400.0,3.6,4.959999999999999,3.0,4.516515138991168,2.683484861008832,South Asia,Subset: Equality
1400.0,1500.0,4.6,5.0,4.0,5.263324958071079,3.93667504192892,South Asia,Subset: Equality
1500.0,1600.0,5.25,6.0,5.0,5.78619026473818,4.71380973526182,South Asia,Subset: Equality
1600.0,1700.0,5.45,6.0,5.0,6.118954408012983,4.781045591987017,South Asia,Subset: Equality
1700.0,1800.0,3.8,4.0,3.0,4.3999999999999995,3.1999999999999997,South Asia,Subset: Equality
1800.0,1900.0,3.05,3.0,3.0,3.54749371855331,2.5525062814466897,South Asia,Subset: Equality
1900.0,2000.0,4.4,5.0,4.0,4.889897948556636,3.910102051443365,South Asia,Subset: Equality
2000.0,2025.0,4.7,5.0,4.0,5.158257569495584,4.2417424305044165,South Asia,Subset: Equality
-1000.0,-900.0,2.95,3.0,3.0,3.167944947177034,2.7320550528229663,South Asia,Subset: Freedom
-900.0,-800.0,2.95,3.0,3.0,3.167944947177034,2.7320550528229663,South Asia,Subset: Freedom
-800.0,-700.0,3.2,3.959999999999999,3.0,3.6,2.8000000000000003,South Asia,Subset: Freedom
-700.0,-600.0,3.6,4.0,3.0,4.18309518948453,3.01690481051547,South Asia,Subset: Freedom
-600.0,-500.0,4.05,4.0,4.0,4.43405728739343,3.6659427126065696,South Asia,Subset: Freedom
-500.0,-400.0,5.0,5.0,5.0,5.316227766016838,4.683772233983162,South Asia,Subset: Freedom
-400.0,-300.0,3.75,4.0,3.0,4.28619026473818,3.21380973526182,South Asia,Subset: Freedom
-300.0,-200.0,4.55,5.0,4.0,5.354673846971554,3.7453261530284454,South Asia,Subset: Freedom
-200.0,-100.0,4.95,6.0,4.0,5.689932429347437,4.210067570652563,South Asia,Subset: Freedom
-100.0,0.0,4.8,5.959999999999999,4.0,5.671779788708134,3.928220211291865,South Asia,Subset: Freedom
0.0,100.0,5.0,6.0,4.0,6.0,4.0,South Asia,Subset: Freedom
100.0,200.0,4.85,6.0,4.0,5.759670269933013,3.9403297300669866,South Asia,Subset: Freedom
200.0,300.0,4.05,4.959999999999999,4.0,4.63949130612758,3.46050869387242,South Asia,Subset: Freedom
300.0,400.0,4.25,5.0,3.04,5.0791561975888495,3.42084380241115,South Asia,Subset: Freedom
400.0,500.0,4.2,5.0,3.0,5.322497216032183,3.0775027839678177,South Asia,Subset: Freedom
500.0,600.0,3.9,4.0,3.0,4.524499799839839,3.27550020016016,South Asia,Subset: Freedom
600.0,700.0,4.3,5.0,4.0,4.856776436283002,3.743223563716998,South Asia,Subset: Freedom
700.0,800.0,3.95,4.0,3.04,4.53949130612758,3.36050869387242,South Asia,Subset: Freedom
800.0,900.0,4.45,5.0,4.0,5.03949130612758,3.86050869387242,South Asia,Subset: Freedom
900.0,1000.0,4.4,5.0,4.0,5.2,3.6000000000000005,South Asia,Subset: Freedom
1000.0,1100.0,3.1,3.959999999999999,3.0,3.6385164807134505,2.5614835192865497,South Asia,Subset: Freedom
1100.0,1200.0,3.25,4.0,3.0,3.78619026473818,2.71380973526182,South Asia,Subset: Freedom
1200.0,1300.0,2.85,3.0,2.0,3.42227615711298,2.27772384288702,South Asia,Subset: Freedom
1300.0,1400.0,3.2,4.0,2.0,4.012403840463596,2.387596159536404,South Asia,Subset: Freedom
1400.0,1500.0,4.35,5.0,4.0,4.826969600708472,3.873030399291527,South Asia,Subset: Freedom
1500.0,1600.0,5.55,6.0,5.0,6.0474937185533095,5.05250628144669,South Asia,Subset: Freedom
1600.0,1700.0,6.05,7.0,5.0,6.914580823289529,5.185419176710471,South Asia,Subset: Freedom
1700.0,1800.0,3.75,4.0,3.0,4.18301270189222,3.316987298107781,South Asia,Subset: Freedom
1800.0,1900.0,2.6,3.0,2.0,3.089897948556636,2.110102051443364,South Asia,Subset: Freedom
1900.0,2000.0,4.8,5.0,4.04,5.2,4.3999999999999995,South Asia,Subset: Freedom
2000.0,2025.0,6.0,6.0,6.0,6.0,6.0,South Asia,Subset: Freedom
-1000.0,-900.0,3.65,4.0,3.0,4.126969600708473,3.173030399291527,South Asia,Subset: Health & Wellbeing
-900.0,-800.0,3.65,4.0,3.0,4.126969600708473,3.173030399291527,South Asia,Subset: Health & Wellbeing
-800.0,-700.0,4.15,5.0,4.0,4.72227615711298,3.5777238428870204,South Asia,Subset: Health & Wellbeing
-700.0,-600.0,4.45,5.0,4.0,4.94749371855331,3.95250628144669,South Asia,Subset: Health & Wellbeing
-600.0,-500.0,4.7,5.0,4.0,5.158257569495584,4.2417424305044165,South Asia,Subset: Health & Wellbeing
-500.0,-400.0,5.7,6.0,5.0,6.158257569495584,5.2417424305044165,South Asia,Subset: Health & Wellbeing
-400.0,-300.0,4.8,5.0,4.0,5.3099019513592784,4.290098048640721,South Asia,Subset: Health & Wellbeing
-300.0,-200.0,5.3,6.0,5.0,6.014142842854285,4.585857157145715,South Asia,Subset: Health & Wellbeing
-200.0,-100.0,5.6,6.0,5.0,6.334846922834953,4.865153077165046,South Asia,Subset: Health & Wellbeing
-100.0,0.0,5.55,6.0,5.0,6.218954408012983,4.881045591987017,South Asia,Subset: Health & Wellbeing
0.0,100.0,5.8,7.0,5.0,6.671779788708134,4.928220211291865,South Asia,Subset: Health & Wellbeing
100.0,200.0,5.65,6.959999999999999,5.0,6.4421489758877435,4.857851024112257,South Asia,Subset: Health & Wellbeing
200.0,300.0,4.95,5.0,5.0,5.44749371855331,4.4525062814466905,South Asia,Subset: Health & Wellbeing
300.0,400.0,5.15,6.0,5.0,5.72227615711298,4.57772384288702,South Asia,Subset: Health & Wellbeing
400.0,500.0,5.1,6.0,4.0,5.988819441731558,4.211180558268441,South Asia,Subset: Health & Wellbeing
500.0,600.0,4.95,5.0,4.04,5.53949130612758,4.36050869387242,South Asia,Subset: Health & Wellbeing
600.0,700.0,5.2,6.0,5.0,5.709901951359279,4.6900980486407216,South Asia,Subset: Health & Wellbeing
700.0,800.0,5.15,6.0,5.0,5.72227615711298,4.57772384288702,South Asia,Subset: Health & Wellbeing
800.0,900.0,5.25,6.0,5.0,5.872494979899437,4.627505020100563,South Asia,Subset: Health & Wellbeing
900.0,1000.0,5.35,6.0,5.0,5.92227615711298,4.77772384288702,South Asia,Subset: Health & Wellbeing
1000.0,1100.0,4.45,5.0,4.0,5.03949130612758,3.86050869387242,South Asia,Subset: Health & Wellbeing
1100.0,1200.0,4.55,5.0,4.0,5.0474937185533095,4.05250628144669,South Asia,Subset: Health & Wellbeing
1200.0,1300.0,4.2,5.0,4.0,4.709901951359279,3.6900980486407216,South Asia,Subset: Health & Wellbeing
1300.0,1400.0,4.25,5.0,3.04,5.016485485837794,3.4835145141622053,South Asia,Subset: Health & Wellbeing
1400.0,1500.0,5.15,5.959999999999999,5.0,5.626969600708473,4.673030399291528,South Asia,Subset: Health & Wellbeing
1500.0,1600.0,6.2,6.959999999999999,6.0,6.6000000000000005,5.8,South Asia,Subset: Health & Wellbeing
1600.0,1700.0,6.6,7.0,6.0,7.183095189484529,6.01690481051547,South Asia,Subset: Health & Wellbeing
1700.0,1800.0,4.9,5.0,5.0,5.335889894354068,4.464110105645933,South Asia,Subset: Health & Wellbeing
1800.0,1900.0,4.05,5.0,3.0,4.789932429347437,3.310067570652562,South Asia,Subset: Health & Wellbeing
1900.0,2000.0,5.45,6.0,5.0,5.94749371855331,4.9525062814466905,South Asia,Subset: Health & Wellbeing
2000.0,2025.0,6.55,7.0,6.0,7.0474937185533095,6.05250628144669,South Asia,Subset: Health & Wellbeing
-1000.0,-900.0,6.15,6.0,6.0,6.507071421427143,5.792928578572858,South Asia,Subset: Peace
-900.0,-800.0,5.35,6.0,5.0,5.826969600708472,4.873030399291527,South Asia,Subset: Peace
-800.0,-700.0,5.1,5.0,5.0,5.3999999999999995,4.8,South Asia,Subset: Peace
-700.0,-600.0,4.65,5.0,4.0,5.22227615711298,4.07772384288702,South Asia,Subset: Peace
-600.0,-500.0,4.85,5.959999999999999,4.0,5.702936105461599,3.997063894538401,South Asia,Subset: Peace
-500.0,-400.0,6.8,7.0,6.0,7.478232998312526,6.1217670016874735,South Asia,Subset: Peace
-400.0,-300.0,4.9,5.0,4.04,5.52449979983984,4.2755002001601605,South Asia,Subset: Peace
-300.0,-200.0,5.85,6.959999999999999,5.0,6.642148975887743,5.0578510241122565,South Asia,Subset: Peace
-200.0,-100.0,6.2,7.0,5.04,7.012403840463596,5.387596159536404,South Asia,Subset: Peace
-100.0,0.0,5.9,7.0,5.0,6.990871211463572,4.8091287885364284,South Asia,Subset: Peace
0.0,100.0,6.15,7.0,5.0,7.113068014212912,5.186931985787089,South Asia,Subset: Peace
100.0,200.0,5.65,7.0,4.0,6.8859207094308275,4.414079290569173,South Asia,Subset: Peace
200.0,300.0,4.55,5.0,4.0,5.218954408012983,3.881045591987017,South Asia,Subset: Peace
300.0,400.0,5.0,6.0,4.0,5.948683298050514,4.051316701949486,South Asia,Subset: Peace
400.0,500.0,5.15,6.0,4.0,6.3859207094308275,3.914079290569173,South Asia,Subset: Peace
500.0,600.0,4.95,5.0,4.04,5.53949130612758,4.36050869387242,South Asia,Subset: Peace
600.0,700.0,5.4,6.0,5.0,6.06332495807108,4.736675041928921,South Asia,Subset: Peace
700.0,800.0,4.65,5.959999999999999,4.0,5.559670269933013,3.740329730066988,South Asia,Subset: Peace
800.0,900.0,5.15,6.0,5.0,5.803834841531102,4.496165158468899,South Asia,Subset: Peace
900.0,1000.0,5.15,6.0,4.0,6.257925990308017,4.042074009691984,South Asia,Subset: Peace
1000.0,1100.0,3.3,4.0,3.0,3.856776436283002,2.7432235637169975,South Asia,Subset: Peace
1100.0,1200.0,3.55,4.0,3.0,4.218954408012983,2.881045591987017,South Asia,Subset: Peace
1200.0,1300.0,2.85,3.0,2.0,3.42227615711298,2.27772384288702,South Asia,Subset: Peace
1300.0,1400.0,3.4,4.959999999999999,2.04,4.419803902718557,2.380196097281443,South Asia,Subset: Peace
1400.0,1500.0,5.25,6.0,4.04,6.016485485837794,4.483514514162206,South Asia,Subset: Peace
1500.0,1600.0,6.4,7.0,6.0,6.889897948556636,5.910102051443364,South Asia,Subset: Peace
1600.0,1700.0,6.7,7.0,6.0,7.542614977317636,5.857385022682364,South Asia,Subset: Peace
1700.0,1800.0,3.7,4.0,3.0,4.256776436283002,3.1432235637169983,South Asia,Subset: Peace
1800.0,1900.0,2.85,3.0,2.0,3.42227615711298,2.27772384288702,South Asia,Subset: Peace
1900.0,2000.0,4.15,5.0,4.0,4.72227615711298,3.5777238428870204,South Asia,Subset: Peace
2000.0,2025.0,5.2,6.0,5.0,5.709901951359279,4.6900980486407216,South Asia,Subset: Peace
-1000.0,-900.0,23750000.0,35000000.0,15000000.0,32581053.164826944,14918946.835173056,South Asia,Subset: Population
-900.0,-800.0,25600000.0,37000000.0,16000000.0,34977632.963600144,16222367.036399856,South Asia,Subset: Population
-800.0,-700.0,27850000.0,40000000.0,17000000.0,37990389.538868815,17709610.46113119,South Asia,Subset: Population
-700.0,-600.0,30400000.0,43000000.0,18000000.0,41442644.610780515,19357355.389219485,South Asia,Subset: Population
-600.0,-500.0,33150000.0,46000000.0,19040000.0,45029709.59241007,21270290.407589924,South Asia,Subset: Population
-500.0,-400.0,36400000.0,50000000.0,22000000.0,48911594.62258908,23888405.37741092,South Asia,Subset: Population
-400.0,-300.0,38250000.0,52000000.0,23000000.0,51121965.661856,25378034.338143997,South Asia,Subset: Population
-300.0,-200.0,40450000.0,54000000.0,25000000.0,53789696.39834431,27110303.601655696,South Asia,Subset: Population
-200.0,-100.0,42800000.0,56000000.0,27000000.0,56741305.53427476,28858694.465725243,South Asia,Subset: Population
-100.0,0.0,45150000.0,59920000.0,28000000.0,59892031.74599756,30407968.254002437,South Asia,Subset: Population
0.0,100.0,47650000.0,61920000.0,29000000.0,63348009.42794977,31951990.572050225,South Asia,Subset: Population
100.0,200.0,50200000.0,64880000.0,30000000.0,66917057.15728699,33482942.842713013,South Asia,Subset: Population
200.0,300.0,51700000.0,66880000.0,31000000.0,68110667.26248509,35289332.737514906,South Asia,Subset: Population
300.0,400.0,53750000.0,68880000.0,32000000.0,70802492.48643729,36697507.51356272,South Asia,Subset: Population
400.0,500.0,55700000.0,69920000.0,33000000.0,73414683.17526452,37985316.82473548,South Asia,Subset: Population
500.0,600.0,57750000.0,71920000.0,34000000.0,76107219.28833449,39392780.71166551,South Asia,Subset: Population
600.0,700.0,59900000.0,73920000.0,35000000.0,79140322.24262369,40659677.757376306,South Asia,Subset: Population
700.0,800.0,62100000.0,75920000.0,36000000.0,82117242.56734678,42082757.43265322,South Asia,Subset: Population
800.0,900.0,64450000.0,77920000.0,37000000.0,85319774.79514334,43580225.204856664,South Asia,Subset: Population
900.0,1000.0,66900000.0,79920000.0,38000000.0,88762982.41320246,45037017.58679754,South Asia,Subset: Population
1000.0,1100.0,69950000.0,81920000.0,40000000.0,93167396.49486996,46732603.50513004,South Asia,Subset: Population
1100.0,1200.0,72800000.0,85000000.0,42000000.0,97012806.52877729,48587193.47122271,South Asia,Subset: Population
1200.0,1300.0,75850000.0,90000000.0,44040000.0,101023944.86368792,50676055.13631207,South Asia,Subset: Population
1300.0,1400.0,78750000.0,95000000.0,46040000.0,104998571.38969664,52501428.61030338,South Asia,Subset: Population
1400.0,1500.0,81600000.0,100000000.0,48080000.0,109063430.230035,54136569.76996501,South Asia,Subset: Population
1500.0,1600.0,85850000.0,110000000.0,50200000.0,115157464.91936824,56542535.08063176,South Asia,Subset: Population
1600.0,1700.0,94600000.0,139600000.0,60000000.0,127744230.26712193,61455769.73287809,South Asia,Subset: Population
1700.0,1800.0,103250000.0,149600000.0,65200000.0,140081881.5701832,66418118.42981681,South Asia,Subset: Population
1800.0,1900.0,151750000.0,200000000.0,90400000.0,211942919.0187683,91557080.98123167,South Asia,Subset: Population
1900.0,2000.0,424500000.0,446799999.99999994,350000000.0,621489212.9026358,227510787.09736413,South Asia,Subset: Population
2000.0,2025.0,1805000000.0,1800000000.0,1800000000.0,1843405728.739343,1766594271.260657,South Asia,Subset: Population
-1000.0,-900.0,4.041666666666668,4.326666666666666,3.8333333333333335,4.33922618452262,3.744107148810716,Southeast Asia,Overall
-900.0,-800.0,4.191666666666666,4.493333333333333,4.0,4.461826084624122,3.921507248709211,Southeast Asia,Overall
-800.0,-700.0,4.333333333333334,4.66,4.166666666666667,4.645138115564496,4.021528551102172,Southeast Asia,Overall
-700.0,-600.0,4.5666666666666655,5.0,4.013333333333334,4.992890395084813,4.140442938248518,Southeast Asia,Overall
-600.0,-500.0,4.666666666666667,5.166666666666667,4.166666666666667,5.071498593383038,4.261834739950296,Southeast Asia,Overall
-500.0,-400.0,4.775,5.16,4.666666666666667,5.109477204006492,4.440522795993509,Southeast Asia,Overall
-400.0,-300.0,4.8,5.166666666666667,4.506666666666667,5.307170801823431,4.292829198176569,Southeast Asia,Overall
-300.0,-200.0,4.85,5.0,4.506666666666667,5.128388218141501,4.571611781858499,Southeast Asia,Overall
-200.0,-100.0,4.7666666666666675,5.16,4.5,5.1138777775999955,4.4194555557333395,Southeast Asia,Overall
-100.0,0.0,4.75,5.16,4.333333333333333,5.105512150128359,4.394487849871641,Southeast Asia,Overall
0.0,100.0,5.158333333333333,5.5,4.680000000000001,5.513747801868935,4.802918864797731,Southeast Asia,Overall
100.0,200.0,5.2749999999999995,5.666666666666667,4.846666666666667,5.677336923485776,4.872663076514223,Southeast Asia,Overall
200.0,300.0,5.275,5.666666666666667,4.84,5.729224002497055,4.820775997502945,Southeast Asia,Overall
300.0,400.0,5.266666666666667,5.666666666666667,5.0,5.672868586898464,4.860464746434869,Southeast Asia,Overall
400.0,500.0,5.083333333333333,5.66,4.666666666666667,5.60906034318625,4.5576063234804165,Southeast Asia,Overall
500.0,600.0,5.0249999999999995,5.666666666666667,4.506666666666667,5.5683307770901,4.481669222909899,Southeast Asia,Overall
600.0,700.0,5.15,5.819999999999999,4.506666666666667,5.697468923521895,4.6025310764781056,Southeast Asia,Overall
700.0,800.0,5.174999999999999,5.833333333333333,4.666666666666667,5.760650161027136,4.589349838972862,Southeast Asia,Overall
800.0,900.0,5.183333333333334,5.819999999999999,4.666666666666667,5.740857622789258,4.6258090438774095,Southeast Asia,Overall
900.0,1000.0,5.183333333333333,5.5,4.84,5.645514154128734,4.721152512537931,Southeast Asia,Overall
1000.0,1100.0,5.333333333333333,5.826666666666666,5.0,5.822095943287172,4.844570723379494,Southeast Asia,Overall
1100.0,1200.0,5.2,5.666666666666667,4.673333333333334,5.701663898109747,4.698336101890253,Southeast Asia,Overall
1200.0,1300.0,5.008333333333333,5.813333333333333,4.506666666666667,5.5313454428171065,4.485321223849559,Southeast Asia,Overall
1300.0,1400.0,4.9750000000000005,5.493333333333333,4.34,5.461698058348295,4.488301941651706,Southeast Asia,Overall
1400.0,1500.0,5.216666666666667,5.666666666666667,4.680000000000001,5.860224485876928,4.573108847456406,Southeast Asia,Overall
1500.0,1600.0,4.366666666666665,4.666666666666667,3.8333333333333335,4.851434652408298,3.881898680925032,Southeast Asia,Overall
1600.0,1700.0,3.8166666666666655,4.166666666666667,3.506666666666667,4.18143447713732,3.451898856196011,Southeast Asia,Overall
1700.0,1800.0,3.4333333333333327,3.6666666666666665,3.1666666666666665,3.759931965704423,3.1067347009622424,Southeast Asia,Overall
1800.0,1900.0,3.875,4.166666666666667,3.6666666666666665,4.097829032618683,3.6521709673813176,Southeast Asia,Overall
1900.0,2000.0,5.308333333333334,5.5,5.166666666666667,5.500361977030049,5.116304689636618,Southeast Asia,Overall
2000.0,2025.0,6.525,6.666666666666667,6.333333333333333,6.693942791105944,6.356057208894057,Southeast Asia,Overall
-1000.0,-900.0,4.9,5.0,4.04,5.438516480713451,4.3614835192865495,Southeast Asia,Subset: Culture & Lesure
-900.0,-800.0,5.15,5.959999999999999,5.0,5.626969600708473,4.673030399291528,Southeast Asia,Subset: Culture & Lesure
-800.0,-700.0,5.9,6.0,6.0,6.335889894354068,5.464110105645933,Southeast Asia,Subset: Culture & Lesure
-700.0,-600.0,6.15,6.959999999999999,6.0,6.626969600708473,5.673030399291528,Southeast Asia,Subset: Culture & Lesure
-600.0,-500.0,6.5,7.0,6.0,7.0,6.0,Southeast Asia,Subset: Culture & Lesure
-500.0,-400.0,6.8,7.0,6.04,7.2,6.3999999999999995,Southeast Asia,Subset: Culture & Lesure
-400.0,-300.0,6.75,7.0,6.04,7.28619026473818,6.21380973526182,Southeast Asia,Subset: Culture & Lesure
-300.0,-200.0,6.95,7.0,7.0,7.33405728739343,6.56594271260657,Southeast Asia,Subset: Culture & Lesure
-200.0,-100.0,6.9,7.0,7.0,7.335889894354068,6.464110105645933,Southeast Asia,Subset: Culture & Lesure
-100.0,0.0,7.05,7.0,7.0,7.43405728739343,6.66594271260657,Southeast Asia,Subset: Culture & Lesure
0.0,100.0,7.4,8.0,7.0,7.889897948556636,6.910102051443364,Southeast Asia,Subset: Culture & Lesure
100.0,200.0,7.65,8.0,7.0,8.126969600708474,7.173030399291528,Southeast Asia,Subset: Culture & Lesure
200.0,300.0,7.6,8.0,7.0,8.18309518948453,7.01690481051547,Southeast Asia,Subset: Culture & Lesure
300.0,400.0,7.8,8.0,7.04,8.2,7.4,Southeast Asia,Subset: Culture & Lesure
400.0,500.0,7.65,8.0,7.0,8.126969600708474,7.173030399291528,Southeast Asia,Subset: Culture & Lesure
500.0,600.0,7.5,8.0,7.0,8.0,7.0,Southeast Asia,Subset: Culture & Lesure
600.0,700.0,7.6,8.0,7.0,8.089897948556635,7.110102051443364,Southeast Asia,Subset: Culture & Lesure
700.0,800.0,7.75,8.0,7.0,8.286190264738181,7.21380973526182,Southeast Asia,Subset: Culture & Lesure
800.0,900.0,7.9,8.959999999999999,7.0,8.66811457478686,7.13188542521314,Southeast Asia,Subset: Culture & Lesure
900.0,1000.0,7.85,8.959999999999999,7.0,8.576291952316698,7.123708047683302,Southeast Asia,Subset: Culture & Lesure
1000.0,1100.0,7.9,8.0,7.04,8.438516480713451,7.361483519286549,Southeast Asia,Subset: Culture & Lesure
1100.0,1200.0,7.85,8.0,7.0,8.422276157112979,7.27772384288702,Southeast Asia,Subset: Culture & Lesure
1200.0,1300.0,7.55,8.0,7.0,8.289932429347438,6.810067570652563,Southeast Asia,Subset: Culture & Lesure
1300.0,1400.0,7.45,8.0,7.0,8.189932429347436,6.710067570652563,Southeast Asia,Subset: Culture & Lesure
1400.0,1500.0,7.6,8.0,7.0,8.334846922834952,6.865153077165046,Southeast Asia,Subset: Culture & Lesure
1500.0,1600.0,6.85,7.0,6.0,7.5038348415311,6.196165158468899,Southeast Asia,Subset: Culture & Lesure
1600.0,1700.0,6.2,7.0,6.0,6.8782329983125265,5.521767001687474,Southeast Asia,Subset: Culture & Lesure
1700.0,1800.0,5.65,6.0,5.0,6.303834841531101,4.9961651584689,Southeast Asia,Subset: Culture & Lesure
1800.0,1900.0,5.75,6.0,5.0,6.18301270189222,5.31698729810778,Southeast Asia,Subset: Culture & Lesure
1900.0,2000.0,6.95,7.0,7.0,7.167944947177034,6.732055052822966,Southeast Asia,Subset: Culture & Lesure
2000.0,2025.0,7.95,8.0,8.0,8.167944947177034,7.732055052822966,Southeast Asia,Subset: Culture & Lesure
-1000.0,-900.0,2.5,3.0,2.0,3.0,2.0,Southeast Asia,Subset: Economic Opportunity
-900.0,-800.0,3.35,4.0,3.0,3.826969600708473,2.8730303992915274,Southeast Asia,Subset: Economic Opportunity
-800.0,-700.0,3.6,4.0,3.0,4.18309518948453,3.01690481051547,Southeast Asia,Subset: Economic Opportunity
-700.0,-600.0,4.15,5.0,4.0,4.72227615711298,3.5777238428870204,Southeast Asia,Subset: Economic Opportunity
-600.0,-500.0,4.45,5.0,4.0,5.03949130612758,3.86050869387242,Southeast Asia,Subset: Economic Opportunity
-500.0,-400.0,4.7,5.0,4.0,5.256776436283002,4.143223563716998,Southeast Asia,Subset: Economic Opportunity
-400.0,-300.0,5.0,5.959999999999999,5.0,5.707106781186548,4.292893218813452,Southeast Asia,Subset: Economic Opportunity
-300.0,-200.0,5.15,5.0,5.0,5.507071421427143,4.792928578572858,Southeast Asia,Subset: Economic Opportunity
-200.0,-100.0,5.1,5.959999999999999,5.0,5.6385164807134505,4.561483519286549,Southeast Asia,Subset: Economic Opportunity
-100.0,0.0,5.2,6.0,5.0,5.8,4.6000000000000005,Southeast Asia,Subset: Economic Opportunity
0.0,100.0,5.75,6.0,5.0,6.372494979899437,5.127505020100563,Southeast Asia,Subset: Economic Opportunity
100.0,200.0,5.95,6.0,5.04,6.53949130612758,5.36050869387242,Southeast Asia,Subset: Economic Opportunity
200.0,300.0,5.95,6.959999999999999,5.0,6.618954408012983,5.281045591987017,Southeast Asia,Subset: Economic Opportunity
300.0,400.0,5.9,6.0,5.0,6.52449979983984,5.2755002001601605,Southeast Asia,Subset: Economic Opportunity
400.0,500.0,5.7,6.0,5.0,6.256776436283002,5.143223563716998,Southeast Asia,Subset: Economic Opportunity
500.0,600.0,5.75,6.0,5.0,6.372494979899437,5.127505020100563,Southeast Asia,Subset: Economic Opportunity
600.0,700.0,5.9,6.0,5.04,6.6000000000000005,5.2,Southeast Asia,Subset: Economic Opportunity
700.0,800.0,5.9,6.0,6.0,6.52449979983984,5.2755002001601605,Southeast Asia,Subset: Economic Opportunity
800.0,900.0,6.15,7.0,6.0,6.803834841531101,5.4961651584689,Southeast Asia,Subset: Economic Opportunity
900.0,1000.0,6.1,7.0,6.0,6.7244997998398395,5.47550020016016,Southeast Asia,Subset: Economic Opportunity
1000.0,1100.0,6.4,7.0,6.0,6.98309518948453,5.816904810515471,Southeast Asia,Subset: Economic Opportunity
1100.0,1200.0,6.3,7.0,6.0,6.9403124237432845,5.659687576256715,Southeast Asia,Subset: Economic Opportunity
1200.0,1300.0,6.05,7.0,5.04,6.718954408012983,5.381045591987017,Southeast Asia,Subset: Economic Opportunity
1300.0,1400.0,6.05,6.959999999999999,6.0,6.63949130612758,5.46050869387242,Southeast Asia,Subset: Economic Opportunity
1400.0,1500.0,6.2,7.0,6.0,7.012403840463596,5.387596159536404,Southeast Asia,Subset: Economic Opportunity
1500.0,1600.0,5.55,6.0,5.0,6.13949130612758,4.96050869387242,Southeast Asia,Subset: Economic Opportunity
1600.0,1700.0,4.9,5.0,5.0,5.2,4.6000000000000005,Southeast Asia,Subset: Economic Opportunity
1700.0,1800.0,4.4,5.0,4.0,4.98309518948453,3.8169048105154704,Southeast Asia,Subset: Economic Opportunity
1800.0,1900.0,5.25,6.0,5.0,5.78619026473818,4.71380973526182,Southeast Asia,Subset: Economic Opportunity
1900.0,2000.0,6.4,7.0,6.0,6.889897948556636,5.910102051443364,Southeast Asia,Subset: Economic Opportunity
2000.0,2025.0,7.4,8.0,7.0,7.889897948556636,6.910102051443364,Southeast Asia,Subset: Economic Opportunity
-1000.0,-900.0,4.15,4.0,4.0,4.507071421427143,3.792928578572858,Southeast Asia,Subset: Equality
-900.0,-800.0,4.1,4.0,4.0,4.535889894354067,3.664110105645933,Southeast Asia,Subset: Equality
-800.0,-700.0,4.0,4.0,4.0,4.547722557505166,3.452277442494834,Southeast Asia,Subset: Equality
-700.0,-600.0,3.95,4.959999999999999,3.0,4.618954408012983,3.2810455919870174,Southeast Asia,Subset: Equality
-600.0,-500.0,3.85,4.959999999999999,3.0,4.576291952316698,3.1237080476833023,Southeast Asia,Subset: Equality
-500.0,-400.0,3.7,4.0,3.0,4.414142842854285,2.9858571571457153,Southeast Asia,Subset: Equality
-400.0,-300.0,3.65,4.959999999999999,3.0,4.502936105461599,2.7970638945384008,Southeast Asia,Subset: Equality
-300.0,-200.0,3.6,4.0,3.0,4.334846922834953,2.865153077165046,Southeast Asia,Subset: Equality
-200.0,-100.0,3.45,4.0,3.0,4.189932429347437,2.710067570652563,Southeast Asia,Subset: Equality
-100.0,0.0,3.35,4.0,3.0,4.202936105461599,2.497063894538401,Southeast Asia,Subset: Equality
0.0,100.0,3.55,4.0,3.0,4.414580823289529,2.6854191767104707,Southeast Asia,Subset: Equality
100.0,200.0,3.6,4.0,3.0,4.460232526704263,2.7397674732957373,Southeast Asia,Subset: Equality
200.0,300.0,3.65,4.959999999999999,3.0,4.442148975887743,2.857851024112257,Southeast Asia,Subset: Equality
300.0,400.0,3.55,4.959999999999999,3.0,4.354673846971554,2.7453261530284454,Southeast Asia,Subset: Equality
400.0,500.0,3.5,4.0,3.0,4.366025403784438,2.6339745962155616,Southeast Asia,Subset: Equality
500.0,600.0,3.6,4.0,3.0,4.4,2.8,Southeast Asia,Subset: Equality
600.0,700.0,3.55,4.0,3.0,4.289932429347437,2.810067570652562,Southeast Asia,Subset: Equality
700.0,800.0,3.55,4.0,3.0,4.414580823289529,2.6854191767104707,Southeast Asia,Subset: Equality
800.0,900.0,3.55,4.0,3.0,4.354673846971554,2.7453261530284454,Southeast Asia,Subset: Equality
900.0,1000.0,3.6,4.0,3.0,4.4,2.8000000000000003,Southeast Asia,Subset: Equality
1000.0,1100.0,3.6,4.0,3.0,4.4,2.8000000000000003,Southeast Asia,Subset: Equality
1100.0,1200.0,3.45,4.0,3.0,4.314580823289529,2.585419176710471,Southeast Asia,Subset: Equality
1200.0,1300.0,3.5,4.0,3.0,4.241619848709567,2.758380151290434,Southeast Asia,Subset: Equality
1300.0,1400.0,3.5,4.0,3.0,4.241619848709567,2.758380151290434,Southeast Asia,Subset: Equality
1400.0,1500.0,3.85,4.959999999999999,3.0,4.642148975887744,3.057851024112257,Southeast Asia,Subset: Equality
1500.0,1600.0,2.95,4.0,2.0,3.8145808232895297,2.085419176710471,Southeast Asia,Subset: Equality
1600.0,1700.0,2.45,3.0,2.0,3.03949130612758,1.86050869387242,Southeast Asia,Subset: Equality
1700.0,1800.0,2.15,2.959999999999999,2.0,2.6269696007084726,1.6730303992915272,Southeast Asia,Subset: Equality
1800.0,1900.0,2.1,2.0,2.0,2.4,1.8,Southeast Asia,Subset: Equality
1900.0,2000.0,3.95,4.0,4.0,4.167944947177034,3.7320550528229663,Southeast Asia,Subset: Equality
2000.0,2025.0,4.9,5.0,5.0,5.2,4.6000000000000005,Southeast Asia,Subset: Equality
-1000.0,-900.0,2.95,3.0,3.0,3.167944947177034,2.7320550528229663,Southeast Asia,Subset: Freedom
-900.0,-800.0,2.95,3.0,3.0,3.167944947177034,2.7320550528229663,Southeast Asia,Subset: Freedom
-800.0,-700.0,2.95,3.0,3.0,3.167944947177034,2.7320550528229663,Southeast Asia,Subset: Freedom
-700.0,-600.0,3.15,4.0,3.0,3.72227615711298,2.57772384288702,Southeast Asia,Subset: Freedom
-600.0,-500.0,3.15,4.0,3.0,3.803834841531101,2.496165158468899,Southeast Asia,Subset: Freedom
-500.0,-400.0,3.25,4.0,3.0,3.78619026473818,2.71380973526182,Southeast Asia,Subset: Freedom
-400.0,-300.0,3.25,4.0,3.0,3.78619026473818,2.71380973526182,Southeast Asia,Subset: Freedom
-300.0,-200.0,3.3,4.0,3.0,3.8567764362830017,2.743223563716998,Southeast Asia,Subset: Freedom
-200.0,-100.0,3.2,4.0,3.0,3.709901951359279,2.6900980486407216,Southeast Asia,Subset: Freedom
-100.0,0.0,3.15,4.0,3.0,3.803834841531101,2.496165158468899,Southeast Asia,Subset: Freedom
0.0,100.0,3.5,4.0,3.0,4.306225774829855,2.693774225170145,Southeast Asia,Subset: Freedom
100.0,200.0,3.5,4.0,3.0,4.306225774829855,2.693774225170145,Southeast Asia,Subset: Freedom
200.0,300.0,3.55,4.959999999999999,3.0,4.354673846971554,2.7453261530284454,Southeast Asia,Subset: Freedom
300.0,400.0,3.55,4.0,3.0,4.218954408012983,2.881045591987017,Southeast Asia,Subset: Freedom
400.0,500.0,3.4,4.959999999999999,3.0,4.369535971483266,2.430464028516734,Southeast Asia,Subset: Freedom
500.0,600.0,3.4,4.0,3.0,4.260232526704263,2.539767473295737,Southeast Asia,Subset: Freedom
600.0,700.0,3.6,4.0,3.0,4.26332495807108,2.93667504192892,Southeast Asia,Subset: Freedom
700.0,800.0,3.55,4.0,3.0,4.354673846971554,2.7453261530284454,Southeast Asia,Subset: Freedom
800.0,900.0,3.6,4.0,3.0,4.334846922834954,2.865153077165046,Southeast Asia,Subset: Freedom
900.0,1000.0,3.7,4.0,3.0,4.542614977317636,2.8573850226823643,Southeast Asia,Subset: Freedom
1000.0,1100.0,3.9,5.0,3.0,4.730662386291807,3.069337613708192,Southeast Asia,Subset: Freedom
1100.0,1200.0,3.65,4.0,3.0,4.4421489758877435,2.8578510241122568,Southeast Asia,Subset: Freedom
1200.0,1300.0,3.6,4.0,3.0,4.4,2.8000000000000003,Southeast Asia,Subset: Freedom
1300.0,1400.0,3.6,4.0,3.0,4.26332495807108,2.93667504192892,Southeast Asia,Subset: Freedom
1400.0,1500.0,3.95,5.0,3.0,4.689932429347437,3.210067570652563,Southeast Asia,Subset: Freedom
1500.0,1600.0,3.0,3.959999999999999,2.0,3.7745966692414834,2.2254033307585166,Southeast Asia,Subset: Freedom
1600.0,1700.0,2.4,3.0,2.0,2.889897948556636,1.910102051443364,Southeast Asia,Subset: Freedom
1700.0,1800.0,2.05,2.0,2.0,2.5474937185533095,1.55250628144669,Southeast Asia,Subset: Freedom
1800.0,1900.0,2.25,3.0,2.0,2.683012701892219,1.8169872981077808,Southeast Asia,Subset: Freedom
1900.0,2000.0,4.55,5.0,4.0,5.0474937185533095,4.05250628144669,Southeast Asia,Subset: Freedom
2000.0,2025.0,6.2,6.959999999999999,6.0,6.6000000000000005,5.8,Southeast Asia,Subset: Freedom
-1000.0,-900.0,3.5,4.0,3.0,4.0,3.0,Southeast Asia,Subset: Health & Wellbeing
-900.0,-800.0,3.55,4.0,3.0,4.0474937185533095,3.0525062814466897,Southeast Asia,Subset: Health & Wellbeing
-800.0,-700.0,3.85,4.0,3.04,4.326969600708473,3.3730303992915274,Southeast Asia,Subset: Health & Wellbeing
-700.0,-600.0,4.25,5.0,4.0,4.948212002188447,3.551787997811553,Southeast Asia,Subset: Health & Wellbeing
-600.0,-500.0,4.5,5.0,4.0,5.0,4.0,Southeast Asia,Subset: Health & Wellbeing
-500.0,-400.0,4.7,5.0,4.0,5.158257569495584,4.2417424305044165,Southeast Asia,Subset: Health & Wellbeing
-400.0,-300.0,4.7,5.0,4.0,5.256776436283002,4.143223563716998,Southeast Asia,Subset: Health & Wellbeing
-300.0,-200.0,4.8,5.0,4.04,5.2,4.3999999999999995,Southeast Asia,Subset: Health & Wellbeing
-200.0,-100.0,4.8,5.0,4.04,5.2,4.3999999999999995,Southeast Asia,Subset: Health & Wellbeing
-100.0,0.0,4.85,5.0,4.04,5.326969600708472,4.373030399291527,Southeast Asia,Subset: Health & Wellbeing
0.0,100.0,5.3,6.0,5.0,5.856776436283002,4.743223563716998,Southeast Asia,Subset: Health & Wellbeing
100.0,200.0,5.5,6.0,5.0,6.091607978309962,4.908392021690038,Southeast Asia,Subset: Health & Wellbeing
200.0,300.0,5.6,6.0,5.0,6.263324958071079,4.93667504192892,Southeast Asia,Subset: Health & Wellbeing
300.0,400.0,5.6,6.0,5.0,6.263324958071079,4.93667504192892,Southeast Asia,Subset: Health & Wellbeing
400.0,500.0,5.4,6.0,5.0,5.98309518948453,4.816904810515471,Southeast Asia,Subset: Health & Wellbeing
500.0,600.0,5.3,6.0,5.0,5.856776436283002,4.743223563716998,Southeast Asia,Subset: Health & Wellbeing
600.0,700.0,5.45,6.0,5.0,6.118954408012983,4.781045591987017,Southeast Asia,Subset: Health & Wellbeing
700.0,800.0,5.65,6.0,5.0,6.303834841531101,4.9961651584689,Southeast Asia,Subset: Health & Wellbeing
800.0,900.0,5.65,6.0,5.0,6.4421489758877435,4.857851024112257,Southeast Asia,Subset: Health & Wellbeing
900.0,1000.0,5.65,6.0,5.0,6.22227615711298,5.07772384288702,Southeast Asia,Subset: Health & Wellbeing
1000.0,1100.0,5.85,6.0,5.0,6.42227615711298,5.27772384288702,Southeast Asia,Subset: Health & Wellbeing
1100.0,1200.0,5.8,6.0,5.0,6.3999999999999995,5.2,Southeast Asia,Subset: Health & Wellbeing
1200.0,1300.0,5.55,6.0,5.0,6.13949130612758,4.96050869387242,Southeast Asia,Subset: Health & Wellbeing
1300.0,1400.0,5.4,6.0,5.0,6.134846922834954,4.665153077165047,Southeast Asia,Subset: Health & Wellbeing
1400.0,1500.0,5.6,6.0,5.0,6.3999999999999995,4.8,Southeast Asia,Subset: Health & Wellbeing
1500.0,1600.0,4.85,5.0,4.0,5.5038348415311,4.196165158468899,Southeast Asia,Subset: Health & Wellbeing
1600.0,1700.0,4.4,5.0,4.0,4.98309518948453,3.8169048105154704,Southeast Asia,Subset: Health & Wellbeing
1700.0,1800.0,4.05,4.0,4.0,4.5474937185533095,3.55250628144669,Southeast Asia,Subset: Health & Wellbeing
1800.0,1900.0,4.85,5.0,4.0,5.42227615711298,4.27772384288702,Southeast Asia,Subset: Health & Wellbeing
1900.0,2000.0,6.0,6.0,6.0,6.0,6.0,Southeast Asia,Subset: Health & Wellbeing
2000.0,2025.0,7.0,7.0,7.0,7.0,7.0,Southeast Asia,Subset: Health & Wellbeing
-1000.0,-900.0,6.25,7.0,6.0,6.68301270189222,5.81698729810778,Southeast Asia,Subset: Peace
-900.0,-800.0,6.05,6.0,6.0,6.5474937185533095,5.55250628144669,Southeast Asia,Subset: Peace
-800.0,-700.0,5.7,6.0,5.0,6.340312423743285,5.0596875762567155,Southeast Asia,Subset: Peace
-700.0,-600.0,5.75,6.0,5.0,6.448212002188447,5.051787997811553,Southeast Asia,Subset: Peace
-600.0,-500.0,5.55,6.959999999999999,5.0,6.414580823289529,4.685419176710471,Southeast Asia,Subset: Peace
-500.0,-400.0,5.5,6.0,5.0,6.241619848709567,4.758380151290433,Southeast Asia,Subset: Peace
-400.0,-300.0,5.45,6.0,5.0,6.314580823289529,4.585419176710471,Southeast Asia,Subset: Peace
-300.0,-200.0,5.3,6.0,5.0,6.081024967590666,4.518975032409334,Southeast Asia,Subset: Peace
-200.0,-100.0,5.15,6.0,4.04,5.9421489758877435,4.357851024112257,Southeast Asia,Subset: Peace
-100.0,0.0,4.9,6.0,4.0,5.668114574786861,4.13188542521314,Southeast Asia,Subset: Peace
0.0,100.0,5.45,6.0,4.04,6.42339611669659,4.476603883303411,Southeast Asia,Subset: Peace
100.0,200.0,5.45,6.959999999999999,4.04,6.653120941551597,4.246879058448403,Southeast Asia,Subset: Peace
200.0,300.0,5.3,6.0,4.0,6.4,4.199999999999999,Southeast Asia,Subset: Peace
300.0,400.0,5.2,6.0,4.0,6.322497216032183,4.077502783967818,Southeast Asia,Subset: Peace
400.0,500.0,4.85,6.0,3.0,6.201850583459577,3.4981494165404223,Southeast Asia,Subset: Peace
500.0,600.0,4.6,6.0,3.0,5.840967364599085,3.359032635400914,Southeast Asia,Subset: Peace
600.0,700.0,4.8,6.0,4.0,6.12664991614216,3.4733500838578397,Southeast Asia,Subset: Peace
700.0,800.0,4.65,6.0,3.04,5.925735082217308,3.374264917782693,Southeast Asia,Subset: Peace
800.0,900.0,4.25,5.0,3.0,5.24373034571759,3.2562696542824106,Southeast Asia,Subset: Peace
900.0,1000.0,4.2,5.0,3.0,5.277032961426901,3.122967038573099,Southeast Asia,Subset: Peace
1000.0,1100.0,4.35,5.959999999999999,3.0,5.411838029079765,3.2881619709202345,Southeast Asia,Subset: Peace
1100.0,1200.0,4.15,5.0,3.0,5.163656746635665,3.136343253364336,Southeast Asia,Subset: Peace
1200.0,1300.0,3.8,4.0,3.0,4.478232998312527,3.121767001687473,Southeast Asia,Subset: Peace
1300.0,1400.0,3.85,4.0,3.0,4.702936105461599,2.997063894538401,Southeast Asia,Subset: Peace
1400.0,1500.0,4.1,5.0,3.0,5.1908712114635716,3.0091287885364277,Southeast Asia,Subset: Peace
1500.0,1600.0,3.0,3.959999999999999,2.0,3.7745966692414834,2.2254033307585166,Southeast Asia,Subset: Peace
1600.0,1700.0,2.55,3.0,2.0,3.04749371855331,2.0525062814466897,Southeast Asia,Subset: Peace
1700.0,1800.0,2.3,3.0,2.0,2.758257569495584,1.8417424305044157,Southeast Asia,Subset: Peace
1800.0,1900.0,3.05,3.0,3.0,3.43405728739343,2.6659427126065696,Southeast Asia,Subset: Peace
1900.0,2000.0,4.0,4.0,4.0,4.547722557505166,3.452277442494834,Southeast Asia,Subset: Peace
2000.0,2025.0,5.7,6.0,5.0,6.158257569495584,5.2417424305044165,Southeast Asia,Subset: Peace
-1000.0,-900.0,6775000.0,11919999.999999998,3000000.0,11485294.576775428,2064705.423224573,Southeast Asia,Subset: Population
-900.0,-800.0,7440000.0,12919999.999999998,3212000.0,12547191.008764016,2332808.9912359845,Southeast Asia,Subset: Population
-800.0,-700.0,8110000.0,13919999.999999998,3420000.0,13617712.77391986,2602287.22608014,Southeast Asia,Subset: Population
-700.0,-600.0,8785000.0,14919999.999999998,3624000.0,14695014.805396006,2874985.1946039936,Southeast Asia,Subset: Population
-600.0,-500.0,9460000.0,15919999.999999998,3828000.0,15776755.49629713,3143244.5037028696,Southeast Asia,Subset: Population
-500.0,-400.0,10140000.0,16920000.0,4032000.0,16863644.844873946,3416355.155126053,Southeast Asia,Subset: Population
-400.0,-300.0,10825000.0,17920000.0,4240000.0,17954647.60699994,3695352.393000058,Southeast Asia,Subset: Population
-300.0,-200.0,11515000.0,18920000.0,4448000.0,19047215.80944147,3982784.1905585313,Southeast Asia,Subset: Population
-200.0,-100.0,12205000.0,19920000.0,4656000.0,20142031.87595968,4267968.124040322,Southeast Asia,Subset: Population
-100.0,0.0,12905000.0,20920000.0,4868000.0,21239055.135406777,4570944.864593227,Southeast Asia,Subset: Population
0.0,100.0,13600000.0,21920000.0,5080000.0,22338706.998177707,4861293.001822295,Southeast Asia,Subset: Population
100.0,200.0,14320000.0,22920000.0,5292000.0,23455129.993601624,5184870.006398376,Southeast Asia,Subset: Population
200.0,300.0,15045000.0,23920000.0,5504000.0,24573193.69030668,5516806.309693322,Southeast Asia,Subset: Population
300.0,400.0,15770000.0,24920000.0,5716000.0,25693411.7117048,5846588.2882952,Southeast Asia,Subset: Population
400.0,500.0,16495000.0,25920000.0,5928000.0,26815536.565508597,6174463.434491402,Southeast Asia,Subset: Population
500.0,600.0,17220000.0,26920000.0,6140000.0,27939356.323959008,6500643.67604099,Southeast Asia,Subset: Population
600.0,700.0,17945000.0,27920000.0,6352000.0,29064688.619741112,6825311.380258888,Southeast Asia,Subset: Population
700.0,800.0,18670000.0,28920000.0,6564000.0,30191375.78590335,7148624.214096652,Southeast Asia,Subset: Population
800.0,900.0,19395000.0,29920000.0,6776000.0,31319280.90075037,7470719.099249633,Southeast Asia,Subset: Population
900.0,1000.0,20120000.0,30920000.0,7180000.0,32448284.552199468,7791715.447800534,Southeast Asia,Subset: Population
1000.0,1100.0,20850000.0,31920000.0,7680000.0,33578020.27025413,8121979.72974587,Southeast Asia,Subset: Population
1100.0,1200.0,21630000.0,32960000.0,8180000.0,34796400.41924899,8463599.58075101,Southeast Asia,Subset: Population
1200.0,1300.0,22410000.0,34000000.0,8680000.0,36018853.73571191,8801146.26428809,Southeast Asia,Subset: Population
1300.0,1400.0,23190000.0,35960000.0,9180000.0,37244995.55318321,9135004.446816783,Southeast Asia,Subset: Population
1400.0,1500.0,23970000.0,37920000.0,9680000.0,38474485.513109386,9465514.486890616,Southeast Asia,Subset: Population
1500.0,1600.0,24775000.0,39880000.0,10180000.0,39716950.17392308,9833049.82607692,Southeast Asia,Subset: Population
1600.0,1700.0,25605000.0,40880000.0,11160000.0,40963791.4563614,10246208.543638598,Southeast Asia,Subset: Population
1700.0,1800.0,26485000.0,41880000.0,12140000.0,42322022.28955936,10647977.71044064,Southeast Asia,Subset: Population
1800.0,1900.0,28460000.0,44880000.0,15040000.0,45205279.93196889,11714720.068031112,Southeast Asia,Subset: Population
1900.0,2000.0,87250000.0,90000000.0,45600000.0,163136016.49843007,11363983.501569942,Southeast Asia,Subset: Population
2000.0,2025.0,312300000.0,680000000.0,68000000.0,611512984.3439286,13087015.656071484,Southeast Asia,Subset: Population
-1000.0,-900.0,5.874999999999998,5.833333333333333,5.833333333333333,6.148226605179248,5.601773394820748,Southern Africa,Overall
-900.0,-800.0,5.875000000000001,6.166666666666667,5.666666666666667,6.137863504926459,5.612136495073543,Southern Africa,Overall
-800.0,-700.0,5.9,6.166666666666667,5.666666666666667,6.190593262902712,5.609406737097289,Southern Africa,Overall
-700.0,-600.0,5.633333333333334,5.993333333333333,5.333333333333333,5.9649958123688736,5.301670854297794,Southern Africa,Overall
-600.0,-500.0,5.583333333333333,5.833333333333333,5.333333333333333,5.869592733955294,5.297073932711372,Southern Africa,Overall
-500.0,-400.0,5.583333333333334,5.833333333333333,5.333333333333333,5.892902927016779,5.273763739649889,Southern Africa,Overall
-400.0,-300.0,5.575,5.833333333333333,5.333333333333333,5.9019174207655505,5.24808257923445,Southern Africa,Overall
-300.0,-200.0,5.525,5.993333333333333,5.166666666666667,5.944242040936842,5.105757959063158,Southern Africa,Overall
-200.0,-100.0,5.4833333333333325,5.833333333333333,5.166666666666667,5.933333333333333,5.033333333333332,Southern Africa,Overall
-100.0,0.0,5.625000000000001,5.833333333333333,5.34,5.981974166510065,5.268025833489936,Southern Africa,Overall
0.0,100.0,5.616666666666668,5.833333333333333,5.34,5.928916566586588,5.304416766746748,Southern Africa,Overall
100.0,200.0,5.625000000000002,5.993333333333333,5.34,5.997211857235457,5.252788142764547,Southern Africa,Overall
200.0,300.0,5.750000000000001,6.166666666666667,5.34,6.179793231940922,5.32020676805908,Southern Africa,Overall
300.0,400.0,5.6499999999999995,6.16,5.333333333333333,6.179412672475619,5.12058732752438,Southern Africa,Overall
400.0,500.0,5.508333333333334,6.16,4.526666666666666,6.202505502179075,4.814161164487593,Southern Africa,Overall
500.0,600.0,5.366666666666665,6.0,4.666666666666667,6.0630860805258715,4.670247252807459,Southern Africa,Overall
600.0,700.0,5.483333333333333,6.0,4.84,6.062844621690457,4.90382204497621,Southern Africa,Overall
700.0,800.0,5.433333333333334,5.833333333333333,4.680000000000001,5.9820692544384775,4.88459741222819,Southern Africa,Overall
800.0,900.0,5.416666666666666,5.993333333333333,5.006666666666667,6.004742625479245,4.8285907078540875,Southern Africa,Overall
900.0,1000.0,5.275,6.0,4.5,6.028279865359188,4.5217201346408125,Southern Africa,Overall
1000.0,1100.0,5.225,5.666666666666667,4.673333333333334,5.896389520985314,4.553610479014686,Southern Africa,Overall
1100.0,1200.0,5.116666666666667,5.666666666666667,4.666666666666667,5.9056533585696425,4.327679974763692,Southern Africa,Overall
1200.0,1300.0,5.1000000000000005,5.666666666666667,4.34,5.742045342808608,4.457954657191393,Southern Africa,Overall
1300.0,1400.0,4.591666666666667,5.486666666666666,4.0,5.34531519954596,3.8380181337873736,Southern Africa,Overall
1400.0,1500.0,4.308333333333334,5.0,3.506666666666667,4.965082482129466,3.6515841845372017,Southern Africa,Overall
1500.0,1600.0,3.775,4.333333333333333,3.1666666666666665,4.4943264596520525,3.0556735403479474,Southern Africa,Overall
1600.0,1700.0,3.4166666666666665,4.16,2.6733333333333333,4.13642742938964,2.696905903943694,Southern Africa,Overall
1700.0,1800.0,3.3166666666666673,3.5,3.006666666666667,3.6658721139959503,2.9674612193373844,Southern Africa,Overall
1800.0,1900.0,2.666666666666666,3.1599999999999997,2.3333333333333335,3.035599060352977,2.297734272980355,Southern Africa,Overall
1900.0,2000.0,3.5333333333333328,4.16,3.006666666666667,4.037758198347385,3.0289084683192806,Southern Africa,Overall
2000.0,2025.0,5.991666666666668,6.333333333333333,5.666666666666667,6.32280527477176,5.660528058561576,Southern Africa,Overall
-1000.0,-900.0,6.95,7.0,7.0,7.167944947177034,6.732055052822966,Southern Africa,Subset: Culture & Lesure
-900.0,-800.0,7.0,7.0,7.0,7.0,7.0,Southern Africa,Subset: Culture & Lesure
-800.0,-700.0,7.0,7.0,7.0,7.0,7.0,Southern Africa,Subset: Culture & Lesure
-700.0,-600.0,6.9,7.0,7.0,7.335889894354068,6.464110105645933,Southern Africa,Subset: Culture & Lesure
-600.0,-500.0,7.0,7.0,7.0,7.447213595499958,6.552786404500042,Southern Africa,Subset: Culture & Lesure
-500.0,-400.0,7.2,8.0,7.0,7.709901951359279,6.6900980486407216,Southern Africa,Subset: Culture & Lesure
-400.0,-300.0,7.4,8.0,7.0,8.06332495807108,6.736675041928921,Southern Africa,Subset: Culture & Lesure
-300.0,-200.0,7.4,8.0,7.0,8.06332495807108,6.736675041928921,Southern Africa,Subset: Culture & Lesure
-200.0,-100.0,7.6,8.0,7.0,8.4,6.8,Southern Africa,Subset: Culture & Lesure
-100.0,0.0,7.85,8.0,7.04,8.326969600708473,7.373030399291527,Southern Africa,Subset: Culture & Lesure
0.0,100.0,7.8,8.0,7.0,8.309901951359278,7.290098048640721,Southern Africa,Subset: Culture & Lesure
100.0,200.0,7.9,8.0,8.0,8.335889894354068,7.464110105645933,Southern Africa,Subset: Culture & Lesure
200.0,300.0,7.85,8.0,7.04,8.326969600708473,7.373030399291527,Southern Africa,Subset: Culture & Lesure
300.0,400.0,7.75,8.0,7.0,8.286190264738181,7.21380973526182,Southern Africa,Subset: Culture & Lesure
400.0,500.0,7.6,8.0,7.0,8.4,6.8,Southern Africa,Subset: Culture & Lesure
500.0,600.0,7.5,8.0,7.0,8.306225774829855,6.693774225170145,Southern Africa,Subset: Culture & Lesure
600.0,700.0,7.6,8.0,7.0,8.18309518948453,7.01690481051547,Southern Africa,Subset: Culture & Lesure
700.0,800.0,7.7,8.0,7.0,8.256776436283003,7.143223563716998,Southern Africa,Subset: Culture & Lesure
800.0,900.0,7.65,8.0,7.0,8.303834841531101,6.996165158468899,Southern Africa,Subset: Culture & Lesure
900.0,1000.0,7.55,8.0,7.0,8.41458082328953,6.685419176710471,Southern Africa,Subset: Culture & Lesure
1000.0,1100.0,7.45,8.0,7.0,8.370597631976098,6.529402368023901,Southern Africa,Subset: Culture & Lesure
1100.0,1200.0,7.4,8.0,7.0,8.369535971483266,6.4304640285167345,Southern Africa,Subset: Culture & Lesure
1200.0,1300.0,7.3,8.0,7.0,8.014142842854286,6.585857157145715,Southern Africa,Subset: Culture & Lesure
1300.0,1400.0,6.8,7.959999999999999,6.0,7.72736184954957,5.872638150450429,Southern Africa,Subset: Culture & Lesure
1400.0,1500.0,6.4,7.0,6.0,7.2,5.6000000000000005,Southern Africa,Subset: Culture & Lesure
1500.0,1600.0,5.85,7.0,5.0,6.702936105461599,4.9970638945384005,Southern Africa,Subset: Culture & Lesure
1600.0,1700.0,5.5,6.0,5.0,6.474679434480897,4.525320565519103,Southern Africa,Subset: Culture & Lesure
1700.0,1800.0,5.55,6.0,5.0,6.289932429347437,4.810067570652563,Southern Africa,Subset: Culture & Lesure
1800.0,1900.0,4.85,5.0,4.04,5.503834841531101,4.196165158468898,Southern Africa,Subset: Culture & Lesure
1900.0,2000.0,5.7,6.0,5.04,6.340312423743285,5.0596875762567155,Southern Africa,Subset: Culture & Lesure
2000.0,2025.0,7.2,7.959999999999999,7.0,7.6,6.8,Southern Africa,Subset: Culture & Lesure
-1000.0,-900.0,3.0,3.0,3.0,3.0,3.0,Southern Africa,Subset: Economic Opportunity
-900.0,-800.0,4.0,4.0,4.0,4.0,4.0,Southern Africa,Subset: Economic Opportunity
-800.0,-700.0,4.7,5.0,4.0,5.158257569495584,4.2417424305044165,Southern Africa,Subset: Economic Opportunity
-700.0,-600.0,4.95,5.0,5.0,5.167944947177034,4.732055052822966,Southern Africa,Subset: Economic Opportunity
-600.0,-500.0,5.4,6.0,5.0,5.889897948556636,4.910102051443364,Southern Africa,Subset: Economic Opportunity
-500.0,-400.0,5.7,6.0,5.0,6.158257569495584,5.2417424305044165,Southern Africa,Subset: Economic Opportunity
-400.0,-300.0,5.9,6.0,5.04,6.438516480713451,5.3614835192865495,Southern Africa,Subset: Economic Opportunity
-300.0,-200.0,6.0,6.0,6.0,6.547722557505166,5.452277442494834,Southern Africa,Subset: Economic Opportunity
-200.0,-100.0,6.25,7.0,6.0,6.78619026473818,5.71380973526182,Southern Africa,Subset: Economic Opportunity
-100.0,0.0,6.35,7.0,6.0,7.0038348415311,5.696165158468899,Southern Africa,Subset: Economic Opportunity
0.0,100.0,6.3,7.0,6.0,6.856776436283002,5.743223563716998,Southern Africa,Subset: Economic Opportunity
100.0,200.0,6.25,7.0,6.0,6.948212002188447,5.551787997811553,Southern Africa,Subset: Economic Opportunity
200.0,300.0,6.35,7.0,6.0,7.076291952316697,5.623708047683302,Southern Africa,Subset: Economic Opportunity
300.0,400.0,6.25,7.0,6.0,6.78619026473818,5.71380973526182,Southern Africa,Subset: Economic Opportunity
400.0,500.0,5.95,7.0,5.0,6.689932429347437,5.210067570652563,Southern Africa,Subset: Economic Opportunity
500.0,600.0,5.9,7.0,5.0,6.668114574786861,5.13188542521314,Southern Africa,Subset: Economic Opportunity
600.0,700.0,6.05,7.0,5.04,6.718954408012983,5.381045591987017,Southern Africa,Subset: Economic Opportunity
700.0,800.0,6.1,7.0,5.04,6.8,5.3999999999999995,Southern Africa,Subset: Economic Opportunity
800.0,900.0,6.2,7.0,6.0,6.8782329983125265,5.521767001687474,Southern Africa,Subset: Economic Opportunity
900.0,1000.0,6.05,7.0,5.04,6.854673846971553,5.245326153028446,Southern Africa,Subset: Economic Opportunity
1000.0,1100.0,6.0,7.0,5.0,6.894427190999916,5.105572809000084,Southern Africa,Subset: Economic Opportunity
1100.0,1200.0,5.95,7.0,5.04,6.973474474522936,4.926525525477064,Southern Africa,Subset: Economic Opportunity
1200.0,1300.0,5.95,7.0,5.0,6.814580823289529,5.085419176710471,Southern Africa,Subset: Economic Opportunity
1300.0,1400.0,5.45,6.0,5.0,6.370597631976099,4.529402368023901,Southern Africa,Subset: Economic Opportunity
1400.0,1500.0,5.2,6.0,4.0,6.071779788708135,4.328220211291866,Southern Africa,Subset: Economic Opportunity
1500.0,1600.0,4.55,5.959999999999999,4.0,5.621214264281427,3.4787857357185725,Southern Africa,Subset: Economic Opportunity
1600.0,1700.0,4.25,5.0,3.04,5.192072184070838,3.3079278159291614,Southern Africa,Subset: Economic Opportunity
1700.0,1800.0,4.1,4.959999999999999,4.0,4.6385164807134505,3.5614835192865493,Southern Africa,Subset: Economic Opportunity
1800.0,1900.0,3.25,4.0,3.0,3.78619026473818,2.71380973526182,Southern Africa,Subset: Economic Opportunity
1900.0,2000.0,4.55,5.959999999999999,3.04,5.573474474522936,3.526525525477064,Southern Africa,Subset: Economic Opportunity
2000.0,2025.0,6.15,6.959999999999999,6.0,6.626969600708473,5.673030399291528,Southern Africa,Subset: Economic Opportunity
-1000.0,-900.0,6.0,6.0,6.0,6.447213595499958,5.552786404500042,Southern Africa,Subset: Equality
-900.0,-800.0,5.5,6.0,5.0,6.0,5.0,Southern Africa,Subset: Equality
-800.0,-700.0,5.3,6.0,5.0,5.856776436283002,4.743223563716998,Southern Africa,Subset: Equality
-700.0,-600.0,4.65,5.0,4.0,5.303834841531101,3.9961651584688993,Southern Africa,Subset: Equality
-600.0,-500.0,4.3,5.0,4.0,4.9403124237432845,3.659687576256715,Southern Africa,Subset: Equality
-500.0,-400.0,4.05,5.0,3.0,4.854673846971554,3.245326153028446,Southern Africa,Subset: Equality
-400.0,-300.0,3.95,4.0,3.0,4.689932429347437,3.210067570652563,Southern Africa,Subset: Equality
-300.0,-200.0,3.8,4.0,3.0,4.548331477354788,3.0516685226452114,Southern Africa,Subset: Equality
-200.0,-100.0,3.65,4.0,3.0,4.376291952316698,2.923708047683302,Southern Africa,Subset: Equality
-100.0,0.0,3.75,4.0,3.0,4.516485485837794,2.9835145141622053,Southern Africa,Subset: Equality
0.0,100.0,3.75,4.959999999999999,3.0,4.5791561975888495,2.92084380241115,Southern Africa,Subset: Equality
100.0,200.0,3.65,4.959999999999999,3.0,4.5596702699330125,2.7403297300669873,Southern Africa,Subset: Equality
200.0,300.0,3.85,5.0,3.0,4.759670269933013,2.9403297300669875,Southern Africa,Subset: Equality
300.0,400.0,3.75,4.959999999999999,3.0,4.637411967464942,2.8625880325350574,Southern Africa,Subset: Equality
400.0,500.0,3.75,4.959999999999999,3.0,4.5791561975888495,2.92084380241115,Southern Africa,Subset: Equality
500.0,600.0,3.55,4.0,3.0,4.289932429347437,2.810067570652562,Southern Africa,Subset: Equality
600.0,700.0,3.7,4.0,3.0,4.414142842854285,2.9858571571457153,Southern Africa,Subset: Equality
700.0,800.0,3.6,4.0,3.0,4.4,2.8000000000000003,Southern Africa,Subset: Equality
800.0,900.0,3.5,4.959999999999999,3.0,4.366025403784438,2.6339745962155616,Southern Africa,Subset: Equality
900.0,1000.0,3.4,4.959999999999999,2.04,4.419803902718557,2.380196097281443,Southern Africa,Subset: Equality
1000.0,1100.0,3.4,4.0,3.0,4.2,2.5999999999999996,Southern Africa,Subset: Equality
1100.0,1200.0,3.3,4.0,3.0,4.2,2.4,Southern Africa,Subset: Equality
1200.0,1300.0,3.3,4.0,3.0,4.081024967590666,2.5189750324093345,Southern Africa,Subset: Equality
1300.0,1400.0,2.9,3.959999999999999,2.0,3.668114574786861,2.131885425213139,Southern Africa,Subset: Equality
1400.0,1500.0,2.6,3.0,2.0,3.26332495807108,1.93667504192892,Southern Africa,Subset: Equality
1500.0,1600.0,2.25,3.0,2.0,2.872494979899437,1.6275050201005634,Southern Africa,Subset: Equality
1600.0,1700.0,1.9,3.0,1.0,2.668114574786861,1.131885425213139,Southern Africa,Subset: Equality
1700.0,1800.0,2.1,2.959999999999999,2.0,2.6385164807134505,1.5614835192865495,Southern Africa,Subset: Equality
1800.0,1900.0,1.45,2.0,1.0,1.94749371855331,0.95250628144669,Southern Africa,Subset: Equality
1900.0,2000.0,1.7,2.0,1.0,2.158257569495584,1.241742430504416,Southern Africa,Subset: Equality
2000.0,2025.0,4.45,5.0,4.0,4.94749371855331,3.95250628144669,Southern Africa,Subset: Equality
-1000.0,-900.0,7.0,7.0,7.0,7.447213595499958,6.552786404500042,Southern Africa,Subset: Freedom
-900.0,-800.0,6.4,7.0,6.0,6.889897948556636,5.910102051443364,Southern Africa,Subset: Freedom
-800.0,-700.0,6.25,7.0,6.0,6.78619026473818,5.71380973526182,Southern Africa,Subset: Freedom
-700.0,-600.0,5.65,6.0,5.0,6.303834841531101,4.9961651584689,Southern Africa,Subset: Freedom
-600.0,-500.0,5.25,6.0,5.0,5.872494979899437,4.627505020100563,Southern Africa,Subset: Freedom
-500.0,-400.0,5.05,5.959999999999999,4.04,5.789932429347437,4.310067570652563,Southern Africa,Subset: Freedom
-400.0,-300.0,4.9,5.0,4.0,5.668114574786861,4.13188542521314,Southern Africa,Subset: Freedom
-300.0,-200.0,4.65,5.0,4.0,5.5029361054615995,3.797063894538401,Southern Africa,Subset: Freedom
-200.0,-100.0,4.5,5.0,4.0,5.4219544457292885,3.5780455542707115,Southern Africa,Subset: Freedom
-100.0,0.0,4.6,5.0,4.0,5.460232526704262,3.739767473295737,Southern Africa,Subset: Freedom
0.0,100.0,4.6,5.0,4.0,5.460232526704262,3.739767473295737,Southern Africa,Subset: Freedom
100.0,200.0,4.6,5.959999999999999,4.0,5.5695359714832655,3.6304640285167338,Southern Africa,Subset: Freedom
200.0,300.0,4.8,6.0,4.0,5.779795897113271,3.820204102886728,Southern Africa,Subset: Freedom
300.0,400.0,4.7,6.0,4.0,5.653939201416946,3.7460607985830543,Southern Africa,Subset: Freedom
400.0,500.0,4.6,6.0,3.04,5.757583690279022,3.4424163097209775,Southern Africa,Subset: Freedom
500.0,600.0,4.4,5.0,3.04,5.4677078252031315,3.3322921747968692,Southern Africa,Subset: Freedom
600.0,700.0,4.55,5.0,3.0,5.573474474522936,3.526525525477064,Southern Africa,Subset: Freedom
700.0,800.0,4.4,5.0,3.04,5.316515138991168,3.4834848610088325,Southern Africa,Subset: Freedom
800.0,900.0,4.4,5.0,4.0,5.316515138991169,3.483484861008832,Southern Africa,Subset: Freedom
900.0,1000.0,4.3,5.959999999999999,3.0,5.4874342087037915,3.112565791296208,Southern Africa,Subset: Freedom
1000.0,1100.0,4.15,5.0,3.0,5.113068014212912,3.186931985787089,Southern Africa,Subset: Freedom
1100.0,1200.0,4.0,5.0,3.0,5.048808848170152,2.9511911518298484,Southern Africa,Subset: Freedom
1200.0,1300.0,4.0,5.0,3.0,4.894427190999916,3.1055728090000843,Southern Africa,Subset: Freedom
1300.0,1400.0,3.55,4.959999999999999,3.0,4.523396116696589,2.5766038833034104,Southern Africa,Subset: Freedom
1400.0,1500.0,3.15,4.0,2.04,3.8762919523166977,2.423708047683302,Southern Africa,Subset: Freedom
1500.0,1600.0,2.6,3.0,2.0,3.3348469228349535,1.8651530771650464,Southern Africa,Subset: Freedom
1600.0,1700.0,2.25,3.0,1.04,3.0164854858377947,1.4835145141622053,Southern Africa,Subset: Freedom
1700.0,1800.0,2.2,3.0,2.0,2.709901951359279,1.6900980486407218,Southern Africa,Subset: Freedom
1800.0,1900.0,1.6,2.0,1.0,2.089897948556636,1.1101020514433644,Southern Africa,Subset: Freedom
1900.0,2000.0,2.2,3.0,2.0,2.878232998312527,1.5217670016874734,Southern Africa,Subset: Freedom
2000.0,2025.0,5.85,6.0,5.04,6.326969600708472,5.373030399291527,Southern Africa,Subset: Freedom
-1000.0,-900.0,4.25,4.0,4.0,4.872494979899437,3.627505020100563,Southern Africa,Subset: Health & Wellbeing
-900.0,-800.0,5.05,5.0,5.0,5.5474937185533095,4.55250628144669,Southern Africa,Subset: Health & Wellbeing
-800.0,-700.0,5.15,5.0,5.0,5.72227615711298,4.57772384288702,Southern Africa,Subset: Health & Wellbeing
-700.0,-600.0,5.25,5.959999999999999,5.0,5.78619026473818,4.71380973526182,Southern Africa,Subset: Health & Wellbeing
-600.0,-500.0,5.45,6.0,5.0,6.03949130612758,4.86050869387242,Southern Africa,Subset: Health & Wellbeing
-500.0,-400.0,5.7,6.0,5.0,6.340312423743285,5.0596875762567155,Southern Africa,Subset: Health & Wellbeing
-400.0,-300.0,5.75,6.0,5.0,6.372494979899437,5.127505020100563,Southern Africa,Subset: Health & Wellbeing
-300.0,-200.0,5.85,6.0,5.0,6.42227615711298,5.27772384288702,Southern Africa,Subset: Health & Wellbeing
-200.0,-100.0,5.9,6.0,6.0,6.335889894354068,5.464110105645933,Southern Africa,Subset: Health & Wellbeing
-100.0,0.0,6.0,6.0,6.0,6.316227766016838,5.683772233983162,Southern Africa,Subset: Health & Wellbeing
0.0,100.0,6.05,6.0,6.0,6.43405728739343,5.66594271260657,Southern Africa,Subset: Health & Wellbeing
100.0,200.0,6.05,6.0,6.0,6.43405728739343,5.66594271260657,Southern Africa,Subset: Health & Wellbeing
200.0,300.0,6.1,6.0,6.0,6.535889894354067,5.664110105645932,Southern Africa,Subset: Health & Wellbeing
300.0,400.0,5.95,6.0,6.0,6.44749371855331,5.4525062814466905,Southern Africa,Subset: Health & Wellbeing
400.0,500.0,5.9,6.0,5.04,6.438516480713451,5.3614835192865495,Southern Africa,Subset: Health & Wellbeing
500.0,600.0,5.8,6.0,5.0,6.3999999999999995,5.2,Southern Africa,Subset: Health & Wellbeing
600.0,700.0,5.9,6.0,5.04,6.438516480713451,5.3614835192865495,Southern Africa,Subset: Health & Wellbeing
700.0,800.0,5.9,6.0,5.04,6.438516480713451,5.3614835192865495,Southern Africa,Subset: Health & Wellbeing
800.0,900.0,5.8,6.0,5.04,6.2,5.3999999999999995,Southern Africa,Subset: Health & Wellbeing
900.0,1000.0,5.65,6.0,5.0,6.126969600708473,5.173030399291528,Southern Africa,Subset: Health & Wellbeing
1000.0,1100.0,5.7,6.0,5.0,6.256776436283002,5.143223563716998,Southern Africa,Subset: Health & Wellbeing
1100.0,1200.0,5.65,6.0,5.0,6.22227615711298,5.07772384288702,Southern Africa,Subset: Health & Wellbeing
1200.0,1300.0,5.6,6.0,5.0,6.089897948556636,5.110102051443364,Southern Africa,Subset: Health & Wellbeing
1300.0,1400.0,5.2,6.0,5.0,5.948331477354788,4.451668522645212,Southern Africa,Subset: Health & Wellbeing
1400.0,1500.0,5.1,6.0,5.0,5.7244997998398395,4.47550020016016,Southern Africa,Subset: Health & Wellbeing
1500.0,1600.0,4.65,5.0,4.0,5.3762919523166985,3.9237080476833026,Southern Africa,Subset: Health & Wellbeing
1600.0,1700.0,4.15,5.0,4.0,4.8762919523166985,3.4237080476833026,Southern Africa,Subset: Health & Wellbeing
1700.0,1800.0,3.8,4.0,3.0,4.3099019513592784,3.290098048640721,Southern Africa,Subset: Health & Wellbeing
1800.0,1900.0,3.25,4.0,3.0,3.683012701892219,2.816987298107781,Southern Africa,Subset: Health & Wellbeing
1900.0,2000.0,4.4,5.0,4.0,4.98309518948453,3.8169048105154704,Southern Africa,Subset: Health & Wellbeing
2000.0,2025.0,6.35,7.0,6.0,6.826969600708472,5.873030399291527,Southern Africa,Subset: Health & Wellbeing
-1000.0,-900.0,8.05,8.0,8.0,8.434057287393431,7.665942712606571,Southern Africa,Subset: Peace
-900.0,-800.0,7.3,8.0,7.0,7.758257569495584,6.841742430504416,Southern Africa,Subset: Peace
-800.0,-700.0,7.0,7.0,7.0,7.447213595499958,6.552786404500042,Southern Africa,Subset: Peace
-700.0,-600.0,6.4,7.0,6.0,6.889897948556636,5.910102051443364,Southern Africa,Subset: Peace
-600.0,-500.0,6.1,6.959999999999999,6.0,6.6385164807134505,5.561483519286549,Southern Africa,Subset: Peace
-500.0,-400.0,5.8,6.0,5.04,6.2,5.3999999999999995,Southern Africa,Subset: Peace
-400.0,-300.0,5.55,6.0,5.0,6.218954408012983,4.881045591987017,Southern Africa,Subset: Peace
-300.0,-200.0,5.45,6.0,5.0,6.118954408012983,4.781045591987017,Southern Africa,Subset: Peace
-200.0,-100.0,5.0,5.959999999999999,4.0,5.774596669241483,4.225403330758517,Southern Africa,Subset: Peace
-100.0,0.0,5.2,6.0,5.0,5.948331477354788,4.451668522645212,Southern Africa,Subset: Peace
0.0,100.0,5.2,6.0,4.04,5.948331477354788,4.451668522645212,Southern Africa,Subset: Peace
100.0,200.0,5.3,6.0,5.0,6.014142842854285,4.585857157145715,Southern Africa,Subset: Peace
200.0,300.0,5.55,6.0,5.0,6.354673846971554,4.745326153028445,Southern Africa,Subset: Peace
300.0,400.0,5.5,6.0,5.0,6.4219544457292885,4.5780455542707115,Southern Africa,Subset: Peace
400.0,500.0,5.25,6.0,4.0,6.384680571791022,4.115319428208978,Southern Africa,Subset: Peace
500.0,600.0,5.05,6.0,4.0,6.121214264281427,3.978785735718573,Southern Africa,Subset: Peace
600.0,700.0,5.1,6.0,4.0,6.09498743710662,4.105012562893379,Southern Africa,Subset: Peace
700.0,800.0,4.9,6.0,4.0,5.730662386291808,4.069337613708193,Southern Africa,Subset: Peace
800.0,900.0,4.95,6.0,4.0,5.870597631976098,4.029402368023902,Southern Africa,Subset: Peace
900.0,1000.0,4.7,6.0,4.0,5.704987562112089,3.695012437887911,Southern Africa,Subset: Peace
1000.0,1100.0,4.65,5.0,4.0,5.559670269933013,3.7403297300669873,Southern Africa,Subset: Peace
1100.0,1200.0,4.4,5.0,4.0,5.369535971483266,3.4304640285167345,Southern Africa,Subset: Peace
1200.0,1300.0,4.45,5.0,3.04,5.370597631976099,3.5294023680239017,Southern Africa,Subset: Peace
1300.0,1400.0,3.65,4.0,3.0,4.5596702699330125,2.7403297300669873,Southern Africa,Subset: Peace
1400.0,1500.0,3.4,4.0,3.0,4.260232526704263,2.539767473295737,Southern Africa,Subset: Peace
1500.0,1600.0,2.75,3.0,2.0,3.57915619758885,1.92084380241115,Southern Africa,Subset: Peace
1600.0,1700.0,2.45,3.0,2.0,3.189932429347438,1.710067570652563,Southern Africa,Subset: Peace
1700.0,1800.0,2.15,2.959999999999999,2.0,2.6269696007084726,1.6730303992915272,Southern Africa,Subset: Peace
1800.0,1900.0,1.6,2.0,1.0,2.089897948556636,1.1101020514433644,Southern Africa,Subset: Peace
1900.0,2000.0,2.65,3.0,2.0,3.1269696007084726,2.173030399291527,Southern Africa,Subset: Peace
2000.0,2025.0,5.95,6.0,6.0,6.44749371855331,5.4525062814466905,Southern Africa,Subset: Peace
-1000.0,-900.0,1875000.0,3439999.9999999986,1000000.0,3331665.7131957216,418334.2868042784,Southern Africa,Subset: Population
-900.0,-800.0,2050000.0,3639999.9999999986,1100000.0,3602256.422115882,497743.57788411784,Southern Africa,Subset: Population
-800.0,-700.0,2240000.0,3939999.9999999986,1200000.0,3897226.598869328,582773.4011306721,Southern Africa,Subset: Population
-700.0,-600.0,2430000.0,4239999.999999999,1300000.0,4194964.588879902,665035.4111200983,Southern Africa,Subset: Population
-600.0,-500.0,2630000.0,4543999.999999999,1400000.0,4507791.255704424,752208.7442955754,Southern Africa,Subset: Population
-500.0,-400.0,2830000.0,4847999.999999999,1500000.0,4823765.282073093,836234.7179269071,Southern Africa,Subset: Population
-400.0,-300.0,3030000.0,5151999.999999999,1600000.0,5142368.339092404,917631.6609075963,Southern Africa,Subset: Population
-300.0,-200.0,3245000.0,5459999.999999999,1700000.0,5481844.876159275,1008155.1238407256,Southern Africa,Subset: Population
-200.0,-100.0,3460000.0,5767999.999999999,1800000.0,5825036.997596444,1094963.0024035564,Southern Africa,Subset: Population
-100.0,0.0,3680000.0,6075999.999999999,1900000.0,6175315.611300502,1184684.3886994976,Southern Africa,Subset: Population
0.0,100.0,3895000.0,6384000.0,2000000.0,6524538.932969049,1265461.0670309518,Southern Africa,Subset: Population
100.0,200.0,4110000.0,6692000.0,2100000.0,6876026.030246281,1343973.969753719,Southern Africa,Subset: Population
200.0,300.0,4330000.0,7000000.0,2200000.0,7232946.778706079,1427053.2212939211,Southern Africa,Subset: Population
300.0,400.0,4550000.0,7500000.0,2300000.0,7591792.234851026,1508207.765148974,Southern Africa,Subset: Population
400.0,500.0,4770000.0,7992000.0,2400000.0,7952310.481395554,1587689.5186044462,Southern Africa,Subset: Population
500.0,600.0,4990000.0,8480000.0,2500000.0,8314289.3977510445,1665710.602248956,Southern Africa,Subset: Population
600.0,700.0,5210000.0,8968000.0,2600000.0,8677549.567057405,1742450.4329425944,Southern Africa,Subset: Population
700.0,800.0,5430000.0,9460000.0,2700000.0,9041938.537683057,1818061.4623169457,Southern Africa,Subset: Population
800.0,900.0,5650000.0,9951999.999999998,2800000.0,9407326.176950838,1892673.823049162,Southern Africa,Subset: Population
900.0,1000.0,5870000.0,10443999.999999998,2900000.0,9773600.90173163,1966399.0982683692,Southern Africa,Subset: Population
1000.0,1100.0,6090000.0,10935999.999999998,3000000.0,10140666.611806013,2039333.388193988,Southern Africa,Subset: Population
1100.0,1200.0,6315000.0,11427999.999999998,3100000.0,10509672.216037864,2120327.783962136,Southern Africa,Subset: Population
1200.0,1300.0,6540000.0,11919999.999999998,3200000.0,10879400.880305944,2200599.119694056,Southern Africa,Subset: Population
1300.0,1400.0,6765000.0,12411999.999999998,3300000.0,11249782.603426836,2280217.396573162,Southern Africa,Subset: Population
1400.0,1500.0,6990000.0,12903999.999999998,3400000.0,11620755.877823835,2359244.1221761648,Southern Africa,Subset: Population
1500.0,1600.0,7215000.0,13395999.999999998,3500000.0,11992266.47780925,2437733.5221907496,Southern Africa,Subset: Population
1600.0,1700.0,7460000.0,13887999.999999998,3600000.0,12388732.08847874,2531267.9115212606,Southern Africa,Subset: Population
1700.0,1800.0,7740000.0,14379999.999999998,3700000.0,12847974.158117874,2632025.8418821264,Southern Africa,Subset: Population
1800.0,1900.0,8345000.0,14879999.999999998,4000000.0,13833941.15472192,2856058.845278081,Southern Africa,Subset: Population
1900.0,2000.0,26825000.0,39799999.99999999,15200000.0,38995943.8828712,14654056.117128797,Southern Africa,Subset: Population
2000.0,2025.0,56950000.0,67000000.0,60000000.0,71665552.99674463,42234447.00325537,Southern Africa,Subset: Population
-1000.0,-900.0,3.6833333333333327,3.8333333333333335,3.5,3.981009518324862,3.385657148341803,Southern Europe & Mediterranean,Overall
-900.0,-800.0,4.1416666666666675,4.5,3.8333333333333335,4.471965353043441,3.811367980289894,Southern Europe & Mediterranean,Overall
-800.0,-700.0,4.275,4.666666666666667,3.84,4.677336923485777,3.872663076514224,Southern Europe & Mediterranean,Overall
-700.0,-600.0,4.625000000000002,4.826666666666666,4.34,4.93624748994972,4.313752510050284,Southern Europe & Mediterranean,Overall
-600.0,-500.0,5.033333333333333,5.5,4.673333333333334,5.404517624188668,4.662149042477998,Southern Europe & Mediterranean,Overall
-500.0,-400.0,4.841666666666667,5.166666666666667,4.5,5.219801710151281,4.463531623182052,Southern Europe & Mediterranean,Overall
-400.0,-300.0,4.916666666666666,5.333333333333333,4.506666666666667,5.268250385162149,4.565082948171183,Southern Europe & Mediterranean,Overall
-300.0,-200.0,5.1000000000000005,5.333333333333333,4.833333333333333,5.395334085777823,4.804665914222178,Southern Europe & Mediterranean,Overall
-200.0,-100.0,5.591666666666667,6.493333333333333,4.833333333333333,6.309446809421629,4.873886523911705,Southern Europe & Mediterranean,Overall
-100.0,0.0,6.35,6.833333333333333,5.833333333333333,6.803075907302272,5.896924092697727,Southern Europe & Mediterranean,Overall
0.0,100.0,6.341666666666667,6.833333333333333,5.833333333333333,6.774599173595352,5.908734159737982,Southern Europe & Mediterranean,Overall
100.0,200.0,5.975,6.66,5.166666666666667,6.648455022007162,5.301544977992838,Southern Europe & Mediterranean,Overall
200.0,300.0,4.1499999999999995,4.66,3.8333333333333335,4.544053013917896,3.7559469860821033,Southern Europe & Mediterranean,Overall
300.0,400.0,4.583333333333333,4.833333333333333,4.166666666666667,4.98298596027606,4.183680706390606,Southern Europe & Mediterranean,Overall
400.0,500.0,3.1250000000000004,3.3333333333333335,2.8400000000000003,3.445047739494526,2.804952260505475,Southern Europe & Mediterranean,Overall
500.0,600.0,3.3,3.493333333333333,3.006666666666667,3.576887462097269,3.0231125379027306,Southern Europe & Mediterranean,Overall
600.0,700.0,3.4416666666666664,3.993333333333333,2.8466666666666667,3.9976317934706977,2.8857015398626356,Southern Europe & Mediterranean,Overall
700.0,800.0,3.958333333333333,4.333333333333333,3.6666666666666665,4.402039317065804,3.514627349600862,Southern Europe & Mediterranean,Overall
800.0,900.0,4.225,4.666666666666667,3.68,4.717372374890748,3.7326276251092514,Southern Europe & Mediterranean,Overall
900.0,1000.0,4.025,4.666666666666667,3.5,4.552770467785634,3.4972295322143667,Southern Europe & Mediterranean,Overall
1000.0,1100.0,4.716666666666667,5.0,4.34,5.131997859812571,4.301335473520763,Southern Europe & Mediterranean,Overall
1100.0,1200.0,5.3916666666666675,5.666666666666667,5.0,5.783510598183626,4.999822735149709,Southern Europe & Mediterranean,Overall
1200.0,1300.0,5.408333333333333,5.826666666666666,5.006666666666667,5.844462136937651,4.972204529729016,Southern Europe & Mediterranean,Overall
1300.0,1400.0,3.3083333333333327,3.8333333333333335,2.8333333333333335,3.7438247543484633,2.872841912318202,Southern Europe & Mediterranean,Overall
1400.0,1500.0,5.8,6.166666666666667,5.34,6.1559026084010435,5.444097391598956,Southern Europe & Mediterranean,Overall
1500.0,1600.0,5.441666666666666,5.833333333333333,5.006666666666667,5.864208577802907,5.0191247555304255,Southern Europe & Mediterranean,Overall
1600.0,1700.0,4.7,5.0,4.5,4.950554939639549,4.449445060360452,Southern Europe & Mediterranean,Overall
1700.0,1800.0,5.324999999999999,5.5,5.006666666666667,5.551537953651136,5.098462046348863,Southern Europe & Mediterranean,Overall
1800.0,1900.0,5.741666666666666,5.993333333333333,5.5,6.059973820913071,5.423359512420261,Southern Europe & Mediterranean,Overall
1900.0,2000.0,6.85,7.326666666666666,6.5,7.277849921766448,6.422150078233551,Southern Europe & Mediterranean,Overall
2000.0,2025.0,7.691666666666667,7.993333333333333,7.5,7.976832310537811,7.406501022795523,Southern Europe & Mediterranean,Overall
-1000.0,-900.0,4.8,5.0,4.0,5.478232998312527,4.121767001687473,Southern Europe & Mediterranean,Subset: Culture & Lesure
-900.0,-800.0,5.75,6.0,5.0,6.372494979899437,5.127505020100563,Southern Europe & Mediterranean,Subset: Culture & Lesure
-800.0,-700.0,6.3,7.0,6.0,7.014142842854285,5.585857157145715,Southern Europe & Mediterranean,Subset: Culture & Lesure
-700.0,-600.0,6.9,7.0,6.04,7.438516480713451,6.3614835192865495,Southern Europe & Mediterranean,Subset: Culture & Lesure
-600.0,-500.0,7.4,8.0,7.0,8.06332495807108,6.736675041928921,Southern Europe & Mediterranean,Subset: Culture & Lesure
-500.0,-400.0,7.7,8.0,7.0,8.340312423743285,7.0596875762567155,Southern Europe & Mediterranean,Subset: Culture & Lesure
-400.0,-300.0,7.75,8.0,7.0,8.448212002188447,7.051787997811553,Southern Europe & Mediterranean,Subset: Culture & Lesure
-300.0,-200.0,7.65,8.0,7.0,8.126969600708474,7.173030399291528,Southern Europe & Mediterranean,Subset: Culture & Lesure
-200.0,-100.0,7.85,8.0,7.04,8.326969600708473,7.373030399291527,Southern Europe & Mediterranean,Subset: Culture & Lesure
-100.0,0.0,8.6,9.0,8.0,9.089897948556636,8.110102051443365,Southern Europe & Mediterranean,Subset: Culture & Lesure
0.0,100.0,8.6,9.0,8.0,9.089897948556636,8.110102051443365,Southern Europe & Mediterranean,Subset: Culture & Lesure
100.0,200.0,8.25,9.0,7.04,9.016485485837794,7.483514514162206,Southern Europe & Mediterranean,Subset: Culture & Lesure
200.0,300.0,6.7,7.0,6.0,7.256776436283002,6.143223563716998,Southern Europe & Mediterranean,Subset: Culture & Lesure
300.0,400.0,7.05,7.0,7.0,7.547493718553309,6.55250628144669,Southern Europe & Mediterranean,Subset: Culture & Lesure
400.0,500.0,5.4,6.0,5.0,6.06332495807108,4.736675041928921,Southern Europe & Mediterranean,Subset: Culture & Lesure
500.0,600.0,5.3,6.0,5.0,5.9403124237432845,4.659687576256715,Southern Europe & Mediterranean,Subset: Culture & Lesure
600.0,700.0,5.55,6.0,5.0,6.414580823289529,4.685419176710471,Southern Europe & Mediterranean,Subset: Culture & Lesure
700.0,800.0,6.1,7.0,5.0,6.930662386291807,5.269337613708192,Southern Europe & Mediterranean,Subset: Culture & Lesure
800.0,900.0,6.3,7.0,6.0,6.9403124237432845,5.659687576256715,Southern Europe & Mediterranean,Subset: Culture & Lesure
900.0,1000.0,6.1,7.0,6.0,6.7244997998398395,5.47550020016016,Southern Europe & Mediterranean,Subset: Culture & Lesure
1000.0,1100.0,7.05,7.0,7.0,7.547493718553309,6.55250628144669,Southern Europe & Mediterranean,Subset: Culture & Lesure
1100.0,1200.0,7.75,8.0,7.0,8.183012701892219,7.31698729810778,Southern Europe & Mediterranean,Subset: Culture & Lesure
1200.0,1300.0,8.0,8.0,8.0,8.316227766016837,7.683772233983162,Southern Europe & Mediterranean,Subset: Culture & Lesure
1300.0,1400.0,5.9,7.0,5.0,6.668114574786861,5.13188542521314,Southern Europe & Mediterranean,Subset: Culture & Lesure
1400.0,1500.0,9.0,9.0,9.0,9.0,9.0,Southern Europe & Mediterranean,Subset: Culture & Lesure
1500.0,1600.0,8.35,9.0,8.0,8.826969600708473,7.873030399291527,Southern Europe & Mediterranean,Subset: Culture & Lesure
1600.0,1700.0,7.75,8.0,7.0,8.183012701892219,7.31698729810778,Southern Europe & Mediterranean,Subset: Culture & Lesure
1700.0,1800.0,7.9,8.0,8.0,8.200000000000001,7.6,Southern Europe & Mediterranean,Subset: Culture & Lesure
1800.0,1900.0,7.55,8.0,7.0,8.04749371855331,7.05250628144669,Southern Europe & Mediterranean,Subset: Culture & Lesure
1900.0,2000.0,8.4,9.0,8.0,8.98309518948453,7.816904810515471,Southern Europe & Mediterranean,Subset: Culture & Lesure
2000.0,2025.0,8.85,9.0,9.0,9.207071421427145,8.492928578572856,Southern Europe & Mediterranean,Subset: Culture & Lesure
-1000.0,-900.0,3.1,3.0,3.0,3.4,2.8000000000000003,Southern Europe & Mediterranean,Subset: Economic Opportunity
-900.0,-800.0,4.05,4.0,4.0,4.267944947177034,3.832055052822966,Southern Europe & Mediterranean,Subset: Economic Opportunity
-800.0,-700.0,4.3,5.0,4.0,4.7582575694955835,3.841742430504416,Southern Europe & Mediterranean,Subset: Economic Opportunity
-700.0,-600.0,4.9,5.0,5.0,5.335889894354068,4.464110105645933,Southern Europe & Mediterranean,Subset: Economic Opportunity
-600.0,-500.0,5.35,6.0,5.0,5.826969600708472,4.873030399291527,Southern Europe & Mediterranean,Subset: Economic Opportunity
-500.0,-400.0,5.35,6.0,5.0,5.826969600708472,4.873030399291527,Southern Europe & Mediterranean,Subset: Economic Opportunity
-400.0,-300.0,5.7,6.0,5.0,6.158257569495584,5.2417424305044165,Southern Europe & Mediterranean,Subset: Economic Opportunity
-300.0,-200.0,6.35,7.0,6.0,6.826969600708472,5.873030399291527,Southern Europe & Mediterranean,Subset: Economic Opportunity
-200.0,-100.0,6.9,7.0,7.0,7.335889894354068,6.464110105645933,Southern Europe & Mediterranean,Subset: Economic Opportunity
-100.0,0.0,7.25,8.0,7.0,7.68301270189222,6.81698729810778,Southern Europe & Mediterranean,Subset: Economic Opportunity
0.0,100.0,7.25,8.0,7.0,7.68301270189222,6.81698729810778,Southern Europe & Mediterranean,Subset: Economic Opportunity
100.0,200.0,6.85,7.0,6.0,7.503834841531101,6.196165158468898,Southern Europe & Mediterranean,Subset: Economic Opportunity
200.0,300.0,5.0,5.0,5.0,5.547722557505166,4.452277442494834,Southern Europe & Mediterranean,Subset: Economic Opportunity
300.0,400.0,5.2,6.0,5.0,5.709901951359279,4.6900980486407216,Southern Europe & Mediterranean,Subset: Economic Opportunity
400.0,500.0,3.45,4.0,3.0,3.9474937185533103,2.95250628144669,Southern Europe & Mediterranean,Subset: Economic Opportunity
500.0,600.0,3.35,4.0,3.0,3.826969600708473,2.8730303992915274,Southern Europe & Mediterranean,Subset: Economic Opportunity
600.0,700.0,3.65,4.0,3.0,4.303834841531101,2.996165158468899,Southern Europe & Mediterranean,Subset: Economic Opportunity
700.0,800.0,4.1,4.959999999999999,4.0,4.6385164807134505,3.5614835192865493,Southern Europe & Mediterranean,Subset: Economic Opportunity
800.0,900.0,4.35,5.0,4.0,5.0038348415311,3.6961651584688986,Southern Europe & Mediterranean,Subset: Economic Opportunity
900.0,1000.0,4.3,5.0,4.0,4.9403124237432845,3.659687576256715,Southern Europe & Mediterranean,Subset: Economic Opportunity
1000.0,1100.0,5.25,6.0,5.0,5.78619026473818,4.71380973526182,Southern Europe & Mediterranean,Subset: Economic Opportunity
1100.0,1200.0,6.15,6.959999999999999,6.0,6.626969600708473,5.673030399291528,Southern Europe & Mediterranean,Subset: Economic Opportunity
1200.0,1300.0,6.35,7.0,6.0,6.92227615711298,5.77772384288702,Southern Europe & Mediterranean,Subset: Economic Opportunity
1300.0,1400.0,3.55,4.0,3.0,4.13949130612758,2.96050869387242,Southern Europe & Mediterranean,Subset: Economic Opportunity
1400.0,1500.0,6.35,7.0,6.0,6.826969600708472,5.873030399291527,Southern Europe & Mediterranean,Subset: Economic Opportunity
1500.0,1600.0,7.0,7.0,7.0,7.0,7.0,Southern Europe & Mediterranean,Subset: Economic Opportunity
1600.0,1700.0,5.9,6.0,6.0,6.2,5.6000000000000005,Southern Europe & Mediterranean,Subset: Economic Opportunity
1700.0,1800.0,6.1,6.0,6.0,6.3999999999999995,5.8,Southern Europe & Mediterranean,Subset: Economic Opportunity
1800.0,1900.0,7.0,7.0,7.0,7.0,7.0,Southern Europe & Mediterranean,Subset: Economic Opportunity
1900.0,2000.0,7.8,8.0,7.04,8.2,7.4,Southern Europe & Mediterranean,Subset: Economic Opportunity
2000.0,2025.0,7.9,8.0,8.0,8.335889894354068,7.464110105645933,Southern Europe & Mediterranean,Subset: Economic Opportunity
-1000.0,-900.0,2.05,2.0,2.0,2.2679449471770337,1.8320550528229664,Southern Europe & Mediterranean,Subset: Equality
-900.0,-800.0,2.6,3.0,2.0,3.089897948556636,2.110102051443364,Southern Europe & Mediterranean,Subset: Equality
-800.0,-700.0,2.75,3.0,2.0,3.183012701892219,2.316987298107781,Southern Europe & Mediterranean,Subset: Equality
-700.0,-600.0,2.9,3.0,3.0,3.3358898943540676,2.464110105645932,Southern Europe & Mediterranean,Subset: Equality
-600.0,-500.0,3.4,4.0,3.0,3.98309518948453,2.81690481051547,Southern Europe & Mediterranean,Subset: Equality
-500.0,-400.0,3.15,3.0,3.0,3.5070714214271423,2.7929285785728575,Southern Europe & Mediterranean,Subset: Equality
-400.0,-300.0,3.05,3.0,3.0,3.43405728739343,2.6659427126065696,Southern Europe & Mediterranean,Subset: Equality
-300.0,-200.0,3.1,3.0,3.0,3.5358898943540673,2.664110105645933,Southern Europe & Mediterranean,Subset: Equality
-200.0,-100.0,3.4,4.0,2.0,4.419803902718557,2.380196097281443,Southern Europe & Mediterranean,Subset: Equality
-100.0,0.0,3.65,4.0,3.0,4.502936105461599,2.7970638945384008,Southern Europe & Mediterranean,Subset: Equality
0.0,100.0,3.7,4.959999999999999,3.0,4.542614977317636,2.8573850226823643,Southern Europe & Mediterranean,Subset: Equality
100.0,200.0,3.55,4.0,3.0,4.354673846971554,2.7453261530284454,Southern Europe & Mediterranean,Subset: Equality
200.0,300.0,2.55,3.0,2.0,3.13949130612758,1.96050869387242,Southern Europe & Mediterranean,Subset: Equality
300.0,400.0,2.9,3.0,2.0,3.5244997998398397,2.27550020016016,Southern Europe & Mediterranean,Subset: Equality
400.0,500.0,1.95,2.0,2.0,2.3340572873934304,1.5659427126065697,Southern Europe & Mediterranean,Subset: Equality
500.0,600.0,2.05,2.0,2.0,2.2679449471770337,1.8320550528229664,Southern Europe & Mediterranean,Subset: Equality
600.0,700.0,2.25,3.0,2.0,2.78619026473818,1.7138097352618196,Southern Europe & Mediterranean,Subset: Equality
700.0,800.0,2.75,3.0,2.0,3.183012701892219,2.316987298107781,Southern Europe & Mediterranean,Subset: Equality
800.0,900.0,2.8,3.0,2.04,3.1999999999999997,2.4,Southern Europe & Mediterranean,Subset: Equality
900.0,1000.0,2.65,3.0,2.0,3.126969600708473,2.1730303992915267,Southern Europe & Mediterranean,Subset: Equality
1000.0,1100.0,3.1,3.0,3.0,3.535889894354068,2.6641101056459324,Southern Europe & Mediterranean,Subset: Equality
1100.0,1200.0,3.6,4.0,3.0,4.089897948556636,3.110102051443364,Southern Europe & Mediterranean,Subset: Equality
1200.0,1300.0,3.45,4.0,3.0,4.03949130612758,2.86050869387242,Southern Europe & Mediterranean,Subset: Equality
1300.0,1400.0,2.5,3.0,2.0,3.0,2.0,Southern Europe & Mediterranean,Subset: Equality
1400.0,1500.0,3.7,4.0,3.0,4.158257569495584,3.241742430504416,Southern Europe & Mediterranean,Subset: Equality
1500.0,1600.0,3.0,3.959999999999999,2.04,3.632455532033676,2.367544467966324,Southern Europe & Mediterranean,Subset: Equality
1600.0,1700.0,2.8,3.0,2.04,3.1999999999999997,2.4,Southern Europe & Mediterranean,Subset: Equality
1700.0,1800.0,3.8,4.0,3.04,4.2,3.4,Southern Europe & Mediterranean,Subset: Equality
1800.0,1900.0,4.05,4.0,4.0,4.5474937185533095,3.5525062814466897,Southern Europe & Mediterranean,Subset: Equality
1900.0,2000.0,5.4,6.0,5.0,5.889897948556636,4.910102051443364,Southern Europe & Mediterranean,Subset: Equality
2000.0,2025.0,6.4,7.0,6.0,6.889897948556636,5.910102051443364,Southern Europe & Mediterranean,Subset: Equality
-1000.0,-900.0,2.95,3.0,3.0,3.167944947177034,2.7320550528229663,Southern Europe & Mediterranean,Subset: Freedom
-900.0,-800.0,3.55,4.0,3.0,4.0474937185533095,3.0525062814466897,Southern Europe & Mediterranean,Subset: Freedom
-800.0,-700.0,3.5,4.0,3.0,4.0,3.0,Southern Europe & Mediterranean,Subset: Freedom
-700.0,-600.0,3.95,4.0,3.04,4.53949130612758,3.36050869387242,Southern Europe & Mediterranean,Subset: Freedom
-600.0,-500.0,4.55,5.0,4.0,5.218954408012983,3.881045591987017,Southern Europe & Mediterranean,Subset: Freedom
-500.0,-400.0,4.35,5.0,4.0,5.0038348415311,3.6961651584688986,Southern Europe & Mediterranean,Subset: Freedom
-400.0,-300.0,4.2,5.0,4.0,4.878232998312527,3.521767001687474,Southern Europe & Mediterranean,Subset: Freedom
-300.0,-200.0,4.15,4.959999999999999,4.0,4.626969600708473,3.673030399291528,Southern Europe & Mediterranean,Subset: Freedom
-200.0,-100.0,4.1,5.0,3.0,5.144030650891055,3.055969349108945,Southern Europe & Mediterranean,Subset: Freedom
-100.0,0.0,4.7,6.0,3.04,5.84455231422596,3.55544768577404,Southern Europe & Mediterranean,Subset: Freedom
0.0,100.0,4.85,6.0,4.0,5.911838029079765,3.7881619709202345,Southern Europe & Mediterranean,Subset: Freedom
100.0,200.0,4.5,6.0,3.0,5.618033988749895,3.381966011250105,Southern Europe & Mediterranean,Subset: Freedom
200.0,300.0,2.85,3.959999999999999,2.0,3.576291952316698,2.1237080476833023,Southern Europe & Mediterranean,Subset: Freedom
300.0,400.0,3.45,4.0,3.0,4.03949130612758,2.86050869387242,Southern Europe & Mediterranean,Subset: Freedom
400.0,500.0,2.0,2.0,2.0,2.447213595499958,1.552786404500042,Southern Europe & Mediterranean,Subset: Freedom
500.0,600.0,2.35,3.0,2.0,2.826969600708473,1.8730303992915271,Southern Europe & Mediterranean,Subset: Freedom
600.0,700.0,2.45,3.0,2.0,3.03949130612758,1.86050869387242,Southern Europe & Mediterranean,Subset: Freedom
700.0,800.0,3.0,3.0,3.0,3.447213595499958,2.552786404500042,Southern Europe & Mediterranean,Subset: Freedom
800.0,900.0,3.4,4.0,3.0,3.98309518948453,2.81690481051547,Southern Europe & Mediterranean,Subset: Freedom
900.0,1000.0,3.1,4.0,3.0,3.72449979983984,2.4755002001601603,Southern Europe & Mediterranean,Subset: Freedom
1000.0,1100.0,3.9,4.959999999999999,3.0,4.6,3.2,Southern Europe & Mediterranean,Subset: Freedom
1100.0,1200.0,4.55,5.0,4.0,5.354673846971554,3.7453261530284454,Southern Europe & Mediterranean,Subset: Freedom
1200.0,1300.0,4.6,5.0,4.0,5.263324958071079,3.93667504192892,Southern Europe & Mediterranean,Subset: Freedom
1300.0,1400.0,2.5,3.0,2.0,3.0,2.0,Southern Europe & Mediterranean,Subset: Freedom
1400.0,1500.0,5.4,6.0,5.0,6.06332495807108,4.736675041928921,Southern Europe & Mediterranean,Subset: Freedom
1500.0,1600.0,4.6,5.959999999999999,4.0,5.460232526704262,3.739767473295737,Southern Europe & Mediterranean,Subset: Freedom
1600.0,1700.0,3.6,4.0,3.0,4.26332495807108,2.93667504192892,Southern Europe & Mediterranean,Subset: Freedom
1700.0,1800.0,4.7,5.0,4.0,5.256776436283002,4.143223563716998,Southern Europe & Mediterranean,Subset: Freedom
1800.0,1900.0,5.35,6.0,5.0,6.0038348415311,4.696165158468899,Southern Europe & Mediterranean,Subset: Freedom
1900.0,2000.0,6.6,7.0,6.0,7.263324958071079,5.93667504192892,Southern Europe & Mediterranean,Subset: Freedom
2000.0,2025.0,7.9,8.0,8.0,8.200000000000001,7.6,Southern Europe & Mediterranean,Subset: Freedom
-1000.0,-900.0,3.95,4.0,4.0,4.167944947177034,3.7320550528229663,Southern Europe & Mediterranean,Subset: Health & Wellbeing
-900.0,-800.0,4.2,4.959999999999999,4.0,4.6000000000000005,3.8,Southern Europe & Mediterranean,Subset: Health & Wellbeing
-800.0,-700.0,4.5,5.0,4.0,5.0,4.0,Southern Europe & Mediterranean,Subset: Health & Wellbeing
-700.0,-600.0,5.0,5.0,5.0,5.0,5.0,Southern Europe & Mediterranean,Subset: Health & Wellbeing
-600.0,-500.0,5.15,5.0,5.0,5.507071421427143,4.792928578572858,Southern Europe & Mediterranean,Subset: Health & Wellbeing
-500.0,-400.0,5.3,6.0,5.0,5.7582575694955835,4.841742430504416,Southern Europe & Mediterranean,Subset: Health & Wellbeing
-400.0,-300.0,5.35,6.0,5.0,5.826969600708472,4.873030399291527,Southern Europe & Mediterranean,Subset: Health & Wellbeing
-300.0,-200.0,5.8,6.0,5.04,6.2,5.3999999999999995,Southern Europe & Mediterranean,Subset: Health & Wellbeing
-200.0,-100.0,6.45,7.0,6.0,7.03949130612758,5.86050869387242,Southern Europe & Mediterranean,Subset: Health & Wellbeing
-100.0,0.0,7.0,7.0,7.0,7.0,7.0,Southern Europe & Mediterranean,Subset: Health & Wellbeing
0.0,100.0,7.0,7.0,7.0,7.0,7.0,Southern Europe & Mediterranean,Subset: Health & Wellbeing
100.0,200.0,6.75,7.0,6.0,7.18301270189222,6.31698729810778,Southern Europe & Mediterranean,Subset: Health & Wellbeing
200.0,300.0,4.85,5.0,4.0,5.42227615711298,4.27772384288702,Southern Europe & Mediterranean,Subset: Health & Wellbeing
300.0,400.0,5.35,6.0,5.0,5.826969600708472,4.873030399291527,Southern Europe & Mediterranean,Subset: Health & Wellbeing
400.0,500.0,3.9,4.0,4.0,4.335889894354067,3.464110105645932,Southern Europe & Mediterranean,Subset: Health & Wellbeing
500.0,600.0,3.85,4.0,3.04,4.326969600708473,3.3730303992915274,Southern Europe & Mediterranean,Subset: Health & Wellbeing
600.0,700.0,3.8,4.0,3.0,4.3999999999999995,3.1999999999999997,Southern Europe & Mediterranean,Subset: Health & Wellbeing
700.0,800.0,4.15,5.0,4.0,4.72227615711298,3.5777238428870204,Southern Europe & Mediterranean,Subset: Health & Wellbeing
800.0,900.0,4.65,5.0,4.0,5.126969600708473,4.173030399291528,Southern Europe & Mediterranean,Subset: Health & Wellbeing
900.0,1000.0,4.45,5.0,4.0,4.94749371855331,3.95250628144669,Southern Europe & Mediterranean,Subset: Health & Wellbeing
1000.0,1100.0,5.1,5.0,5.0,5.3999999999999995,4.8,Southern Europe & Mediterranean,Subset: Health & Wellbeing
1100.0,1200.0,5.85,6.0,6.0,6.207071421427142,5.492928578572857,Southern Europe & Mediterranean,Subset: Health & Wellbeing
1200.0,1300.0,5.8,6.0,5.04,6.2,5.3999999999999995,Southern Europe & Mediterranean,Subset: Health & Wellbeing
1300.0,1400.0,2.5,3.0,2.0,3.0,2.0,Southern Europe & Mediterranean,Subset: Health & Wellbeing
1400.0,1500.0,5.65,6.0,5.0,6.126969600708473,5.173030399291528,Southern Europe & Mediterranean,Subset: Health & Wellbeing
1500.0,1600.0,5.9,6.0,6.0,6.335889894354068,5.464110105645933,Southern Europe & Mediterranean,Subset: Health & Wellbeing
1600.0,1700.0,5.25,6.0,5.0,5.68301270189222,4.81698729810778,Southern Europe & Mediterranean,Subset: Health & Wellbeing
1700.0,1800.0,6.0,6.0,6.0,6.0,6.0,Southern Europe & Mediterranean,Subset: Health & Wellbeing
1800.0,1900.0,6.3,7.0,6.0,6.7582575694955835,5.841742430504416,Southern Europe & Mediterranean,Subset: Health & Wellbeing
1900.0,2000.0,7.4,8.0,7.0,7.889897948556636,6.910102051443364,Southern Europe & Mediterranean,Subset: Health & Wellbeing
2000.0,2025.0,8.2,8.959999999999999,8.0,8.6,7.799999999999999,Southern Europe & Mediterranean,Subset: Health & Wellbeing
-1000.0,-900.0,5.25,6.0,4.0,6.292832680730711,4.207167319269289,Southern Europe & Mediterranean,Subset: Peace
-900.0,-800.0,4.7,5.0,4.0,5.481024967590666,3.918975032409335,Southern Europe & Mediterranean,Subset: Peace
-800.0,-700.0,4.3,5.0,3.04,5.142614977317636,3.457385022682364,Southern Europe & Mediterranean,Subset: Peace
-700.0,-600.0,4.1,4.959999999999999,3.04,4.930662386291807,3.269337613708192,Southern Europe & Mediterranean,Subset: Peace
-600.0,-500.0,4.35,5.0,4.0,5.0038348415311,3.6961651584688986,Southern Europe & Mediterranean,Subset: Peace
-500.0,-400.0,3.2,4.0,3.0,3.9483314773547886,2.4516685226452117,Southern Europe & Mediterranean,Subset: Peace
-400.0,-300.0,3.45,4.0,3.0,4.03949130612758,2.86050869387242,Southern Europe & Mediterranean,Subset: Peace
-300.0,-200.0,3.55,4.0,3.0,4.0474937185533095,3.0525062814466897,Southern Europe & Mediterranean,Subset: Peace
-200.0,-100.0,4.85,6.959999999999999,3.0,6.589971264130531,3.1100287358694683,Southern Europe & Mediterranean,Subset: Peace
-100.0,0.0,6.9,7.0,6.04,7.438516480713451,6.3614835192865495,Southern Europe & Mediterranean,Subset: Peace
0.0,100.0,6.65,7.0,6.0,7.126969600708473,6.173030399291528,Southern Europe & Mediterranean,Subset: Peace
100.0,200.0,5.95,7.0,5.0,6.814580823289529,5.085419176710471,Southern Europe & Mediterranean,Subset: Peace
200.0,300.0,2.95,3.0,3.0,3.167944947177034,2.7320550528229663,Southern Europe & Mediterranean,Subset: Peace
300.0,400.0,3.55,4.0,3.0,4.13949130612758,2.96050869387242,Southern Europe & Mediterranean,Subset: Peace
400.0,500.0,2.05,2.0,2.0,2.2679449471770337,1.8320550528229664,Southern Europe & Mediterranean,Subset: Peace
500.0,600.0,2.9,3.0,3.0,3.1999999999999997,2.6,Southern Europe & Mediterranean,Subset: Peace
600.0,700.0,2.95,3.959999999999999,2.0,3.618954408012983,2.2810455919870174,Southern Europe & Mediterranean,Subset: Peace
700.0,800.0,3.65,4.0,3.0,4.303834841531101,2.996165158468899,Southern Europe & Mediterranean,Subset: Peace
800.0,900.0,3.85,5.0,3.0,4.7029361054616,2.997063894538401,Southern Europe & Mediterranean,Subset: Peace
900.0,1000.0,3.55,4.0,3.0,4.470597631976099,2.629402368023901,Southern Europe & Mediterranean,Subset: Peace
1000.0,1100.0,3.9,4.959999999999999,3.0,4.8433981132056605,2.9566018867943393,Southern Europe & Mediterranean,Subset: Peace
1100.0,1200.0,4.45,5.0,4.0,5.03949130612758,3.86050869387242,Southern Europe & Mediterranean,Subset: Peace
1200.0,1300.0,4.25,5.0,3.04,5.137411967464942,3.3625880325350574,Southern Europe & Mediterranean,Subset: Peace
1300.0,1400.0,2.9,3.0,2.04,3.4385164807134503,2.3614835192865495,Southern Europe & Mediterranean,Subset: Peace
1400.0,1500.0,4.7,5.0,4.0,5.414142842854285,3.9858571571457153,Southern Europe & Mediterranean,Subset: Peace
1500.0,1600.0,3.8,4.959999999999999,3.0,4.548331477354788,3.0516685226452114,Southern Europe & Mediterranean,Subset: Peace
1600.0,1700.0,2.9,3.0,3.0,3.3358898943540676,2.464110105645932,Southern Europe & Mediterranean,Subset: Peace
1700.0,1800.0,3.45,4.0,3.0,4.254673846971555,2.6453261530284458,Southern Europe & Mediterranean,Subset: Peace
1800.0,1900.0,4.2,5.0,4.0,4.878232998312527,3.521767001687474,Southern Europe & Mediterranean,Subset: Peace
1900.0,2000.0,5.5,6.0,5.0,6.241619848709567,4.758380151290433,Southern Europe & Mediterranean,Subset: Peace
2000.0,2025.0,6.9,7.0,6.04,7.438516480713451,6.3614835192865495,Southern Europe & Mediterranean,Subset: Peace
-1000.0,-900.0,5080000.0,10000000.0,2520000.0,8674801.802603308,1485198.197396691,Southern Europe & Mediterranean,Subset: Population
-900.0,-800.0,5635000.0,11000000.0,2828000.0,9487307.74990784,1782692.250092161,Southern Europe & Mediterranean,Subset: Population
-800.0,-700.0,6215000.0,12000000.0,3232000.0,10308565.072158985,2121434.9278410147,Southern Europe & Mediterranean,Subset: Population
-700.0,-600.0,6795000.0,13000000.0,3528000.0,11129567.452468583,2460432.547531415,Southern Europe & Mediterranean,Subset: Population
-600.0,-500.0,7390000.0,14000000.0,4020000.0,11955950.065429976,2824049.934570024,Southern Europe & Mediterranean,Subset: Population
-500.0,-400.0,8015000.0,15000000.0,4512000.0,12797705.824112538,3232294.175887461,Southern Europe & Mediterranean,Subset: Population
-400.0,-300.0,8690000.0,16000000.0,5000000.0,13818927.763187936,3561072.2368120644,Southern Europe & Mediterranean,Subset: Population
-300.0,-200.0,9695000.0,17960000.0,5520000.0,15463749.864572046,3926250.1354279537,Southern Europe & Mediterranean,Subset: Population
-200.0,-100.0,11280000.0,20000000.0,6520000.0,18327666.280408,4232333.719591996,Southern Europe & Mediterranean,Subset: Population
-100.0,0.0,12725000.0,22000000.0,7500000.0,20866675.19617431,4583324.8038256895,Southern Europe & Mediterranean,Subset: Population
0.0,100.0,13685000.0,23000000.0,8000000.0,22565330.793388274,4804669.206611726,Southern Europe & Mediterranean,Subset: Population
100.0,200.0,14255000.0,23000000.0,8500000.0,23415102.346589804,5094897.653410198,Southern Europe & Mediterranean,Subset: Population
200.0,300.0,13620000.0,22000000.0,8000000.0,22472208.763918754,4767791.236081246,Southern Europe & Mediterranean,Subset: Population
300.0,400.0,12910000.0,21000000.0,7500000.0,21400223.78974783,4419776.2102521695,Southern Europe & Mediterranean,Subset: Population
400.0,500.0,11115000.0,18000000.0,6040000.0,18603075.5204525,3626924.4795474983,Southern Europe & Mediterranean,Subset: Population
500.0,600.0,9765000.0,16920000.0,5808000.0,16132046.018366758,3397953.9816332413,Southern Europe & Mediterranean,Subset: Population
600.0,700.0,9175000.0,15919999.999999998,5500000.0,15126879.955106622,3223120.0448933784,Southern Europe & Mediterranean,Subset: Population
700.0,800.0,8930000.0,14919999.999999998,5500000.0,14668649.666951276,3191350.3330487236,Southern Europe & Mediterranean,Subset: Population
800.0,900.0,9400000.0,15919999.999999998,5712000.0,15336581.507905032,3463418.4920949666,Southern Europe & Mediterranean,Subset: Population
900.0,1000.0,9905000.0,15960000.0,5808000.0,16216138.962184245,3593861.037815757,Southern Europe & Mediterranean,Subset: Population
1000.0,1100.0,10690000.0,17920000.0,6020000.0,17499985.315696355,3880014.684303644,Southern Europe & Mediterranean,Subset: Population
1100.0,1200.0,11610000.0,18920000.0,6520000.0,19143916.644083608,4076083.355916393,Southern Europe & Mediterranean,Subset: Population
1200.0,1300.0,12555000.0,20879999.999999996,7020000.0,20879810.80866106,4230189.1913389405,Southern Europe & Mediterranean,Subset: Population
1300.0,1400.0,11390000.0,18839999.999999996,6808000.0,19017574.97504941,3762425.024950591,Southern Europe & Mediterranean,Subset: Population
1400.0,1500.0,11585000.0,18879999.999999996,6232000.0,19520129.173491757,3649870.8265082417,Southern Europe & Mediterranean,Subset: Population
1500.0,1600.0,12545000.0,20839999.999999996,6540000.0,21110014.59426661,3979985.405733392,Southern Europe & Mediterranean,Subset: Population
1600.0,1700.0,13120000.0,21839999.999999996,7000000.0,22076986.100245997,4163013.899754002,Southern Europe & Mediterranean,Subset: Population
1700.0,1800.0,13875000.0,22879999.999999996,7200000.0,23320839.03102313,4429160.968976868,Southern Europe & Mediterranean,Subset: Population
1800.0,1900.0,18525000.0,27879999.999999996,8000000.0,29528948.15509415,7521051.844905848,Southern Europe & Mediterranean,Subset: Population
1900.0,2000.0,49450000.0,59799999.99999999,40000000.0,64656824.12602974,34243175.87397026,Southern Europe & Mediterranean,Subset: Population
2000.0,2025.0,58950000.0,69599999.99999999,52000000.0,75300764.5081201,42599235.491879895,Southern Europe & Mediterranean,Subset: Population
-1000.0,-900.0,4.491666666666667,4.666666666666667,4.173333333333334,4.705591627549891,4.277741705783443,West Africa,Overall
-900.0,-800.0,4.583333333333334,4.833333333333333,4.333333333333333,4.827714638310254,4.338952028356414,West Africa,Overall
-800.0,-700.0,4.749999999999999,5.0,4.5,4.988630351054605,4.511369648945394,West Africa,Overall
-700.0,-600.0,4.8916666666666675,5.166666666666667,4.506666666666667,5.25019374607165,4.533139587261685,West Africa,Overall
-600.0,-500.0,5.000000000000001,5.166666666666667,4.666666666666667,5.241522945769825,4.758477054230177,West Africa,Overall
-500.0,-400.0,5.233333333333334,5.493333333333333,5.0,5.46547313795307,5.001193528713599,West Africa,Overall
-400.0,-300.0,5.166666666666666,5.493333333333333,4.833333333333333,5.535599060352977,4.797734272980355,West Africa,Overall
-300.0,-200.0,5.108333333333333,5.66,4.666666666666667,5.562557335830388,4.654109330836278,West Africa,Overall
-200.0,-100.0,5.124999999999999,5.5,4.346666666666667,5.677456634798906,4.572543365201092,West Africa,Overall
-100.0,0.0,5.324999999999999,5.833333333333333,4.846666666666667,5.924710578344069,4.72528942165593,West Africa,Overall
0.0,100.0,5.716666666666667,6.0,5.5,5.991034627219239,5.442298706114094,West Africa,Overall
100.0,200.0,5.875000000000001,6.166666666666667,5.506666666666667,6.275953724123982,5.47404627587602,West Africa,Overall
200.0,300.0,5.874999999999999,6.333333333333333,5.166666666666667,6.447215480003429,5.302784519996569,West Africa,Overall
300.0,400.0,5.783333333333333,6.5,5.0,6.568791444529879,4.997875222136788,West Africa,Overall
400.0,500.0,5.933333333333334,6.666666666666667,5.5,6.715779639620367,5.1508870270463,West Africa,Overall
500.0,600.0,6.0,6.666666666666667,5.026666666666666,6.718795288428261,5.281204711571739,West Africa,Overall
600.0,700.0,5.8500000000000005,6.5,5.006666666666667,6.604431353183752,5.095568646816249,West Africa,Overall
700.0,800.0,5.700000000000001,6.5,4.506666666666667,6.66551655719735,4.734483442802652,West Africa,Overall
800.0,900.0,5.516666666666667,6.819999999999999,4.333333333333333,6.61451810369163,4.418815229641703,West Africa,Overall
900.0,1000.0,5.358333333333333,6.826666666666666,4.5,6.598040960155077,4.118625706511589,West Africa,Overall
1000.0,1100.0,5.4833333333333325,6.333333333333333,4.513333333333334,6.555584340431121,4.411082326235544,West Africa,Overall
1100.0,1200.0,5.299999999999999,6.493333333333333,3.8466666666666662,6.638116420777935,3.9618835792220626,West Africa,Overall
1200.0,1300.0,5.441666666666668,6.819999999999999,4.006666666666667,6.7489911184468,4.134342214886536,West Africa,Overall
1300.0,1400.0,5.083333333333334,6.333333333333333,3.8466666666666662,6.383440166550427,3.783226500116241,West Africa,Overall
1400.0,1500.0,4.408333333333333,5.5,3.1666666666666665,5.5219797463986895,3.294686920267977,West Africa,Overall
1500.0,1600.0,3.7666666666666666,4.653333333333333,3.0,4.67710001891651,2.8562333144168224,West Africa,Overall
1600.0,1700.0,3.05,3.826666666666666,2.3333333333333335,3.6957123542603503,2.40428764573965,West Africa,Overall
1700.0,1800.0,2.9666666666666663,3.493333333333333,2.5,3.505698720959874,2.427634612373459,West Africa,Overall
1800.0,1900.0,3.191666666666666,3.6666666666666665,2.8333333333333335,3.8312737509162247,2.5520595824171073,West Africa,Overall
1900.0,2000.0,4.816666666666666,5.319999999999999,4.5,5.210719680584563,4.42261365274877,West Africa,Overall
2000.0,2025.0,5.733333333333333,6.0,5.5,5.998956290841821,5.467710375824846,West Africa,Overall
-1000.0,-900.0,5.7,6.0,5.0,6.158257569495584,5.2417424305044165,West Africa,Subset: Culture & Lesure
-900.0,-800.0,5.7,6.0,5.0,6.158257569495584,5.2417424305044165,West Africa,Subset: Culture & Lesure
-800.0,-700.0,6.3,7.0,6.0,6.9403124237432845,5.659687576256715,West Africa,Subset: Culture & Lesure
-700.0,-600.0,6.55,7.0,6.0,7.0474937185533095,6.05250628144669,West Africa,Subset: Culture & Lesure
-600.0,-500.0,6.75,7.0,6.0,7.18301270189222,6.31698729810778,West Africa,Subset: Culture & Lesure
-500.0,-400.0,7.05,7.0,7.0,7.547493718553309,6.55250628144669,West Africa,Subset: Culture & Lesure
-400.0,-300.0,7.1,7.959999999999999,7.0,7.638516480713451,6.561483519286549,West Africa,Subset: Culture & Lesure
-300.0,-200.0,7.1,8.0,7.0,7.72449979983984,6.47550020016016,West Africa,Subset: Culture & Lesure
-200.0,-100.0,7.25,8.0,6.04,8.016485485837794,6.483514514162206,West Africa,Subset: Culture & Lesure
-100.0,0.0,7.55,8.0,7.0,8.218954408012983,6.881045591987017,West Africa,Subset: Culture & Lesure
0.0,100.0,7.9,8.0,7.04,8.438516480713451,7.361483519286549,West Africa,Subset: Culture & Lesure
100.0,200.0,8.25,9.0,8.0,8.872494979899436,7.627505020100563,West Africa,Subset: Culture & Lesure
200.0,300.0,8.15,9.0,8.0,8.803834841531101,7.4961651584689,West Africa,Subset: Culture & Lesure
300.0,400.0,8.05,9.0,7.0,8.854673846971554,7.245326153028447,West Africa,Subset: Culture & Lesure
400.0,500.0,8.05,9.0,7.04,8.854673846971554,7.245326153028447,West Africa,Subset: Culture & Lesure
500.0,600.0,8.1,9.0,7.04,8.799999999999999,7.4,West Africa,Subset: Culture & Lesure
600.0,700.0,8.0,9.0,7.0,8.774596669241483,7.225403330758517,West Africa,Subset: Culture & Lesure
700.0,800.0,7.85,9.0,6.04,8.957925990308016,6.742074009691983,West Africa,Subset: Culture & Lesure
800.0,900.0,7.7,9.0,7.0,8.84455231422596,6.55544768577404,West Africa,Subset: Culture & Lesure
900.0,1000.0,7.5,9.0,7.0,8.70415945787923,6.295840542120771,West Africa,Subset: Culture & Lesure
1000.0,1100.0,7.6,9.0,7.0,8.713552872566003,6.486447127433996,West Africa,Subset: Culture & Lesure
1100.0,1200.0,7.35,9.0,6.0,8.664343942809491,6.035656057190508,West Africa,Subset: Culture & Lesure
1200.0,1300.0,7.6,9.0,6.0,9.02828568570857,6.17171431429143,West Africa,Subset: Culture & Lesure
1300.0,1400.0,7.15,8.959999999999999,6.0,8.538344337691482,5.7616556623085184,West Africa,Subset: Culture & Lesure
1400.0,1500.0,6.4,7.959999999999999,5.0,7.513552872566004,5.286447127433997,West Africa,Subset: Culture & Lesure
1500.0,1600.0,5.9,7.0,5.0,6.8433981132056605,4.95660188679434,West Africa,Subset: Culture & Lesure
1600.0,1700.0,5.05,6.0,4.0,5.789932429347437,4.310067570652563,West Africa,Subset: Culture & Lesure
1700.0,1800.0,5.0,6.0,4.0,5.774596669241483,4.225403330758517,West Africa,Subset: Culture & Lesure
1800.0,1900.0,5.0,6.0,4.04,5.774596669241483,4.225403330758517,West Africa,Subset: Culture & Lesure
1900.0,2000.0,6.5,7.0,6.0,7.0,6.0,West Africa,Subset: Culture & Lesure
2000.0,2025.0,7.05,7.0,7.0,7.267944947177034,6.832055052822966,West Africa,Subset: Culture & Lesure
-1000.0,-900.0,2.95,3.0,3.0,3.167944947177034,2.7320550528229663,West Africa,Subset: Economic Opportunity
-900.0,-800.0,3.85,4.0,4.0,4.207071421427143,3.4929285785728577,West Africa,Subset: Economic Opportunity
-800.0,-700.0,4.1,4.0,4.0,4.535889894354067,3.664110105645933,West Africa,Subset: Economic Opportunity
-700.0,-600.0,4.75,5.0,4.0,5.28619026473818,4.21380973526182,West Africa,Subset: Economic Opportunity
-600.0,-500.0,5.25,6.0,5.0,5.78619026473818,4.71380973526182,West Africa,Subset: Economic Opportunity
-500.0,-400.0,5.7,6.0,5.0,6.158257569495584,5.2417424305044165,West Africa,Subset: Economic Opportunity
-400.0,-300.0,5.75,6.0,5.0,6.28619026473818,5.21380973526182,West Africa,Subset: Economic Opportunity
-300.0,-200.0,6.0,6.0,6.0,6.547722557505166,5.452277442494834,West Africa,Subset: Economic Opportunity
-200.0,-100.0,6.0,7.0,5.04,6.774596669241483,5.225403330758517,West Africa,Subset: Economic Opportunity
-100.0,0.0,6.25,7.0,6.0,7.192072184070838,5.307927815929162,West Africa,Subset: Economic Opportunity
0.0,100.0,6.7,7.0,6.0,7.158257569495584,6.2417424305044165,West Africa,Subset: Economic Opportunity
100.0,200.0,6.75,7.0,6.0,7.18301270189222,6.31698729810778,West Africa,Subset: Economic Opportunity
200.0,300.0,6.7,7.0,6.0,7.256776436283002,6.143223563716998,West Africa,Subset: Economic Opportunity
300.0,400.0,6.55,7.0,6.0,7.354673846971554,5.745326153028445,West Africa,Subset: Economic Opportunity
400.0,500.0,6.85,7.0,6.0,7.576291952316697,6.123708047683302,West Africa,Subset: Economic Opportunity
500.0,600.0,6.95,7.959999999999999,6.0,7.618954408012983,6.281045591987017,West Africa,Subset: Economic Opportunity
600.0,700.0,6.75,7.0,6.0,7.448212002188447,6.051787997811553,West Africa,Subset: Economic Opportunity
700.0,800.0,6.65,7.0,5.04,7.613068014212911,5.68693198578709,West Africa,Subset: Economic Opportunity
800.0,900.0,6.35,7.959999999999999,5.0,7.544780314534852,5.1552196854651475,West Africa,Subset: Economic Opportunity
900.0,1000.0,6.15,7.959999999999999,5.0,7.464343942809492,4.8356560571905085,West Africa,Subset: Economic Opportunity
1000.0,1100.0,6.35,7.0,5.04,7.457925990308016,5.242074009691983,West Africa,Subset: Economic Opportunity
1100.0,1200.0,6.15,7.959999999999999,5.0,7.501850583459578,4.798149416540423,West Africa,Subset: Economic Opportunity
1200.0,1300.0,6.25,7.959999999999999,5.0,7.586974195712093,4.913025804287907,West Africa,Subset: Economic Opportunity
1300.0,1400.0,5.9,7.0,5.0,7.237908816025966,4.562091183974035,West Africa,Subset: Economic Opportunity
1400.0,1500.0,5.2,6.959999999999999,4.0,6.408304597359457,3.991695402640543,West Africa,Subset: Economic Opportunity
1500.0,1600.0,4.75,6.0,4.0,5.74373034571759,3.7562696542824106,West Africa,Subset: Economic Opportunity
1600.0,1700.0,3.75,4.0,3.0,4.448212002188447,3.051787997811553,West Africa,Subset: Economic Opportunity
1700.0,1800.0,3.6,4.0,3.0,4.334846922834954,2.865153077165046,West Africa,Subset: Economic Opportunity
1800.0,1900.0,3.7,4.0,3.0,4.414142842854285,2.9858571571457153,West Africa,Subset: Economic Opportunity
1900.0,2000.0,5.5,6.0,5.0,6.0,5.0,West Africa,Subset: Economic Opportunity
2000.0,2025.0,6.3,7.0,6.0,6.7582575694955835,5.841742430504416,West Africa,Subset: Economic Opportunity
-1000.0,-900.0,4.55,5.0,4.0,5.0474937185533095,4.05250628144669,West Africa,Subset: Equality
-900.0,-800.0,4.55,5.0,4.0,5.0474937185533095,4.05250628144669,West Africa,Subset: Equality
-800.0,-700.0,4.55,5.0,4.0,5.0474937185533095,4.05250628144669,West Africa,Subset: Equality
-700.0,-600.0,4.4,5.0,4.0,5.06332495807108,3.73667504192892,West Africa,Subset: Equality
-600.0,-500.0,4.35,5.0,4.0,4.92227615711298,3.77772384288702,West Africa,Subset: Equality
-500.0,-400.0,4.45,5.0,4.0,5.118954408012983,3.7810455919870174,West Africa,Subset: Equality
-400.0,-300.0,4.25,5.0,4.0,4.948212002188447,3.551787997811553,West Africa,Subset: Equality
-300.0,-200.0,4.15,5.0,3.04,4.876291952316698,3.4237080476833026,West Africa,Subset: Equality
-200.0,-100.0,4.05,5.0,3.0,4.789932429347437,3.310067570652562,West Africa,Subset: Equality
-100.0,0.0,4.2,5.0,3.04,5.012403840463596,3.387596159536404,West Africa,Subset: Equality
0.0,100.0,4.45,5.0,4.0,5.118954408012983,3.7810455919870174,West Africa,Subset: Equality
100.0,200.0,4.65,5.0,4.0,5.303834841531101,3.9961651584688993,West Africa,Subset: Equality
200.0,300.0,4.6,5.0,4.0,5.263324958071079,3.93667504192892,West Africa,Subset: Equality
300.0,400.0,4.6,5.0,4.0,5.3999999999999995,3.8,West Africa,Subset: Equality
400.0,500.0,4.65,5.959999999999999,4.0,5.559670269933013,3.740329730066988,West Africa,Subset: Equality
500.0,600.0,4.7,5.959999999999999,4.0,5.653939201416946,3.7460607985830543,West Africa,Subset: Equality
600.0,700.0,4.5,5.0,4.0,5.4219544457292885,3.5780455542707115,West Africa,Subset: Equality
700.0,800.0,4.35,5.0,3.0,5.411838029079765,3.2881619709202345,West Africa,Subset: Equality
800.0,900.0,4.2,5.0,3.04,5.127361849549571,3.2726381504504296,West Africa,Subset: Equality
900.0,1000.0,4.0,5.0,3.0,5.095445115010332,2.904554884989668,West Africa,Subset: Equality
1000.0,1100.0,4.1,5.0,3.0,5.32065556157337,2.879344438426629,West Africa,Subset: Equality
1100.0,1200.0,4.0,5.0,2.04,5.378404875209022,2.6215951247909777,West Africa,Subset: Equality
1200.0,1300.0,4.1,5.0,2.04,5.437908816025965,2.762091183974034,West Africa,Subset: Equality
1300.0,1400.0,3.8,5.0,3.0,5.0489995996796795,2.55100040032032,West Africa,Subset: Equality
1400.0,1500.0,3.15,4.0,2.0,4.257925990308017,2.042074009691983,West Africa,Subset: Equality
1500.0,1600.0,2.4,3.0,2.0,3.2602325267042627,1.5397674732957372,West Africa,Subset: Equality
1600.0,1700.0,1.95,2.959999999999999,1.0,2.6189544080129825,1.2810455919870174,West Africa,Subset: Equality
1700.0,1800.0,1.85,2.0,1.0,2.503834841531101,1.196165158468899,West Africa,Subset: Equality
1800.0,1900.0,2.3,3.0,1.04,3.081024967590665,1.5189750324093343,West Africa,Subset: Equality
1900.0,2000.0,3.6,4.0,3.0,4.089897948556636,3.1101020514433646,West Africa,Subset: Equality
2000.0,2025.0,4.5,5.0,4.0,5.0,4.0,West Africa,Subset: Equality
-1000.0,-900.0,3.3,4.0,3.0,3.758257569495584,2.8417424305044157,West Africa,Subset: Freedom
-900.0,-800.0,3.3,4.0,3.0,3.758257569495584,2.8417424305044157,West Africa,Subset: Freedom
-800.0,-700.0,3.5,4.0,3.0,4.0,3.0,West Africa,Subset: Freedom
-700.0,-600.0,3.7,4.959999999999999,3.0,4.6000000000000005,2.8000000000000003,West Africa,Subset: Freedom
-600.0,-500.0,3.8,4.959999999999999,3.0,4.548331477354788,3.0516685226452114,West Africa,Subset: Freedom
-500.0,-400.0,4.15,5.0,4.0,4.803834841531101,3.4961651584688993,West Africa,Subset: Freedom
-400.0,-300.0,4.0,5.0,3.0,4.707106781186548,3.2928932188134525,West Africa,Subset: Freedom
-300.0,-200.0,3.95,4.959999999999999,3.0,4.618954408012983,3.2810455919870174,West Africa,Subset: Freedom
-200.0,-100.0,4.0,5.0,3.0,4.707106781186548,3.2928932188134525,West Africa,Subset: Freedom
-100.0,0.0,4.2,5.0,4.0,5.012403840463596,3.387596159536404,West Africa,Subset: Freedom
0.0,100.0,4.65,5.0,4.0,5.22227615711298,4.07772384288702,West Africa,Subset: Freedom
100.0,200.0,4.95,6.0,4.0,5.754673846971555,4.145326153028446,West Africa,Subset: Freedom
200.0,300.0,5.0,6.0,4.0,6.048808848170152,3.951191151829848,West Africa,Subset: Freedom
300.0,400.0,4.85,6.0,4.0,5.911838029079765,3.7881619709202345,West Africa,Subset: Freedom
400.0,500.0,5.1,6.0,4.0,6.1908712114635716,4.009128788536428,West Africa,Subset: Freedom
500.0,600.0,5.25,6.0,4.04,6.292832680730711,4.207167319269289,West Africa,Subset: Freedom
600.0,700.0,5.1,6.0,4.0,5.988819441731558,4.211180558268441,West Africa,Subset: Freedom
700.0,800.0,4.95,6.0,4.0,5.973474474522936,3.926525525477064,West Africa,Subset: Freedom
800.0,900.0,4.7,6.0,3.04,5.968857754044953,3.431142245955048,West Africa,Subset: Freedom
900.0,1000.0,4.6,6.0,4.0,5.992838827718412,3.207161172281588,West Africa,Subset: Freedom
1000.0,1100.0,4.7,6.0,4.0,5.887434208703792,3.5125657912962085,West Africa,Subset: Freedom
1100.0,1200.0,4.45,6.0,3.0,6.107558445425077,2.7924415545749226,West Africa,Subset: Freedom
1200.0,1300.0,4.65,6.0,3.0,6.3015144564913745,2.998485543508626,West Africa,Subset: Freedom
1300.0,1400.0,4.35,6.0,3.0,5.970956507744733,2.7290434922552667,West Africa,Subset: Freedom
1400.0,1500.0,3.6,5.0,2.0,5.062873883832779,2.1371261161672206,West Africa,Subset: Freedom
1500.0,1600.0,2.75,4.0,2.0,3.9279218989389744,1.5720781010610254,West Africa,Subset: Freedom
1600.0,1700.0,1.95,3.0,1.0,2.8145808232895293,1.0854191767104708,West Africa,Subset: Freedom
1700.0,1800.0,1.95,2.0,1.04,2.5394913061275797,1.3605086938724202,West Africa,Subset: Freedom
1800.0,1900.0,2.25,3.0,1.04,3.0164854858377947,1.4835145141622053,West Africa,Subset: Freedom
1900.0,2000.0,4.0,4.959999999999999,3.04,4.632455532033676,3.367544467966324,West Africa,Subset: Freedom
2000.0,2025.0,5.6,6.0,5.0,6.089897948556636,5.110102051443364,West Africa,Subset: Freedom
-1000.0,-900.0,3.65,4.0,3.0,4.126969600708473,3.173030399291527,West Africa,Subset: Health & Wellbeing
-900.0,-800.0,3.75,4.0,3.0,4.18301270189222,3.316987298107781,West Africa,Subset: Health & Wellbeing
-800.0,-700.0,4.05,4.0,4.0,4.43405728739343,3.6659427126065696,West Africa,Subset: Health & Wellbeing
-700.0,-600.0,4.45,5.0,4.0,4.94749371855331,3.95250628144669,West Africa,Subset: Health & Wellbeing
-600.0,-500.0,4.65,5.0,4.0,5.126969600708473,4.173030399291528,West Africa,Subset: Health & Wellbeing
-500.0,-400.0,5.0,5.0,5.0,5.0,5.0,West Africa,Subset: Health & Wellbeing
-400.0,-300.0,5.15,5.959999999999999,5.0,5.626969600708473,4.673030399291528,West Africa,Subset: Health & Wellbeing
-300.0,-200.0,5.1,5.959999999999999,5.0,5.6385164807134505,4.561483519286549,West Africa,Subset: Health & Wellbeing
-200.0,-100.0,5.1,6.0,4.04,5.8,4.3999999999999995,West Africa,Subset: Health & Wellbeing
-100.0,0.0,5.3,6.0,5.0,6.014142842854285,4.585857157145715,West Africa,Subset: Health & Wellbeing
0.0,100.0,5.65,6.0,5.0,6.126969600708473,5.173030399291528,West Africa,Subset: Health & Wellbeing
100.0,200.0,5.85,6.0,5.0,6.42227615711298,5.27772384288702,West Africa,Subset: Health & Wellbeing
200.0,300.0,5.95,6.0,6.0,6.44749371855331,5.4525062814466905,West Africa,Subset: Health & Wellbeing
300.0,400.0,5.9,6.0,5.0,6.52449979983984,5.2755002001601605,West Africa,Subset: Health & Wellbeing
400.0,500.0,6.0,7.0,5.0,6.707106781186548,5.292893218813452,West Africa,Subset: Health & Wellbeing
500.0,600.0,6.05,7.0,5.04,6.718954408012983,5.381045591987017,West Africa,Subset: Health & Wellbeing
600.0,700.0,5.95,7.0,5.0,6.689932429347437,5.210067570652563,West Africa,Subset: Health & Wellbeing
700.0,800.0,5.85,6.959999999999999,5.0,6.642148975887743,5.0578510241122565,West Africa,Subset: Health & Wellbeing
800.0,900.0,5.75,7.0,5.0,6.792832680730711,4.707167319269289,West Africa,Subset: Health & Wellbeing
900.0,1000.0,5.55,7.0,4.04,6.71081867662439,4.38918132337561,West Africa,Subset: Health & Wellbeing
1000.0,1100.0,5.75,7.0,5.0,6.927921898938974,4.572078101061026,West Africa,Subset: Health & Wellbeing
1100.0,1200.0,5.5,7.0,4.0,6.860147050873544,4.139852949126456,West Africa,Subset: Health & Wellbeing
1200.0,1300.0,5.6,7.0,4.0,6.880624847486569,4.31937515251343,West Africa,Subset: Health & Wellbeing
1300.0,1400.0,5.25,6.0,4.0,6.469631091765047,4.030368908234953,West Africa,Subset: Health & Wellbeing
1400.0,1500.0,4.8,6.0,3.0,6.0489995996796795,3.55100040032032,West Africa,Subset: Health & Wellbeing
1500.0,1600.0,4.1,5.0,3.0,5.144030650891055,3.055969349108945,West Africa,Subset: Health & Wellbeing
1600.0,1700.0,3.4,4.0,3.0,4.316515138991168,2.483484861008832,West Africa,Subset: Health & Wellbeing
1700.0,1800.0,3.2,4.0,3.0,3.709901951359279,2.6900980486407216,West Africa,Subset: Health & Wellbeing
1800.0,1900.0,3.4,4.0,3.0,4.06332495807108,2.73667504192892,West Africa,Subset: Health & Wellbeing
1900.0,2000.0,5.2,6.0,5.0,5.709901951359279,4.6900980486407216,West Africa,Subset: Health & Wellbeing
2000.0,2025.0,6.1,6.0,6.0,6.3999999999999995,5.8,West Africa,Subset: Health & Wellbeing
-1000.0,-900.0,6.8,7.0,6.04,7.2,6.3999999999999995,West Africa,Subset: Peace
-900.0,-800.0,6.35,7.0,6.0,6.826969600708472,5.873030399291527,West Africa,Subset: Peace
-800.0,-700.0,6.0,6.0,6.0,6.447213595499958,5.552786404500042,West Africa,Subset: Peace
-700.0,-600.0,5.5,6.0,5.0,6.0,5.0,West Africa,Subset: Peace
-600.0,-500.0,5.2,6.0,5.0,5.878232998312527,4.521767001687473,West Africa,Subset: Peace
-500.0,-400.0,5.05,6.0,4.04,5.718954408012983,4.381045591987017,West Africa,Subset: Peace
-400.0,-300.0,4.75,5.0,4.0,5.28619026473818,4.21380973526182,West Africa,Subset: Peace
-300.0,-200.0,4.35,5.0,4.0,5.076291952316697,3.6237080476833023,West Africa,Subset: Peace
-200.0,-100.0,4.35,5.0,4.0,5.0038348415311,3.6961651584688986,West Africa,Subset: Peace
-100.0,0.0,4.45,5.0,4.0,5.254673846971555,3.6453261530284458,West Africa,Subset: Peace
0.0,100.0,4.95,5.959999999999999,4.0,5.618954408012983,4.281045591987017,West Africa,Subset: Peace
100.0,200.0,4.8,6.0,4.0,5.72736184954957,3.8726381504504297,West Africa,Subset: Peace
200.0,300.0,4.85,6.0,3.04,6.125735082217307,3.574264917782692,West Africa,Subset: Peace
300.0,400.0,4.75,6.0,3.0,6.159787217987168,3.3402127820128316,West Africa,Subset: Peace
400.0,500.0,4.95,6.0,4.0,6.271930406640228,3.628069593359771,West Africa,Subset: Peace
500.0,600.0,4.95,6.0,3.04,6.11081867662439,3.78918132337561,West Africa,Subset: Peace
600.0,700.0,4.8,6.0,4.0,6.12664991614216,3.4733500838578397,West Africa,Subset: Peace
700.0,800.0,4.55,6.0,3.0,5.980908802125418,3.1190911978745812,West Africa,Subset: Peace
800.0,900.0,4.4,6.0,3.0,5.896662954709576,2.903337045290424,West Africa,Subset: Peace
900.0,1000.0,4.35,6.959999999999999,3.0,6.001514456491374,2.6984855435086255,West Africa,Subset: Peace
1000.0,1100.0,4.4,5.0,3.04,5.5575836902790225,3.242416309720978,West Africa,Subset: Peace
1100.0,1200.0,4.35,5.959999999999999,3.0,5.808595214581482,2.8914047854185174,West Africa,Subset: Peace
1200.0,1300.0,4.45,6.0,3.0,5.733549765299344,3.1664502347006565,West Africa,Subset: Peace
1300.0,1400.0,4.05,5.959999999999999,3.0,5.480908802125418,2.6190911978745812,West Africa,Subset: Peace
1400.0,1500.0,3.3,4.0,2.0,4.353565375285274,2.246434624714726,West Africa,Subset: Peace
1500.0,1600.0,2.7,3.0,2.0,3.542614977317636,1.8573850226823645,West Africa,Subset: Peace
1600.0,1700.0,2.2,3.0,2.0,2.8000000000000003,1.6,West Africa,Subset: Peace
1700.0,1800.0,2.2,3.0,2.0,2.878232998312527,1.5217670016874734,West Africa,Subset: Peace
1800.0,1900.0,2.5,3.0,2.0,3.241619848709566,1.7583801512904338,West Africa,Subset: Peace
1900.0,2000.0,4.1,4.0,4.0,4.535889894354067,3.664110105645933,West Africa,Subset: Peace
2000.0,2025.0,4.85,5.0,4.04,5.326969600708472,4.373030399291527,West Africa,Subset: Peace
-1000.0,-900.0,1750000.0,2459999.999999999,1000000.0,3753122.562401013,-253122.56240101295,West Africa,Subset: Population
-900.0,-800.0,2005000.0,2659999.999999999,1200000.0,4198051.526982438,-188051.52698243735,West Africa,Subset: Population
-800.0,-700.0,2260000.0,2859999.999999999,1400000.0,4644407.68326224,-124407.68326223968,West Africa,Subset: Population
-700.0,-600.0,2515000.0,3059999.999999999,1600000.0,5091873.105141191,-61873.105141190346,West Africa,Subset: Population
-600.0,-500.0,2770000.0,3259999.999999999,1800000.0,5540216.598029837,-216.59802983654663,West Africa,Subset: Population
-500.0,-400.0,3030000.0,3463999.999999999,2000000.0,5993460.81465573,66539.18534427043,West Africa,Subset: Population
-400.0,-300.0,3295000.0,3667999.999999999,2200000.0,6450705.150992406,139294.8490075944,West Africa,Subset: Population
-300.0,-200.0,3585000.0,3871999.999999999,2400000.0,6924202.749160344,245797.25083965575,West Africa,Subset: Population
-200.0,-100.0,3880000.0,4075999.999999999,2600000.0,7402300.384691799,357699.6153082005,West Africa,Subset: Population
-100.0,0.0,4195000.0,4280000.0,2800000.0,7896280.183936363,493719.8160636365,West Africa,Subset: Population
0.0,100.0,4530000.0,4488000.0,3000000.0,8403512.61776698,656487.3822330204,West Africa,Subset: Population
100.0,200.0,4930000.0,4696000.0,3200000.0,9172770.321382008,687229.6786179906,West Africa,Subset: Population
200.0,300.0,5305000.0,5000000.0,3400000.0,9709483.511150882,900516.4888491184,West Africa,Subset: Population
300.0,400.0,5685000.0,5496000.0,3600000.0,10251648.114317548,1118351.8856824534,West Africa,Subset: Population
400.0,500.0,6065000.0,5992000.0,3800000.0,10795779.534072582,1334220.4659274174,West Africa,Subset: Population
500.0,600.0,6450000.0,6488000.0,4000000.0,11344639.925469492,1555360.0745305074,West Africa,Subset: Population
600.0,700.0,6835000.0,6984000.0,4200000.0,11895363.129262565,1774636.8707374372,West Africa,Subset: Population
700.0,800.0,7225000.0,7480000.0,4400000.0,12451841.78065493,1998158.2193450695,West Africa,Subset: Population
800.0,900.0,7615000.0,7980000.0,4600000.0,13010023.16955173,2219976.83044827,West Africa,Subset: Population
900.0,1000.0,8005000.0,8480000.0,4800000.0,13569752.914550656,2440247.0854493454,West Africa,Subset: Population
1000.0,1100.0,8395000.0,8980000.0,5000000.0,14130893.565958142,2659106.4340418587,West Africa,Subset: Population
1100.0,1200.0,8785000.0,9480000.0,5200000.0,14693322.5199713,2876677.480028701,West Africa,Subset: Population
1200.0,1300.0,9180000.0,9980000.0,5400000.0,15261332.09091561,3098667.909084392,West Africa,Subset: Population
1300.0,1400.0,9575000.0,10480000.0,5600000.0,15830547.537985783,3319452.462014216,West Africa,Subset: Population
1400.0,1500.0,9970000.0,10980000.0,5800000.0,16400870.858600724,3539129.1413992774,West Africa,Subset: Population
1500.0,1600.0,10365000.0,11480000.0,6000000.0,16972213.860622343,3757786.139377658,West Africa,Subset: Population
1600.0,1700.0,10760000.0,11980000.0,6200000.0,17544497.03367906,3975502.9663209375,West Africa,Subset: Population
1700.0,1800.0,11180000.0,12480000.0,6400000.0,18141149.33039078,4218850.669609221,West Africa,Subset: Population
1800.0,1900.0,11705000.0,13000000.0,6600000.0,19027532.00744114,4382467.992558858,West Africa,Subset: Population
1900.0,2000.0,40550000.0,79199999.99999999,12120000.0,74268652.10829163,6831347.891708367,West Africa,Subset: Population
2000.0,2025.0,148850000.0,400000000.0,35000000.0,319082568.85801846,-21382568.858018454,West Africa,Subset: Population
-1000.0,-900.0,3.233333333333333,3.5,2.8400000000000003,3.568329187370696,2.8983374792959697,Western Europe,Overall
-900.0,-800.0,3.3083333333333327,3.66,3.0,3.6550440677119114,2.961622598954754,Western Europe,Overall
-800.0,-700.0,3.383333333333333,3.6666666666666665,3.013333333333333,3.6819412144528143,3.084725452213851,Western Europe,Overall
-700.0,-600.0,3.325,3.66,3.006666666666667,3.647641011376766,3.0023589886232345,Western Europe,Overall
-600.0,-500.0,3.4083333333333337,3.826666666666666,3.1666666666666665,3.759818278482719,3.056848388183948,Western Europe,Overall
-500.0,-400.0,3.708333333333333,4.153333333333333,3.3400000000000003,4.116156143441405,3.3005105232252614,Western Europe,Overall
-400.0,-300.0,4.258333333333334,4.66,3.84,4.791861943416971,3.724804723249696,Western Europe,Overall
-300.0,-200.0,5.15,5.666666666666667,4.5,5.759872482117733,4.540127517882268,Western Europe,Overall
-200.0,-100.0,6.074999999999999,6.333333333333333,5.666666666666667,6.478026742978124,5.671973257021874,Western Europe,Overall
-100.0,0.0,6.175000000000001,6.5,5.666666666666667,6.584861087578599,5.765138912421403,Western Europe,Overall
0.0,100.0,5.891666666666667,6.333333333333333,5.333333333333333,6.445127997244011,5.338205336089322,Western Europe,Overall
100.0,200.0,5.033333333333335,5.5,4.346666666666667,5.602445702632131,4.464220964034539,Western Europe,Overall
200.0,300.0,3.975,4.333333333333333,3.6666666666666665,4.426155922787972,3.523844077212028,Western Europe,Overall
300.0,400.0,3.4333333333333336,4.16,3.0,3.964056110936355,2.9026105557303117,Western Europe,Overall
400.0,500.0,2.575,2.8333333333333335,2.3333333333333335,2.8799362410588665,2.270063758941134,Western Europe,Overall
500.0,600.0,2.8333333333333335,3.3266666666666667,2.5,3.220631667954075,2.446034998712592,Western Europe,Overall
600.0,700.0,3.4333333333333336,3.826666666666666,3.1666666666666665,3.852989277067139,3.0136773895995277,Western Europe,Overall
700.0,800.0,4.383333333333334,4.666666666666667,4.0,4.741181842559732,4.025484824106935,Western Europe,Overall
800.0,900.0,4.1000000000000005,4.826666666666666,3.3400000000000003,4.790008051482816,3.4099919485171855,Western Europe,Overall
900.0,1000.0,3.058333333333333,3.5,2.6666666666666665,3.4357330624741413,2.680933604192525,Western Europe,Overall
1000.0,1100.0,4.233333333333334,4.666666666666667,3.8333333333333335,4.6111928016251555,3.855473865041513,Western Europe,Overall
1100.0,1200.0,5.008333333333333,5.333333333333333,4.666666666666667,5.386468376817947,4.630198289848718,Western Europe,Overall
1200.0,1300.0,5.191666666666667,5.826666666666666,4.673333333333334,5.732435152763588,4.6508981805697465,Western Europe,Overall
1300.0,1400.0,3.266666666666667,3.82,3.0,3.6333333333333337,2.9000000000000004,Western Europe,Overall
1400.0,1500.0,4.624999999999998,5.0,4.166666666666667,5.093078222332785,4.156921777667211,Western Europe,Overall
1500.0,1600.0,4.866666666666666,5.0,4.666666666666667,5.162939813910519,4.570393519422813,Western Europe,Overall
1600.0,1700.0,3.9666666666666663,4.166666666666667,3.8333333333333335,4.2280731190226355,3.7052602143106976,Western Europe,Overall
1700.0,1800.0,5.041666666666666,5.326666666666666,4.833333333333333,5.314893271845916,4.768440061487416,Western Europe,Overall
1800.0,1900.0,5.383333333333333,5.666666666666667,5.173333333333334,5.704356004737637,5.062310661929029,Western Europe,Overall
1900.0,2000.0,6.475,6.666666666666667,6.173333333333334,6.729269105039872,6.220730894960127,Western Europe,Overall
2000.0,2025.0,7.774999999999999,7.993333333333333,7.506666666666667,8.045159417957453,7.504840582042544,Western Europe,Overall
-1000.0,-900.0,2.75,3.0,2.0,3.28619026473818,2.21380973526182,Western Europe,Subset: Culture & Lesure
-900.0,-800.0,2.8,3.0,2.0,3.4,2.1999999999999997,Western Europe,Subset: Culture & Lesure
-800.0,-700.0,3.2,4.0,3.0,3.709901951359279,2.6900980486407216,Western Europe,Subset: Culture & Lesure
-700.0,-600.0,3.45,4.0,3.0,4.118954408012983,2.7810455919870174,Western Europe,Subset: Culture & Lesure
-600.0,-500.0,3.7,4.0,3.0,4.256776436283002,3.1432235637169983,Western Europe,Subset: Culture & Lesure
-500.0,-400.0,4.15,5.0,4.0,4.72227615711298,3.5777238428870204,Western Europe,Subset: Culture & Lesure
-400.0,-300.0,4.75,5.0,4.0,5.28619026473818,4.21380973526182,Western Europe,Subset: Culture & Lesure
-300.0,-200.0,5.7,6.0,5.0,6.256776436283002,5.143223563716998,Western Europe,Subset: Culture & Lesure
-200.0,-100.0,6.65,7.0,6.0,7.126969600708473,6.173030399291528,Western Europe,Subset: Culture & Lesure
-100.0,0.0,7.05,7.0,7.0,7.43405728739343,6.66594271260657,Western Europe,Subset: Culture & Lesure
0.0,100.0,6.95,7.0,7.0,7.44749371855331,6.4525062814466905,Western Europe,Subset: Culture & Lesure
100.0,200.0,6.2,7.0,6.0,6.878232998312527,5.521767001687473,Western Europe,Subset: Culture & Lesure
200.0,300.0,5.2,6.0,5.0,5.8,4.6000000000000005,Western Europe,Subset: Culture & Lesure
300.0,400.0,4.5,5.0,4.0,5.366025403784438,3.6339745962155616,Western Europe,Subset: Culture & Lesure
400.0,500.0,3.3,4.0,3.0,3.940312423743285,2.659687576256715,Western Europe,Subset: Culture & Lesure
500.0,600.0,3.3,4.0,3.0,3.856776436283002,2.7432235637169975,Western Europe,Subset: Culture & Lesure
600.0,700.0,4.0,4.959999999999999,3.04,4.632455532033676,3.367544467966324,Western Europe,Subset: Culture & Lesure
700.0,800.0,5.0,5.959999999999999,4.04,5.632455532033676,4.367544467966324,Western Europe,Subset: Culture & Lesure
800.0,900.0,4.9,5.959999999999999,4.0,5.668114574786861,4.13188542521314,Western Europe,Subset: Culture & Lesure
900.0,1000.0,3.65,4.0,3.0,4.222276157112979,3.07772384288702,Western Europe,Subset: Culture & Lesure
1000.0,1100.0,4.85,5.0,4.0,5.5038348415311,4.196165158468899,Western Europe,Subset: Culture & Lesure
1100.0,1200.0,6.15,7.0,6.0,6.72227615711298,5.57772384288702,Western Europe,Subset: Culture & Lesure
1200.0,1300.0,6.6,7.0,6.0,7.089897948556636,6.110102051443364,Western Europe,Subset: Culture & Lesure
1300.0,1400.0,4.5,5.0,4.0,5.0,4.0,Western Europe,Subset: Culture & Lesure
1400.0,1500.0,6.85,7.0,6.0,7.5038348415311,6.196165158468899,Western Europe,Subset: Culture & Lesure
1500.0,1600.0,7.3,8.0,7.0,7.758257569495584,6.841742430504416,Western Europe,Subset: Culture & Lesure
1600.0,1700.0,6.4,7.0,6.0,6.889897948556636,5.910102051443364,Western Europe,Subset: Culture & Lesure
1700.0,1800.0,7.15,7.959999999999999,7.0,7.626969600708473,6.673030399291528,Western Europe,Subset: Culture & Lesure
1800.0,1900.0,6.6,7.0,6.0,7.089897948556636,6.110102051443364,Western Europe,Subset: Culture & Lesure
1900.0,2000.0,7.7,8.0,7.0,8.158257569495584,7.241742430504416,Western Europe,Subset: Culture & Lesure
2000.0,2025.0,8.65,9.0,8.0,9.126969600708474,8.173030399291527,Western Europe,Subset: Culture & Lesure
-1000.0,-900.0,2.1,2.0,2.0,2.4,1.8,Western Europe,Subset: Economic Opportunity
-900.0,-800.0,2.55,3.0,2.0,3.04749371855331,2.0525062814466897,Western Europe,Subset: Economic Opportunity
-800.0,-700.0,2.95,3.0,3.0,3.167944947177034,2.7320550528229663,Western Europe,Subset: Economic Opportunity
-700.0,-600.0,3.15,3.0,3.0,3.5070714214271423,2.7929285785728575,Western Europe,Subset: Economic Opportunity
-600.0,-500.0,3.3,4.0,3.0,3.758257569495584,2.8417424305044157,Western Europe,Subset: Economic Opportunity
-500.0,-400.0,4.05,4.0,4.0,4.5474937185533095,3.5525062814466897,Western Europe,Subset: Economic Opportunity
-400.0,-300.0,4.95,5.0,5.0,5.44749371855331,4.4525062814466905,Western Europe,Subset: Economic Opportunity
-300.0,-200.0,5.85,6.0,5.0,6.42227615711298,5.27772384288702,Western Europe,Subset: Economic Opportunity
-200.0,-100.0,6.75,7.0,6.0,7.18301270189222,6.31698729810778,Western Europe,Subset: Economic Opportunity
-100.0,0.0,6.85,7.0,7.0,7.207071421427142,6.492928578572857,Western Europe,Subset: Economic Opportunity
0.0,100.0,6.65,7.0,6.0,7.126969600708473,6.173030399291528,Western Europe,Subset: Economic Opportunity
100.0,200.0,5.8,6.0,5.0,6.3099019513592784,5.290098048640721,Western Europe,Subset: Economic Opportunity
200.0,300.0,4.65,5.0,4.0,5.22227615711298,4.07772384288702,Western Europe,Subset: Economic Opportunity
300.0,400.0,3.85,5.0,3.0,4.642148975887743,3.057851024112257,Western Europe,Subset: Economic Opportunity
400.0,500.0,2.8,3.0,2.04,3.1999999999999997,2.4,Western Europe,Subset: Economic Opportunity
500.0,600.0,2.8,3.0,2.04,3.1999999999999997,2.4,Western Europe,Subset: Economic Opportunity
600.0,700.0,3.4,4.0,3.0,3.98309518948453,2.81690481051547,Western Europe,Subset: Economic Opportunity
700.0,800.0,4.4,5.0,4.0,4.98309518948453,3.8169048105154704,Western Europe,Subset: Economic Opportunity
800.0,900.0,4.3,5.0,3.04,5.081024967590666,3.518975032409334,Western Europe,Subset: Economic Opportunity
900.0,1000.0,3.35,4.0,3.0,3.826969600708473,2.8730303992915274,Western Europe,Subset: Economic Opportunity
1000.0,1100.0,4.55,5.0,4.0,5.0474937185533095,4.05250628144669,Western Europe,Subset: Economic Opportunity
1100.0,1200.0,5.5,6.0,5.0,6.0,5.0,Western Europe,Subset: Economic Opportunity
1200.0,1300.0,6.1,6.959999999999999,6.0,6.6385164807134505,5.561483519286549,Western Europe,Subset: Economic Opportunity
1300.0,1400.0,3.65,4.0,3.0,4.126969600708473,3.173030399291527,Western Europe,Subset: Economic Opportunity
1400.0,1500.0,4.9,5.0,4.0,5.52449979983984,4.2755002001601605,Western Europe,Subset: Economic Opportunity
1500.0,1600.0,5.95,6.0,6.0,6.44749371855331,5.4525062814466905,Western Europe,Subset: Economic Opportunity
1600.0,1700.0,5.0,5.0,5.0,5.447213595499958,4.552786404500042,Western Europe,Subset: Economic Opportunity
1700.0,1800.0,5.95,6.0,6.0,6.33405728739343,5.56594271260657,Western Europe,Subset: Economic Opportunity
1800.0,1900.0,6.9,7.0,7.0,7.2,6.6000000000000005,Western Europe,Subset: Economic Opportunity
1900.0,2000.0,7.35,8.0,7.0,7.826969600708472,6.873030399291527,Western Europe,Subset: Economic Opportunity
2000.0,2025.0,8.05,8.0,8.0,8.267944947177034,7.832055052822967,Western Europe,Subset: Economic Opportunity
-1000.0,-900.0,3.4,4.0,3.0,3.8898979485566354,2.9101020514433644,Western Europe,Subset: Equality
-900.0,-800.0,3.4,4.0,3.0,3.8898979485566354,2.9101020514433644,Western Europe,Subset: Equality
-800.0,-700.0,3.35,4.0,3.0,3.826969600708473,2.8730303992915274,Western Europe,Subset: Equality
-700.0,-600.0,3.0,3.0,3.0,3.547722557505166,2.452277442494834,Western Europe,Subset: Equality
-600.0,-500.0,2.85,3.0,2.0,3.42227615711298,2.27772384288702,Western Europe,Subset: Equality
-500.0,-400.0,3.0,3.0,3.0,3.547722557505166,2.452277442494834,Western Europe,Subset: Equality
-400.0,-300.0,3.4,4.0,3.0,4.134846922834953,2.6651530771650465,Western Europe,Subset: Equality
-300.0,-200.0,4.05,5.0,3.0,4.789932429347437,3.310067570652562,Western Europe,Subset: Equality
-200.0,-100.0,4.65,5.0,4.0,5.22227615711298,4.07772384288702,Western Europe,Subset: Equality
-100.0,0.0,4.4,5.0,3.04,5.2,3.6000000000000005,Western Europe,Subset: Equality
0.0,100.0,4.35,5.0,3.04,5.142148975887743,3.5578510241122565,Western Europe,Subset: Equality
100.0,200.0,3.75,4.0,3.0,4.372494979899437,3.127505020100563,Western Europe,Subset: Equality
200.0,300.0,3.15,4.0,3.0,3.72227615711298,2.57772384288702,Western Europe,Subset: Equality
300.0,400.0,2.85,3.0,2.04,3.326969600708473,2.3730303992915274,Western Europe,Subset: Equality
400.0,500.0,2.25,3.0,2.0,2.683012701892219,1.8169872981077808,Western Europe,Subset: Equality
500.0,600.0,2.35,3.0,2.0,2.92227615711298,1.77772384288702,Western Europe,Subset: Equality
600.0,700.0,2.9,3.0,3.0,3.3358898943540676,2.464110105645932,Western Europe,Subset: Equality
700.0,800.0,3.55,4.0,3.0,4.0474937185533095,3.0525062814466897,Western Europe,Subset: Equality
800.0,900.0,3.4,4.0,3.0,3.98309518948453,2.81690481051547,Western Europe,Subset: Equality
900.0,1000.0,2.6,3.0,2.0,3.089897948556636,2.110102051443364,Western Europe,Subset: Equality
1000.0,1100.0,3.35,4.0,3.0,3.826969600708473,2.8730303992915274,Western Europe,Subset: Equality
1100.0,1200.0,3.85,4.0,4.0,4.207071421427143,3.4929285785728577,Western Europe,Subset: Equality
1200.0,1300.0,3.55,4.0,3.0,4.218954408012983,2.881045591987017,Western Europe,Subset: Equality
1300.0,1400.0,3.5,4.959999999999999,3.0,4.306225774829855,2.693774225170145,Western Europe,Subset: Equality
1400.0,1500.0,3.55,4.0,3.0,4.0474937185533095,3.0525062814466897,Western Europe,Subset: Equality
1500.0,1600.0,3.35,4.0,3.0,3.826969600708473,2.8730303992915274,Western Europe,Subset: Equality
1600.0,1700.0,3.05,3.0,3.0,3.43405728739343,2.6659427126065696,Western Europe,Subset: Equality
1700.0,1800.0,3.95,4.0,4.0,4.33405728739343,3.56594271260657,Western Europe,Subset: Equality
1800.0,1900.0,3.35,4.0,3.0,3.92227615711298,2.77772384288702,Western Europe,Subset: Equality
1900.0,2000.0,5.25,6.0,5.0,5.68301270189222,4.81698729810778,Western Europe,Subset: Equality
2000.0,2025.0,6.75,7.0,6.0,7.28619026473818,6.21380973526182,Western Europe,Subset: Equality
-1000.0,-900.0,2.25,3.0,2.0,2.683012701892219,1.8169872981077808,Western Europe,Subset: Freedom
-900.0,-800.0,2.25,3.0,2.0,2.683012701892219,1.8169872981077808,Western Europe,Subset: Freedom
-800.0,-700.0,2.3,3.0,2.0,2.758257569495584,1.8417424305044157,Western Europe,Subset: Freedom
-700.0,-600.0,2.45,3.0,2.0,2.9474937185533103,1.95250628144669,Western Europe,Subset: Freedom
-600.0,-500.0,2.65,3.0,2.0,3.1269696007084726,2.173030399291527,Western Europe,Subset: Freedom
-500.0,-400.0,2.75,3.0,2.0,3.372494979899437,2.127505020100563,Western Europe,Subset: Freedom
-400.0,-300.0,3.05,3.959999999999999,3.0,3.7189544080129826,2.381045591987017,Western Europe,Subset: Freedom
-300.0,-200.0,3.85,4.0,3.0,4.503834841531101,3.196165158468899,Western Europe,Subset: Freedom
-200.0,-100.0,4.7,5.0,4.0,5.340312423743285,4.0596875762567155,Western Europe,Subset: Freedom
-100.0,0.0,4.85,5.959999999999999,4.0,5.642148975887743,4.0578510241122565,Western Europe,Subset: Freedom
0.0,100.0,4.75,5.0,4.0,5.516485485837794,3.9835145141622057,Western Europe,Subset: Freedom
100.0,200.0,3.85,4.959999999999999,3.0,4.642148975887743,3.057851024112257,Western Europe,Subset: Freedom
200.0,300.0,2.9,3.0,2.0,3.5244997998398397,2.27550020016016,Western Europe,Subset: Freedom
300.0,400.0,2.6,3.0,2.0,3.089897948556636,2.110102051443364,Western Europe,Subset: Freedom
400.0,500.0,1.75,2.0,1.0,2.183012701892219,1.3169872981077808,Western Europe,Subset: Freedom
500.0,600.0,2.0,2.959999999999999,1.04,2.632455532033676,1.367544467966324,Western Europe,Subset: Freedom
600.0,700.0,2.65,3.0,2.0,3.303834841531101,1.9961651584688989,Western Europe,Subset: Freedom
700.0,800.0,3.65,4.0,3.0,4.222276157112979,3.07772384288702,Western Europe,Subset: Freedom
800.0,900.0,3.45,4.0,3.0,4.254673846971555,2.6453261530284458,Western Europe,Subset: Freedom
900.0,1000.0,2.4,3.0,2.0,2.98309518948453,1.8169048105154697,Western Europe,Subset: Freedom
1000.0,1100.0,3.5,4.0,3.0,4.091607978309962,2.9083920216900383,Western Europe,Subset: Freedom
1100.0,1200.0,4.2,5.0,4.0,4.948331477354788,3.4516685226452117,Western Europe,Subset: Freedom
1200.0,1300.0,4.35,5.0,4.0,5.142148975887743,3.5578510241122565,Western Europe,Subset: Freedom
1300.0,1400.0,2.95,3.0,2.04,3.53949130612758,2.36050869387242,Western Europe,Subset: Freedom
1400.0,1500.0,4.2,5.0,4.0,4.8782329983125265,3.521767001687474,Western Europe,Subset: Freedom
1500.0,1600.0,4.45,5.0,4.0,5.118954408012983,3.7810455919870174,Western Europe,Subset: Freedom
1600.0,1700.0,3.25,4.0,3.0,3.78619026473818,2.71380973526182,Western Europe,Subset: Freedom
1700.0,1800.0,4.95,5.0,4.04,5.53949130612758,4.36050869387242,Western Europe,Subset: Freedom
1800.0,1900.0,5.55,6.0,5.0,6.218954408012983,4.881045591987017,Western Europe,Subset: Freedom
1900.0,2000.0,6.8,7.0,6.04,7.2,6.3999999999999995,Western Europe,Subset: Freedom
2000.0,2025.0,8.05,8.0,8.0,8.267944947177034,7.832055052822967,Western Europe,Subset: Freedom
-1000.0,-900.0,3.0,3.0,3.0,3.0,3.0,Western Europe,Subset: Health & Wellbeing
-900.0,-800.0,3.0,3.0,3.0,3.0,3.0,Western Europe,Subset: Health & Wellbeing
-800.0,-700.0,3.0,3.0,3.0,3.0,3.0,Western Europe,Subset: Health & Wellbeing
-700.0,-600.0,3.0,3.0,3.0,3.0,3.0,Western Europe,Subset: Health & Wellbeing
-600.0,-500.0,3.3,4.0,3.0,3.758257569495584,2.8417424305044157,Western Europe,Subset: Health & Wellbeing
-500.0,-400.0,4.0,4.0,4.0,4.547722557505166,3.452277442494834,Western Europe,Subset: Health & Wellbeing
-400.0,-300.0,4.85,5.0,4.0,5.576291952316697,4.123708047683302,Western Europe,Subset: Health & Wellbeing
-300.0,-200.0,5.75,6.0,5.0,6.516485485837794,4.983514514162206,Western Europe,Subset: Health & Wellbeing
-200.0,-100.0,6.6,7.0,6.0,7.183095189484529,6.01690481051547,Western Europe,Subset: Health & Wellbeing
-100.0,0.0,6.8,7.0,6.04,7.2,6.3999999999999995,Western Europe,Subset: Health & Wellbeing
0.0,100.0,6.6,7.0,6.0,7.183095189484529,6.01690481051547,Western Europe,Subset: Health & Wellbeing
100.0,200.0,5.75,6.0,5.0,6.372494979899437,5.127505020100563,Western Europe,Subset: Health & Wellbeing
200.0,300.0,4.65,5.0,4.0,5.303834841531101,3.9961651584688993,Western Europe,Subset: Health & Wellbeing
300.0,400.0,4.1,5.0,4.0,4.7244997998398395,3.47550020016016,Western Europe,Subset: Health & Wellbeing
400.0,500.0,3.25,4.0,3.0,3.78619026473818,2.71380973526182,Western Europe,Subset: Health & Wellbeing
500.0,600.0,3.3,4.0,3.0,3.758257569495584,2.8417424305044157,Western Europe,Subset: Health & Wellbeing
600.0,700.0,3.65,4.0,3.0,4.126969600708473,3.173030399291527,Western Europe,Subset: Health & Wellbeing
700.0,800.0,4.55,5.0,4.0,5.0474937185533095,4.05250628144669,Western Europe,Subset: Health & Wellbeing
800.0,900.0,4.45,5.0,4.0,5.118954408012983,3.7810455919870174,Western Europe,Subset: Health & Wellbeing
900.0,1000.0,3.55,4.0,3.0,4.0474937185533095,3.0525062814466897,Western Europe,Subset: Health & Wellbeing
1000.0,1100.0,4.6,5.0,4.0,5.089897948556636,4.110102051443364,Western Europe,Subset: Health & Wellbeing
1100.0,1200.0,5.35,6.0,5.0,5.826969600708472,4.873030399291527,Western Europe,Subset: Health & Wellbeing
1200.0,1300.0,5.6,6.0,5.0,6.089897948556636,5.110102051443364,Western Europe,Subset: Health & Wellbeing
1300.0,1400.0,2.1,2.0,2.0,2.4,1.8,Western Europe,Subset: Health & Wellbeing
1400.0,1500.0,4.25,5.0,4.0,4.78619026473818,3.71380973526182,Western Europe,Subset: Health & Wellbeing
1500.0,1600.0,4.95,5.0,5.0,5.44749371855331,4.4525062814466905,Western Europe,Subset: Health & Wellbeing
1600.0,1700.0,4.05,4.959999999999999,4.0,4.63949130612758,3.46050869387242,Western Europe,Subset: Health & Wellbeing
1700.0,1800.0,5.0,5.0,5.0,5.547722557505166,4.452277442494834,Western Europe,Subset: Health & Wellbeing
1800.0,1900.0,5.8,6.0,5.04,6.2,5.3999999999999995,Western Europe,Subset: Health & Wellbeing
1900.0,2000.0,7.1,7.0,7.0,7.4,6.8,Western Europe,Subset: Health & Wellbeing
2000.0,2025.0,8.15,8.0,8.0,8.507071421427144,7.792928578572858,Western Europe,Subset: Health & Wellbeing
-1000.0,-900.0,5.9,7.0,4.0,7.07898261225516,4.7210173877448405,Western Europe,Subset: Peace
-900.0,-800.0,5.85,7.0,4.0,7.002171862180291,4.697828137819708,Western Europe,Subset: Peace
-800.0,-700.0,5.5,6.0,4.0,6.704159457879229,4.295840542120771,Western Europe,Subset: Peace
-700.0,-600.0,4.9,6.0,3.04,5.990871211463572,3.809128788536429,Western Europe,Subset: Peace
-600.0,-500.0,4.65,5.0,3.04,5.559670269933013,3.740329730066988,Western Europe,Subset: Peace
-500.0,-400.0,4.3,5.0,3.0,5.304987562112089,3.2950124378879107,Western Europe,Subset: Peace
-400.0,-300.0,4.55,5.959999999999999,4.0,5.71081867662439,3.38918132337561,Western Europe,Subset: Peace
-300.0,-200.0,5.7,7.0,4.0,7.007669683062202,4.392330316937798,Western Europe,Subset: Peace
-200.0,-100.0,7.1,8.0,7.0,7.72449979983984,6.47550020016016,Western Europe,Subset: Peace
-100.0,0.0,7.1,8.0,7.0,7.8,6.3999999999999995,Western Europe,Subset: Peace
0.0,100.0,6.05,7.0,5.0,6.970597631976098,5.129402368023902,Western Europe,Subset: Peace
100.0,200.0,4.85,5.959999999999999,4.0,5.759670269933013,3.9403297300669866,Western Europe,Subset: Peace
200.0,300.0,3.3,4.0,3.0,3.8567764362830017,2.743223563716998,Western Europe,Subset: Peace
300.0,400.0,2.7,3.0,2.0,3.256776436283002,2.1432235637169983,Western Europe,Subset: Peace
400.0,500.0,2.1,2.0,2.0,2.4,1.8,Western Europe,Subset: Peace
500.0,600.0,3.25,4.0,3.0,3.78619026473818,2.71380973526182,Western Europe,Subset: Peace
600.0,700.0,4.0,4.0,4.0,4.547722557505166,3.452277442494834,Western Europe,Subset: Peace
700.0,800.0,5.15,5.959999999999999,5.0,5.626969600708473,4.673030399291528,Western Europe,Subset: Peace
800.0,900.0,4.1,5.959999999999999,3.0,5.2789826122551595,2.92101738774484,Western Europe,Subset: Peace
900.0,1000.0,2.8,3.0,2.04,3.1999999999999997,2.4,Western Europe,Subset: Peace
1000.0,1100.0,4.55,5.0,4.0,5.218954408012983,3.881045591987017,Western Europe,Subset: Peace
1100.0,1200.0,5.0,6.0,4.0,5.894427190999916,4.105572809000084,Western Europe,Subset: Peace
1200.0,1300.0,4.95,6.0,4.0,6.11081867662439,3.78918132337561,Western Europe,Subset: Peace
1300.0,1400.0,2.9,4.0,2.0,3.730662386291808,2.069337613708192,Western Europe,Subset: Peace
1400.0,1500.0,4.0,5.0,3.0,4.836660026534076,3.1633399734659244,Western Europe,Subset: Peace
1500.0,1600.0,3.2,4.0,3.0,3.709901951359279,2.6900980486407216,Western Europe,Subset: Peace
1600.0,1700.0,2.05,2.0,2.0,2.2679449471770337,1.8320550528229664,Western Europe,Subset: Peace
1700.0,1800.0,3.25,4.0,3.0,3.683012701892219,2.816987298107781,Western Europe,Subset: Peace
1800.0,1900.0,4.1,5.0,4.0,4.7244997998398395,3.47550020016016,Western Europe,Subset: Peace
1900.0,2000.0,4.65,5.0,4.0,5.126969600708473,4.173030399291528,Western Europe,Subset: Peace
2000.0,2025.0,7.0,7.0,7.0,7.547722557505166,6.452277442494834,Western Europe,Subset: Peace
-1000.0,-900.0,3315000.0,4459999.999999999,1000000.0,6133559.029007553,496440.9709924469,Western Europe,Subset: Population
-900.0,-800.0,3605000.0,4575999.999999999,1200000.0,6657453.9308562875,552546.0691437125,Western Europe,Subset: Population
-800.0,-700.0,3905000.0,4692000.0,1404000.0,7192472.433344498,617527.5666555013,Western Europe,Subset: Population
-700.0,-600.0,4205000.0,4992000.0,1608000.0,7732247.510453441,677752.4895465588,Western Europe,Subset: Population
-600.0,-500.0,4495000.0,5480000.0,1804000.0,8269715.221046483,720284.7789535169,Western Europe,Subset: Population
-500.0,-400.0,4785000.0,5980000.0,2000000.0,8810080.744531717,759919.2554682833,Western Europe,Subset: Population
-400.0,-300.0,5145000.0,6192000.0,2212000.0,9410380.991189416,879619.0088105844,Western Europe,Subset: Population
-300.0,-200.0,5785000.0,6980000.0,2520000.0,10663142.576842131,906857.423157868,Western Europe,Subset: Population
-200.0,-100.0,6520000.0,7959999.999999999,3008000.0,12203185.726333428,836814.2736665728,Western Europe,Subset: Population
-100.0,0.0,7250000.0,8939999.999999998,3500000.0,13793813.872658666,706186.1273413347,Western Europe,Subset: Population
0.0,100.0,7675000.0,9919999.999999998,4000000.0,14263313.517130164,1086686.4828698384,Western Europe,Subset: Population
100.0,200.0,7910000.0,10899999.999999998,4200000.0,14591459.421413856,1228540.5785861425,Western Europe,Subset: Population
200.0,300.0,7605000.0,10399999.999999998,4000000.0,13856117.900023963,1353882.0999760367,Western Europe,Subset: Population
300.0,400.0,7135000.0,8951999.999999998,3800000.0,12769294.543241415,1500705.456758584,Western Europe,Subset: Population
400.0,500.0,6125000.0,6971999.999999999,3000000.0,10713014.276350936,1536985.723649064,Western Europe,Subset: Population
500.0,600.0,5615000.0,6480000.0,2504000.0,9872731.20335232,1357268.796647679,Western Europe,Subset: Population
600.0,700.0,5585000.0,6671999.999999999,2700000.0,9568249.301763574,1601750.698236426,Western Europe,Subset: Population
700.0,800.0,5785000.0,6884000.0,2804000.0,9765612.390072662,1804387.6099273367,Western Europe,Subset: Population
800.0,900.0,6030000.0,7096000.0,3000000.0,10105426.358063657,1954573.6419363432,Western Europe,Subset: Population
900.0,1000.0,5795000.0,7267999.999999999,2808000.0,9607804.086233648,1982195.9137663525,Western Europe,Subset: Population
1000.0,1100.0,6300000.0,7480000.0,3104000.0,10489749.395846965,2110250.604153036,Western Europe,Subset: Population
1100.0,1200.0,7060000.0,8000000.0,3500000.0,11912463.291978622,2207536.708021378,Western Europe,Subset: Population
1200.0,1300.0,7825000.0,9000000.0,4000000.0,13282460.49000815,2367539.50999185,Western Europe,Subset: Population
1300.0,1400.0,7370000.0,8500000.0,3800000.0,12461473.264193771,2278526.7358062267,Western Europe,Subset: Population
1400.0,1500.0,7080000.0,8980000.0,3500000.0,11848500.812624449,2311499.187375554,Western Europe,Subset: Population
1500.0,1600.0,7850000.0,9960000.0,4000000.0,13341038.153209282,2358961.846790718,Western Europe,Subset: Population
1600.0,1700.0,8425000.0,10939999.999999998,4200000.0,14600101.213745408,2249898.786254593,Western Europe,Subset: Population
1700.0,1800.0,9135000.0,11919999.999999998,4500000.0,15947215.131658718,2322784.868341282,Western Europe,Subset: Population
1800.0,1900.0,16050000.0,29799999.999999996,6000000.0,28061348.80019725,4038651.199802747,Western Europe,Subset: Population
1900.0,2000.0,43000000.0,49799999.99999999,8000000.0,105456384.78170186,-19456384.781701863,Western Europe,Subset: Population
2000.0,2025.0,73375000.0,50759999.99999999,9000000.0,200928211.9352547,-54178211.93525469,Western Europe,Subset: Population
