dates_start,dates_end,mean,err_pos,err_neg,sd_pos,sd_neg,region,metric
-1000.0,-900.0,3.6666666666666665,4.153333333333333,3.3400000000000003,3.95534180126148,3.3779915320718534,Anatolia & the Caucasus,Overall
-900.0,-800.0,3.6833333333333327,4.0,3.3400000000000003,3.9856392857869505,3.381027380879715,Anatolia & the Caucasus,Overall
-800.0,-700.0,3.641666666666667,4.16,3.013333333333333,4.119726983642116,3.1636063496912183,Anatolia & the Caucasus,Overall
-700.0,-600.0,3.45,4.166666666666667,2.8333333333333335,4.12515430335097,2.7748456966490305,Anatolia & the Caucasus,Overall
-600.0,-500.0,4.791666666666667,5.166666666666667,4.506666666666667,5.235372650399138,4.347960682934196,Anatolia & the Caucasus,Overall
-500.0,-400.0,4.841666666666667,5.333333333333333,4.346666666666667,5.323200673773123,4.360132659560211,Anatolia & the Caucasus,Overall
-400.0,-300.0,4.941666666666666,5.333333333333333,4.5,5.416812843004948,4.466520490328385,Anatolia & the Caucasus,Overall
-300.0,-200.0,4.841666666666668,5.166666666666667,4.5,5.280968511769908,4.4023648215634275,Anatolia & the Caucasus,Overall
-200.0,-100.0,5.491666666666666,6.0,4.84,6.098285254505113,4.88504807882822,Anatolia & the Caucasus,Overall
-100.0,0.0,6.1916666666666655,6.66,5.833333333333333,6.607582657115591,5.77575067621774,Anatolia & the Caucasus,Overall
0.0,100.0,5.658333333333333,5.833333333333333,5.34,6.001824397425416,5.31484226924125,Anatolia & the Caucasus,Overall
100.0,200.0,5.616666666666666,6.166666666666667,5.006666666666667,6.270926214213017,4.962407119120315,Anatolia & the Caucasus,Overall
200.0,300.0,4.05,4.66,3.6666666666666665,4.544694069321861,3.5553059306781387,Anatolia & the Caucasus,Overall
300.0,400.0,4.875,5.66,4.180000000000001,5.47331940559463,4.27668059440537,Anatolia & the Caucasus,Overall
400.0,500.0,3.9916666666666663,4.66,3.1866666666666665,4.562910436387129,3.420422896946204,Anatolia & the Caucasus,Overall
500.0,600.0,3.9333333333333327,4.486666666666666,3.3400000000000003,4.658668504899631,3.2079981617670343,Anatolia & the Caucasus,Overall
600.0,700.0,3.508333333333333,4.166666666666667,2.6799999999999997,4.126293688048747,2.890372978617919,Anatolia & the Caucasus,Overall
700.0,800.0,4.2333333333333325,4.819999999999999,3.8333333333333335,4.68178746823579,3.7848791984308754,Anatolia & the Caucasus,Overall
800.0,900.0,4.975,5.333333333333333,4.666666666666667,5.423066835292335,4.526933164707664,Anatolia & the Caucasus,Overall
900.0,1000.0,5.016666666666667,5.493333333333333,4.666666666666667,5.510798902679119,4.522534430654214,Anatolia & the Caucasus,Overall
1000.0,1100.0,4.333333333333334,4.826666666666666,3.8333333333333335,4.8524137167465815,3.814252949920086,Anatolia & the Caucasus,Overall
1100.0,1200.0,4.225,4.819999999999999,3.84,4.74213688280334,3.707863117196659,Anatolia & the Caucasus,Overall
1200.0,1300.0,2.8,3.0,2.6666666666666665,3.1358240279934977,2.464175972006502,Anatolia & the Caucasus,Overall
1300.0,1400.0,4.341666666666667,4.66,4.0,4.808556494261048,3.8747768390722857,Anatolia & the Caucasus,Overall
1400.0,1500.0,5.816666666666667,6.333333333333333,5.506666666666667,6.396177955023791,5.237155378309543,Anatolia & the Caucasus,Overall
1500.0,1600.0,6.425000000000002,6.666666666666667,6.0,6.929080571161222,5.920919428838781,Anatolia & the Caucasus,Overall
1600.0,1700.0,4.691666666666666,5.0,4.34,5.013445576271796,4.369887757061536,Anatolia & the Caucasus,Overall
1700.0,1800.0,3.875,4.326666666666666,3.506666666666667,4.216056365494685,3.533943634505315,Anatolia & the Caucasus,Overall
1800.0,1900.0,3.9583333333333335,4.5,3.3400000000000003,4.558969570076413,3.357697096590254,Anatolia & the Caucasus,Overall
1900.0,2000.0,4.558333333333334,5.333333333333333,4.0,5.237947194286742,3.878719472379924,Anatolia & the Caucasus,Overall
2000.0,2025.0,6.224999999999999,6.333333333333333,6.006666666666667,6.417028643696714,6.032971356303284,Anatolia & the Caucasus,Overall
-1000.0,-900.0,4.25,5.0,4.0,4.68301270189222,3.816987298107781,Anatolia & the Caucasus,Subset: Culture & Lesure
-900.0,-800.0,4.4,5.0,4.0,4.889897948556636,3.910102051443365,Anatolia & the Caucasus,Subset: Culture & Lesure
-800.0,-700.0,4.65,5.0,4.0,5.4421489758877435,3.857851024112257,Anatolia & the Caucasus,Subset: Culture & Lesure
-700.0,-600.0,4.35,5.0,3.04,5.259670269933013,3.4403297300669866,Anatolia & the Caucasus,Subset: Culture & Lesure
-600.0,-500.0,5.5,6.0,5.0,6.091607978309962,4.908392021690038,Anatolia & the Caucasus,Subset: Culture & Lesure
-500.0,-400.0,6.05,6.959999999999999,6.0,6.63949130612758,5.46050869387242,Anatolia & the Caucasus,Subset: Culture & Lesure
-400.0,-300.0,6.75,7.0,6.0,7.18301270189222,6.31698729810778,Anatolia & the Caucasus,Subset: Culture & Lesure
-300.0,-200.0,6.7,7.0,6.0,7.158257569495584,6.2417424305044165,Anatolia & the Caucasus,Subset: Culture & Lesure
-200.0,-100.0,6.6,7.0,6.0,7.089897948556636,6.110102051443364,Anatolia & the Caucasus,Subset: Culture & Lesure
-100.0,0.0,7.2,8.0,7.0,7.709901951359279,6.6900980486407216,Anatolia & the Caucasus,Subset: Culture & Lesure
0.0,100.0,7.05,7.0,7.0,7.43405728739343,6.66594271260657,Anatolia & the Caucasus,Subset: Culture & Lesure
100.0,200.0,7.15,8.0,7.0,7.72227615711298,6.57772384288702,Anatolia & the Caucasus,Subset: Culture & Lesure
200.0,300.0,5.9,6.0,5.0,6.52449979983984,5.2755002001601605,Anatolia & the Caucasus,Subset: Culture & Lesure
300.0,400.0,6.6,7.0,6.0,7.089897948556636,6.110102051443364,Anatolia & the Caucasus,Subset: Culture & Lesure
400.0,500.0,5.75,6.0,5.0,6.448212002188447,5.051787997811553,Anatolia & the Caucasus,Subset: Culture & Lesure
500.0,600.0,5.65,6.0,5.0,6.303834841531101,4.9961651584689,Anatolia & the Caucasus,Subset: Culture & Lesure
600.0,700.0,5.4,6.0,4.04,6.260232526704263,4.539767473295738,Anatolia & the Caucasus,Subset: Culture & Lesure
700.0,800.0,6.4,7.0,6.0,7.06332495807108,5.736675041928921,Anatolia & the Caucasus,Subset: Culture & Lesure
800.0,900.0,6.9,7.0,6.0,7.52449979983984,6.2755002001601605,Anatolia & the Caucasus,Subset: Culture & Lesure
900.0,1000.0,6.8,7.0,7.0,7.3099019513592784,6.290098048640721,Anatolia & the Caucasus,Subset: Culture & Lesure
1000.0,1100.0,6.6,7.0,6.0,7.460232526704262,5.739767473295737,Anatolia & the Caucasus,Subset: Culture & Lesure
1100.0,1200.0,6.55,7.0,6.0,7.414580823289529,5.685419176710471,Anatolia & the Caucasus,Subset: Culture & Lesure
1200.0,1300.0,5.0,6.0,4.0,5.707106781186548,4.292893218813452,Anatolia & the Caucasus,Subset: Culture & Lesure
1300.0,1400.0,6.35,7.0,6.0,7.0038348415311,5.696165158468899,Anatolia & the Caucasus,Subset: Culture & Lesure
1400.0,1500.0,7.45,8.0,7.0,8.03949130612758,6.86050869387242,Anatolia & the Caucasus,Subset: Culture & Lesure
1500.0,1600.0,8.1,8.0,8.0,8.4,7.8,Anatolia & the Caucasus,Subset: Culture & Lesure
1600.0,1700.0,6.75,7.0,6.0,7.18301270189222,6.31698729810778,Anatolia & the Caucasus,Subset: Culture & Lesure
1700.0,1800.0,5.9,6.0,5.04,6.438516480713451,5.3614835192865495,Anatolia & the Caucasus,Subset: Culture & Lesure
1800.0,1900.0,5.9,6.0,5.04,6.6000000000000005,5.2,Anatolia & the Caucasus,Subset: Culture & Lesure
1900.0,2000.0,6.55,7.0,6.0,7.13949130612758,5.96050869387242,Anatolia & the Caucasus,Subset: Culture & Lesure
2000.0,2025.0,7.7,8.0,7.0,8.158257569495584,7.241742430504416,Anatolia & the Caucasus,Subset: Culture & Lesure
-1000.0,-900.0,3.0,3.0,3.0,3.0,3.0,Anatolia & the Caucasus,Subset: Economic Opportunity
-900.0,-800.0,3.6,4.0,3.0,4.089897948556636,3.1101020514433646,Anatolia & the Caucasus,Subset: Economic Opportunity
-800.0,-700.0,3.55,4.0,3.0,4.0474937185533095,3.0525062814466897,Anatolia & the Caucasus,Subset: Economic Opportunity
-700.0,-600.0,3.5,4.0,3.0,4.091607978309962,2.9083920216900383,Anatolia & the Caucasus,Subset: Economic Opportunity
-600.0,-500.0,4.85,5.0,4.04,5.326969600708472,4.373030399291527,Anatolia & the Caucasus,Subset: Economic Opportunity
-500.0,-400.0,4.85,5.0,4.04,5.326969600708472,4.373030399291527,Anatolia & the Caucasus,Subset: Economic Opportunity
-400.0,-300.0,5.2,6.0,5.0,5.8,4.6000000000000005,Anatolia & the Caucasus,Subset: Economic Opportunity
-300.0,-200.0,5.1,5.959999999999999,5.0,5.6385164807134505,4.561483519286549,Anatolia & the Caucasus,Subset: Economic Opportunity
-200.0,-100.0,5.8,6.0,5.0,6.3999999999999995,5.2,Anatolia & the Caucasus,Subset: Economic Opportunity
-100.0,0.0,6.4,7.0,6.0,6.889897948556636,5.910102051443364,Anatolia & the Caucasus,Subset: Economic Opportunity
0.0,100.0,5.95,6.0,6.0,6.33405728739343,5.56594271260657,Anatolia & the Caucasus,Subset: Economic Opportunity
100.0,200.0,5.9,6.0,5.0,6.52449979983984,5.2755002001601605,Anatolia & the Caucasus,Subset: Economic Opportunity
200.0,300.0,4.4,5.0,4.0,4.98309518948453,3.8169048105154704,Anatolia & the Caucasus,Subset: Economic Opportunity
300.0,400.0,5.05,6.0,4.04,5.718954408012983,4.381045591987017,Anatolia & the Caucasus,Subset: Economic Opportunity
400.0,500.0,4.25,5.0,4.0,4.948212002188447,3.551787997811553,Anatolia & the Caucasus,Subset: Economic Opportunity
500.0,600.0,4.15,4.959999999999999,4.0,4.9421489758877435,3.357851024112257,Anatolia & the Caucasus,Subset: Economic Opportunity
600.0,700.0,3.75,4.959999999999999,3.0,4.516485485837794,2.9835145141622053,Anatolia & the Caucasus,Subset: Economic Opportunity
700.0,800.0,4.55,5.0,4.0,5.218954408012983,3.881045591987017,Anatolia & the Caucasus,Subset: Economic Opportunity
800.0,900.0,5.15,6.0,5.0,5.72227615711298,4.57772384288702,Anatolia & the Caucasus,Subset: Economic Opportunity
900.0,1000.0,5.25,6.0,5.0,5.78619026473818,4.71380973526182,Anatolia & the Caucasus,Subset: Economic Opportunity
1000.0,1100.0,4.75,5.959999999999999,4.0,5.516485485837794,3.9835145141622057,Anatolia & the Caucasus,Subset: Economic Opportunity
1100.0,1200.0,4.8,5.0,4.0,5.548331477354788,4.051668522645212,Anatolia & the Caucasus,Subset: Economic Opportunity
1200.0,1300.0,3.05,3.0,3.0,3.54749371855331,2.5525062814466897,Anatolia & the Caucasus,Subset: Economic Opportunity
1300.0,1400.0,4.6,5.0,4.0,5.183095189484529,4.01690481051547,Anatolia & the Caucasus,Subset: Economic Opportunity
1400.0,1500.0,6.15,7.0,6.0,6.72227615711298,5.57772384288702,Anatolia & the Caucasus,Subset: Economic Opportunity
1500.0,1600.0,6.95,7.0,7.0,7.447493718553311,6.45250628144669,Anatolia & the Caucasus,Subset: Economic Opportunity
1600.0,1700.0,5.05,5.0,5.0,5.43405728739343,4.66594271260657,Anatolia & the Caucasus,Subset: Economic Opportunity
1700.0,1800.0,4.15,4.959999999999999,4.0,4.626969600708473,3.673030399291528,Anatolia & the Caucasus,Subset: Economic Opportunity
1800.0,1900.0,4.45,5.0,4.0,5.189932429347437,3.710067570652563,Anatolia & the Caucasus,Subset: Economic Opportunity
1900.0,2000.0,5.35,6.0,5.0,6.0038348415311,4.696165158468899,Anatolia & the Caucasus,Subset: Economic Opportunity
2000.0,2025.0,6.9,7.0,7.0,7.2,6.6000000000000005,Anatolia & the Caucasus,Subset: Economic Opportunity
-1000.0,-900.0,2.65,3.959999999999999,2.0,3.4421489758877426,1.8578510241122572,Anatolia & the Caucasus,Subset: Equality
-900.0,-800.0,2.9,3.0,2.04,3.4385164807134503,2.3614835192865495,Anatolia & the Caucasus,Subset: Equality
-800.0,-700.0,2.9,3.959999999999999,2.0,3.5999999999999996,2.2,Anatolia & the Caucasus,Subset: Equality
-700.0,-600.0,2.7,3.959999999999999,2.0,3.4810249675906655,1.9189750324093349,Anatolia & the Caucasus,Subset: Equality
-600.0,-500.0,3.85,4.959999999999999,3.0,4.642148975887743,3.0578510241122574,Anatolia & the Caucasus,Subset: Equality
-500.0,-400.0,3.85,4.959999999999999,3.0,4.576291952316698,3.1237080476833023,Anatolia & the Caucasus,Subset: Equality
-400.0,-300.0,3.85,4.0,3.0,4.503834841531101,3.196165158468899,Anatolia & the Caucasus,Subset: Equality
-300.0,-200.0,3.8,4.0,3.0,4.478232998312526,3.121767001687473,Anatolia & the Caucasus,Subset: Equality
-200.0,-100.0,4.3,5.0,4.0,5.081024967590666,3.5189750324093345,Anatolia & the Caucasus,Subset: Equality
-100.0,0.0,4.85,5.0,4.0,5.42227615711298,4.27772384288702,Anatolia & the Caucasus,Subset: Equality
0.0,100.0,4.55,5.0,4.0,5.13949130612758,3.96050869387242,Anatolia & the Caucasus,Subset: Equality
100.0,200.0,4.55,5.0,4.0,5.354673846971554,3.7453261530284454,Anatolia & the Caucasus,Subset: Equality
200.0,300.0,3.25,4.0,3.0,3.948212002188447,2.551787997811553,Anatolia & the Caucasus,Subset: Equality
300.0,400.0,4.05,5.0,3.0,4.789932429347437,3.310067570652562,Anatolia & the Caucasus,Subset: Equality
400.0,500.0,3.2,4.0,3.0,3.878232998312527,2.521767001687474,Anatolia & the Caucasus,Subset: Equality
500.0,600.0,3.25,4.0,3.0,4.0791561975888495,2.42084380241115,Anatolia & the Caucasus,Subset: Equality
600.0,700.0,2.8,3.959999999999999,2.0,3.5483314773547883,2.0516685226452114,Anatolia & the Caucasus,Subset: Equality
700.0,800.0,3.25,4.0,3.0,3.78619026473818,2.71380973526182,Anatolia & the Caucasus,Subset: Equality
800.0,900.0,3.9,4.0,3.0,4.524499799839839,3.27550020016016,Anatolia & the Caucasus,Subset: Equality
900.0,1000.0,4.0,4.959999999999999,3.04,4.632455532033676,3.367544467966324,Anatolia & the Caucasus,Subset: Equality
1000.0,1100.0,3.35,4.0,3.0,3.826969600708473,2.8730303992915274,Anatolia & the Caucasus,Subset: Equality
1100.0,1200.0,3.25,4.0,3.0,3.78619026473818,2.71380973526182,Anatolia & the Caucasus,Subset: Equality
1200.0,1300.0,2.05,2.0,2.0,2.43405728739343,1.6659427126065696,Anatolia & the Caucasus,Subset: Equality
1300.0,1400.0,3.25,4.0,3.0,3.683012701892219,2.816987298107781,Anatolia & the Caucasus,Subset: Equality
1400.0,1500.0,4.55,5.0,4.0,5.218954408012983,3.881045591987017,Anatolia & the Caucasus,Subset: Equality
1500.0,1600.0,4.9,5.959999999999999,4.0,5.668114574786861,4.13188542521314,Anatolia & the Caucasus,Subset: Equality
1600.0,1700.0,3.55,4.0,3.0,4.0474937185533095,3.0525062814466897,Anatolia & the Caucasus,Subset: Equality
1700.0,1800.0,2.9,3.0,3.0,3.1999999999999997,2.6,Anatolia & the Caucasus,Subset: Equality
1800.0,1900.0,3.05,4.0,2.0,3.789932429347437,2.310067570652562,Anatolia & the Caucasus,Subset: Equality
1900.0,2000.0,3.45,4.0,3.0,4.189932429347437,2.710067570652563,Anatolia & the Caucasus,Subset: Equality
2000.0,2025.0,5.0,5.0,5.0,5.0,5.0,Anatolia & the Caucasus,Subset: Equality
-1000.0,-900.0,3.0,3.0,3.0,3.0,3.0,Anatolia & the Caucasus,Subset: Freedom
-900.0,-800.0,2.8,3.0,2.04,3.1999999999999997,2.4,Anatolia & the Caucasus,Subset: Freedom
-800.0,-700.0,2.75,3.0,2.0,3.183012701892219,2.316987298107781,Anatolia & the Caucasus,Subset: Freedom
-700.0,-600.0,2.55,3.0,2.0,3.2189544080129826,1.881045591987017,Anatolia & the Caucasus,Subset: Freedom
-600.0,-500.0,3.75,4.0,3.04,4.448212002188447,3.051787997811553,Anatolia & the Caucasus,Subset: Freedom
-500.0,-400.0,3.8,4.0,3.0,4.3099019513592784,3.290098048640721,Anatolia & the Caucasus,Subset: Freedom
-400.0,-300.0,4.4,5.0,4.0,5.134846922834954,3.665153077165047,Anatolia & the Caucasus,Subset: Freedom
-300.0,-200.0,4.1,5.0,4.0,4.7244997998398395,3.47550020016016,Anatolia & the Caucasus,Subset: Freedom
-200.0,-100.0,4.8,5.0,4.0,5.548331477354788,4.051668522645212,Anatolia & the Caucasus,Subset: Freedom
-100.0,0.0,5.55,6.0,5.0,6.0474937185533095,5.05250628144669,Anatolia & the Caucasus,Subset: Freedom
0.0,100.0,4.9,5.0,5.0,5.335889894354068,4.464110105645933,Anatolia & the Caucasus,Subset: Freedom
100.0,200.0,4.95,6.0,4.0,5.870597631976098,4.029402368023902,Anatolia & the Caucasus,Subset: Freedom
200.0,300.0,3.35,4.0,3.0,3.92227615711298,2.77772384288702,Anatolia & the Caucasus,Subset: Freedom
300.0,400.0,4.2,5.0,4.0,4.878232998312527,3.521767001687474,Anatolia & the Caucasus,Subset: Freedom
400.0,500.0,3.15,4.0,2.04,3.8762919523166977,2.423708047683302,Anatolia & the Caucasus,Subset: Freedom
500.0,600.0,3.15,3.0,3.0,3.8762919523166977,2.423708047683302,Anatolia & the Caucasus,Subset: Freedom
600.0,700.0,2.6,3.0,2.0,3.18309518948453,2.01690481051547,Anatolia & the Caucasus,Subset: Freedom
700.0,800.0,3.45,4.0,3.0,4.03949130612758,2.86050869387242,Anatolia & the Caucasus,Subset: Freedom
800.0,900.0,4.25,5.0,4.0,4.78619026473818,3.71380973526182,Anatolia & the Caucasus,Subset: Freedom
900.0,1000.0,4.3,5.0,4.0,4.856776436283002,3.7432235637169975,Anatolia & the Caucasus,Subset: Freedom
1000.0,1100.0,3.35,4.0,3.0,3.92227615711298,2.77772384288702,Anatolia & the Caucasus,Subset: Freedom
1100.0,1200.0,3.2,4.0,3.0,3.709901951359279,2.6900980486407216,Anatolia & the Caucasus,Subset: Freedom
1200.0,1300.0,1.9,2.0,2.0,2.1999999999999997,1.6,Anatolia & the Caucasus,Subset: Freedom
1300.0,1400.0,3.5,4.0,3.0,4.091607978309962,2.9083920216900383,Anatolia & the Caucasus,Subset: Freedom
1400.0,1500.0,5.2,6.0,5.0,5.8,4.6000000000000005,Anatolia & the Caucasus,Subset: Freedom
1500.0,1600.0,5.85,6.959999999999999,5.0,6.702936105461599,4.9970638945384005,Anatolia & the Caucasus,Subset: Freedom
1600.0,1700.0,4.1,4.959999999999999,4.0,4.6385164807134505,3.5614835192865493,Anatolia & the Caucasus,Subset: Freedom
1700.0,1800.0,3.2,4.0,3.0,3.709901951359279,2.6900980486407216,Anatolia & the Caucasus,Subset: Freedom
1800.0,1900.0,3.3,4.0,3.0,3.940312423743285,2.659687576256715,Anatolia & the Caucasus,Subset: Freedom
1900.0,2000.0,3.75,5.0,3.0,4.637411967464942,2.8625880325350574,Anatolia & the Caucasus,Subset: Freedom
2000.0,2025.0,6.1,6.0,6.0,6.3999999999999995,5.8,Anatolia & the Caucasus,Subset: Freedom
-1000.0,-900.0,4.0,4.0,4.0,4.0,4.0,Anatolia & the Caucasus,Subset: Health & Wellbeing
-900.0,-800.0,4.1,4.0,4.0,4.535889894354067,3.664110105645933,Anatolia & the Caucasus,Subset: Health & Wellbeing
-800.0,-700.0,4.05,4.959999999999999,4.0,4.63949130612758,3.46050869387242,Anatolia & the Caucasus,Subset: Health & Wellbeing
-700.0,-600.0,3.95,5.0,3.0,4.689932429347437,3.210067570652563,Anatolia & the Caucasus,Subset: Health & Wellbeing
-600.0,-500.0,5.1,5.0,5.0,5.3999999999999995,4.8,Anatolia & the Caucasus,Subset: Health & Wellbeing
-500.0,-400.0,5.2,5.959999999999999,5.0,5.6000000000000005,4.8,Anatolia & the Caucasus,Subset: Health & Wellbeing
-400.0,-300.0,5.05,5.959999999999999,5.0,5.63949130612758,4.46050869387242,Anatolia & the Caucasus,Subset: Health & Wellbeing
-300.0,-200.0,5.2,6.0,5.0,5.709901951359279,4.6900980486407216,Anatolia & the Caucasus,Subset: Health & Wellbeing
-200.0,-100.0,5.9,6.0,6.0,6.2,5.6000000000000005,Anatolia & the Caucasus,Subset: Health & Wellbeing
-100.0,0.0,6.35,7.0,6.0,6.826969600708472,5.873030399291527,Anatolia & the Caucasus,Subset: Health & Wellbeing
0.0,100.0,6.05,6.0,6.0,6.43405728739343,5.66594271260657,Anatolia & the Caucasus,Subset: Health & Wellbeing
100.0,200.0,6.0,6.959999999999999,5.04,6.632455532033676,5.367544467966324,Anatolia & the Caucasus,Subset: Health & Wellbeing
200.0,300.0,4.25,5.0,4.0,4.872494979899437,3.627505020100563,Anatolia & the Caucasus,Subset: Health & Wellbeing
300.0,400.0,5.1,5.959999999999999,5.0,5.6385164807134505,4.561483519286549,Anatolia & the Caucasus,Subset: Health & Wellbeing
400.0,500.0,4.35,5.0,4.0,5.0038348415311,3.6961651584688986,Anatolia & the Caucasus,Subset: Health & Wellbeing
500.0,600.0,4.3,5.0,4.0,5.014142842854285,3.585857157145715,Anatolia & the Caucasus,Subset: Health & Wellbeing
600.0,700.0,3.9,4.959999999999999,3.0,4.6,3.2,Anatolia & the Caucasus,Subset: Health & Wellbeing
700.0,800.0,4.45,5.0,4.0,4.94749371855331,3.95250628144669,Anatolia & the Caucasus,Subset: Health & Wellbeing
800.0,900.0,5.15,6.0,5.0,5.72227615711298,4.57772384288702,Anatolia & the Caucasus,Subset: Health & Wellbeing
900.0,1000.0,5.15,5.959999999999999,5.0,5.626969600708473,4.673030399291528,Anatolia & the Caucasus,Subset: Health & Wellbeing
1000.0,1100.0,4.8,5.0,4.0,5.478232998312526,4.1217670016874735,Anatolia & the Caucasus,Subset: Health & Wellbeing
1100.0,1200.0,4.6,5.0,4.0,5.183095189484529,4.01690481051547,Anatolia & the Caucasus,Subset: Health & Wellbeing
1200.0,1300.0,3.05,3.0,3.0,3.43405728739343,2.6659427126065696,Anatolia & the Caucasus,Subset: Health & Wellbeing
1300.0,1400.0,4.35,5.0,4.0,4.92227615711298,3.77772384288702,Anatolia & the Caucasus,Subset: Health & Wellbeing
1400.0,1500.0,5.85,6.0,5.0,6.576291952316697,5.123708047683302,Anatolia & the Caucasus,Subset: Health & Wellbeing
1500.0,1600.0,6.6,7.0,6.0,7.089897948556636,6.110102051443364,Anatolia & the Caucasus,Subset: Health & Wellbeing
1600.0,1700.0,5.25,6.0,5.0,5.78619026473818,4.71380973526182,Anatolia & the Caucasus,Subset: Health & Wellbeing
1700.0,1800.0,4.35,5.0,4.0,4.826969600708472,3.873030399291527,Anatolia & the Caucasus,Subset: Health & Wellbeing
1800.0,1900.0,4.45,5.0,4.0,5.118954408012983,3.7810455919870174,Anatolia & the Caucasus,Subset: Health & Wellbeing
1900.0,2000.0,5.2,6.0,4.04,5.948331477354788,4.451668522645212,Anatolia & the Caucasus,Subset: Health & Wellbeing
2000.0,2025.0,7.0,7.0,7.0,7.0,7.0,Anatolia & the Caucasus,Subset: Health & Wellbeing
-1000.0,-900.0,5.1,6.0,4.0,5.86811457478686,4.331885425213139,Anatolia & the Caucasus,Subset: Peace
-900.0,-800.0,4.3,5.0,4.0,5.014142842854285,3.585857157145715,Anatolia & the Caucasus,Subset: Peace
-800.0,-700.0,3.95,5.0,3.0,4.689932429347437,3.210067570652563,Anatolia & the Caucasus,Subset: Peace
-700.0,-600.0,3.65,5.0,3.0,4.802171862180291,2.4978281378197087,Anatolia & the Caucasus,Subset: Peace
-600.0,-500.0,5.7,6.0,5.0,6.6539392014169465,4.746060798583054,Anatolia & the Caucasus,Subset: Peace
-500.0,-400.0,5.3,6.0,4.0,6.607669683062202,3.9923303169377977,Anatolia & the Caucasus,Subset: Peace
-400.0,-300.0,4.4,5.0,4.0,5.2,3.6000000000000005,Anatolia & the Caucasus,Subset: Peace
-300.0,-200.0,4.15,5.0,4.0,4.8762919523166985,3.4237080476833026,Anatolia & the Caucasus,Subset: Peace
-200.0,-100.0,5.55,7.0,4.0,6.871930406640228,4.228069593359772,Anatolia & the Caucasus,Subset: Peace
-100.0,0.0,6.8,8.0,6.0,7.779795897113271,5.820204102886729,Anatolia & the Caucasus,Subset: Peace
0.0,100.0,5.45,6.0,5.0,6.254673846971555,4.645326153028446,Anatolia & the Caucasus,Subset: Peace
100.0,200.0,5.15,6.0,4.0,6.3447803145348525,3.955219685465148,Anatolia & the Caucasus,Subset: Peace
200.0,300.0,3.15,4.0,3.0,3.803834841531101,2.496165158468899,Anatolia & the Caucasus,Subset: Peace
300.0,400.0,4.25,5.0,3.0,5.24373034571759,3.2562696542824106,Anatolia & the Caucasus,Subset: Peace
400.0,500.0,3.25,4.0,3.0,3.872494979899437,2.627505020100563,Anatolia & the Caucasus,Subset: Peace
500.0,600.0,3.1,4.0,2.0,4.1908712114635716,2.0091287885364286,Anatolia & the Caucasus,Subset: Peace
600.0,700.0,2.6,3.0,2.0,3.18309518948453,2.01690481051547,Anatolia & the Caucasus,Subset: Peace
700.0,800.0,3.3,4.0,3.0,3.8567764362830017,2.743223563716998,Anatolia & the Caucasus,Subset: Peace
800.0,900.0,4.5,5.0,4.0,5.170820393249937,3.829179606750063,Anatolia & the Caucasus,Subset: Peace
900.0,1000.0,4.6,5.959999999999999,4.0,5.5695359714832655,3.6304640285167338,Anatolia & the Caucasus,Subset: Peace
1000.0,1100.0,3.15,4.0,3.0,3.72227615711298,2.57772384288702,Anatolia & the Caucasus,Subset: Peace
1100.0,1200.0,2.95,3.959999999999999,2.0,3.618954408012983,2.2810455919870174,Anatolia & the Caucasus,Subset: Peace
1200.0,1300.0,1.75,2.0,1.0,2.183012701892219,1.3169872981077808,Anatolia & the Caucasus,Subset: Peace
1300.0,1400.0,4.0,4.0,3.04,4.707106781186548,3.2928932188134525,Anatolia & the Caucasus,Subset: Peace
1400.0,1500.0,5.7,6.0,5.04,6.542614977317636,4.857385022682364,Anatolia & the Caucasus,Subset: Peace
1500.0,1600.0,6.15,7.0,6.0,7.211838029079765,5.088161970920235,Anatolia & the Caucasus,Subset: Peace
1600.0,1700.0,3.45,4.0,3.0,4.03949130612758,2.86050869387242,Anatolia & the Caucasus,Subset: Peace
1700.0,1800.0,2.75,3.0,2.0,3.183012701892219,2.316987298107781,Anatolia & the Caucasus,Subset: Peace
1800.0,1900.0,2.6,3.0,2.0,3.18309518948453,2.01690481051547,Anatolia & the Caucasus,Subset: Peace
1900.0,2000.0,3.05,4.0,2.0,3.914580823289529,2.1854191767104707,Anatolia & the Caucasus,Subset: Peace
2000.0,2025.0,4.65,5.0,4.0,5.22227615711298,4.07772384288702,Anatolia & the Caucasus,Subset: Peace
-1000.0,-900.0,2410000.0,3479999.9999999995,1820000.0,3094032.1629865076,1725967.8370134924,Anatolia & the Caucasus,Subset: Population
-900.0,-800.0,2565000.0,3679999.999999999,1920000.0,3311508.539803799,1818491.4601962012,Anatolia & the Caucasus,Subset: Population
-800.0,-700.0,2720000.0,3787999.999999999,2020000.0,3538901.70350293,1901098.2964970705,Anatolia & the Caucasus,Subset: Population
-700.0,-600.0,2900000.0,4000000.0,2120000.0,3812688.3367283703,1987311.6632716293,Anatolia & the Caucasus,Subset: Population
-600.0,-500.0,3080000.0,4488000.0,2220000.0,4100098.034504527,2059901.9654954723,Anatolia & the Caucasus,Subset: Population
-500.0,-400.0,3245000.0,4692000.0,2320000.0,4354267.77650845,2135732.2234915504,Anatolia & the Caucasus,Subset: Population
-400.0,-300.0,3375000.0,4792000.0,2420000.0,4543278.648268469,2206721.3517315313,Anatolia & the Caucasus,Subset: Population
-300.0,-200.0,3525000.0,4992000.0,2520000.0,4770341.318675326,2279658.681324674,Anatolia & the Caucasus,Subset: Population
-200.0,-100.0,3680000.0,5192000.0,2620000.0,5003857.998427324,2356142.001572676,Anatolia & the Caucasus,Subset: Population
-100.0,0.0,3845000.0,5392000.0,2720000.0,5250160.133223256,2439839.866776743,Anatolia & the Caucasus,Subset: Population
0.0,100.0,4005000.0,5592000.0,2820000.0,5491766.625936969,2518233.374063031,Anatolia & the Caucasus,Subset: Population
100.0,200.0,4155000.0,5792000.0,2920000.0,5723271.341318204,2586728.658681796,Anatolia & the Caucasus,Subset: Population
200.0,300.0,4285000.0,5980000.0,3020000.0,5924900.9116407,2645099.0883592996,Anatolia & the Caucasus,Subset: Population
300.0,400.0,4405000.0,6180000.0,3120000.0,6136032.928629609,2673967.071370391,Anatolia & the Caucasus,Subset: Population
400.0,500.0,4510000.0,6280000.0,3220000.0,6321325.481518989,2698674.5184810106,Anatolia & the Caucasus,Subset: Population
500.0,600.0,4620000.0,6384000.0,3320000.0,6518315.042346765,2721684.9576532347,Anatolia & the Caucasus,Subset: Population
600.0,700.0,4730000.0,6488000.0,3420000.0,6717988.933570809,2742011.0664291913,Anatolia & the Caucasus,Subset: Population
700.0,800.0,4840000.0,6588000.0,3516000.0,6920721.028874366,2759278.9711256344,Anatolia & the Caucasus,Subset: Population
800.0,900.0,4970000.0,6688000.0,3616000.0,7126409.052104911,2813590.947895089,Anatolia & the Caucasus,Subset: Population
900.0,1000.0,5120000.0,6788000.0,3720000.0,7359776.774591611,2880223.2254083892,Anatolia & the Caucasus,Subset: Population
1000.0,1100.0,5290000.0,6988000.0,3820000.0,7619356.134213916,2960643.865786084,Anatolia & the Caucasus,Subset: Population
1100.0,1200.0,5450000.0,7184000.0,3920000.0,7868780.684559887,3031219.3154401123,Anatolia & the Caucasus,Subset: Population
1200.0,1300.0,5515000.0,7384000.0,4012000.0,7769390.161440561,3260609.838559439,Anatolia & the Caucasus,Subset: Population
1300.0,1400.0,5425000.0,7488000.0,3528000.0,7588532.990273086,3261467.009726914,Anatolia & the Caucasus,Subset: Population
1400.0,1500.0,5865000.0,7692000.0,4020000.0,8479435.885616627,3250564.1143833725,Anatolia & the Caucasus,Subset: Population
1500.0,1600.0,6505000.0,8480000.0,4512000.0,9676667.542476667,3333332.45752333,Anatolia & the Caucasus,Subset: Population
1600.0,1700.0,6830000.0,8968000.0,4804000.0,10211730.32632704,3448269.6736729583,Anatolia & the Caucasus,Subset: Population
1700.0,1800.0,7140000.0,9460000.0,5000000.0,10750318.5455026,3529681.454497401,Anatolia & the Caucasus,Subset: Population
1800.0,1900.0,7805000.0,10000000.0,5200000.0,11891499.11293273,3718500.8870672686,Anatolia & the Caucasus,Subset: Population
1900.0,2000.0,12075000.0,15000000.0,6040000.0,18610049.73202194,5539950.267978062,Anatolia & the Caucasus,Subset: Population
2000.0,2025.0,31850000.0,73799999.99999997,8760000.0,57767224.00258176,5932775.997418243,Anatolia & the Caucasus,Subset: Population
-1000.0,-900.0,3.3039215686274503,3.6666666666666665,3.0,3.638406315867293,2.9694368213876077,Arabian Peninsula,Overall
-900.0,-800.0,3.4705882352941178,3.6666666666666665,3.3333333333333335,3.7951557913185656,3.14602067926967,Arabian Peninsula,Overall
-800.0,-700.0,3.9705882352941178,4.24,3.5933333333333333,4.391586481442822,3.549589989145414,Arabian Peninsula,Overall
-700.0,-600.0,4.1568627450980395,4.6466666666666665,3.76,4.615870584734103,3.697854905461976,Arabian Peninsula,Overall
-600.0,-500.0,4.127450980392156,4.406666666666666,3.8333333333333335,4.453495865653252,3.801406095131061,Arabian Peninsula,Overall
-500.0,-400.0,3.990196078431373,4.166666666666667,3.8333333333333335,4.222199207180378,3.758192949682369,Arabian Peninsula,Overall
-400.0,-300.0,4.274509803921568,4.74,3.9266666666666663,4.661981820497441,3.887037787345695,Arabian Peninsula,Overall
-300.0,-200.0,4.284313725490195,4.666666666666667,4.0,4.596195563148761,3.972431887831629,Arabian Peninsula,Overall
-200.0,-100.0,4.382352941176471,4.833333333333333,4.0,4.793650528694178,3.9710553536587647,Arabian Peninsula,Overall
-100.0,0.0,4.480392156862745,4.833333333333333,4.093333333333334,4.841410836069058,4.119373477656432,Arabian Peninsula,Overall
0.0,100.0,4.725490196078432,5.24,4.333333333333333,5.171757124578081,4.279223267578784,Arabian Peninsula,Overall
100.0,200.0,4.872549019607843,5.553333333333333,4.26,5.592319797763829,4.152778241451856,Arabian Peninsula,Overall
200.0,300.0,4.901960784313726,5.96,4.166666666666667,5.757658381334482,4.046263187292969,Arabian Peninsula,Overall
300.0,400.0,5.274509803921568,6.5,4.426666666666667,6.163699007323389,4.385320600519746,Arabian Peninsula,Overall
400.0,500.0,5.7254901960784315,6.666666666666667,4.926666666666667,6.580963112093078,4.870017280063785,Arabian Peninsula,Overall
500.0,600.0,6.176470588235295,6.666666666666667,5.666666666666667,6.624671743163235,5.728269433307355,Arabian Peninsula,Overall
600.0,700.0,6.666666666666667,7.0,6.26,7.181162422094193,6.152170911239141,Arabian Peninsula,Overall
700.0,800.0,6.637254901960784,7.24,6.26,7.372091360840922,5.902418443080646,Arabian Peninsula,Overall
800.0,900.0,6.500000000000001,7.073333333333333,5.593333333333334,7.2185679294826945,5.781432070517307,Arabian Peninsula,Overall
900.0,1000.0,5.676470588235295,6.1466666666666665,5.1866666666666665,6.243744162411351,5.109197014059239,Arabian Peninsula,Overall
1000.0,1100.0,5.333333333333334,5.666666666666667,4.8533333333333335,5.764928641236375,4.9017380254302925,Arabian Peninsula,Overall
1100.0,1200.0,5.2549019607843155,5.573333333333333,4.946666666666667,5.716207464941907,4.793596456626724,Arabian Peninsula,Overall
1200.0,1300.0,4.647058823529411,5.46,4.0200000000000005,5.483098259032464,3.8110193880263585,Arabian Peninsula,Overall
1300.0,1400.0,5.068627450980393,5.5,4.666666666666667,5.518968003053171,4.6182868989076145,Arabian Peninsula,Overall
1400.0,1500.0,5.4411764705882355,6.0,4.8533333333333335,6.077601269298725,4.804751671877746,Arabian Peninsula,Overall
1500.0,1600.0,5.549019607843138,6.073333333333333,5.093333333333334,5.983500388356086,5.11453882733019,Arabian Peninsula,Overall
1600.0,1700.0,5.117647058823529,5.666666666666667,4.426666666666667,5.688636069747491,4.546658047899567,Arabian Peninsula,Overall
1700.0,1800.0,4.401960784313725,4.74,4.093333333333334,4.754629524482449,4.049292044145001,Arabian Peninsula,Overall
1800.0,1900.0,4.088235294117647,4.4799999999999995,3.6666666666666665,4.467939543745825,3.708531044489469,Arabian Peninsula,Overall
1900.0,2000.0,6.705882352941177,7.0,6.5,6.983179129877078,6.4285855760052755,Arabian Peninsula,Overall
2000.0,2025.0,7.333333333333332,7.74,6.926666666666667,7.666666666666665,6.999999999999999,Arabian Peninsula,Overall
-1000.0,-900.0,3.8823529411764706,4.0,3.56,4.352941176470589,3.411764705882353,Arabian Peninsula,Subset: Culture & Lesure
-900.0,-800.0,3.8823529411764706,4.0,3.56,4.352941176470589,3.411764705882353,Arabian Peninsula,Subset: Culture & Lesure
-800.0,-700.0,4.823529411764706,5.0,4.5600000000000005,5.440475793041266,4.2065830304881455,Arabian Peninsula,Subset: Culture & Lesure
-700.0,-600.0,5.0,5.4399999999999995,4.5600000000000005,5.594088525786004,4.405911474213996,Arabian Peninsula,Subset: Culture & Lesure
-600.0,-500.0,5.352941176470588,6.0,5.0,5.9411764705882355,4.76470588235294,Arabian Peninsula,Subset: Culture & Lesure
-500.0,-400.0,5.352941176470588,6.0,5.0,5.9411764705882355,4.76470588235294,Arabian Peninsula,Subset: Culture & Lesure
-400.0,-300.0,5.588235294117647,6.0,5.0,6.1881199427756215,4.988350645459672,Arabian Peninsula,Subset: Culture & Lesure
-300.0,-200.0,5.647058823529412,6.0,5.0,6.23529411764706,5.0588235294117645,Arabian Peninsula,Subset: Culture & Lesure
-200.0,-100.0,5.764705882352941,6.0,5.0,6.494686685058285,5.034725079647597,Arabian Peninsula,Subset: Culture & Lesure
-100.0,0.0,6.0588235294117645,7.0,5.5600000000000005,6.6978106171294245,5.4198364416941045,Arabian Peninsula,Subset: Culture & Lesure
0.0,100.0,6.352941176470588,7.0,6.0,6.941176470588235,5.764705882352941,Arabian Peninsula,Subset: Culture & Lesure
100.0,200.0,6.529411764705882,7.0,6.0,7.135037067116882,5.923786462294882,Arabian Peninsula,Subset: Culture & Lesure
200.0,300.0,6.705882352941177,7.0,6.0,7.371394617587339,6.040370088295014,Arabian Peninsula,Subset: Culture & Lesure
300.0,400.0,7.176470588235294,8.0,7.0,7.7934169695118545,6.559524206958734,Arabian Peninsula,Subset: Culture & Lesure
400.0,500.0,7.352941176470588,8.0,7.0,8.18898061197364,6.516901740967535,Arabian Peninsula,Subset: Culture & Lesure
500.0,600.0,7.588235294117647,8.0,7.0,8.279255301439454,6.897215286795839,Arabian Peninsula,Subset: Culture & Lesure
600.0,700.0,8.058823529411764,9.0,7.56,8.861069511587404,7.256577547236126,Arabian Peninsula,Subset: Culture & Lesure
700.0,800.0,8.176470588235293,9.0,8.0,9.099081596550477,7.25385957992011,Arabian Peninsula,Subset: Culture & Lesure
800.0,900.0,8.058823529411764,9.0,7.0,8.931317469070079,7.186329589753451,Arabian Peninsula,Subset: Culture & Lesure
900.0,1000.0,7.352941176470588,8.0,7.0,8.11538125863622,6.590501094304957,Arabian Peninsula,Subset: Culture & Lesure
1000.0,1100.0,6.882352941176471,7.44,6.0,7.55818384076918,6.206522041583762,Arabian Peninsula,Subset: Culture & Lesure
1100.0,1200.0,6.823529411764706,7.0,6.0,7.336341052181256,6.3107177713481555,Arabian Peninsula,Subset: Culture & Lesure
1200.0,1300.0,6.176470588235294,7.0,5.0,7.099081596550477,5.253859579920111,Arabian Peninsula,Subset: Culture & Lesure
1300.0,1400.0,6.529411764705882,7.0,6.0,7.225421150952895,5.833402378458869,Arabian Peninsula,Subset: Culture & Lesure
1400.0,1500.0,6.647058823529412,7.0,6.0,7.409498905695043,5.884618741363782,Arabian Peninsula,Subset: Culture & Lesure
1500.0,1600.0,6.705882352941177,7.0,6.0,7.276197630284274,6.135567075598079,Arabian Peninsula,Subset: Culture & Lesure
1600.0,1700.0,6.294117647058823,7.0,5.0,7.117647058823529,5.470588235294118,Arabian Peninsula,Subset: Culture & Lesure
1700.0,1800.0,5.705882352941177,6.0,5.0,6.276197630284274,5.135567075598079,Arabian Peninsula,Subset: Culture & Lesure
1800.0,1900.0,5.411764705882353,6.0,5.0,6.102784713204161,4.720744698560545,Arabian Peninsula,Subset: Culture & Lesure
1900.0,2000.0,7.294117647058823,8.0,7.0,7.749762746612637,6.83847254750501,Arabian Peninsula,Subset: Culture & Lesure
2000.0,2025.0,8.0,8.0,8.0,8.342997170285019,7.657002829714982,Arabian Peninsula,Subset: Culture & Lesure
-1000.0,-900.0,2.1176470588235294,2.0,2.0,2.4398367985324505,1.7954573191146082,Arabian Peninsula,Subset: Economic Opportunity
-900.0,-800.0,3.0,3.0,3.0,3.485071250072666,2.514928749927334,Arabian Peninsula,Subset: Economic Opportunity
-800.0,-700.0,3.7058823529411766,4.0,3.0,4.276197630284274,3.135567075598079,Arabian Peninsula,Subset: Economic Opportunity
-700.0,-600.0,4.117647058823529,5.0,4.0,4.699970290388921,3.5353238272581367,Arabian Peninsula,Subset: Economic Opportunity
-600.0,-500.0,4.117647058823529,5.0,3.56,4.793477958416238,3.44181615923082,Arabian Peninsula,Subset: Economic Opportunity
-500.0,-400.0,4.176470588235294,5.0,4.0,4.7934169695118545,3.5595242069587343,Arabian Peninsula,Subset: Economic Opportunity
-400.0,-300.0,4.529411764705882,5.0,4.0,5.225421150952895,3.8334023784588687,Arabian Peninsula,Subset: Economic Opportunity
-300.0,-200.0,4.764705882352941,5.0,4.0,5.310212852676218,4.219198912029665,Arabian Peninsula,Subset: Economic Opportunity
-200.0,-100.0,4.9411764705882355,5.4399999999999995,4.0,5.5801635583058955,4.3021893828705755,Arabian Peninsula,Subset: Economic Opportunity
-100.0,0.0,4.9411764705882355,5.0,4.5600000000000005,5.480303022935981,4.40204991824049,Arabian Peninsula,Subset: Economic Opportunity
0.0,100.0,5.235294117647059,6.0,5.0,5.780801087970335,4.689787147323782,Arabian Peninsula,Subset: Economic Opportunity
100.0,200.0,5.411764705882353,6.0,5.0,6.25604118202396,4.567488229740746,Arabian Peninsula,Subset: Economic Opportunity
200.0,300.0,5.470588235294118,6.4399999999999995,5.0,6.385667599182591,4.555508871405644,Arabian Peninsula,Subset: Economic Opportunity
300.0,400.0,5.705882352941177,7.0,5.0,6.597985346359006,4.813779359523347,Arabian Peninsula,Subset: Economic Opportunity
400.0,500.0,6.117647058823529,7.0,5.0,6.949537389631232,5.285756728015826,Arabian Peninsula,Subset: Economic Opportunity
500.0,600.0,6.588235294117647,7.0,6.0,7.080388250902397,6.096082337332897,Arabian Peninsula,Subset: Economic Opportunity
600.0,700.0,7.0588235294117645,7.0,7.0,7.474768694815616,6.642878364007913,Arabian Peninsula,Subset: Economic Opportunity
700.0,800.0,7.176470588235294,8.0,7.0,7.882352941176471,6.470588235294118,Arabian Peninsula,Subset: Economic Opportunity
800.0,900.0,7.0,8.0,6.0,7.685994340570035,6.314005659429965,Arabian Peninsula,Subset: Economic Opportunity
900.0,1000.0,6.176470588235294,7.0,6.0,6.7934169695118545,5.559524206958734,Arabian Peninsula,Subset: Economic Opportunity
1000.0,1100.0,5.882352941176471,6.0,5.5600000000000005,6.352941176470589,5.411764705882353,Arabian Peninsula,Subset: Economic Opportunity
1100.0,1200.0,5.823529411764706,6.0,5.0,6.336341052181256,5.3107177713481555,Arabian Peninsula,Subset: Economic Opportunity
1200.0,1300.0,5.117647058823529,6.0,4.0,5.949537389631232,4.285756728015826,Arabian Peninsula,Subset: Economic Opportunity
1300.0,1400.0,5.588235294117647,6.0,5.0,6.080388250902397,5.096082337332897,Arabian Peninsula,Subset: Economic Opportunity
1400.0,1500.0,5.9411764705882355,6.0,5.5600000000000005,6.480303022935981,5.40204991824049,Arabian Peninsula,Subset: Economic Opportunity
1500.0,1600.0,6.117647058823529,6.4399999999999995,6.0,6.588235294117647,5.647058823529411,Arabian Peninsula,Subset: Economic Opportunity
1600.0,1700.0,5.588235294117647,6.0,5.0,6.1881199427756215,4.988350645459672,Arabian Peninsula,Subset: Economic Opportunity
1700.0,1800.0,4.882352941176471,5.0,4.5600000000000005,5.352941176470589,4.411764705882353,Arabian Peninsula,Subset: Economic Opportunity
1800.0,1900.0,4.823529411764706,5.4399999999999995,4.0,5.529411764705882,4.117647058823529,Arabian Peninsula,Subset: Economic Opportunity
1900.0,2000.0,8.058823529411764,8.0,8.0,8.294117647058822,7.823529411764706,Arabian Peninsula,Subset: Economic Opportunity
2000.0,2025.0,8.588235294117647,9.0,8.0,9.080388250902397,8.096082337332897,Arabian Peninsula,Subset: Economic Opportunity
-1000.0,-900.0,2.8823529411764706,4.0,2.0,3.845335620220288,1.919370262132653,Arabian Peninsula,Subset: Equality
-900.0,-800.0,2.8823529411764706,4.0,2.0,3.845335620220288,1.919370262132653,Arabian Peninsula,Subset: Equality
-800.0,-700.0,3.235294117647059,4.0,2.56,4.041841717694241,2.428746517599877,Arabian Peninsula,Subset: Equality
-700.0,-600.0,3.4705882352941178,4.0,3.0,4.166597621541131,2.774578849047104,Arabian Peninsula,Subset: Equality
-600.0,-500.0,3.176470588235294,4.0,3.0,3.689282228651843,2.663658947818744,Arabian Peninsula,Subset: Equality
-500.0,-400.0,3.1176470588235294,3.4399999999999995,3.0,3.588235294117647,2.6470588235294117,Arabian Peninsula,Subset: Equality
-400.0,-300.0,3.3529411764705883,4.0,3.0,3.941176470588235,2.764705882352941,Arabian Peninsula,Subset: Equality
-300.0,-200.0,3.235294117647059,4.0,3.0,3.659476620642822,2.8111116146512956,Arabian Peninsula,Subset: Equality
-200.0,-100.0,3.2941176470588234,4.0,3.0,3.749762746612637,2.8384725475050097,Arabian Peninsula,Subset: Equality
-100.0,0.0,3.3529411764705883,4.0,3.0,3.830825788507998,2.8750565644331787,Arabian Peninsula,Subset: Equality
0.0,100.0,3.5294117647058822,4.0,3.0,4.135037067116882,2.923786462294882,Arabian Peninsula,Subset: Equality
100.0,200.0,3.7058823529411766,4.4399999999999995,3.0,4.454583650668109,2.957181055214244,Arabian Peninsula,Subset: Equality
200.0,300.0,3.7058823529411766,4.4399999999999995,3.0,4.597985346359006,2.8137793595233473,Arabian Peninsula,Subset: Equality
300.0,400.0,4.117647058823529,5.0,3.0,4.949537389631232,3.285756728015826,Arabian Peninsula,Subset: Equality
400.0,500.0,4.647058823529412,5.0,4.0,5.409498905695043,3.8846187413637816,Arabian Peninsula,Subset: Equality
500.0,600.0,5.0588235294117645,5.4399999999999995,5.0,5.59795008175951,4.519696977064019,Arabian Peninsula,Subset: Equality
600.0,700.0,5.411764705882353,6.0,5.0,6.011649354540328,4.8118800572243785,Arabian Peninsula,Subset: Equality
700.0,800.0,5.235294117647059,6.0,4.5600000000000005,6.111744966220668,4.35884326907345,Arabian Peninsula,Subset: Equality
800.0,900.0,5.294117647058823,6.0,4.0,6.117647058823529,4.470588235294118,Arabian Peninsula,Subset: Equality
900.0,1000.0,4.588235294117647,5.0,4.0,5.1881199427756215,3.988350645459672,Arabian Peninsula,Subset: Equality
1000.0,1100.0,4.294117647058823,5.0,4.0,4.864432924401921,3.7238023697157256,Arabian Peninsula,Subset: Equality
1100.0,1200.0,4.294117647058823,5.0,4.0,4.864432924401921,3.7238023697157256,Arabian Peninsula,Subset: Equality
1200.0,1300.0,3.7058823529411766,4.0,3.0,4.371394617587339,3.040370088295014,Arabian Peninsula,Subset: Equality
1300.0,1400.0,3.941176470588235,4.4399999999999995,3.0,4.5801635583058955,3.302189382870576,Arabian Peninsula,Subset: Equality
1400.0,1500.0,4.235294117647059,5.0,3.0,5.041841717694241,3.428746517599877,Arabian Peninsula,Subset: Equality
1500.0,1600.0,4.117647058823529,4.4399999999999995,4.0,4.588235294117647,3.6470588235294112,Arabian Peninsula,Subset: Equality
1600.0,1700.0,3.823529411764706,4.4399999999999995,3.0,4.529411764705882,3.1176470588235294,Arabian Peninsula,Subset: Equality
1700.0,1800.0,3.235294117647059,4.0,3.0,3.659476620642822,2.8111116146512956,Arabian Peninsula,Subset: Equality
1800.0,1900.0,3.0,3.0,3.0,3.485071250072666,2.514928749927334,Arabian Peninsula,Subset: Equality
1900.0,2000.0,5.176470588235294,6.0,5.0,5.6892822286518445,4.663658947818744,Arabian Peninsula,Subset: Equality
2000.0,2025.0,5.764705882352941,6.0,5.0,6.571253482400123,4.958158282305759,Arabian Peninsula,Subset: Equality
-1000.0,-900.0,3.0588235294117645,3.0,3.0,3.2941176470588234,2.8235294117647056,Arabian Peninsula,Subset: Freedom
-900.0,-800.0,3.0588235294117645,3.0,3.0,3.2941176470588234,2.8235294117647056,Arabian Peninsula,Subset: Freedom
-800.0,-700.0,3.1176470588235294,3.0,3.0,3.4398367985324505,2.7954573191146084,Arabian Peninsula,Subset: Freedom
-700.0,-600.0,3.235294117647059,4.0,3.0,3.659476620642822,2.8111116146512956,Arabian Peninsula,Subset: Freedom
-600.0,-500.0,3.2941176470588234,4.0,3.0,3.749762746612637,2.8384725475050097,Arabian Peninsula,Subset: Freedom
-500.0,-400.0,3.1176470588235294,3.0,3.0,3.4398367985324505,2.7954573191146084,Arabian Peninsula,Subset: Freedom
-400.0,-300.0,3.411764705882353,4.0,3.0,3.9039176626671033,2.9196117490976023,Arabian Peninsula,Subset: Freedom
-300.0,-200.0,3.411764705882353,4.0,3.0,3.9039176626671033,2.9196117490976023,Arabian Peninsula,Subset: Freedom
-200.0,-100.0,3.5294117647058822,4.0,3.0,4.135037067116882,2.923786462294882,Arabian Peninsula,Subset: Freedom
-100.0,0.0,3.588235294117647,4.0,3.0,4.1881199427756215,2.9883506454596724,Arabian Peninsula,Subset: Freedom
0.0,100.0,3.941176470588235,5.0,3.0,4.666401647408115,3.215951293768356,Arabian Peninsula,Subset: Freedom
100.0,200.0,4.0588235294117645,5.0,3.0,5.057091926381008,3.060555132442521,Arabian Peninsula,Subset: Freedom
200.0,300.0,4.117647058823529,5.4399999999999995,3.0,5.1959001635190205,3.0393939541280375,Arabian Peninsula,Subset: Freedom
300.0,400.0,4.705882352941177,6.0,3.56,5.831242733512294,3.580521972370059,Arabian Peninsula,Subset: Freedom
400.0,500.0,5.294117647058823,6.0,4.0,6.419478027629941,4.168757266487706,Arabian Peninsula,Subset: Freedom
500.0,600.0,5.882352941176471,6.4399999999999995,5.0,6.55818384076918,5.206522041583762,Arabian Peninsula,Subset: Freedom
600.0,700.0,6.470588235294118,7.0,6.0,7.076213537705118,5.864962932883118,Arabian Peninsula,Subset: Freedom
700.0,800.0,6.352941176470588,7.0,6.0,7.188980611973641,5.516901740967535,Arabian Peninsula,Subset: Freedom
800.0,900.0,6.117647058823529,7.0,5.0,7.017474031810491,5.217820085836567,Arabian Peninsula,Subset: Freedom
900.0,1000.0,5.235294117647059,6.0,4.5600000000000005,6.041841717694241,4.428746517599877,Arabian Peninsula,Subset: Freedom
1000.0,1100.0,4.882352941176471,5.0,4.0,5.464676172741863,4.300029709611079,Arabian Peninsula,Subset: Freedom
1100.0,1200.0,4.705882352941177,5.0,4.0,5.371394617587339,4.040370088295014,Arabian Peninsula,Subset: Freedom
1200.0,1300.0,4.117647058823529,5.0,3.0,5.080629737867346,3.1546643797797116,Arabian Peninsula,Subset: Freedom
1300.0,1400.0,4.588235294117647,5.0,4.0,5.1881199427756215,3.988350645459672,Arabian Peninsula,Subset: Freedom
1400.0,1500.0,5.0,5.4399999999999995,4.0,5.76696498884737,4.23303501115263,Arabian Peninsula,Subset: Freedom
1500.0,1600.0,5.0588235294117645,6.0,4.0,5.784048706231644,4.333598352591885,Arabian Peninsula,Subset: Freedom
1600.0,1700.0,4.705882352941177,5.4399999999999995,4.0,5.454583650668109,3.957181055214244,Arabian Peninsula,Subset: Freedom
1700.0,1800.0,3.941176470588235,4.4399999999999995,3.0,4.5801635583058955,3.302189382870576,Arabian Peninsula,Subset: Freedom
1800.0,1900.0,3.5294117647058822,4.0,3.0,4.0285459631905045,3.0302775662212604,Arabian Peninsula,Subset: Freedom
1900.0,2000.0,6.470588235294118,7.0,6.0,6.96972243377874,5.9714540368094955,Arabian Peninsula,Subset: Freedom
2000.0,2025.0,7.176470588235294,8.0,7.0,7.961274356713314,6.391666819757274,Arabian Peninsula,Subset: Freedom
-1000.0,-900.0,3.0,3.0,3.0,3.3429971702850176,2.6570028297149824,Arabian Peninsula,Subset: Health & Wellbeing
-900.0,-800.0,3.0,3.0,3.0,3.3429971702850176,2.6570028297149824,Arabian Peninsula,Subset: Health & Wellbeing
-800.0,-700.0,3.764705882352941,4.0,3.0,4.188888385348704,3.340523379357178,Arabian Peninsula,Subset: Health & Wellbeing
-700.0,-600.0,4.0,4.0,4.0,4.485071250072666,3.514928749927334,Arabian Peninsula,Subset: Health & Wellbeing
-600.0,-500.0,4.0,4.0,4.0,4.485071250072666,3.514928749927334,Arabian Peninsula,Subset: Health & Wellbeing
-500.0,-400.0,3.8823529411764706,4.0,3.56,4.352941176470588,3.411764705882353,Arabian Peninsula,Subset: Health & Wellbeing
-400.0,-300.0,4.0,4.4399999999999995,3.56,4.594088525786004,3.4059114742139953,Arabian Peninsula,Subset: Health & Wellbeing
-300.0,-200.0,4.0588235294117645,5.0,3.56,4.6978106171294245,3.4198364416941045,Arabian Peninsula,Subset: Health & Wellbeing
-200.0,-100.0,4.176470588235294,5.0,4.0,4.882352941176471,3.4705882352941178,Arabian Peninsula,Subset: Health & Wellbeing
-100.0,0.0,4.352941176470588,5.0,4.0,5.03387275898766,3.672009593953516,Arabian Peninsula,Subset: Health & Wellbeing
0.0,100.0,4.529411764705882,5.0,4.0,5.305347409310172,3.7534761201015927,Arabian Peninsula,Subset: Health & Wellbeing
100.0,200.0,4.705882352941177,6.0,4.0,5.72133391186071,3.690430794021643,Arabian Peninsula,Subset: Health & Wellbeing
200.0,300.0,4.764705882352941,6.0,4.0,5.823529411764706,3.7058823529411766,Arabian Peninsula,Subset: Health & Wellbeing
300.0,400.0,5.0588235294117645,6.4399999999999995,4.0,6.270074134233765,3.847572924589764,Arabian Peninsula,Subset: Health & Wellbeing
400.0,500.0,5.647058823529412,7.0,5.0,6.613628042656176,4.6804896044026485,Arabian Peninsula,Subset: Health & Wellbeing
500.0,600.0,6.0588235294117645,7.0,5.5600000000000005,6.6978106171294245,5.4198364416941045,Arabian Peninsula,Subset: Health & Wellbeing
600.0,700.0,6.588235294117647,7.0,6.0,7.080388250902397,6.096082337332897,Arabian Peninsula,Subset: Health & Wellbeing
700.0,800.0,6.764705882352941,7.0,6.0,7.310212852676218,6.219198912029665,Arabian Peninsula,Subset: Health & Wellbeing
800.0,900.0,6.705882352941177,7.0,6.0,7.454583650668109,5.957181055214244,Arabian Peninsula,Subset: Health & Wellbeing
900.0,1000.0,5.9411764705882355,6.4399999999999995,5.0,6.5801635583058955,5.3021893828705755,Arabian Peninsula,Subset: Health & Wellbeing
1000.0,1100.0,5.705882352941177,6.0,5.0,6.16152745249499,5.250237253387363,Arabian Peninsula,Subset: Health & Wellbeing
1100.0,1200.0,5.647058823529412,6.0,5.0,6.23529411764706,5.0588235294117645,Arabian Peninsula,Subset: Health & Wellbeing
1200.0,1300.0,5.0588235294117645,6.0,4.0,5.861069511587403,4.256577547236126,Arabian Peninsula,Subset: Health & Wellbeing
1300.0,1400.0,5.294117647058823,6.0,5.0,5.749762746612637,4.83847254750501,Arabian Peninsula,Subset: Health & Wellbeing
1400.0,1500.0,5.588235294117647,6.0,5.0,6.1881199427756215,4.988350645459672,Arabian Peninsula,Subset: Health & Wellbeing
1500.0,1600.0,5.764705882352941,6.0,5.0,6.188888385348704,5.340523379357178,Arabian Peninsula,Subset: Health & Wellbeing
1600.0,1700.0,5.470588235294118,6.0,5.0,5.96972243377874,4.9714540368094955,Arabian Peninsula,Subset: Health & Wellbeing
1700.0,1800.0,4.882352941176471,5.0,5.0,5.2045426808853925,4.5601632014675495,Arabian Peninsula,Subset: Health & Wellbeing
1800.0,1900.0,4.588235294117647,5.0,4.0,5.080388250902397,4.096082337332897,Arabian Peninsula,Subset: Health & Wellbeing
1900.0,2000.0,7.0588235294117645,7.0,7.0,7.294117647058823,6.823529411764706,Arabian Peninsula,Subset: Health & Wellbeing
2000.0,2025.0,8.176470588235293,8.44,8.0,8.55769062931811,7.795250547152478,Arabian Peninsula,Subset: Health & Wellbeing
-1000.0,-900.0,4.882352941176471,6.0,4.0,5.9606060458719625,3.804099836480979,Arabian Peninsula,Subset: Peace
-900.0,-800.0,5.0,6.0,4.5600000000000005,5.76696498884737,4.23303501115263,Arabian Peninsula,Subset: Peace
-800.0,-700.0,5.176470588235294,6.0,4.5600000000000005,5.961274356713314,4.391666819757274,Arabian Peninsula,Subset: Peace
-700.0,-600.0,5.117647058823529,6.0,4.5600000000000005,6.017474031810491,4.217820085836567,Arabian Peninsula,Subset: Peace
-600.0,-500.0,4.823529411764706,5.0,4.0,5.529411764705882,4.117647058823529,Arabian Peninsula,Subset: Peace
-500.0,-400.0,4.294117647058823,5.0,4.0,4.959629911704986,3.628605382412661,Arabian Peninsula,Subset: Peace
-400.0,-300.0,4.764705882352941,6.0,4.0,5.571253482400123,3.9581582823057593,Arabian Peninsula,Subset: Peace
-300.0,-200.0,4.588235294117647,5.0,4.0,5.432511770259254,3.743958817976039,Arabian Peninsula,Subset: Peace
-200.0,-100.0,4.588235294117647,5.0,4.0,5.432511770259254,3.743958817976039,Arabian Peninsula,Subset: Peace
-100.0,0.0,4.588235294117647,5.0,4.0,5.359698649917882,3.816771938317411,Arabian Peninsula,Subset: Peace
0.0,100.0,4.764705882352941,5.0,4.0,5.310212852676218,4.219198912029665,Arabian Peninsula,Subset: Peace
100.0,200.0,4.823529411764706,5.4399999999999995,4.0,5.680012928150648,3.9670458953787624,Arabian Peninsula,Subset: Peace
200.0,300.0,4.647058823529412,6.0,4.0,5.832320098800581,3.4617975482582426,Arabian Peninsula,Subset: Peace
300.0,400.0,4.882352941176471,6.4399999999999995,4.0,6.205555515200235,3.559150367152707,Arabian Peninsula,Subset: Peace
400.0,500.0,5.294117647058823,7.0,3.56,6.779921287095893,3.808314007021754,Arabian Peninsula,Subset: Peace
500.0,600.0,5.882352941176471,7.0,5.0,6.9606060458719625,4.8040998364809795,Arabian Peninsula,Subset: Peace
600.0,700.0,6.411764705882353,7.0,5.5600000000000005,7.385467373955697,5.43806203780901,Arabian Peninsula,Subset: Peace
700.0,800.0,6.117647058823529,7.0,5.0,7.249140238921843,4.986153878725215,Arabian Peninsula,Subset: Peace
800.0,900.0,5.823529411764706,7.0,5.0,6.8078353253342065,4.839223498195205,Arabian Peninsula,Subset: Peace
900.0,1000.0,4.764705882352941,5.0,4.0,5.494686685058285,4.034725079647597,Arabian Peninsula,Subset: Peace
1000.0,1100.0,4.352941176470588,5.0,4.0,5.03387275898766,3.672009593953516,Arabian Peninsula,Subset: Peace
1100.0,1200.0,4.235294117647059,5.0,3.0,5.176470588235294,3.2941176470588234,Arabian Peninsula,Subset: Peace
1200.0,1300.0,3.7058823529411766,6.0,2.56,5.151553614993471,2.2602110908888817,Arabian Peninsula,Subset: Peace
1300.0,1400.0,4.470588235294118,5.0,4.0,5.166597621541131,3.774578849047104,Arabian Peninsula,Subset: Peace
1400.0,1500.0,5.235294117647059,6.0,4.0,6.3482875252014415,4.122300710092676,Arabian Peninsula,Subset: Peace
1500.0,1600.0,5.529411764705882,6.0,5.0,6.305347409310172,4.753476120101593,Arabian Peninsula,Subset: Peace
1600.0,1700.0,4.823529411764706,6.0,4.0,5.680012928150648,3.9670458953787624,Arabian Peninsula,Subset: Peace
1700.0,1800.0,3.764705882352941,4.0,3.0,4.310212852676218,3.2191989120296647,Arabian Peninsula,Subset: Peace
1800.0,1900.0,3.176470588235294,3.0,3.0,3.689282228651843,2.663658947818744,Arabian Peninsula,Subset: Peace
1900.0,2000.0,6.176470588235294,7.0,6.0,6.7934169695118545,5.559524206958734,Arabian Peninsula,Subset: Peace
2000.0,2025.0,6.294117647058823,7.0,5.0,7.249886871133643,5.338348422984004,Arabian Peninsula,Subset: Peace
-1000.0,-900.0,485294.1176470588,719999.9999999998,228000.0,780234.1443934512,190354.09090066643,Arabian Peninsula,Subset: Population
-900.0,-800.0,540588.2352941176,819999.9999999998,248000.0,873162.3418210387,208014.12876719644,Arabian Peninsula,Subset: Population
-800.0,-700.0,598235.2941176471,919999.9999999998,278000.0,968469.4854092998,228001.10282599443,Arabian Peninsula,Subset: Population
-700.0,-600.0,656470.5882352941,1019999.9999999998,302400.0,1065399.4785942931,247541.69787629513,Arabian Peninsula,Subset: Population
-600.0,-500.0,714117.6470588235,1119999.9999999998,328000.0,1163222.1000411797,265013.1940764674,Arabian Peninsula,Subset: Population
-500.0,-400.0,771764.7058823529,1219999.9999999998,353600.0,1261821.5488532071,281707.8629114986,Arabian Peninsula,Subset: Population
-400.0,-300.0,830000.0,1319999.9999999998,378000.0,1361114.256013879,298885.7439861208,Arabian Peninsula,Subset: Population
-300.0,-200.0,888235.2941176471,1419999.9999999998,398000.0,1460847.834241653,315622.7539936411,Arabian Peninsula,Subset: Population
-200.0,-100.0,947058.8235294118,1519999.9999999998,428000.0,1560964.015537988,333153.6315208358,Arabian Peninsula,Subset: Population
-100.0,0.0,1004705.8823529412,1619999.9999999998,453600.0,1661284.515671224,348127.24903465854,Arabian Peninsula,Subset: Population
0.0,100.0,1062941.1764705882,1719999.9999999998,478000.0,1761955.3116965326,363927.04124464386,Arabian Peninsula,Subset: Population
100.0,200.0,1135294.1176470588,1864000.0,502400.0,1883131.1370653657,387457.09822875226,Arabian Peninsula,Subset: Population
200.0,300.0,1206470.5882352942,2007999.9999999995,522400.0,2004755.081062187,408186.0954084016,Arabian Peninsula,Subset: Population
300.0,400.0,1277058.8235294118,2107999.9999999995,542400.0,2126887.627783417,427230.0192754066,Arabian Peninsula,Subset: Population
400.0,500.0,1351764.705882353,2207999.9999999995,591200.0,2250084.937622864,453444.4741418421,Arabian Peninsula,Subset: Population
500.0,600.0,1441176.4705882352,2307999.9999999995,656000.0,2382895.064455109,499457.8767213613,Arabian Peninsula,Subset: Population
600.0,700.0,1555882.3529411764,2407999.9999999995,734000.0,2525703.796928673,586060.9089536797,Arabian Peninsula,Subset: Population
700.0,800.0,1682352.9411764706,2507999.9999999995,812000.0,2694912.4784921766,669793.4038607646,Arabian Peninsula,Subset: Population
800.0,900.0,1791176.4705882352,2607999.9999999995,862000.0,2856848.7651733793,725504.1760030908,Arabian Peninsula,Subset: Population
900.0,1000.0,1895294.1176470588,2707999.9999999995,912000.0,3017320.213846979,773268.0214471384,Arabian Peninsula,Subset: Population
1000.0,1100.0,2002941.176470588,2807999.9999999995,990000.0,3178860.164806106,827022.1881350705,Arabian Peninsula,Subset: Population
1100.0,1200.0,2110000.0,2907999.9999999995,1068000.0,3340905.9313224163,879094.0686775835,Arabian Peninsula,Subset: Population
1200.0,1300.0,2217647.0588235296,3007999.9999999995,1146000.0,3503307.9299059957,931986.1877410637,Arabian Peninsula,Subset: Population
1300.0,1400.0,2307058.8235294116,3107999.9999999995,1224000.0,3658954.0714113154,955163.5756475076,Arabian Peninsula,Subset: Population
1400.0,1500.0,2414705.882352941,3207999.9999999995,1302000.0,3821910.527560883,1007501.2371449994,Arabian Peninsula,Subset: Population
1500.0,1600.0,2528235.294117647,3307999.9999999995,1380000.0,3989516.904429868,1066953.683805426,Arabian Peninsula,Subset: Population
1600.0,1700.0,2644117.6470588236,3407999.9999999995,1458000.0,4157769.4790572226,1130465.8150604244,Arabian Peninsula,Subset: Population
1700.0,1800.0,2760000.0,3507999.9999999995,1536000.0,4326697.538285737,1193302.461714263,Arabian Peninsula,Subset: Population
1800.0,1900.0,2920588.2352941176,3719999.999999999,1692000.0,4573487.543953745,1267688.92663449,Arabian Peninsula,Subset: Population
1900.0,2000.0,6529411.764705882,8440000.0,4000000.0,10574999.732717508,2483823.796694259,Arabian Peninsula,Subset: Population
2000.0,2025.0,40294117.64705882,45000000.0,35000000.0,45843518.31297447,34744716.98114318,Arabian Peninsula,Subset: Population
-1000.0,-900.0,3.3148148148148144,3.5466666666666664,3.0,3.613416953640687,3.016212675988942,British Isles,Overall
-900.0,-800.0,3.3425925925925917,3.5466666666666664,3.1666666666666665,3.6229815542541974,3.062203630930986,British Isles,Overall
-800.0,-700.0,3.37037037037037,3.8333333333333335,3.12,3.692187911055236,3.048552829685504,British Isles,Overall
-700.0,-600.0,3.398148148148148,3.6666666666666665,3.12,3.698039532235215,3.0982567640610803,British Isles,Overall
-600.0,-500.0,3.4629629629629632,3.8333333333333335,3.0,3.798858465689205,3.1270674602367214,British Isles,Overall
-500.0,-400.0,3.5092592592592595,3.8333333333333335,3.1666666666666665,3.849340142077907,3.169178376440612,British Isles,Overall
-400.0,-300.0,3.537037037037037,3.8333333333333335,3.1666666666666665,3.8390649338944463,3.235009140179628,British Isles,Overall
-300.0,-200.0,3.62037037037037,4.0,3.1666666666666665,3.961960495290679,3.27878024545006,British Isles,Overall
-200.0,-100.0,3.7222222222222223,4.166666666666667,3.286666666666666,4.302239250495031,3.142205193949414,British Isles,Overall
-100.0,0.0,4.7407407407407405,5.38,4.286666666666666,5.2383344015757185,4.2431470799057625,British Isles,Overall
0.0,100.0,5.5092592592592595,5.833333333333333,5.0,5.948366877828866,5.070151640689653,British Isles,Overall
100.0,200.0,5.527777777777779,5.833333333333333,5.166666666666667,6.049674839668222,5.0058807158873355,British Isles,Overall
200.0,300.0,4.435185185185185,4.666666666666667,4.166666666666667,4.836336648563601,4.034033721806769,British Isles,Overall
300.0,400.0,3.5,3.713333333333334,3.12,3.82867109906109,3.17132890093891,British Isles,Overall
400.0,500.0,2.759259259259258,3.0,2.62,3.038268873579987,2.48024964493853,British Isles,Overall
500.0,600.0,2.824074074074074,3.1666666666666665,2.5,3.1945601671063435,2.4535879810418044,British Isles,Overall
600.0,700.0,3.712962962962963,4.0,3.3333333333333335,4.088961861189758,3.3369640647361676,British Isles,Overall
700.0,800.0,3.5277777777777777,4.166666666666667,2.9533333333333336,4.084027344291688,2.971528211263867,British Isles,Overall
800.0,900.0,3.157407407407408,3.713333333333334,2.6666666666666665,3.679961150352684,2.6348536644621317,British Isles,Overall
900.0,1000.0,4.166666666666666,4.5,3.8333333333333335,4.547536366688946,3.785796966644386,British Isles,Overall
1000.0,1100.0,3.6388888888888897,4.0,3.3333333333333335,3.9592378498519674,3.318539927925812,British Isles,Overall
1100.0,1200.0,4.305555555555555,4.666666666666667,3.9533333333333336,4.699373524409939,3.911737586701171,British Isles,Overall
1200.0,1300.0,4.87962962962963,5.38,4.573333333333333,5.290911709528015,4.468347549731244,British Isles,Overall
1300.0,1400.0,3.787037037037037,4.0,3.5,4.100350450290531,3.473723623783544,British Isles,Overall
1400.0,1500.0,3.6759259259259256,3.8333333333333335,3.4533333333333336,3.972366862844113,3.379484989007738,British Isles,Overall
1500.0,1600.0,4.7592592592592595,5.093333333333333,4.453333333333333,5.093619816393848,4.424898702124671,British Isles,Overall
1600.0,1700.0,4.287037037037036,4.666666666666667,3.9533333333333336,4.683026014450798,3.8910480596232753,British Isles,Overall
1700.0,1800.0,4.657407407407407,4.833333333333333,4.5,4.845577791045385,4.46923702376943,British Isles,Overall
1800.0,1900.0,5.712962962962964,6.0,5.5,6.076440489377603,5.349485436548324,British Isles,Overall
1900.0,2000.0,6.4722222222222205,6.713333333333333,6.333333333333333,6.674447496924457,6.269996947519984,British Isles,Overall
2000.0,2025.0,7.398148148148148,7.666666666666667,7.166666666666667,7.647461333663634,7.1488349626326615,British Isles,Overall
-1000.0,-900.0,3.2777777777777777,4.0,3.0,3.8361042011733826,2.719451354382173,British Isles,Subset: Culture & Lesure
-900.0,-800.0,3.4444444444444446,4.0,3.0,3.941348439444398,2.9475404494444915,British Isles,Subset: Culture & Lesure
-800.0,-700.0,4.0,4.279999999999999,3.72,4.577350269189626,3.4226497308103743,British Isles,Subset: Culture & Lesure
-700.0,-600.0,4.277777777777778,5.0,4.0,4.836104201173383,3.719451354382173,British Isles,Subset: Culture & Lesure
-600.0,-500.0,4.333333333333333,5.0,4.0,4.910683602522958,3.7559830641437073,British Isles,Subset: Culture & Lesure
-500.0,-400.0,4.611111111111111,5.0,4.0,5.201674767374147,4.020547454848074,British Isles,Subset: Culture & Lesure
-400.0,-300.0,4.722222222222222,5.0,4.0,5.372483328373312,4.071961116071132,British Isles,Subset: Culture & Lesure
-300.0,-200.0,4.777777777777778,5.0,4.0,5.406317138832486,4.149238416723069,British Isles,Subset: Culture & Lesure
-200.0,-100.0,5.111111111111111,6.0,4.0,5.986000874890201,4.2362213473320205,British Isles,Subset: Culture & Lesure
-100.0,0.0,5.888888888888889,6.0,5.0,6.4554466126214205,5.322331165156358,British Isles,Subset: Culture & Lesure
0.0,100.0,6.611111111111111,7.0,6.0,7.201674767374147,6.020547454848074,British Isles,Subset: Culture & Lesure
100.0,200.0,6.666666666666667,7.0,6.0,7.138071187457698,6.195262145875636,British Isles,Subset: Culture & Lesure
200.0,300.0,5.666666666666667,6.0,5.0,6.138071187457698,5.195262145875636,British Isles,Subset: Culture & Lesure
300.0,400.0,4.722222222222222,5.0,4.0,5.170125430461031,4.274319013983414,British Isles,Subset: Culture & Lesure
400.0,500.0,3.8333333333333335,4.0,3.0,4.333333333333333,3.3333333333333335,British Isles,Subset: Culture & Lesure
500.0,600.0,4.0,4.279999999999999,3.72,4.577350269189626,3.4226497308103743,British Isles,Subset: Culture & Lesure
600.0,700.0,5.0,5.279999999999999,4.720000000000001,5.577350269189626,4.422649730810374,British Isles,Subset: Culture & Lesure
700.0,800.0,5.222222222222222,6.0,5.0,5.850761583276931,4.593682861167514,British Isles,Subset: Culture & Lesure
800.0,900.0,4.777777777777778,5.0,4.0,5.489236026381428,4.066319529174128,British Isles,Subset: Culture & Lesure
900.0,1000.0,5.555555555555555,6.0,5.0,6.153907200792722,4.9572039103183885,British Isles,Subset: Culture & Lesure
1000.0,1100.0,5.277777777777778,6.0,5.0,5.836104201173383,4.719451354382173,British Isles,Subset: Culture & Lesure
1100.0,1200.0,5.777777777777778,6.0,5.0,6.310647947034747,5.244907608520808,British Isles,Subset: Culture & Lesure
1200.0,1300.0,6.222222222222222,7.0,6.0,6.850761583276931,5.593682861167514,British Isles,Subset: Culture & Lesure
1300.0,1400.0,5.055555555555555,5.279999999999999,5.0,5.579665618447589,4.531445492663522,British Isles,Subset: Culture & Lesure
1400.0,1500.0,5.611111111111111,6.0,5.0,6.289253089762983,4.932969132459238,British Isles,Subset: Culture & Lesure
1500.0,1600.0,6.777777777777778,7.0,6.0,7.193517487419327,6.362038068136228,British Isles,Subset: Culture & Lesure
1600.0,1700.0,6.444444444444445,7.0,6.0,7.0427960896816115,5.846092799207278,British Isles,Subset: Culture & Lesure
1700.0,1800.0,5.944444444444445,6.0,6.0,6.348894993848917,5.539993895039972,British Isles,Subset: Culture & Lesure
1800.0,1900.0,7.055555555555555,7.0,7.0,7.284616979200981,6.826494131910129,British Isles,Subset: Culture & Lesure
1900.0,2000.0,7.944444444444445,8.0,8.0,8.17350586808987,7.715383020799019,British Isles,Subset: Culture & Lesure
2000.0,2025.0,8.166666666666666,8.28,8.0,8.539344662916632,7.793988670416701,British Isles,Subset: Culture & Lesure
-1000.0,-900.0,2.4444444444444446,3.0,2.0,2.941348439444398,1.9475404494444917,British Isles,Subset: Economic Opportunity
-900.0,-800.0,2.6666666666666665,3.0,2.0,3.1380711874576983,2.1952621458756347,British Isles,Subset: Economic Opportunity
-800.0,-700.0,2.888888888888889,3.0,2.0,3.4554466126214205,2.322331165156357,British Isles,Subset: Economic Opportunity
-700.0,-600.0,3.0555555555555554,3.2799999999999994,3.0,3.579665618447589,2.531445492663522,British Isles,Subset: Economic Opportunity
-600.0,-500.0,3.3333333333333335,4.0,3.0,3.8047378541243657,2.8619288125423017,British Isles,Subset: Economic Opportunity
-500.0,-400.0,3.3333333333333335,4.0,3.0,3.8047378541243657,2.8619288125423017,British Isles,Subset: Economic Opportunity
-400.0,-300.0,3.3333333333333335,4.0,3.0,3.8047378541243657,2.8619288125423017,British Isles,Subset: Economic Opportunity
-300.0,-200.0,3.5,4.0,3.0,4.0,3.0,British Isles,Subset: Economic Opportunity
-200.0,-100.0,3.7777777777777777,4.0,3.0,4.406317138832486,3.149238416723069,British Isles,Subset: Economic Opportunity
-100.0,0.0,5.111111111111111,6.0,5.0,5.677668834843643,4.544553387378579,British Isles,Subset: Economic Opportunity
0.0,100.0,5.888888888888889,6.0,5.720000000000001,6.3470117361797405,5.430766041598038,British Isles,Subset: Economic Opportunity
100.0,200.0,5.888888888888889,6.0,5.720000000000001,6.546231087011069,5.231546690766709,British Isles,Subset: Economic Opportunity
200.0,300.0,4.888888888888889,5.0,4.720000000000001,5.546231087011069,4.231546690766709,British Isles,Subset: Economic Opportunity
300.0,400.0,3.888888888888889,4.0,3.0,4.4554466126214205,3.322331165156357,British Isles,Subset: Economic Opportunity
400.0,500.0,3.0555555555555554,3.0,3.0,3.4600061049600286,2.651105006151082,British Isles,Subset: Economic Opportunity
500.0,600.0,3.0555555555555554,3.0,3.0,3.4600061049600286,2.651105006151082,British Isles,Subset: Economic Opportunity
600.0,700.0,3.7222222222222223,4.0,3.0,4.372483328373312,3.071961116071132,British Isles,Subset: Economic Opportunity
700.0,800.0,3.8333333333333335,4.0,3.0,4.434258545910665,3.232408120756002,British Isles,Subset: Economic Opportunity
800.0,900.0,3.4444444444444446,4.0,3.0,4.0427960896816115,2.8460927992072778,British Isles,Subset: Economic Opportunity
900.0,1000.0,4.444444444444445,5.0,4.0,5.0427960896816115,3.8460927992072778,British Isles,Subset: Economic Opportunity
1000.0,1100.0,4.5,5.0,4.0,5.0,4.0,British Isles,Subset: Economic Opportunity
1100.0,1200.0,5.111111111111111,6.0,4.720000000000001,5.768453309233291,4.453768912988931,British Isles,Subset: Economic Opportunity
1200.0,1300.0,5.388888888888889,6.0,5.0,5.979452545151926,4.798325232625853,British Isles,Subset: Economic Opportunity
1300.0,1400.0,3.7222222222222223,4.0,3.0,4.372483328373312,3.071961116071132,British Isles,Subset: Economic Opportunity
1400.0,1500.0,4.0,4.279999999999999,3.72,4.577350269189626,3.4226497308103743,British Isles,Subset: Economic Opportunity
1500.0,1600.0,5.388888888888889,6.0,5.0,6.067030867540762,4.710746910237017,British Isles,Subset: Economic Opportunity
1600.0,1700.0,5.388888888888889,6.0,5.0,6.144526139374192,4.6332516384035864,British Isles,Subset: Economic Opportunity
1700.0,1800.0,6.333333333333333,7.0,6.0,6.910683602522958,5.755983064143708,British Isles,Subset: Economic Opportunity
1800.0,1900.0,6.944444444444445,7.0,7.0,7.173505868089871,6.715383020799019,British Isles,Subset: Economic Opportunity
1900.0,2000.0,7.333333333333333,8.0,7.0,7.804737854124364,6.861928812542302,British Isles,Subset: Economic Opportunity
2000.0,2025.0,7.833333333333333,8.0,7.720000000000001,8.206011329583298,7.460655337083368,British Isles,Subset: Economic Opportunity
-1000.0,-900.0,2.7222222222222223,3.2799999999999994,2.0,3.452941468775884,1.991502975668561,British Isles,Subset: Equality
-900.0,-800.0,2.7222222222222223,3.2799999999999994,2.0,3.452941468775884,1.991502975668561,British Isles,Subset: Equality
-800.0,-700.0,2.6666666666666665,3.0,2.0,3.3333333333333335,1.9999999999999996,British Isles,Subset: Equality
-700.0,-600.0,2.6666666666666665,3.0,2.0,3.3333333333333335,1.9999999999999996,British Isles,Subset: Equality
-600.0,-500.0,2.6666666666666665,3.0,2.0,3.244016935856292,2.089316397477041,British Isles,Subset: Equality
-500.0,-400.0,2.6666666666666665,3.0,2.0,3.244016935856292,2.089316397477041,British Isles,Subset: Equality
-400.0,-300.0,2.611111111111111,3.0,2.0,3.201674767374147,2.0205474548480753,British Isles,Subset: Equality
-300.0,-200.0,2.6666666666666665,3.0,2.0,3.244016935856292,2.089316397477041,British Isles,Subset: Equality
-200.0,-100.0,2.6666666666666665,3.0,2.0,3.4120226591665963,1.9213106741667365,British Isles,Subset: Equality
-100.0,0.0,3.5,4.0,3.0,4.0,3.0,British Isles,Subset: Equality
0.0,100.0,4.055555555555555,5.0,3.72,4.676685549305497,3.4344255618056136,British Isles,Subset: Equality
100.0,200.0,4.055555555555555,5.0,3.72,4.676685549305497,3.4344255618056136,British Isles,Subset: Equality
200.0,300.0,3.2777777777777777,4.0,3.0,3.8361042011733826,2.719451354382173,British Isles,Subset: Equality
300.0,400.0,2.7777777777777777,3.0,2.0,3.1935174874193266,2.3620380681362287,British Isles,Subset: Equality
400.0,500.0,2.111111111111111,2.2799999999999994,2.0,2.5692339584019623,1.65298826382026,British Isles,Subset: Equality
500.0,600.0,2.0555555555555554,2.0,2.0,2.4600061049600286,1.651105006151082,British Isles,Subset: Equality
600.0,700.0,2.8333333333333335,3.0,2.0,3.3333333333333335,2.3333333333333335,British Isles,Subset: Equality
700.0,800.0,2.611111111111111,3.0,2.0,3.201674767374147,2.0205474548480753,British Isles,Subset: Equality
800.0,900.0,2.3333333333333335,3.0,2.0,2.8047378541243653,1.8619288125423017,British Isles,Subset: Equality
900.0,1000.0,3.0555555555555554,3.0,3.0,3.284616979200981,2.8264941319101298,British Isles,Subset: Equality
1000.0,1100.0,2.111111111111111,2.0,2.0,2.4253807916384655,1.7968414305837568,British Isles,Subset: Equality
1100.0,1200.0,2.611111111111111,3.0,2.0,3.201674767374147,2.0205474548480753,British Isles,Subset: Equality
1200.0,1300.0,3.2777777777777777,4.0,3.0,3.7256809860165863,2.829874569538969,British Isles,Subset: Equality
1300.0,1400.0,4.0,4.0,4.0,4.471404520791031,3.528595479208968,British Isles,Subset: Equality
1400.0,1500.0,3.0555555555555554,3.0,3.0,3.284616979200981,2.8264941319101298,British Isles,Subset: Equality
1500.0,1600.0,3.1666666666666665,3.2799999999999994,3.0,3.5393446629166316,2.7939886704167014,British Isles,Subset: Equality
1600.0,1700.0,3.1666666666666665,3.2799999999999994,3.0,3.5393446629166316,2.7939886704167014,British Isles,Subset: Equality
1700.0,1800.0,2.6666666666666665,3.0,2.0,3.1380711874576983,2.1952621458756347,British Isles,Subset: Equality
1800.0,1900.0,3.7777777777777777,4.0,3.0,4.193517487419327,3.3620380681362287,British Isles,Subset: Equality
1900.0,2000.0,5.222222222222222,6.0,5.0,5.637961931863772,4.806482512580673,British Isles,Subset: Equality
2000.0,2025.0,6.222222222222222,7.0,6.0,6.637961931863772,5.806482512580673,British Isles,Subset: Equality
-1000.0,-900.0,2.2777777777777777,3.0,2.0,2.7256809860165863,1.829874569538969,British Isles,Subset: Freedom
-900.0,-800.0,2.2777777777777777,3.0,2.0,2.7256809860165863,1.829874569538969,British Isles,Subset: Freedom
-800.0,-700.0,2.2777777777777777,3.0,2.0,2.7256809860165863,1.829874569538969,British Isles,Subset: Freedom
-700.0,-600.0,2.2777777777777777,3.0,2.0,2.7256809860165863,1.829874569538969,British Isles,Subset: Freedom
-600.0,-500.0,2.2777777777777777,3.0,2.0,2.7256809860165863,1.829874569538969,British Isles,Subset: Freedom
-500.0,-400.0,2.2777777777777777,3.0,2.0,2.7256809860165863,1.829874569538969,British Isles,Subset: Freedom
-400.0,-300.0,2.3333333333333335,3.0,2.0,2.8047378541243653,1.8619288125423017,British Isles,Subset: Freedom
-300.0,-200.0,2.4444444444444446,3.0,2.0,2.941348439444398,1.9475404494444917,British Isles,Subset: Freedom
-200.0,-100.0,2.5,3.0,2.0,3.263762615825973,1.7362373841740266,British Isles,Subset: Freedom
-100.0,0.0,3.5,4.0,3.0,4.100925212577332,2.899074787422669,British Isles,Subset: Freedom
0.0,100.0,4.166666666666667,5.0,4.0,4.767591879243998,3.5657414540893355,British Isles,Subset: Freedom
100.0,200.0,4.166666666666667,5.0,3.72,4.853850937602943,3.47948239573039,British Isles,Subset: Freedom
200.0,300.0,3.3333333333333335,4.0,3.0,3.8047378541243657,2.8619288125423017,British Isles,Subset: Freedom
300.0,400.0,2.4444444444444446,3.0,2.0,2.941348439444398,1.9475404494444917,British Isles,Subset: Freedom
400.0,500.0,2.0555555555555554,2.0,2.0,2.4600061049600286,1.651105006151082,British Isles,Subset: Freedom
500.0,600.0,2.1666666666666665,3.0,2.0,2.6666666666666665,1.6666666666666663,British Isles,Subset: Freedom
600.0,700.0,3.0,3.0,3.0,3.3333333333333335,2.6666666666666665,British Isles,Subset: Freedom
700.0,800.0,2.7222222222222223,3.0,2.0,3.372483328373313,2.071961116071132,British Isles,Subset: Freedom
800.0,900.0,2.388888888888889,3.0,2.0,2.9794525451519247,1.798325232625853,British Isles,Subset: Freedom
900.0,1000.0,3.3333333333333335,4.0,3.0,3.8047378541243657,2.8619288125423017,British Isles,Subset: Freedom
1000.0,1100.0,2.5,3.0,2.0,3.0,2.0,British Isles,Subset: Freedom
1100.0,1200.0,3.1666666666666665,4.0,3.0,3.767591879243998,2.565741454089335,British Isles,Subset: Freedom
1200.0,1300.0,4.111111111111111,4.0,4.0,4.4253807916384655,3.796841430583756,British Isles,Subset: Freedom
1300.0,1400.0,3.4444444444444446,4.0,3.0,3.941348439444398,2.9475404494444915,British Isles,Subset: Freedom
1400.0,1500.0,3.111111111111111,3.0,3.0,3.4253807916384655,2.796841430583757,British Isles,Subset: Freedom
1500.0,1600.0,4.166666666666667,4.279999999999999,4.0,4.539344662916632,3.7939886704167023,British Isles,Subset: Freedom
1600.0,1700.0,3.5,4.0,3.0,4.100925212577332,2.899074787422669,British Isles,Subset: Freedom
1700.0,1800.0,4.666666666666667,5.0,4.0,5.244016935856292,4.089316397477042,British Isles,Subset: Freedom
1800.0,1900.0,5.555555555555555,6.0,5.0,6.0524595505555085,5.058651560555602,British Isles,Subset: Freedom
1900.0,2000.0,6.722222222222222,7.0,6.0,7.170125430461031,6.274319013983414,British Isles,Subset: Freedom
2000.0,2025.0,7.666666666666667,8.0,7.0,8.1380711874577,7.195262145875636,British Isles,Subset: Freedom
-1000.0,-900.0,3.1666666666666665,3.2799999999999994,3.0,3.5393446629166316,2.7939886704167014,British Isles,Subset: Health & Wellbeing
-900.0,-800.0,3.1666666666666665,3.2799999999999994,3.0,3.5393446629166316,2.7939886704167014,British Isles,Subset: Health & Wellbeing
-800.0,-700.0,3.1666666666666665,3.2799999999999994,3.0,3.5393446629166316,2.7939886704167014,British Isles,Subset: Health & Wellbeing
-700.0,-600.0,3.2222222222222223,4.0,3.0,3.6379619318637713,2.8064825125806734,British Isles,Subset: Health & Wellbeing
-600.0,-500.0,3.2222222222222223,4.0,3.0,3.6379619318637713,2.8064825125806734,British Isles,Subset: Health & Wellbeing
-500.0,-400.0,3.388888888888889,4.0,3.0,3.9794525451519247,2.798325232625853,British Isles,Subset: Health & Wellbeing
-400.0,-300.0,3.5,4.0,3.0,4.100925212577332,2.899074787422669,British Isles,Subset: Health & Wellbeing
-300.0,-200.0,3.7222222222222223,4.0,3.0,4.372483328373312,3.071961116071132,British Isles,Subset: Health & Wellbeing
-200.0,-100.0,4.0,5.0,3.0,4.816496580927726,3.1835034190722737,British Isles,Subset: Health & Wellbeing
-100.0,0.0,5.388888888888889,6.0,5.0,5.979452545151926,4.798325232625853,British Isles,Subset: Health & Wellbeing
0.0,100.0,6.166666666666667,7.0,6.0,6.666666666666667,5.666666666666667,British Isles,Subset: Health & Wellbeing
100.0,200.0,6.111111111111111,7.0,6.0,6.768453309233291,5.453768912988931,British Isles,Subset: Health & Wellbeing
200.0,300.0,5.111111111111111,5.279999999999999,5.0,5.569233958401962,4.6529882638202595,British Isles,Subset: Health & Wellbeing
300.0,400.0,4.111111111111111,4.279999999999999,4.0,4.569233958401962,3.652988263820259,British Isles,Subset: Health & Wellbeing
400.0,500.0,3.1666666666666665,3.2799999999999994,3.0,3.5393446629166316,2.7939886704167014,British Isles,Subset: Health & Wellbeing
500.0,600.0,3.111111111111111,3.0,3.0,3.4253807916384655,2.796841430583757,British Isles,Subset: Health & Wellbeing
600.0,700.0,4.111111111111111,4.0,4.0,4.4253807916384655,3.796841430583756,British Isles,Subset: Health & Wellbeing
700.0,800.0,3.7777777777777777,4.0,3.0,4.406317138832486,3.149238416723069,British Isles,Subset: Health & Wellbeing
800.0,900.0,3.4444444444444446,4.0,3.0,4.0427960896816115,2.8460927992072778,British Isles,Subset: Health & Wellbeing
900.0,1000.0,4.444444444444445,5.0,4.0,5.0427960896816115,3.8460927992072778,British Isles,Subset: Health & Wellbeing
1000.0,1100.0,4.388888888888889,5.0,4.0,4.876386910410674,3.901390867367105,British Isles,Subset: Health & Wellbeing
1100.0,1200.0,4.666666666666667,5.0,4.0,5.138071187457698,4.195262145875636,British Isles,Subset: Health & Wellbeing
1200.0,1300.0,5.166666666666667,6.0,5.0,5.666666666666667,4.666666666666667,British Isles,Subset: Health & Wellbeing
1300.0,1400.0,2.0555555555555554,2.0,2.0,2.284616979200981,1.8264941319101295,British Isles,Subset: Health & Wellbeing
1400.0,1500.0,3.4444444444444446,4.0,3.0,3.941348439444398,2.9475404494444915,British Isles,Subset: Health & Wellbeing
1500.0,1600.0,4.611111111111111,5.0,4.0,5.201674767374147,4.020547454848074,British Isles,Subset: Health & Wellbeing
1600.0,1700.0,4.444444444444445,5.0,4.0,5.0427960896816115,3.8460927992072778,British Isles,Subset: Health & Wellbeing
1700.0,1800.0,4.055555555555555,4.0,4.0,4.460006104960028,3.651105006151082,British Isles,Subset: Health & Wellbeing
1800.0,1900.0,5.555555555555555,6.0,5.0,6.240490444774331,4.87062066633678,British Isles,Subset: Health & Wellbeing
1900.0,2000.0,6.944444444444445,7.0,7.0,7.173505868089871,6.715383020799019,British Isles,Subset: Health & Wellbeing
2000.0,2025.0,7.888888888888889,8.0,8.0,8.203158569416244,7.5746192083615345,British Isles,Subset: Health & Wellbeing
-1000.0,-900.0,6.0,7.0,6.0,6.816496580927726,5.183503419072274,British Isles,Subset: Peace
-900.0,-800.0,5.777777777777778,6.279999999999999,5.0,6.631238416429845,4.92431713912571,British Isles,Subset: Peace
-800.0,-700.0,5.222222222222222,6.0,4.720000000000001,6.138467916803925,4.30597652764052,British Isles,Subset: Peace
-700.0,-600.0,4.888888888888889,6.0,4.0,5.697789987697836,4.079987790079943,British Isles,Subset: Peace
-600.0,-500.0,4.944444444444445,6.0,4.0,5.855623303714263,4.033265585174626,British Isles,Subset: Peace
-500.0,-400.0,4.777777777777778,5.279999999999999,4.0,5.563451979096164,3.992103576459391,British Isles,Subset: Peace
-400.0,-300.0,4.722222222222222,5.279999999999999,4.0,5.525379571933387,3.919064872511058,British Isles,Subset: Peace
-300.0,-200.0,4.611111111111111,5.0,4.0,5.289253089762983,3.932969132459238,British Isles,Subset: Peace
-200.0,-100.0,4.277777777777778,5.0,4.0,5.080935127488942,3.474620428066613,British Isles,Subset: Peace
-100.0,0.0,5.055555555555555,7.0,4.0,6.448881800442717,3.662229310668394,British Isles,Subset: Peace
0.0,100.0,6.166666666666667,7.0,5.0,7.233854039572142,5.099479293761192,British Isles,Subset: Peace
100.0,200.0,6.277777777777778,7.0,5.0,7.266916323042492,5.288639232513064,British Isles,Subset: Peace
200.0,300.0,4.333333333333333,5.0,3.72,5.078689325833263,3.5879773408334033,British Isles,Subset: Peace
300.0,400.0,3.0555555555555554,3.2799999999999994,3.0,3.579665618447589,2.531445492663522,British Isles,Subset: Peace
400.0,500.0,2.3333333333333335,3.0,2.0,2.8047378541243653,1.8619288125423017,British Isles,Subset: Peace
500.0,600.0,2.5555555555555554,3.0,2.0,3.2404904447743306,1.87062066633678,British Isles,Subset: Peace
600.0,700.0,3.611111111111111,4.0,3.0,4.201674767374147,3.0205474548480753,British Isles,Subset: Peace
700.0,800.0,3.0,3.2799999999999994,2.0,3.8819171036881968,2.1180828963118032,British Isles,Subset: Peace
800.0,900.0,2.5555555555555554,3.2799999999999994,2.0,3.317294955600116,1.7938161555109948,British Isles,Subset: Peace
900.0,1000.0,4.166666666666667,5.0,4.0,4.767591879243998,3.5657414540893355,British Isles,Subset: Peace
1000.0,1100.0,3.0555555555555554,3.0,3.0,3.4600061049600286,2.651105006151082,British Isles,Subset: Peace
1100.0,1200.0,4.5,5.0,4.0,5.0,4.0,British Isles,Subset: Peace
1200.0,1300.0,5.111111111111111,6.0,4.720000000000001,5.920012209920057,4.302210012302164,British Isles,Subset: Peace
1300.0,1400.0,4.444444444444445,5.0,4.0,5.206183844489005,3.682705044399884,British Isles,Subset: Peace
1400.0,1500.0,2.8333333333333335,3.0,2.72,3.2060113295832986,2.4606553370833684,British Isles,Subset: Peace
1500.0,1600.0,4.444444444444445,5.0,4.0,5.0427960896816115,3.8460927992072778,British Isles,Subset: Peace
1600.0,1700.0,2.7777777777777777,3.0,2.0,3.1935174874193266,2.3620380681362287,British Isles,Subset: Peace
1700.0,1800.0,4.277777777777778,5.0,4.0,4.928038883928868,3.627516671626688,British Isles,Subset: Peace
1800.0,1900.0,5.388888888888889,6.0,4.0,6.396575397067615,4.381202380710164,British Isles,Subset: Peace
1900.0,2000.0,4.666666666666667,5.0,4.0,5.244016935856292,4.089316397477042,British Isles,Subset: Peace
2000.0,2025.0,6.611111111111111,7.0,6.0,7.0986091326328955,6.123613089589326,British Isles,Subset: Peace
-1000.0,-900.0,3488888.888888889,8000000.0,800000.0,6753665.363947904,224112.4138298747,British Isles,Subset: Population
-900.0,-800.0,3736111.111111111,8500000.0,886000.0,7195912.227567388,276309.99465483427,British Isles,Subset: Population
-800.0,-700.0,3983333.3333333335,9000000.0,972000.0,7638960.654479612,327706.0121870558,British Isles,Subset: Population
-700.0,-600.0,4230555.555555556,9500000.0,1058000.0,8082688.402321851,378422.7087892606,British Isles,Subset: Population
-600.0,-500.0,4477777.777777778,10000000.0,1144000.0,8526996.571509006,428558.98404655047,British Isles,Subset: Population
-500.0,-400.0,4725000.0,10500000.0,1230000.0,8971804.354125842,478195.6458741566,British Isles,Subset: Population
-400.0,-300.0,4972222.222222222,11000000.0,1316000.0,9417045.122775624,527399.3216688205,British Isles,Subset: Population
-300.0,-200.0,5219444.444444444,11500000.0,1402000.0,9862663.48135099,576225.407537898,British Isles,Subset: Population
-200.0,-100.0,5466666.666666667,12000000.0,1488000.0,10308613.01544465,624720.3178886846,British Isles,Subset: Population
-100.0,0.0,5938888.888888889,13000000.0,1588000.0,11196067.989772312,681709.7880054656,British Isles,Subset: Population
0.0,100.0,6450000.0,14000000.0,1860000.0,12054685.539796144,845314.4602038553,British Isles,Subset: Population
100.0,200.0,6805555.555555556,14640000.0,1960000.0,12703810.685697598,907300.4254135136,British Isles,Subset: Population
200.0,300.0,6944444.444444444,15000000.0,2060000.0,12893414.684206974,995474.2046819144,British Isles,Subset: Population
300.0,400.0,6766666.666666667,14000000.0,2088000.0,12440191.927815055,1093141.4055182785,British Isles,Subset: Population
400.0,500.0,5761111.111111111,12000000.0,1472000.0,10706607.253943034,815614.9682791876,British Isles,Subset: Population
500.0,600.0,5155555.555555556,11000000.0,1372000.0,9573224.903654823,737886.2074562889,British Isles,Subset: Population
600.0,700.0,5233333.333333333,10420000.0,1544000.0,9657383.765033023,809282.9016336417,British Isles,Subset: Population
700.0,800.0,5450000.0,10199999.999999998,1644000.0,10049788.642487343,850211.3575126566,British Isles,Subset: Population
800.0,900.0,5505555.555555556,10199999.999999998,1744000.0,10119841.61110837,891269.5000027427,British Isles,Subset: Population
900.0,1000.0,5844444.444444444,10839999.999999998,1916000.0,10725157.304743784,963731.5841451044,British Isles,Subset: Population
1000.0,1100.0,6222222.222222222,11699999.999999998,2088000.0,11386797.66519649,1057646.7792479554,British Isles,Subset: Population
1100.0,1200.0,6722222.222222222,12199999.999999998,2360000.0,12199402.717042482,1245041.7274019625,British Isles,Subset: Population
1200.0,1300.0,7288888.888888889,12699999.999999998,2560000.0,13128589.11796162,1449188.659816158,British Isles,Subset: Population
1300.0,1400.0,7288888.888888889,12640000.0,2444000.0,12735283.097587263,1842494.680190513,British Isles,Subset: Population
1400.0,1500.0,6022222.222222222,11000000.0,1972000.0,10859066.41326198,1185378.0311824633,British Isles,Subset: Population
1500.0,1600.0,6722222.222222222,12000000.0,2416000.0,11884538.192098483,1559906.2523459597,British Isles,Subset: Population
1600.0,1700.0,7333333.333333333,13559999.999999998,3720000.0,12566772.822702529,2099893.843964139,British Isles,Subset: Population
1700.0,1800.0,9527777.777777778,15559999.999999998,6000000.0,15496381.332635626,3559174.2229199307,British Isles,Subset: Population
1800.0,1900.0,28500000.0,30000000.0,30000000.0,34905292.95019188,22094707.04980812,British Isles,Subset: Population
1900.0,2000.0,55500000.0,58000000.0,53000000.0,58253785.273643054,52746214.726356946,British Isles,Subset: Population
2000.0,2025.0,67055555.55555555,67000000.0,67000000.0,67284616.97920097,66826494.13191012,British Isles,Subset: Population
-1000.0,-900.0,5.416666666666667,5.5,5.166666666666667,5.611111111111112,5.222222222222222,Central Africa,Overall
-900.0,-800.0,5.601851851851851,5.833333333333333,5.333333333333333,5.825036496170258,5.378667207533445,Central Africa,Overall
-800.0,-700.0,5.611111111111111,5.833333333333333,5.286666666666666,5.883276638087019,5.338945584135202,Central Africa,Overall
-700.0,-600.0,5.537037037037035,5.833333333333333,5.333333333333333,5.833911472997802,5.2401626010762685,Central Africa,Overall
-600.0,-500.0,5.537037037037037,5.833333333333333,5.166666666666667,5.868306367037006,5.205767707037069,Central Africa,Overall
-500.0,-400.0,5.518518518518519,5.666666666666667,5.333333333333333,5.717969066930908,5.31906797010613,Central Africa,Overall
-400.0,-300.0,5.555555555555555,5.666666666666667,5.333333333333333,5.7480056452854305,5.36310546582568,Central Africa,Overall
-300.0,-200.0,5.527777777777779,5.833333333333333,5.166666666666667,5.8282403840664445,5.227315171489113,Central Africa,Overall
-200.0,-100.0,5.398148148148148,5.713333333333333,5.12,5.803128291270908,4.993168005025388,Central Africa,Overall
-100.0,0.0,5.425925925925926,5.833333333333333,5.0,5.857053582474919,4.994798269376933,Central Africa,Overall
0.0,100.0,5.583333333333332,5.88,5.12,6.003687387511708,5.162979279154956,Central Africa,Overall
100.0,200.0,5.398148148148149,6.046666666666667,4.573333333333333,6.065136239387112,4.731160056909186,Central Africa,Overall
200.0,300.0,5.25,6.166666666666667,4.073333333333333,6.186650850004853,4.313349149995147,Central Africa,Overall
300.0,400.0,5.111111111111111,5.88,4.406666666666667,6.060444860590836,4.161777361631385,Central Africa,Overall
400.0,500.0,5.398148148148149,6.046666666666667,5.12,6.378099786046687,4.418196510249611,Central Africa,Overall
500.0,600.0,5.398148148148149,6.166666666666667,4.5,6.3044683585214685,4.491827937774829,Central Africa,Overall
600.0,700.0,5.379629629629629,6.0,4.453333333333333,6.142999262349664,4.616259996909593,Central Africa,Overall
700.0,800.0,5.324074074074074,6.0,4.62,6.0145565995371175,4.633591548611031,Central Africa,Overall
800.0,900.0,5.37037037037037,6.0,4.786666666666666,6.078688574033529,4.662052166707212,Central Africa,Overall
900.0,1000.0,5.351851851851851,6.046666666666667,4.786666666666666,6.052135940784778,4.6515677629189245,Central Africa,Overall
1000.0,1100.0,5.416666666666667,6.0,4.5,5.989320225780231,4.844013107553103,Central Africa,Overall
1100.0,1200.0,5.444444444444444,6.213333333333333,4.5,6.264712392235189,4.624176496653699,Central Africa,Overall
1200.0,1300.0,5.111111111111111,5.88,4.333333333333333,5.854393786681092,4.36782843554113,Central Africa,Overall
1300.0,1400.0,5.037037037037037,6.046666666666667,3.786666666666666,6.077210864443231,3.996863209630843,Central Africa,Overall
1400.0,1500.0,4.453703703703703,5.473333333333333,3.62,5.3229405542409785,3.584466853166428,Central Africa,Overall
1500.0,1600.0,3.5185185185185177,4.213333333333333,2.8333333333333335,4.21659543796188,2.820441599075156,Central Africa,Overall
1600.0,1700.0,2.8055555555555554,3.38,2.1666666666666665,3.4297834737290063,2.1813276373821044,Central Africa,Overall
1700.0,1800.0,2.6759259259259256,3.0933333333333333,2.1666666666666665,3.2072654346445764,2.144586417207275,Central Africa,Overall
1800.0,1900.0,2.2222222222222223,2.713333333333334,1.6666666666666667,2.7344191365162716,1.710025307928173,Central Africa,Overall
1900.0,2000.0,3.4722222222222223,3.8333333333333335,3.286666666666666,3.892576276400599,3.0518681680438458,Central Africa,Overall
2000.0,2025.0,4.416666666666667,4.5,4.166666666666667,4.666666666666667,4.166666666666667,Central Africa,Overall
-1000.0,-900.0,5.722222222222222,6.0,5.0,6.372483328373312,5.071961116071132,Central Africa,Subset: Culture & Lesure
-900.0,-800.0,5.944444444444445,6.279999999999999,5.0,6.565574438194386,5.323314450694503,Central Africa,Subset: Culture & Lesure
-800.0,-700.0,6.222222222222222,7.0,6.0,6.637961931863772,5.806482512580673,Central Africa,Subset: Culture & Lesure
-700.0,-600.0,6.5,7.0,6.0,7.0,6.0,Central Africa,Subset: Culture & Lesure
-600.0,-500.0,6.833333333333333,7.0,6.720000000000001,7.206011329583298,6.460655337083368,Central Africa,Subset: Culture & Lesure
-500.0,-400.0,6.944444444444445,7.0,7.0,7.173505868089871,6.715383020799019,Central Africa,Subset: Culture & Lesure
-400.0,-300.0,7.0,7.0,7.0,7.333333333333333,6.666666666666667,Central Africa,Subset: Culture & Lesure
-300.0,-200.0,7.166666666666667,8.0,7.0,7.666666666666667,6.666666666666667,Central Africa,Subset: Culture & Lesure
-200.0,-100.0,7.166666666666667,8.0,7.0,7.666666666666667,6.666666666666667,Central Africa,Subset: Culture & Lesure
-100.0,0.0,7.333333333333333,8.0,7.0,7.910683602522958,6.755983064143708,Central Africa,Subset: Culture & Lesure
0.0,100.0,7.555555555555555,8.0,7.0,8.052459550555508,7.058651560555602,Central Africa,Subset: Culture & Lesure
100.0,200.0,7.333333333333333,8.0,6.720000000000001,8.078689325833263,6.587977340833403,Central Africa,Subset: Culture & Lesure
200.0,300.0,7.166666666666667,8.0,6.0,8.233854039572142,6.099479293761192,Central Africa,Subset: Culture & Lesure
300.0,400.0,6.944444444444445,8.0,6.0,8.023138213274867,5.865750675614022,Central Africa,Subset: Culture & Lesure
400.0,500.0,7.277777777777778,8.0,7.0,8.37350460685089,6.182050948704665,Central Africa,Subset: Culture & Lesure
500.0,600.0,7.277777777777778,8.0,6.720000000000001,8.266916323042492,6.288639232513064,Central Africa,Subset: Culture & Lesure
600.0,700.0,7.388888888888889,8.0,6.720000000000001,8.396575397067615,6.381202380710164,Central Africa,Subset: Culture & Lesure
700.0,800.0,7.388888888888889,8.0,7.0,8.144526139374191,6.6332516384035864,Central Africa,Subset: Culture & Lesure
800.0,900.0,7.444444444444445,8.0,7.0,8.206183844489004,6.682705044399884,Central Africa,Subset: Culture & Lesure
900.0,1000.0,7.444444444444445,8.0,7.0,8.12937933366322,6.759509555225669,Central Africa,Subset: Culture & Lesure
1000.0,1100.0,7.444444444444445,8.0,7.0,8.042796089681612,6.846092799207278,Central Africa,Subset: Culture & Lesure
1100.0,1200.0,7.388888888888889,8.0,7.0,8.144526139374191,6.633251638403587,Central Africa,Subset: Culture & Lesure
1200.0,1300.0,7.166666666666667,8.0,6.0,8.0,6.333333333333334,Central Africa,Subset: Culture & Lesure
1300.0,1400.0,7.111111111111111,8.0,6.0,8.260453381420955,5.961768840801266,Central Africa,Subset: Culture & Lesure
1400.0,1500.0,6.666666666666667,7.279999999999999,6.0,7.666666666666667,5.666666666666667,Central Africa,Subset: Culture & Lesure
1500.0,1600.0,5.722222222222222,6.279999999999999,5.0,6.711360767486936,4.733083676957508,Central Africa,Subset: Culture & Lesure
1600.0,1700.0,4.944444444444445,6.0,4.0,5.970343628478855,3.918545260410034,Central Africa,Subset: Culture & Lesure
1700.0,1800.0,4.611111111111111,5.0,4.0,5.3667483615964136,3.855473860625808,Central Africa,Subset: Culture & Lesure
1800.0,1900.0,4.0,5.0,3.0,4.74535599249993,3.25464400750007,Central Africa,Subset: Culture & Lesure
1900.0,2000.0,4.944444444444445,6.0,4.0,5.724203824867678,4.164685064021211,Central Africa,Subset: Culture & Lesure
2000.0,2025.0,6.055555555555555,6.279999999999999,6.0,6.579665618447589,5.531445492663522,Central Africa,Subset: Culture & Lesure
-1000.0,-900.0,3.0555555555555554,3.0,3.0,3.284616979200981,2.8264941319101298,Central Africa,Subset: Economic Opportunity
-900.0,-800.0,4.055555555555555,4.0,4.0,4.284616979200981,3.8264941319101298,Central Africa,Subset: Economic Opportunity
-800.0,-700.0,4.666666666666667,5.0,4.0,5.138071187457698,4.195262145875636,Central Africa,Subset: Economic Opportunity
-700.0,-600.0,5.0,5.0,5.0,5.0,5.0,Central Africa,Subset: Economic Opportunity
-600.0,-500.0,5.444444444444445,6.0,5.0,5.941348439444398,4.9475404494444915,Central Africa,Subset: Economic Opportunity
-500.0,-400.0,5.777777777777778,6.0,5.0,6.193517487419327,5.362038068136228,Central Africa,Subset: Economic Opportunity
-400.0,-300.0,6.0,6.0,6.0,6.0,6.0,Central Africa,Subset: Economic Opportunity
-300.0,-200.0,6.277777777777778,7.0,6.0,6.725680986016586,5.829874569538969,Central Africa,Subset: Economic Opportunity
-200.0,-100.0,6.444444444444445,7.0,6.0,6.941348439444398,5.9475404494444915,Central Africa,Subset: Economic Opportunity
-100.0,0.0,6.666666666666667,7.0,6.0,7.138071187457698,6.195262145875636,Central Africa,Subset: Economic Opportunity
0.0,100.0,6.611111111111111,7.0,6.0,7.0986091326328955,6.123613089589326,Central Africa,Subset: Economic Opportunity
100.0,200.0,6.444444444444445,7.0,6.0,7.0427960896816115,5.846092799207278,Central Africa,Subset: Economic Opportunity
200.0,300.0,6.222222222222222,7.0,5.0,7.0078964235406085,5.436548020903836,Central Africa,Subset: Economic Opportunity
300.0,400.0,6.388888888888889,7.0,5.720000000000001,7.339846820479094,5.4379309572986845,Central Africa,Subset: Economic Opportunity
400.0,500.0,6.388888888888889,7.0,6.0,7.55025249779816,5.227525279979619,Central Africa,Subset: Economic Opportunity
500.0,600.0,6.444444444444445,7.0,6.0,7.456714842127145,5.4321740467617445,Central Africa,Subset: Economic Opportunity
600.0,700.0,6.444444444444445,7.0,5.720000000000001,7.400258363004736,5.488630525884153,Central Africa,Subset: Economic Opportunity
700.0,800.0,6.388888888888889,7.0,5.0,7.214781597073251,5.562996180704528,Central Africa,Subset: Economic Opportunity
800.0,900.0,6.5,7.0,6.0,7.187184270936276,5.812815729063724,Central Africa,Subset: Economic Opportunity
900.0,1000.0,6.555555555555555,7.0,6.0,7.153907200792722,5.9572039103183885,Central Africa,Subset: Economic Opportunity
1000.0,1100.0,6.666666666666667,7.0,6.0,7.138071187457698,6.195262145875636,Central Africa,Subset: Economic Opportunity
1100.0,1200.0,6.555555555555555,7.0,6.0,7.153907200792722,5.9572039103183885,Central Africa,Subset: Economic Opportunity
1200.0,1300.0,6.388888888888889,7.0,6.0,7.067030867540762,5.710746910237017,Central Africa,Subset: Economic Opportunity
1300.0,1400.0,6.055555555555555,7.0,5.0,7.025791622031832,5.0853194890792786,Central Africa,Subset: Economic Opportunity
1400.0,1500.0,5.666666666666667,6.279999999999999,5.0,6.548583770354863,4.784749562978471,Central Africa,Subset: Economic Opportunity
1500.0,1600.0,4.666666666666667,5.279999999999999,4.0,5.548583770354863,3.78474956297847,Central Africa,Subset: Economic Opportunity
1600.0,1700.0,3.7777777777777777,4.279999999999999,3.0,4.631238416429845,2.92431713912571,Central Africa,Subset: Economic Opportunity
1700.0,1800.0,3.5555555555555554,4.0,3.0,4.317294955600116,2.793816155510995,Central Africa,Subset: Economic Opportunity
1800.0,1900.0,3.0,4.0,2.0,3.6666666666666665,2.3333333333333335,Central Africa,Subset: Economic Opportunity
1900.0,2000.0,4.611111111111111,5.0,4.0,5.201674767374147,4.020547454848074,Central Africa,Subset: Economic Opportunity
2000.0,2025.0,4.888888888888889,5.0,5.0,5.203158569416244,4.5746192083615345,Central Africa,Subset: Economic Opportunity
-1000.0,-900.0,5.5,6.0,5.0,6.100925212577332,4.899074787422668,Central Africa,Subset: Equality
-900.0,-800.0,5.277777777777778,6.0,5.0,5.725680986016586,4.829874569538969,Central Africa,Subset: Equality
-800.0,-700.0,4.944444444444445,5.279999999999999,4.0,5.565574438194386,4.323314450694503,Central Africa,Subset: Equality
-700.0,-600.0,4.5,5.0,4.0,5.187184270936276,3.8128157290637232,Central Africa,Subset: Equality
-600.0,-500.0,4.277777777777778,5.0,3.72,5.080935127488942,3.4746204280666135,Central Africa,Subset: Equality
-500.0,-400.0,3.9444444444444446,4.0,3.72,4.468554507336478,3.420334381552411,Central Africa,Subset: Equality
-400.0,-300.0,3.9444444444444446,4.0,3.72,4.468554507336478,3.420334381552411,Central Africa,Subset: Equality
-300.0,-200.0,3.6666666666666665,4.0,3.0,4.244016935856292,3.089316397477041,Central Africa,Subset: Equality
-200.0,-100.0,3.5,4.0,3.0,4.263762615825973,2.736237384174027,Central Africa,Subset: Equality
-100.0,0.0,3.4444444444444446,4.0,3.0,4.206183844489005,2.682705044399884,Central Africa,Subset: Equality
0.0,100.0,3.7222222222222223,4.0,3.0,4.280548645617827,3.1638957988266174,Central Africa,Subset: Equality
100.0,200.0,3.5555555555555554,4.0,2.72,4.387034974838653,2.724076136272457,Central Africa,Subset: Equality
200.0,300.0,3.5,4.0,2.72,4.397527467855751,2.6024725321442492,Central Africa,Subset: Equality
300.0,400.0,3.3333333333333335,4.0,2.72,4.149829914261059,2.5168367524056077,Central Africa,Subset: Equality
400.0,500.0,3.7222222222222223,4.0,3.0,4.525379571933387,2.9190648725110577,Central Africa,Subset: Equality
500.0,600.0,3.6666666666666665,4.0,3.0,4.412022659166596,2.9213106741667367,Central Africa,Subset: Equality
600.0,700.0,3.5,4.0,3.0,4.0,3.0,Central Africa,Subset: Equality
700.0,800.0,3.5,4.0,3.0,4.187184270936276,2.8128157290637232,Central Africa,Subset: Equality
800.0,900.0,3.4444444444444446,4.0,3.0,4.206183844489005,2.682705044399884,Central Africa,Subset: Equality
900.0,1000.0,3.388888888888889,4.0,3.0,4.21478159707325,2.5629961807045274,Central Africa,Subset: Equality
1000.0,1100.0,3.388888888888889,4.0,3.0,4.144526139374191,2.6332516384035864,Central Africa,Subset: Equality
1100.0,1200.0,3.5,4.279999999999999,2.72,4.457427107756338,2.542572892243662,Central Africa,Subset: Equality
1200.0,1300.0,3.0555555555555554,4.0,2.0,3.835314935978789,2.2757961751323217,Central Africa,Subset: Equality
1300.0,1400.0,3.2222222222222223,4.0,2.0,4.197218265265791,2.247226179178653,Central Africa,Subset: Equality
1400.0,1500.0,2.5555555555555554,3.2799999999999994,2.0,3.451361972033172,1.6597491390779386,Central Africa,Subset: Equality
1500.0,1600.0,1.8333333333333333,2.0,1.0,2.434258545910665,1.2324081207560018,Central Africa,Subset: Equality
1600.0,1700.0,1.3333333333333333,2.0,1.0,1.804737854124365,0.8619288125423015,Central Africa,Subset: Equality
1700.0,1800.0,1.2777777777777777,2.0,1.0,1.725680986016586,0.8298745695389693,Central Africa,Subset: Equality
1800.0,1900.0,1.1111111111111112,2.0,1.0,1.6776688348436428,0.5445533873785795,Central Africa,Subset: Equality
1900.0,2000.0,2.1666666666666665,3.0,2.0,2.6666666666666665,1.6666666666666663,Central Africa,Subset: Equality
2000.0,2025.0,3.1666666666666665,3.2799999999999994,3.0,3.5393446629166316,2.7939886704167014,Central Africa,Subset: Equality
-1000.0,-900.0,6.388888888888889,7.0,6.0,6.876386910410674,5.9013908673671045,Central Africa,Subset: Freedom
-900.0,-800.0,6.166666666666667,6.279999999999999,6.0,6.539344662916632,5.793988670416702,Central Africa,Subset: Freedom
-800.0,-700.0,5.833333333333333,6.0,5.0,6.333333333333333,5.333333333333333,Central Africa,Subset: Freedom
-700.0,-600.0,5.444444444444445,6.0,5.0,6.0427960896816115,4.846092799207278,Central Africa,Subset: Freedom
-600.0,-500.0,5.222222222222222,6.0,4.720000000000001,5.933680470825872,4.510763973618572,Central Africa,Subset: Freedom
-500.0,-400.0,4.888888888888889,5.0,4.720000000000001,5.3470117361797405,4.430766041598038,Central Africa,Subset: Freedom
-400.0,-300.0,4.833333333333333,5.0,4.720000000000001,5.206011329583298,4.460655337083368,Central Africa,Subset: Freedom
-300.0,-200.0,4.666666666666667,5.0,4.0,5.333333333333334,4.0,Central Africa,Subset: Freedom
-200.0,-100.0,4.333333333333333,5.0,4.0,5.078689325833263,3.5879773408334033,Central Africa,Subset: Freedom
-100.0,0.0,4.222222222222222,5.0,4.0,4.933680470825872,3.5107639736185723,Central Africa,Subset: Freedom
0.0,100.0,4.444444444444445,5.0,4.0,5.206183844489005,3.682705044399884,Central Africa,Subset: Freedom
100.0,200.0,4.444444444444445,5.0,3.72,5.2759238637275425,3.612965025161347,Central Africa,Subset: Freedom
200.0,300.0,4.222222222222222,5.0,3.0,5.403349534748294,3.0410949096961506,Central Africa,Subset: Freedom
300.0,400.0,4.0,5.0,3.0,5.0,3.0,Central Africa,Subset: Freedom
400.0,500.0,4.444444444444445,5.0,4.0,5.456714842127145,3.4321740467617445,Central Africa,Subset: Freedom
500.0,600.0,4.388888888888889,5.0,3.0,5.339846820479094,3.4379309572986845,Central Africa,Subset: Freedom
600.0,700.0,4.277777777777778,5.0,3.0,5.1473597690276955,3.4081957865278594,Central Africa,Subset: Freedom
700.0,800.0,4.222222222222222,5.0,3.0,5.197218265265791,3.247226179178653,Central Africa,Subset: Freedom
800.0,900.0,4.333333333333333,5.0,3.72,5.276142374915397,3.3905242917512695,Central Africa,Subset: Freedom
900.0,1000.0,4.277777777777778,5.0,3.72,5.266916323042492,3.288639232513064,Central Africa,Subset: Freedom
1000.0,1100.0,4.277777777777778,5.0,3.0,5.080935127488942,3.4746204280666135,Central Africa,Subset: Freedom
1100.0,1200.0,4.388888888888889,5.0,3.72,5.396575397067615,3.3812023807101643,Central Africa,Subset: Freedom
1200.0,1300.0,3.9444444444444446,5.0,3.0,4.9146805109207214,2.974208377968168,Central Africa,Subset: Freedom
1300.0,1400.0,4.0,5.279999999999999,3.0,5.247219128924647,2.7527808710753527,Central Africa,Subset: Freedom
1400.0,1500.0,3.1666666666666665,4.279999999999999,2.0,4.233854039572141,2.099479293761192,Central Africa,Subset: Freedom
1500.0,1600.0,2.111111111111111,3.0,1.0,2.9200122099200576,1.3022100123021647,Central Africa,Subset: Freedom
1600.0,1700.0,1.4444444444444444,2.0,1.0,2.0427960896816115,0.8460927992072773,Central Africa,Subset: Freedom
1700.0,1800.0,1.4444444444444444,2.0,1.0,2.0427960896816115,0.8460927992072773,Central Africa,Subset: Freedom
1800.0,1900.0,1.1111111111111112,2.0,1.0,1.6776688348436428,0.5445533873785795,Central Africa,Subset: Freedom
1900.0,2000.0,2.2222222222222223,3.0,2.0,2.755092391479191,1.6893520529652537,Central Africa,Subset: Freedom
2000.0,2025.0,3.8333333333333335,4.0,3.0,4.333333333333333,3.3333333333333335,Central Africa,Subset: Freedom
-1000.0,-900.0,4.055555555555555,4.0,4.0,4.284616979200981,3.8264941319101298,Central Africa,Subset: Health & Wellbeing
-900.0,-800.0,4.666666666666667,5.0,4.0,5.138071187457698,4.195262145875636,Central Africa,Subset: Health & Wellbeing
-800.0,-700.0,5.0,5.0,5.0,5.0,5.0,Central Africa,Subset: Health & Wellbeing
-700.0,-600.0,5.055555555555555,5.0,5.0,5.284616979200981,4.826494131910129,Central Africa,Subset: Health & Wellbeing
-600.0,-500.0,5.222222222222222,6.0,5.0,5.637961931863772,4.806482512580673,Central Africa,Subset: Health & Wellbeing
-500.0,-400.0,5.722222222222222,6.0,5.0,6.170125430461031,5.274319013983414,Central Africa,Subset: Health & Wellbeing
-400.0,-300.0,5.833333333333333,6.0,5.720000000000001,6.206011329583298,5.460655337083368,Central Africa,Subset: Health & Wellbeing
-300.0,-200.0,5.888888888888889,6.0,6.0,6.203158569416244,5.5746192083615345,Central Africa,Subset: Health & Wellbeing
-200.0,-100.0,5.833333333333333,6.0,5.720000000000001,6.206011329583298,5.460655337083368,Central Africa,Subset: Health & Wellbeing
-100.0,0.0,5.833333333333333,6.0,5.0,6.333333333333333,5.333333333333333,Central Africa,Subset: Health & Wellbeing
0.0,100.0,5.944444444444445,6.0,5.720000000000001,6.468554507336478,5.420334381552411,Central Africa,Subset: Health & Wellbeing
100.0,200.0,5.722222222222222,6.0,5.0,6.452941468775884,4.991502975668561,Central Africa,Subset: Health & Wellbeing
200.0,300.0,5.5,6.0,4.720000000000001,6.397527467855751,4.602472532144249,Central Africa,Subset: Health & Wellbeing
300.0,400.0,5.333333333333333,6.0,4.720000000000001,6.387425886722792,4.279240779943874,Central Africa,Subset: Health & Wellbeing
400.0,500.0,5.611111111111111,6.0,5.0,6.672498509696822,4.5497237125254,Central Africa,Subset: Health & Wellbeing
500.0,600.0,5.722222222222222,7.0,5.0,6.7660163460031075,4.678428098441337,Central Africa,Subset: Health & Wellbeing
600.0,700.0,5.777777777777778,7.0,5.0,6.69402347235948,4.861532083196075,Central Africa,Subset: Health & Wellbeing
700.0,800.0,5.722222222222222,6.0,5.0,6.452941468775884,4.991502975668561,Central Africa,Subset: Health & Wellbeing
800.0,900.0,5.777777777777778,6.279999999999999,5.0,6.631238416429845,4.92431713912571,Central Africa,Subset: Health & Wellbeing
900.0,1000.0,5.777777777777778,6.279999999999999,5.0,6.631238416429845,4.92431713912571,Central Africa,Subset: Health & Wellbeing
1000.0,1100.0,5.888888888888889,6.0,5.0,6.4554466126214205,5.322331165156358,Central Africa,Subset: Health & Wellbeing
1100.0,1200.0,5.944444444444445,7.0,5.0,6.724203824867678,5.164685064021211,Central Africa,Subset: Health & Wellbeing
1200.0,1300.0,5.722222222222222,6.279999999999999,5.0,6.525379571933387,4.919064872511058,Central Africa,Subset: Health & Wellbeing
1300.0,1400.0,5.555555555555555,6.0,4.720000000000001,6.4513619720331725,4.659749139077938,Central Africa,Subset: Health & Wellbeing
1400.0,1500.0,5.055555555555555,6.0,4.0,5.966734414825374,4.144376696285737,Central Africa,Subset: Health & Wellbeing
1500.0,1600.0,4.111111111111111,5.0,3.0,4.986000874890201,3.2362213473320205,Central Africa,Subset: Health & Wellbeing
1600.0,1700.0,3.3333333333333335,4.0,3.0,4.149829914261059,2.5168367524056077,Central Africa,Subset: Health & Wellbeing
1700.0,1800.0,3.2222222222222223,4.0,3.0,3.850761583276931,2.5936828611675136,Central Africa,Subset: Health & Wellbeing
1800.0,1900.0,2.6666666666666665,3.0,2.0,3.244016935856292,2.089316397477041,Central Africa,Subset: Health & Wellbeing
1900.0,2000.0,4.111111111111111,4.279999999999999,4.0,4.569233958401962,3.652988263820259,Central Africa,Subset: Health & Wellbeing
2000.0,2025.0,5.0,5.0,5.0,5.333333333333333,4.666666666666667,Central Africa,Subset: Health & Wellbeing
-1000.0,-900.0,7.777777777777778,8.0,7.0,8.193517487419326,7.362038068136228,Central Africa,Subset: Peace
-900.0,-800.0,7.5,8.0,7.0,8.0,7.0,Central Africa,Subset: Peace
-800.0,-700.0,7.0,7.0,7.0,7.333333333333333,6.666666666666667,Central Africa,Subset: Peace
-700.0,-600.0,6.722222222222222,7.0,6.0,7.170125430461031,6.274319013983414,Central Africa,Subset: Peace
-600.0,-500.0,6.222222222222222,7.0,6.0,6.850761583276931,5.593682861167514,Central Africa,Subset: Peace
-500.0,-400.0,5.833333333333333,6.0,5.720000000000001,6.206011329583298,5.460655337083368,Central Africa,Subset: Peace
-400.0,-300.0,5.722222222222222,6.0,5.0,6.170125430461031,5.274319013983414,Central Africa,Subset: Peace
-300.0,-200.0,5.5,6.0,5.0,6.0,5.0,Central Africa,Subset: Peace
-200.0,-100.0,5.111111111111111,6.0,5.0,5.677668834843643,4.544553387378579,Central Africa,Subset: Peace
-100.0,0.0,5.055555555555555,6.0,4.720000000000001,5.676685549305497,4.434425561805614,Central Africa,Subset: Peace
0.0,100.0,5.222222222222222,6.0,4.720000000000001,5.933680470825872,4.510763973618572,Central Africa,Subset: Peace
100.0,200.0,4.888888888888889,6.0,3.72,5.937109014672956,3.8406687631048224,Central Africa,Subset: Peace
200.0,300.0,4.888888888888889,6.0,3.0,6.131148876388773,3.6466289013890063,Central Africa,Subset: Peace
300.0,400.0,4.666666666666667,6.0,3.72,5.957661115402473,3.375672217930861,Central Africa,Subset: Peace
400.0,500.0,4.944444444444445,6.0,4.0,6.212523578945925,3.676365309942964,Central Africa,Subset: Peace
500.0,600.0,4.888888888888889,6.0,3.72,6.085592179363223,3.692185598414555,Central Africa,Subset: Peace
600.0,700.0,4.888888888888889,6.0,3.72,5.937109014672956,3.8406687631048224,Central Africa,Subset: Peace
700.0,800.0,4.722222222222222,6.0,4.0,5.817949051295335,3.62649539314911,Central Africa,Subset: Peace
800.0,900.0,4.722222222222222,6.0,3.72,5.817949051295335,3.62649539314911,Central Africa,Subset: Peace
900.0,1000.0,4.666666666666667,6.0,3.72,5.821367205045918,3.5119661282874155,Central Africa,Subset: Peace
1000.0,1100.0,4.833333333333333,6.0,3.72,5.847127088383036,3.8195395782836297,Central Africa,Subset: Peace
1100.0,1200.0,4.888888888888889,6.0,3.0,6.25875866732644,3.519019110451339,Central Africa,Subset: Peace
1200.0,1300.0,4.388888888888889,5.279999999999999,3.0,5.5502524977981595,3.227525279979619,Central Africa,Subset: Peace
1300.0,1400.0,4.277777777777778,6.0,2.72,5.869616531321601,2.6859390242339547,Central Africa,Subset: Peace
1400.0,1500.0,3.611111111111111,5.0,2.0,4.908068614436528,2.3141536077856943,Central Africa,Subset: Peace
1500.0,1600.0,2.6666666666666665,3.2799999999999994,2.0,3.6094757082487297,1.7238576250846032,Central Africa,Subset: Peace
1600.0,1700.0,2.0,3.0,1.0,2.8164965809277263,1.183503419072274,Central Africa,Subset: Peace
1700.0,1800.0,1.9444444444444444,2.2799999999999994,1.0,2.724203824867678,1.164685064021211,Central Africa,Subset: Peace
1800.0,1900.0,1.4444444444444444,2.0,1.0,2.2061838444890047,0.682705044399884,Central Africa,Subset: Peace
1900.0,2000.0,2.7777777777777777,3.0,2.0,3.3106479470347465,2.244907608520809,Central Africa,Subset: Peace
2000.0,2025.0,3.5555555555555554,4.0,3.0,4.0524595505555085,3.058651560555602,Central Africa,Subset: Peace
-1000.0,-900.0,1855555.5555555555,3000000.0,1000000.0,3478386.491578646,232724.61953246477,Central Africa,Subset: Population
-900.0,-800.0,2027777.7777777775,3200000.0,1100000.0,3763931.1105977017,291624.444957854,Central Africa,Subset: Population
-800.0,-700.0,2205555.5555555555,3428000.0,1200000.0,4060121.159746174,350989.95136493724,Central Africa,Subset: Population
-700.0,-600.0,2383333.3333333335,3656000.0,1300000.0,4357401.327209037,409265.3394576302,Central Africa,Subset: Population
-600.0,-500.0,2566666.6666666665,3911999.999999999,1400000.0,4665343.49849296,467989.8348403736,Central Africa,Subset: Population
-500.0,-400.0,2750000.0,4167999.999999999,1500000.0,4974422.521814494,525577.4781855056,Central Africa,Subset: Population
-400.0,-300.0,2933333.3333333335,4423999.999999999,1600000.0,5284455.9966109805,582210.670055686,Central Africa,Subset: Population
-300.0,-200.0,3116666.6666666665,4679999.999999999,1700000.0,5595297.561154813,638035.77217852,Central Africa,Subset: Population
-200.0,-100.0,3300000.0,4935999.999999999,1800000.0,5906828.639468953,693171.3605310465,Central Africa,Subset: Population
-100.0,0.0,3483333.3333333335,5191999.999999999,1900000.0,6218952.296403868,747714.3702627989,Central Africa,Subset: Population
0.0,100.0,3666666.6666666665,5447999.999999999,2000000.0,6531588.616350074,801744.7169832587,Central Africa,Subset: Population
100.0,200.0,3850000.0,5703999.999999999,2100000.0,6844671.193228992,855328.8067710078,Central Africa,Subset: Population
200.0,300.0,4033333.3333333335,5959999.999999999,2200000.0,7158144.438735457,908522.2279312094,Central Africa,Subset: Population
300.0,400.0,4216666.666666667,6215999.999999998,2300000.0,7471961.498850757,961371.8344825768,Central Africa,Subset: Population
400.0,500.0,4400000.0,6471999.999999998,2400000.0,7786082.626805725,1013917.3731942754,Central Africa,Subset: Population
500.0,600.0,4583333.333333333,6727999.999999998,2500000.0,8100473.90171808,1066192.764948586,Central Africa,Subset: Population
600.0,700.0,4766666.666666667,6983999.999999998,2600000.0,8415106.211336568,1118227.121996767,Central Africa,Subset: Population
700.0,800.0,4950000.0,7239999.999999998,2700000.0,8729954.438290965,1170045.561709036,Central Africa,Subset: Population
800.0,900.0,5133333.333333333,7495999.999999998,2800000.0,9044996.804429883,1221669.8622367824,Central Africa,Subset: Population
900.0,1000.0,5316666.666666667,7751999.999999998,2900000.0,9360214.338919064,1273118.9944142704,Central Africa,Subset: Population
1000.0,1100.0,5500000.0,8007999.999999998,3000000.0,9675590.443943892,1324409.5560561074,Central Africa,Subset: Population
1100.0,1200.0,5683333.333333333,8263999.999999998,3100000.0,9991110.537930204,1375556.1287364597,Central Africa,Subset: Population
1200.0,1300.0,5866666.666666667,8519999.999999998,3200000.0,10306761.76074342,1426571.5725899143,Central Africa,Subset: Population
1300.0,1400.0,6050000.0,8775999.999999996,3300000.0,10622532.728757177,1477467.2712428237,Central Africa,Subset: Population
1400.0,1500.0,6233333.333333333,9031999.999999996,3400000.0,10938413.330291703,1528253.3363749627,Central Africa,Subset: Population
1500.0,1600.0,6416666.666666667,9287999.999999996,3500000.0,11254394.55392026,1578938.7794130745,Central Africa,Subset: Population
1600.0,1700.0,6600000.0,9543999.999999996,3600000.0,11570468.343683071,1629531.6563169267,Central Africa,Subset: Population
1700.0,1800.0,6700000.0,9799999.999999996,3700000.0,11586261.92048232,1813738.0795176812,Central Africa,Subset: Population
1800.0,1900.0,6800000.0,10055999.999999996,3800000.0,11617906.41484683,1982093.5851531709,Central Africa,Subset: Population
1900.0,2000.0,22805555.555555556,41400000.0,4360000.0,39211126.16171187,6399984.949399237,Central Africa,Subset: Population
2000.0,2025.0,73333333.33333333,100000000.0,15000000.0,107039580.69359449,39627085.973072186,Central Africa,Subset: Population
-1000.0,-900.0,4.083333333333333,4.166666666666667,4.066666666666666,4.278767323325976,3.88789934334069,Central Asia,Overall
-900.0,-800.0,4.375,4.6000000000000005,4.166666666666667,4.591506350946109,4.158493649053891,Central Asia,Overall
-800.0,-700.0,4.395833333333334,4.699999999999999,4.066666666666666,4.723254867614619,4.068411799052049,Central Asia,Overall
-700.0,-600.0,4.3125,4.933333333333334,3.8333333333333335,4.877310071321915,3.747689928678085,Central Asia,Overall
-600.0,-500.0,4.510416666666667,5.0,3.9,5.089174765962046,3.931658567371288,Central Asia,Overall
-500.0,-400.0,4.531249999999999,5.0,3.966666666666667,5.155468261107442,3.907031738892556,Central Asia,Overall
-400.0,-300.0,5.104166666666666,5.6000000000000005,4.833333333333333,5.457105715543696,4.751227617789636,Central Asia,Overall
-300.0,-200.0,5.625,6.0,5.5,6.3357800878846655,4.9142199121153345,Central Asia,Overall
-200.0,-100.0,5.989583333333334,6.333333333333333,5.733333333333333,6.350276868607933,5.628889798058735,Central Asia,Overall
-100.0,0.0,5.687500000000001,6.166666666666667,5.066666666666666,6.207499332264529,5.167500667735473,Central Asia,Overall
0.0,100.0,5.052083333333334,5.5,4.666666666666667,5.533396460506164,4.570770206160504,Central Asia,Overall
100.0,200.0,4.447916666666666,5.0,3.9,5.159230860215793,3.7366024731175393,Central Asia,Overall
200.0,300.0,4.385416666666667,5.166666666666667,3.8333333333333335,5.056544319493526,3.714289013839808,Central Asia,Overall
300.0,400.0,4.645833333333334,5.5,3.7333333333333334,5.429510119741835,3.8621565469248327,Central Asia,Overall
400.0,500.0,4.687500000000001,5.433333333333334,4.066666666666666,5.418450199702035,3.9565498002979664,Central Asia,Overall
500.0,600.0,5.249999999999999,5.933333333333334,4.733333333333333,5.870819351072972,4.629180648927027,Central Asia,Overall
600.0,700.0,5.395833333333333,5.833333333333333,4.8999999999999995,5.832340142494936,4.95932652417173,Central Asia,Overall
700.0,800.0,6.0,6.333333333333333,5.666666666666667,6.478713553878169,5.521286446121831,Central Asia,Overall
800.0,900.0,6.739583333333332,7.0,6.5,7.015772366324225,6.463394300342439,Central Asia,Overall
900.0,1000.0,6.218749999999999,6.833333333333333,5.733333333333333,6.79525392091757,5.642246079082428,Central Asia,Overall
1000.0,1100.0,6.333333333333334,6.833333333333333,5.8999999999999995,6.789768797920972,5.876897868745695,Central Asia,Overall
1100.0,1200.0,4.656250000000001,5.966666666666667,3.1666666666666665,5.996685187935455,3.3158148120645468,Central Asia,Overall
1200.0,1300.0,3.875,5.1000000000000005,2.6666666666666665,4.99225730648266,2.75774269351734,Central Asia,Overall
1300.0,1400.0,5.25,6.333333333333333,4.366666666666667,6.089560069983745,4.410439930016255,Central Asia,Overall
1400.0,1500.0,5.760416666666667,6.333333333333333,4.733333333333333,6.493960078810761,5.026873254522573,Central Asia,Overall
1500.0,1600.0,5.270833333333332,5.833333333333333,4.833333333333333,5.896874133388195,4.644792533278469,Central Asia,Overall
1600.0,1700.0,4.437499999999999,4.766666666666667,4.0,4.901012405443478,3.97398759455652,Central Asia,Overall
1700.0,1800.0,4.093749999999999,4.6000000000000005,3.6666666666666665,4.565039417744317,3.6224605822556817,Central Asia,Overall
1800.0,1900.0,4.968749999999999,5.333333333333333,4.666666666666667,5.297989179776647,4.639510820223351,Central Asia,Overall
1900.0,2000.0,5.593749999999999,6.0,5.066666666666666,6.072350208652505,5.115149791347493,Central Asia,Overall
2000.0,2025.0,5.916666666666667,6.166666666666667,5.666666666666667,6.173517250123708,5.659816083209626,Central Asia,Overall
-1000.0,-900.0,4.6875,5.0,4.0,5.151012405443479,4.223987594556521,Central Asia,Subset: Culture & Lesure
-900.0,-800.0,5.3125,6.0,5.0,5.895461190818051,4.729538809181949,Central Asia,Subset: Culture & Lesure
-800.0,-700.0,5.5,6.0,5.0,6.0,5.0,Central Asia,Subset: Culture & Lesure
-700.0,-600.0,5.5625,6.0,5.0,6.426267185067829,4.698732814932171,Central Asia,Subset: Culture & Lesure
-600.0,-500.0,5.8125,6.0,5.0,6.53868437741389,5.08631562258611,Central Asia,Subset: Culture & Lesure
-500.0,-400.0,5.9375,7.0,5.0,6.764297284707684,5.110702715292316,Central Asia,Subset: Culture & Lesure
-400.0,-300.0,6.5625,7.0,6.0,7.058578370824611,6.066421629175389,Central Asia,Subset: Culture & Lesure
-300.0,-200.0,7.0625,8.0,7.0,7.809891296443837,6.315108703556163,Central Asia,Subset: Culture & Lesure
-200.0,-100.0,7.3125,8.0,7.0,7.895461190818051,6.729538809181949,Central Asia,Subset: Culture & Lesure
-100.0,0.0,7.125,7.6,7.0,7.609122918275928,6.6408770817240725,Central Asia,Subset: Culture & Lesure
0.0,100.0,6.5625,7.0,6.0,7.26683922934904,5.85816077065096,Central Asia,Subset: Culture & Lesure
100.0,200.0,6.125,7.0,5.0,7.117156741649222,5.132843258350778,Central Asia,Subset: Culture & Lesure
200.0,300.0,6.0,7.0,5.0,6.935414346693485,5.064585653306515,Central Asia,Subset: Culture & Lesure
300.0,400.0,6.3125,7.0,6.0,6.994294507164732,5.630705492835268,Central Asia,Subset: Culture & Lesure
400.0,500.0,6.1875,7.0,6.0,6.995177998957505,5.379822001042495,Central Asia,Subset: Culture & Lesure
500.0,600.0,6.75,7.0,6.4,7.3090169943749475,6.1909830056250525,Central Asia,Subset: Culture & Lesure
600.0,700.0,7.1875,8.0,7.0,7.714134360823523,6.660865639176477,Central Asia,Subset: Culture & Lesure
700.0,800.0,7.875,8.0,7.4,8.359122918275927,7.390877081724072,Central Asia,Subset: Culture & Lesure
800.0,900.0,8.1875,8.6,8.0,8.5778123748999,7.7971876251001,Central Asia,Subset: Culture & Lesure
900.0,1000.0,7.8125,8.0,7.0,8.446805722818263,7.178194277181737,Central Asia,Subset: Culture & Lesure
1000.0,1100.0,7.9375,8.0,8.0,8.179561459137963,7.695438540862036,Central Asia,Subset: Culture & Lesure
1100.0,1200.0,6.4375,8.0,5.0,7.936197351035225,4.938802648964775,Central Asia,Subset: Culture & Lesure
1200.0,1300.0,5.625,7.0,4.0,6.736024302164449,4.513975697835551,Central Asia,Subset: Culture & Lesure
1300.0,1400.0,7.625,9.0,6.0,9.07736875482778,6.1726312451722185,Central Asia,Subset: Culture & Lesure
1400.0,1500.0,8.0625,9.0,7.0,9.150430949095576,6.9745690509044245,Central Asia,Subset: Culture & Lesure
1500.0,1600.0,7.0,8.0,6.4,7.7905694150420945,6.2094305849579055,Central Asia,Subset: Culture & Lesure
1600.0,1700.0,6.125,6.6,6.0,6.6091229182759275,5.6408770817240725,Central Asia,Subset: Culture & Lesure
1700.0,1800.0,5.625,6.0,5.0,6.1091229182759275,5.1408770817240725,Central Asia,Subset: Culture & Lesure
1800.0,1900.0,6.0625,6.0,6.0,6.304561459137964,5.820438540862036,Central Asia,Subset: Culture & Lesure
1900.0,2000.0,6.625,7.0,6.0,7.1091229182759275,6.1408770817240725,Central Asia,Subset: Culture & Lesure
2000.0,2025.0,7.0,7.0,7.0,7.0,7.0,Central Asia,Subset: Culture & Lesure
-1000.0,-900.0,2.9375,3.0,3.0,3.1795614591379637,2.6954385408620363,Central Asia,Subset: Economic Opportunity
-900.0,-800.0,3.875,4.0,4.0,4.205718913883074,3.5442810861169263,Central Asia,Subset: Economic Opportunity
-800.0,-700.0,4.125,4.6,4.0,4.6091229182759275,3.640877081724073,Central Asia,Subset: Economic Opportunity
-700.0,-600.0,4.0625,5.0,3.0,4.809891296443837,3.3151087035561626,Central Asia,Subset: Economic Opportunity
-600.0,-500.0,4.25,5.0,3.4,5.0,3.5,Central Asia,Subset: Economic Opportunity
-500.0,-400.0,4.4375,5.0,4.0,5.14183922934904,3.73316077065096,Central Asia,Subset: Economic Opportunity
-400.0,-300.0,5.125,6.0,4.4,5.820970545353752,4.429029454646248,Central Asia,Subset: Economic Opportunity
-300.0,-200.0,5.625,6.0,5.0,6.617156741649222,4.632843258350778,Central Asia,Subset: Economic Opportunity
-200.0,-100.0,6.25,7.0,6.0,6.8090169943749475,5.6909830056250525,Central Asia,Subset: Economic Opportunity
-100.0,0.0,6.0,7.0,5.0,6.707106781186548,5.292893218813452,Central Asia,Subset: Economic Opportunity
0.0,100.0,5.25,6.0,5.0,6.0,4.5,Central Asia,Subset: Economic Opportunity
100.0,200.0,4.5,5.0,4.0,5.366025403784438,3.6339745962155616,Central Asia,Subset: Economic Opportunity
200.0,300.0,4.5625,5.6,4.0,5.350595013307406,3.7744049866925944,Central Asia,Subset: Economic Opportunity
300.0,400.0,4.8125,6.0,4.0,5.885972752332354,3.7390272476676456,Central Asia,Subset: Economic Opportunity
400.0,500.0,4.75,6.0,4.0,5.651387818865997,3.8486121811340026,Central Asia,Subset: Economic Opportunity
500.0,600.0,5.4375,6.0,5.0,6.14183922934904,4.73316077065096,Central Asia,Subset: Economic Opportunity
600.0,700.0,5.75,6.0,5.0,6.4114378277661475,5.0885621722338525,Central Asia,Subset: Economic Opportunity
700.0,800.0,6.5,7.0,6.0,7.207106781186548,5.792893218813452,Central Asia,Subset: Economic Opportunity
800.0,900.0,6.9375,7.0,7.0,7.179561459137964,6.695438540862036,Central Asia,Subset: Economic Opportunity
900.0,1000.0,6.5,7.0,6.0,7.112372435695795,5.887627564304205,Central Asia,Subset: Economic Opportunity
1000.0,1100.0,6.8125,7.0,6.0,7.339134360823523,6.285865639176477,Central Asia,Subset: Economic Opportunity
1100.0,1200.0,5.0,7.0,3.4,6.58113883008419,3.41886116991581,Central Asia,Subset: Economic Opportunity
1200.0,1300.0,4.1875,5.0,3.0,5.472935237575196,2.9020647624248044,Central Asia,Subset: Economic Opportunity
1300.0,1400.0,5.375,6.0,4.4,6.302024810886958,4.447975189113042,Central Asia,Subset: Economic Opportunity
1400.0,1500.0,5.8125,6.0,5.0,6.446805722818263,5.178194277181737,Central Asia,Subset: Economic Opportunity
1500.0,1600.0,5.375,6.0,5.0,6.070970545353752,4.679029454646248,Central Asia,Subset: Economic Opportunity
1600.0,1700.0,4.5,5.0,4.0,5.112372435695795,3.8876275643042058,Central Asia,Subset: Economic Opportunity
1700.0,1800.0,4.375,5.0,4.0,5.1556247497998,3.5943752502002004,Central Asia,Subset: Economic Opportunity
1800.0,1900.0,5.6875,6.0,5.0,6.151012405443479,5.223987594556521,Central Asia,Subset: Economic Opportunity
1900.0,2000.0,6.6875,7.0,6.0,7.151012405443479,6.223987594556521,Central Asia,Subset: Economic Opportunity
2000.0,2025.0,6.125,6.6,6.0,6.6091229182759275,5.6408770817240725,Central Asia,Subset: Economic Opportunity
-1000.0,-900.0,4.125,4.6,4.0,4.6091229182759275,3.640877081724073,Central Asia,Subset: Equality
-900.0,-800.0,4.125,4.6,4.0,4.6091229182759275,3.640877081724073,Central Asia,Subset: Equality
-800.0,-700.0,4.0,4.6,3.4,4.612372435695795,3.3876275643042053,Central Asia,Subset: Equality
-700.0,-600.0,4.0,5.0,3.0,4.707106781186548,3.2928932188134525,Central Asia,Subset: Equality
-600.0,-500.0,4.125,5.0,3.4,4.820970545353752,3.429029454646247,Central Asia,Subset: Equality
-500.0,-400.0,4.125,5.0,3.0,4.9056247497998,3.3443752502002004,Central Asia,Subset: Equality
-400.0,-300.0,4.5,5.0,4.0,5.0,4.0,Central Asia,Subset: Equality
-300.0,-200.0,4.9375,5.6,5.0,5.764297284707684,4.110702715292316,Central Asia,Subset: Equality
-200.0,-100.0,5.0625,5.6,5.0,5.618012151082224,4.506987848917776,Central Asia,Subset: Equality
-100.0,0.0,4.8125,5.0,4.0,5.339134360823523,4.285865639176477,Central Asia,Subset: Equality
0.0,100.0,4.4375,5.0,4.0,4.933578370824611,3.941421629175389,Central Asia,Subset: Equality
100.0,200.0,3.9375,4.6,3.0,4.595978359553296,3.279021640446704,Central Asia,Subset: Equality
200.0,300.0,3.75,4.0,3.0,4.4114378277661475,3.0885621722338525,Central Asia,Subset: Equality
300.0,400.0,4.0625,5.0,3.0,4.889297284707684,3.2357027152923155,Central Asia,Subset: Equality
400.0,500.0,4.125,5.0,3.4,4.820970545353752,3.429029454646247,Central Asia,Subset: Equality
500.0,600.0,4.5625,5.0,4.0,5.26683922934904,3.85816077065096,Central Asia,Subset: Equality
600.0,700.0,4.6875,5.0,4.0,5.151012405443479,4.223987594556521,Central Asia,Subset: Equality
700.0,800.0,5.125,6.0,5.0,5.72447894041409,4.52552105958591,Central Asia,Subset: Equality
800.0,900.0,5.875,6.0,6.0,6.205718913883074,5.544281086116926,Central Asia,Subset: Equality
900.0,1000.0,5.4375,6.0,5.0,6.04667464655056,4.82832535344944,Central Asia,Subset: Equality
1000.0,1100.0,5.5,6.0,5.0,6.0,5.0,Central Asia,Subset: Equality
1100.0,1200.0,4.0625,5.0,2.4,5.310936522214886,2.8140634777851137,Central Asia,Subset: Equality
1200.0,1300.0,3.25,4.0,2.0,4.151387818865997,2.3486121811340026,Central Asia,Subset: Equality
1300.0,1400.0,4.3125,5.0,3.4,5.080512857965282,3.5444871420347184,Central Asia,Subset: Equality
1400.0,1500.0,4.8125,5.6,4.0,5.53868437741389,4.08631562258611,Central Asia,Subset: Equality
1500.0,1600.0,4.5,5.0,4.0,5.112372435695795,3.8876275643042058,Central Asia,Subset: Equality
1600.0,1700.0,3.8125,4.0,3.0,4.339134360823523,3.2858656391764773,Central Asia,Subset: Equality
1700.0,1800.0,3.4375,4.0,3.0,4.04667464655056,2.82832535344944,Central Asia,Subset: Equality
1800.0,1900.0,4.0,5.0,3.0,4.7905694150420945,3.209430584957905,Central Asia,Subset: Equality
1900.0,2000.0,5.1875,6.0,4.4,5.91368437741389,4.46131562258611,Central Asia,Subset: Equality
2000.0,2025.0,4.875,5.0,5.0,5.205718913883074,4.544281086116926,Central Asia,Subset: Equality
-1000.0,-900.0,3.0,3.0,3.0,3.0,3.0,Central Asia,Subset: Freedom
-900.0,-800.0,3.0625,3.0,3.0,3.3045614591379637,2.8204385408620363,Central Asia,Subset: Freedom
-800.0,-700.0,3.0625,3.5999999999999996,3.0,3.618012151082224,2.5069878489177757,Central Asia,Subset: Freedom
-700.0,-600.0,3.0,4.0,2.0,3.707106781186547,2.2928932188134525,Central Asia,Subset: Freedom
-600.0,-500.0,3.3125,4.0,3.0,3.994294507164732,2.630705492835268,Central Asia,Subset: Freedom
-500.0,-400.0,3.4375,4.0,3.0,4.04667464655056,2.82832535344944,Central Asia,Subset: Freedom
-400.0,-300.0,4.0625,4.0,4.0,4.490978412525065,3.634021587474934,Central Asia,Subset: Freedom
-300.0,-200.0,4.625,5.0,4.0,5.4056247497998,3.8443752502002,Central Asia,Subset: Freedom
-200.0,-100.0,4.9375,5.0,5.0,5.493012151082224,4.381987848917776,Central Asia,Subset: Freedom
-100.0,0.0,4.625,5.0,4.0,5.320970545353752,3.929029454646247,Central Asia,Subset: Freedom
0.0,100.0,4.0625,4.6,4.0,4.618012151082224,3.5069878489177757,Central Asia,Subset: Freedom
100.0,200.0,3.375,4.0,3.0,4.1556247497998,2.5943752502002004,Central Asia,Subset: Freedom
200.0,300.0,3.4375,4.0,3.0,4.14183922934904,2.7331607706509597,Central Asia,Subset: Freedom
300.0,400.0,3.625,4.6,3.0,4.481956825050131,2.7680431749498693,Central Asia,Subset: Freedom
400.0,500.0,3.625,4.6,3.0,4.481956825050131,2.7680431749498693,Central Asia,Subset: Freedom
500.0,600.0,4.25,5.0,3.4,5.0,3.5,Central Asia,Subset: Freedom
600.0,700.0,4.1875,5.0,4.0,4.821805722818263,3.553194277181736,Central Asia,Subset: Freedom
700.0,800.0,5.0,6.0,4.0,5.707106781186548,4.292893218813452,Central Asia,Subset: Freedom
800.0,900.0,6.0,6.6,5.4,6.612372435695795,5.387627564304205,Central Asia,Subset: Freedom
900.0,1000.0,5.4375,6.0,5.0,6.225595013307406,4.649404986692594,Central Asia,Subset: Freedom
1000.0,1100.0,5.5625,6.0,5.0,6.350595013307406,4.774404986692594,Central Asia,Subset: Freedom
1100.0,1200.0,3.875,5.0,2.4,5.143611445636528,2.6063885543634724,Central Asia,Subset: Freedom
1200.0,1300.0,2.875,4.6,2.0,4.09334929310112,1.6566507068988796,Central Asia,Subset: Freedom
1300.0,1400.0,4.25,5.0,3.0,5.218245836551854,3.281754163448146,Central Asia,Subset: Freedom
1400.0,1500.0,4.9375,6.0,4.0,5.836718410621135,4.038281589378865,Central Asia,Subset: Freedom
1500.0,1600.0,4.5,5.0,4.0,5.2905694150420945,3.709430584957905,Central Asia,Subset: Freedom
1600.0,1700.0,3.5625,4.0,3.0,4.17167464655056,2.95332535344944,Central Asia,Subset: Freedom
1700.0,1800.0,2.9375,3.0,2.4,3.4930121510822243,2.3819878489177757,Central Asia,Subset: Freedom
1800.0,1900.0,3.8125,4.0,3.0,4.339134360823523,3.2858656391764773,Central Asia,Subset: Freedom
1900.0,2000.0,3.875,5.0,3.0,4.867156741649222,2.8828432583507784,Central Asia,Subset: Freedom
2000.0,2025.0,5.5,6.0,5.0,6.0,5.0,Central Asia,Subset: Freedom
-1000.0,-900.0,4.0,4.0,4.0,4.0,4.0,Central Asia,Subset: Health & Wellbeing
-900.0,-800.0,4.1875,4.6,4.0,4.5778123748999,3.7971876251001,Central Asia,Subset: Health & Wellbeing
-800.0,-700.0,4.5625,5.0,4.0,5.058578370824611,4.066421629175389,Central Asia,Subset: Health & Wellbeing
-700.0,-600.0,4.5,5.0,4.0,5.112372435695795,3.8876275643042058,Central Asia,Subset: Health & Wellbeing
-600.0,-500.0,4.75,5.0,4.0,5.3090169943749475,4.1909830056250525,Central Asia,Subset: Health & Wellbeing
-500.0,-400.0,4.6875,5.0,4.0,5.369294507164732,4.005705492835268,Central Asia,Subset: Health & Wellbeing
-400.0,-300.0,5.125,5.6,5.0,5.6091229182759275,4.6408770817240725,Central Asia,Subset: Health & Wellbeing
-300.0,-200.0,5.5625,6.0,5.0,6.17167464655056,4.95332535344944,Central Asia,Subset: Health & Wellbeing
-200.0,-100.0,5.9375,6.0,6.0,6.365978412525065,5.509021587474935,Central Asia,Subset: Health & Wellbeing
-100.0,0.0,5.75,6.0,5.0,6.3090169943749475,5.1909830056250525,Central Asia,Subset: Health & Wellbeing
0.0,100.0,5.1875,5.0,5.0,5.714134360823523,4.660865639176477,Central Asia,Subset: Health & Wellbeing
100.0,200.0,4.6875,5.0,4.0,5.369294507164732,4.005705492835268,Central Asia,Subset: Health & Wellbeing
200.0,300.0,4.625,5.0,4.0,5.320970545353752,3.929029454646247,Central Asia,Subset: Health & Wellbeing
300.0,400.0,4.75,5.0,4.0,5.4114378277661475,4.0885621722338525,Central Asia,Subset: Health & Wellbeing
400.0,500.0,4.8125,5.0,4.0,5.446805722818263,4.178194277181737,Central Asia,Subset: Health & Wellbeing
500.0,600.0,5.25,6.0,5.0,5.9114378277661475,4.5885621722338525,Central Asia,Subset: Health & Wellbeing
600.0,700.0,5.5625,6.0,5.0,6.058578370824611,5.066421629175389,Central Asia,Subset: Health & Wellbeing
700.0,800.0,6.0,6.0,6.0,6.5,5.5,Central Asia,Subset: Health & Wellbeing
800.0,900.0,6.8125,7.0,6.4,7.2028123748999,6.4221876251001,Central Asia,Subset: Health & Wellbeing
900.0,1000.0,6.4375,7.0,6.0,7.04667464655056,5.82832535344944,Central Asia,Subset: Health & Wellbeing
1000.0,1100.0,6.5,7.0,6.0,7.0,6.0,Central Asia,Subset: Health & Wellbeing
1100.0,1200.0,4.9375,6.0,3.4,6.282339674459376,3.592660325540624,Central Asia,Subset: Health & Wellbeing
1200.0,1300.0,3.875,5.0,3.0,4.928268721647045,2.821731278352955,Central Asia,Subset: Health & Wellbeing
1300.0,1400.0,5.25,6.0,5.0,6.0,4.5,Central Asia,Subset: Health & Wellbeing
1400.0,1500.0,5.75,6.0,5.0,6.18301270189222,5.31698729810778,Central Asia,Subset: Health & Wellbeing
1500.0,1600.0,5.375,6.0,5.0,6.070970545353752,4.679029454646248,Central Asia,Subset: Health & Wellbeing
1600.0,1700.0,4.75,5.0,4.0,5.3090169943749475,4.1909830056250525,Central Asia,Subset: Health & Wellbeing
1700.0,1800.0,4.6875,5.0,4.0,5.270461190818051,4.104538809181949,Central Asia,Subset: Health & Wellbeing
1800.0,1900.0,5.6875,6.0,5.0,6.151012405443479,5.223987594556521,Central Asia,Subset: Health & Wellbeing
1900.0,2000.0,6.5625,7.0,6.0,7.17167464655056,5.95332535344944,Central Asia,Subset: Health & Wellbeing
2000.0,2025.0,6.6875,7.0,6.0,7.151012405443479,6.223987594556521,Central Asia,Subset: Health & Wellbeing
-1000.0,-900.0,5.75,6.0,6.0,6.5,5.0,Central Asia,Subset: Peace
-900.0,-800.0,5.6875,6.0,5.0,6.270461190818051,5.104538809181949,Central Asia,Subset: Peace
-800.0,-700.0,5.125,5.0,5.0,5.455718913883074,4.794281086116926,Central Asia,Subset: Peace
-700.0,-600.0,4.75,5.6,4.0,5.5,4.0,Central Asia,Subset: Peace
-600.0,-500.0,4.8125,5.6,4.0,5.694170998729118,3.930829001270882,Central Asia,Subset: Peace
-500.0,-400.0,4.5625,5.0,4.0,5.495824032691755,3.629175967308245,Central Asia,Subset: Peace
-400.0,-300.0,5.25,6.0,5.0,5.9114378277661475,4.5885621722338525,Central Asia,Subset: Peace
-300.0,-200.0,5.9375,7.0,5.0,6.966379852072146,4.908620147927854,Central Asia,Subset: Peace
-200.0,-100.0,6.4375,7.0,6.0,7.04667464655056,5.82832535344944,Central Asia,Subset: Peace
-100.0,0.0,5.8125,7.0,5.0,6.885972752332354,4.739027247667646,Central Asia,Subset: Peace
0.0,100.0,4.8125,5.0,4.0,5.446805722818263,4.178194277181737,Central Asia,Subset: Peace
100.0,200.0,4.0625,5.0,3.0,5.028726552108769,3.096273447891231,Central Asia,Subset: Peace
200.0,300.0,3.9375,5.0,3.0,4.836718410621135,3.0382815893788653,Central Asia,Subset: Peace
300.0,400.0,4.3125,6.0,3.0,5.573390062614501,3.051609937385499,Central Asia,Subset: Peace
400.0,500.0,4.625,6.0,3.0,5.736024302164449,3.5139756978355514,Central Asia,Subset: Peace
500.0,600.0,5.25,6.0,4.0,6.218245836551854,4.281754163448146,Central Asia,Subset: Peace
600.0,700.0,5.0,6.0,4.0,6.0,4.0,Central Asia,Subset: Peace
700.0,800.0,5.5,6.0,5.0,6.2905694150420945,4.7094305849579055,Central Asia,Subset: Peace
800.0,900.0,6.625,7.0,6.0,7.1091229182759275,6.1408770817240725,Central Asia,Subset: Peace
900.0,1000.0,5.6875,7.0,5.0,6.532984328654293,4.842015671345707,Central Asia,Subset: Peace
1000.0,1100.0,5.6875,6.0,5.0,6.532984328654293,4.842015671345707,Central Asia,Subset: Peace
1100.0,1200.0,3.625,5.199999999999999,2.0,5.0773687548277815,2.1726312451722185,Central Asia,Subset: Peace
1200.0,1300.0,3.4375,5.0,2.0,5.094634197945356,1.7803658020546436,Central Asia,Subset: Peace
1300.0,1400.0,4.6875,5.6,4.0,5.603929893663449,3.771070106336551,Central Asia,Subset: Peace
1400.0,1500.0,5.1875,6.0,4.0,6.2010796712641785,4.1739203287358215,Central Asia,Subset: Peace
1500.0,1600.0,4.875,5.6,4.0,5.731956825050131,4.018043174949869,Central Asia,Subset: Peace
1600.0,1700.0,3.875,4.6,3.0,4.731956825050131,3.0180431749498693,Central Asia,Subset: Peace
1700.0,1800.0,3.5,4.0,3.0,4.2905694150420945,2.709430584957905,Central Asia,Subset: Peace
1800.0,1900.0,4.5625,5.0,4.0,5.26683922934904,3.85816077065096,Central Asia,Subset: Peace
1900.0,2000.0,4.625,6.0,4.0,5.617156741649222,3.6328432583507784,Central Asia,Subset: Peace
2000.0,2025.0,5.3125,6.0,5.0,5.895461190818051,4.729538809181949,Central Asia,Subset: Peace
-1000.0,-900.0,2193750.0,3500000.0,1000000.0,3575989.464600834,811510.5353991662,Central Asia,Subset: Population
-900.0,-800.0,2331250.0,3660000.0,1140000.0,3747106.0793738887,915393.9206261112,Central Asia,Subset: Population
-800.0,-700.0,2475000.0,3820000.0,1280000.0,3929518.820778886,1020481.1792211144,Central Asia,Subset: Population
-700.0,-600.0,2612500.0,3980000.0,1380000.0,4102414.0075856727,1122585.992414327,Central Asia,Subset: Population
-600.0,-500.0,2756250.0,4180000.0,1480000.0,4287168.331427252,1225331.6685727483,Central Asia,Subset: Population
-500.0,-400.0,2893750.0,4380000.0,1580000.0,4461578.41455945,1325921.5854405495,Central Asia,Subset: Population
-400.0,-300.0,3043750.0,4620000.0,1680000.0,4658900.438039752,1428599.5619602487,Central Asia,Subset: Population
-300.0,-200.0,3200000.0,4860000.0,1780000.0,4883374.586953242,1516625.4130467577,Central Asia,Subset: Population
-200.0,-100.0,3356250.0,5060000.0,1880000.0,5115855.335721621,1596644.6642783785,Central Asia,Subset: Population
-100.0,0.0,3525000.0,5260000.0,1980000.0,5370094.848510504,1679905.151489496,Central Asia,Subset: Population
0.0,100.0,3693750.0,5500000.0,2080000.0,5620362.555108058,1767137.444891942,Central Asia,Subset: Population
100.0,200.0,3862500.0,5760000.0,2180000.0,5872747.186293268,1852252.813706732,Central Asia,Subset: Population
200.0,300.0,4018750.0,5960000.0,2280000.0,6112257.448637335,1925242.5513626656,Central Asia,Subset: Population
300.0,400.0,4175000.0,6160000.0,2380000.0,6353158.62599582,1996841.3740041796,Central Asia,Subset: Population
400.0,500.0,4337500.0,6420000.0,2480000.0,6607377.47466686,2067622.5253331405,Central Asia,Subset: Population
500.0,600.0,4493750.0,6620000.0,2580000.0,6850513.8696950525,2136986.130304947,Central Asia,Subset: Population
600.0,700.0,4668750.0,6880000.0,2680000.0,7125047.709460317,2212452.290539683,Central Asia,Subset: Population
700.0,800.0,4843750.0,7080000.0,2780000.0,7376774.069664558,2310725.930335442,Central Asia,Subset: Population
800.0,900.0,5050000.0,7340000.0,2880000.0,7667250.465660481,2432749.5343395197,Central Asia,Subset: Population
900.0,1000.0,5262500.0,7600000.0,3020000.0,7949244.079736661,2575755.9202633384,Central Asia,Subset: Population
1000.0,1100.0,5468750.0,7800000.0,3160000.0,8223227.8883665055,2714272.111633495,Central Asia,Subset: Population
1100.0,1200.0,5650000.0,8000000.0,3300000.0,8481739.747928824,2818260.2520711757,Central Asia,Subset: Population
1200.0,1300.0,5418750.0,8260000.0,3200000.0,8503028.430605771,2334471.5693942285,Central Asia,Subset: Population
1300.0,1400.0,4781250.0,6880000.0,2640000.0,7227220.857859922,2335279.1421400784,Central Asia,Subset: Population
1400.0,1500.0,4987500.0,7080000.0,2800000.0,7528138.453223914,2446861.5467760866,Central Asia,Subset: Population
1500.0,1600.0,5181250.0,7280000.0,3000000.0,7818061.225230202,2544438.774769798,Central Asia,Subset: Population
1600.0,1700.0,5356250.0,7480000.0,3200000.0,8077915.1038472755,2634584.8961527245,Central Asia,Subset: Population
1700.0,1800.0,5543750.0,7680000.0,3500000.0,8330766.493941147,2756733.5060588536,Central Asia,Subset: Population
1800.0,1900.0,5893750.0,7880000.0,4000000.0,8760034.34344885,3027465.656551151,Central Asia,Subset: Population
1900.0,2000.0,10687500.0,12000000.0,5800000.0,16632232.437208593,4742767.562791409,Central Asia,Subset: Population
2000.0,2025.0,19343750.0,19000000.0,8100000.0,34170582.46474108,4516917.535258921,Central Asia,Subset: Population
-1000.0,-900.0,3.825,4.0,3.6666666666666665,4.038924960883224,3.611075039116776,East Africa & the Horn,Overall
-900.0,-800.0,3.9833333333333343,4.166666666666667,3.8333333333333335,4.157338441815177,3.809328224851492,East Africa & the Horn,Overall
-800.0,-700.0,4.241666666666666,4.493333333333333,4.0,4.45559162754989,4.027741705783442,East Africa & the Horn,Overall
-700.0,-600.0,4.533333333333334,4.833333333333333,4.166666666666667,4.926327537418387,4.140339129248281,East Africa & the Horn,Overall
-600.0,-500.0,4.866666666666666,5.333333333333333,4.180000000000001,5.379285216640989,4.3540481166923435,East Africa & the Horn,Overall
-500.0,-400.0,5.374999999999999,5.826666666666666,4.846666666666667,5.827999264164228,4.92200073583577,East Africa & the Horn,Overall
-400.0,-300.0,5.433333333333334,5.833333333333333,5.166666666666667,5.934443212612431,4.9322234540542365,East Africa & the Horn,Overall
-300.0,-200.0,5.4833333333333325,5.993333333333333,5.0,6.007472839783879,4.959193826882786,East Africa & the Horn,Overall
-200.0,-100.0,5.374999999999999,6.16,4.5,6.110744143330032,4.639255856669966,East Africa & the Horn,Overall
-100.0,0.0,5.408333333333333,6.16,4.5,6.203238988112566,4.613427678554101,East Africa & the Horn,Overall
0.0,100.0,5.225,6.16,4.5,5.980121403042804,4.469878596957195,East Africa & the Horn,Overall
100.0,200.0,5.133333333333332,5.493333333333333,4.833333333333333,5.526327537418386,4.740339129248278,East Africa & the Horn,Overall
200.0,300.0,4.8999999999999995,5.333333333333333,4.34,5.354606056566195,4.445393943433804,East Africa & the Horn,Overall
300.0,400.0,4.908333333333333,5.493333333333333,4.333333333333333,5.433994292930339,4.382672373736328,East Africa & the Horn,Overall
400.0,500.0,5.225,5.826666666666666,4.506666666666667,5.736737237261468,4.713262762738531,East Africa & the Horn,Overall
500.0,600.0,5.366666666666666,5.666666666666667,5.006666666666667,5.68551877449515,5.047814558838183,East Africa & the Horn,Overall
600.0,700.0,5.441666666666668,5.666666666666667,5.0,5.844003590152445,5.039329743180891,East Africa & the Horn,Overall
700.0,800.0,5.333333333333334,5.993333333333333,4.833333333333333,5.855082528083285,4.811584138583383,East Africa & the Horn,Overall
800.0,900.0,5.541666666666667,5.993333333333333,5.173333333333334,6.015642170018663,5.067691163314671,East Africa & the Horn,Overall
900.0,1000.0,5.758333333333334,6.166666666666667,5.34,6.129049606992254,5.3876170596744135,East Africa & the Horn,Overall
1000.0,1100.0,5.941666666666667,6.493333333333333,5.666666666666667,6.367482876368041,5.5158504569652935,East Africa & the Horn,Overall
1100.0,1200.0,5.916666666666666,6.493333333333333,5.5,6.418053631883043,5.415279701450289,East Africa & the Horn,Overall
1200.0,1300.0,5.591666666666665,6.319999999999999,5.0,6.174940473153235,5.008392860180095,East Africa & the Horn,Overall
1300.0,1400.0,4.958333333333333,5.666666666666667,4.0,5.710875321825965,4.205791344840701,East Africa & the Horn,Overall
1400.0,1500.0,4.824999999999999,5.326666666666666,4.5,5.276771205614326,4.373228794385673,East Africa & the Horn,Overall
1500.0,1600.0,4.308333333333334,4.666666666666667,3.673333333333334,4.809096639585787,3.80757002708088,East Africa & the Horn,Overall
1600.0,1700.0,3.975000000000001,4.819999999999999,3.506666666666667,4.528461330577345,3.4215386694226564,East Africa & the Horn,Overall
1700.0,1800.0,3.708333333333333,4.166666666666667,3.006666666666667,4.313576626930581,3.1030900397360854,East Africa & the Horn,Overall
1800.0,1900.0,3.224999999999999,3.6666666666666665,2.6733333333333333,3.657290411644764,2.792709588355234,East Africa & the Horn,Overall
1900.0,2000.0,4.883333333333333,5.16,4.506666666666667,5.186556756644337,4.580109910022329,East Africa & the Horn,Overall
2000.0,2025.0,5.591666666666666,5.833333333333333,5.333333333333333,5.872908950511436,5.310424382821896,East Africa & the Horn,Overall
-1000.0,-900.0,4.3,5.0,4.0,4.9403124237432845,3.659687576256715,East Africa & the Horn,Subset: Culture & Lesure
-900.0,-800.0,4.4,5.0,4.0,4.98309518948453,3.8169048105154704,East Africa & the Horn,Subset: Culture & Lesure
-800.0,-700.0,5.25,6.0,5.0,5.78619026473818,4.71380973526182,East Africa & the Horn,Subset: Culture & Lesure
-700.0,-600.0,5.5,6.0,5.0,6.091607978309962,4.908392021690038,East Africa & the Horn,Subset: Culture & Lesure
-600.0,-500.0,5.85,6.959999999999999,5.0,6.576291952316697,5.123708047683302,East Africa & the Horn,Subset: Culture & Lesure
-500.0,-400.0,6.55,7.0,6.0,7.13949130612758,5.96050869387242,East Africa & the Horn,Subset: Culture & Lesure
-400.0,-300.0,6.5,7.0,6.0,7.241619848709567,5.758380151290433,East Africa & the Horn,Subset: Culture & Lesure
-300.0,-200.0,6.65,7.0,6.0,7.303834841531101,5.9961651584689,East Africa & the Horn,Subset: Culture & Lesure
-200.0,-100.0,6.65,7.959999999999999,6.0,7.613068014212912,5.686931985787089,East Africa & the Horn,Subset: Culture & Lesure
-100.0,0.0,6.7,7.959999999999999,5.04,7.704987562112089,5.695012437887911,East Africa & the Horn,Subset: Culture & Lesure
0.0,100.0,6.5,7.0,6.0,7.366025403784438,5.633974596215562,East Africa & the Horn,Subset: Culture & Lesure
100.0,200.0,6.55,7.0,6.0,7.0474937185533095,6.05250628144669,East Africa & the Horn,Subset: Culture & Lesure
200.0,300.0,6.45,7.0,6.0,6.94749371855331,5.9525062814466905,East Africa & the Horn,Subset: Culture & Lesure
300.0,400.0,6.5,7.0,6.0,7.091607978309962,5.908392021690038,East Africa & the Horn,Subset: Culture & Lesure
400.0,500.0,6.8,7.0,6.04,7.2,6.3999999999999995,East Africa & the Horn,Subset: Culture & Lesure
500.0,600.0,7.0,7.0,7.0,7.316227766016838,6.683772233983162,East Africa & the Horn,Subset: Culture & Lesure
600.0,700.0,7.05,7.0,7.0,7.547493718553309,6.55250628144669,East Africa & the Horn,Subset: Culture & Lesure
700.0,800.0,6.9,7.0,6.0,7.52449979983984,6.2755002001601605,East Africa & the Horn,Subset: Culture & Lesure
800.0,900.0,7.1,7.959999999999999,7.0,7.638516480713451,6.561483519286549,East Africa & the Horn,Subset: Culture & Lesure
900.0,1000.0,7.15,7.0,7.0,7.507071421427143,6.792928578572858,East Africa & the Horn,Subset: Culture & Lesure
1000.0,1100.0,7.3,8.0,7.0,7.758257569495584,6.841742430504416,East Africa & the Horn,Subset: Culture & Lesure
1100.0,1200.0,7.35,8.0,7.0,7.826969600708472,6.873030399291527,East Africa & the Horn,Subset: Culture & Lesure
1200.0,1300.0,7.15,8.0,7.0,7.803834841531101,6.4961651584689,East Africa & the Horn,Subset: Culture & Lesure
1300.0,1400.0,6.6,7.0,6.0,7.334846922834953,5.865153077165046,East Africa & the Horn,Subset: Culture & Lesure
1400.0,1500.0,6.3,7.0,6.0,6.7582575694955835,5.841742430504416,East Africa & the Horn,Subset: Culture & Lesure
1500.0,1600.0,5.95,6.0,5.04,6.53949130612758,5.36050869387242,East Africa & the Horn,Subset: Culture & Lesure
1600.0,1700.0,5.5,6.0,5.0,6.241619848709567,4.758380151290433,East Africa & the Horn,Subset: Culture & Lesure
1700.0,1800.0,5.2,6.0,5.0,5.8782329983125265,4.521767001687474,East Africa & the Horn,Subset: Culture & Lesure
1800.0,1900.0,4.7,5.0,4.0,5.256776436283002,4.143223563716998,East Africa & the Horn,Subset: Culture & Lesure
1900.0,2000.0,6.0,6.0,6.0,6.316227766016838,5.683772233983162,East Africa & the Horn,Subset: Culture & Lesure
2000.0,2025.0,6.8,7.0,6.04,7.2,6.3999999999999995,East Africa & the Horn,Subset: Culture & Lesure
-1000.0,-900.0,2.2,2.959999999999999,2.0,2.6,1.8000000000000005,East Africa & the Horn,Subset: Economic Opportunity
-900.0,-800.0,3.2,3.959999999999999,3.0,3.6,2.8000000000000003,East Africa & the Horn,Subset: Economic Opportunity
-800.0,-700.0,3.4,4.0,3.0,3.889897948556636,2.910102051443364,East Africa & the Horn,Subset: Economic Opportunity
-700.0,-600.0,3.9,4.0,3.0,4.524499799839839,3.27550020016016,East Africa & the Horn,Subset: Economic Opportunity
-600.0,-500.0,4.35,5.0,4.0,5.142148975887743,3.5578510241122565,East Africa & the Horn,Subset: Economic Opportunity
-500.0,-400.0,5.0,5.959999999999999,4.04,5.632455532033676,4.367544467966324,East Africa & the Horn,Subset: Economic Opportunity
-400.0,-300.0,5.25,6.0,5.0,5.872494979899437,4.627505020100563,East Africa & the Horn,Subset: Economic Opportunity
-300.0,-200.0,5.4,6.0,5.0,6.06332495807108,4.736675041928921,East Africa & the Horn,Subset: Economic Opportunity
-200.0,-100.0,5.3,6.0,4.04,6.081024967590666,4.518975032409334,East Africa & the Horn,Subset: Economic Opportunity
-100.0,0.0,5.45,6.0,4.04,6.314580823289529,4.585419176710471,East Africa & the Horn,Subset: Economic Opportunity
0.0,100.0,5.05,6.0,4.04,5.914580823289529,4.185419176710471,East Africa & the Horn,Subset: Economic Opportunity
100.0,200.0,5.15,6.0,5.0,5.72227615711298,4.57772384288702,East Africa & the Horn,Subset: Economic Opportunity
200.0,300.0,4.9,5.959999999999999,4.0,5.6000000000000005,4.2,East Africa & the Horn,Subset: Economic Opportunity
300.0,400.0,4.9,5.959999999999999,4.0,5.6000000000000005,4.2,East Africa & the Horn,Subset: Economic Opportunity
400.0,500.0,5.25,6.0,5.0,5.872494979899437,4.627505020100563,East Africa & the Horn,Subset: Economic Opportunity
500.0,600.0,5.5,6.0,5.0,6.0,5.0,East Africa & the Horn,Subset: Economic Opportunity
600.0,700.0,5.6,6.0,5.0,6.089897948556636,5.110102051443364,East Africa & the Horn,Subset: Economic Opportunity
700.0,800.0,5.7,6.0,5.0,6.256776436283002,5.143223563716998,East Africa & the Horn,Subset: Economic Opportunity
800.0,900.0,5.85,6.0,5.04,6.326969600708472,5.373030399291527,East Africa & the Horn,Subset: Economic Opportunity
900.0,1000.0,5.9,6.0,6.0,6.335889894354068,5.464110105645933,East Africa & the Horn,Subset: Economic Opportunity
1000.0,1100.0,6.3,7.0,6.0,6.856776436283002,5.743223563716998,East Africa & the Horn,Subset: Economic Opportunity
1100.0,1200.0,6.25,7.0,6.0,6.872494979899437,5.627505020100563,East Africa & the Horn,Subset: Economic Opportunity
1200.0,1300.0,6.1,7.0,5.04,6.8,5.3999999999999995,East Africa & the Horn,Subset: Economic Opportunity
1300.0,1400.0,5.5,6.0,5.0,6.4219544457292885,4.5780455542707115,East Africa & the Horn,Subset: Economic Opportunity
1400.0,1500.0,5.25,6.0,5.0,5.872494979899437,4.627505020100563,East Africa & the Horn,Subset: Economic Opportunity
1500.0,1600.0,4.8,5.0,4.0,5.478232998312526,4.1217670016874735,East Africa & the Horn,Subset: Economic Opportunity
1600.0,1700.0,4.3,5.0,4.0,4.9403124237432845,3.659687576256715,East Africa & the Horn,Subset: Economic Opportunity
1700.0,1800.0,4.05,5.0,3.04,4.718954408012983,3.3810455919870175,East Africa & the Horn,Subset: Economic Opportunity
1800.0,1900.0,3.55,4.0,3.0,4.0474937185533095,3.0525062814466897,East Africa & the Horn,Subset: Economic Opportunity
1900.0,2000.0,5.5,6.0,5.0,6.0,5.0,East Africa & the Horn,Subset: Economic Opportunity
2000.0,2025.0,6.1,6.0,6.0,6.3999999999999995,5.8,East Africa & the Horn,Subset: Economic Opportunity
-1000.0,-900.0,3.95,4.0,4.0,4.167944947177034,3.7320550528229663,East Africa & the Horn,Subset: Equality
-900.0,-800.0,3.95,4.0,4.0,4.167944947177034,3.7320550528229663,East Africa & the Horn,Subset: Equality
-800.0,-700.0,3.95,4.0,4.0,4.33405728739343,3.56594271260657,East Africa & the Horn,Subset: Equality
-700.0,-600.0,4.1,4.0,4.0,4.535889894354067,3.664110105645933,East Africa & the Horn,Subset: Equality
-600.0,-500.0,4.4,5.0,4.0,5.06332495807108,3.73667504192892,East Africa & the Horn,Subset: Equality
-500.0,-400.0,4.8,5.0,4.0,5.3099019513592784,4.290098048640721,East Africa & the Horn,Subset: Equality
-400.0,-300.0,4.8,5.0,4.0,5.478232998312527,4.121767001687473,East Africa & the Horn,Subset: Equality
-300.0,-200.0,4.75,5.0,4.0,5.372494979899437,4.127505020100563,East Africa & the Horn,Subset: Equality
-200.0,-100.0,4.7,5.0,4.0,5.340312423743285,4.0596875762567155,East Africa & the Horn,Subset: Equality
-100.0,0.0,4.7,5.0,4.0,5.414142842854285,3.9858571571457153,East Africa & the Horn,Subset: Equality
0.0,100.0,4.65,5.0,4.0,5.303834841531101,3.9961651584688993,East Africa & the Horn,Subset: Equality
100.0,200.0,4.55,5.0,4.0,5.13949130612758,3.96050869387242,East Africa & the Horn,Subset: Equality
200.0,300.0,4.3,5.0,4.0,4.9403124237432845,3.659687576256715,East Africa & the Horn,Subset: Equality
300.0,400.0,4.25,5.0,4.0,4.948212002188447,3.551787997811553,East Africa & the Horn,Subset: Equality
400.0,500.0,4.5,5.0,4.0,5.091607978309962,3.9083920216900383,East Africa & the Horn,Subset: Equality
500.0,600.0,4.6,5.0,4.0,5.089897948556636,4.110102051443364,East Africa & the Horn,Subset: Equality
600.0,700.0,4.6,5.0,4.0,5.183095189484529,4.01690481051547,East Africa & the Horn,Subset: Equality
700.0,800.0,4.4,5.0,4.0,4.98309518948453,3.8169048105154704,East Africa & the Horn,Subset: Equality
800.0,900.0,4.7,5.0,4.0,5.256776436283002,4.143223563716998,East Africa & the Horn,Subset: Equality
900.0,1000.0,5.15,5.959999999999999,5.0,5.626969600708473,4.673030399291528,East Africa & the Horn,Subset: Equality
1000.0,1100.0,5.15,5.959999999999999,5.0,5.626969600708473,4.673030399291528,East Africa & the Horn,Subset: Equality
1100.0,1200.0,5.1,5.959999999999999,5.0,5.6385164807134505,4.561483519286549,East Africa & the Horn,Subset: Equality
1200.0,1300.0,4.8,5.0,4.0,5.478232998312527,4.121767001687473,East Africa & the Horn,Subset: Equality
1300.0,1400.0,4.3,5.0,4.0,5.081024967590666,3.5189750324093345,East Africa & the Horn,Subset: Equality
1400.0,1500.0,4.25,5.0,4.0,4.872494979899437,3.627505020100563,East Africa & the Horn,Subset: Equality
1500.0,1600.0,3.75,4.0,3.0,4.372494979899437,3.127505020100563,East Africa & the Horn,Subset: Equality
1600.0,1700.0,3.4,4.0,3.0,4.134846922834953,2.6651530771650465,East Africa & the Horn,Subset: Equality
1700.0,1800.0,3.1,3.959999999999999,3.0,3.8,2.4000000000000004,East Africa & the Horn,Subset: Equality
1800.0,1900.0,2.65,3.0,2.0,3.22227615711298,2.07772384288702,East Africa & the Horn,Subset: Equality
1900.0,2000.0,4.05,4.0,4.0,4.54749371855331,3.5525062814466897,East Africa & the Horn,Subset: Equality
2000.0,2025.0,4.65,5.0,4.0,5.126969600708473,4.173030399291528,East Africa & the Horn,Subset: Equality
-1000.0,-900.0,3.0,3.0,3.0,3.0,3.0,East Africa & the Horn,Subset: Freedom
-900.0,-800.0,3.0,3.0,3.0,3.0,3.0,East Africa & the Horn,Subset: Freedom
-800.0,-700.0,3.2,3.959999999999999,3.0,3.6,2.8000000000000003,East Africa & the Horn,Subset: Freedom
-700.0,-600.0,3.6,4.0,3.0,4.18309518948453,3.01690481051547,East Africa & the Horn,Subset: Freedom
-600.0,-500.0,4.05,4.959999999999999,4.0,4.63949130612758,3.46050869387242,East Africa & the Horn,Subset: Freedom
-500.0,-400.0,4.55,5.0,4.0,5.13949130612758,3.96050869387242,East Africa & the Horn,Subset: Freedom
-400.0,-300.0,4.6,5.0,4.0,5.263324958071079,3.93667504192892,East Africa & the Horn,Subset: Freedom
-300.0,-200.0,4.6,5.0,4.0,5.183095189484529,4.01690481051547,East Africa & the Horn,Subset: Freedom
-200.0,-100.0,4.55,5.0,4.0,5.354673846971554,3.7453261530284454,East Africa & the Horn,Subset: Freedom
-100.0,0.0,4.55,5.0,3.04,5.470597631976099,3.629402368023902,East Africa & the Horn,Subset: Freedom
0.0,100.0,4.45,5.0,4.0,5.314580823289529,3.585419176710471,East Africa & the Horn,Subset: Freedom
100.0,200.0,4.3,5.0,4.0,4.856776436283002,3.743223563716998,East Africa & the Horn,Subset: Freedom
200.0,300.0,4.05,5.0,3.04,4.718954408012983,3.381045591987017,East Africa & the Horn,Subset: Freedom
300.0,400.0,4.1,5.0,3.04,4.8,3.3999999999999995,East Africa & the Horn,Subset: Freedom
400.0,500.0,4.55,5.0,4.0,5.289932429347437,3.810067570652562,East Africa & the Horn,Subset: Freedom
500.0,600.0,4.7,5.0,4.0,5.256776436283002,4.143223563716998,East Africa & the Horn,Subset: Freedom
600.0,700.0,4.8,5.0,4.04,5.2,4.3999999999999995,East Africa & the Horn,Subset: Freedom
700.0,800.0,4.7,5.0,4.0,5.340312423743285,4.0596875762567155,East Africa & the Horn,Subset: Freedom
800.0,900.0,4.95,5.959999999999999,4.0,5.618954408012983,4.281045591987017,East Africa & the Horn,Subset: Freedom
900.0,1000.0,5.2,6.0,5.0,5.8,4.6000000000000005,East Africa & the Horn,Subset: Freedom
1000.0,1100.0,5.35,6.0,5.0,6.0038348415311,4.696165158468899,East Africa & the Horn,Subset: Freedom
1100.0,1200.0,5.4,6.0,5.0,6.134846922834954,4.665153077165047,East Africa & the Horn,Subset: Freedom
1200.0,1300.0,4.9,5.959999999999999,4.0,5.6000000000000005,4.2,East Africa & the Horn,Subset: Freedom
1300.0,1400.0,4.3,5.0,3.04,5.142614977317636,3.457385022682364,East Africa & the Horn,Subset: Freedom
1400.0,1500.0,4.1,4.959999999999999,4.0,4.6385164807134505,3.5614835192865493,East Africa & the Horn,Subset: Freedom
1500.0,1600.0,3.55,4.0,3.0,4.13949130612758,2.96050869387242,East Africa & the Horn,Subset: Freedom
1600.0,1700.0,3.35,4.0,3.0,3.92227615711298,2.77772384288702,East Africa & the Horn,Subset: Freedom
1700.0,1800.0,3.0,4.0,2.0,3.707106781186547,2.2928932188134525,East Africa & the Horn,Subset: Freedom
1800.0,1900.0,2.5,3.0,2.0,3.0,2.0,East Africa & the Horn,Subset: Freedom
1900.0,2000.0,4.45,5.0,4.0,4.94749371855331,3.95250628144669,East Africa & the Horn,Subset: Freedom
2000.0,2025.0,5.55,6.0,5.0,6.0474937185533095,5.05250628144669,East Africa & the Horn,Subset: Freedom
-1000.0,-900.0,3.05,3.0,3.0,3.43405728739343,2.6659427126065696,East Africa & the Horn,Subset: Health & Wellbeing
-900.0,-800.0,3.1,3.0,3.0,3.4,2.8000000000000003,East Africa & the Horn,Subset: Health & Wellbeing
-800.0,-700.0,3.65,4.0,3.0,4.126969600708473,3.173030399291527,East Africa & the Horn,Subset: Health & Wellbeing
-700.0,-600.0,4.05,4.0,4.0,4.5474937185533095,3.5525062814466897,East Africa & the Horn,Subset: Health & Wellbeing
-600.0,-500.0,4.35,5.0,4.0,4.92227615711298,3.77772384288702,East Africa & the Horn,Subset: Health & Wellbeing
-500.0,-400.0,4.85,5.0,4.04,5.326969600708472,4.373030399291527,East Africa & the Horn,Subset: Health & Wellbeing
-400.0,-300.0,4.95,5.0,5.0,5.44749371855331,4.4525062814466905,East Africa & the Horn,Subset: Health & Wellbeing
-300.0,-200.0,5.1,6.0,5.0,5.7244997998398395,4.47550020016016,East Africa & the Horn,Subset: Health & Wellbeing
-200.0,-100.0,4.95,6.0,4.0,5.754673846971555,4.145326153028446,East Africa & the Horn,Subset: Health & Wellbeing
-100.0,0.0,5.05,6.0,4.0,5.854673846971554,4.245326153028445,East Africa & the Horn,Subset: Health & Wellbeing
0.0,100.0,4.9,6.0,4.0,5.668114574786861,4.13188542521314,East Africa & the Horn,Subset: Health & Wellbeing
100.0,200.0,4.65,5.0,4.0,5.22227615711298,4.07772384288702,East Africa & the Horn,Subset: Health & Wellbeing
200.0,300.0,4.4,5.0,4.0,4.889897948556636,3.910102051443365,East Africa & the Horn,Subset: Health & Wellbeing
300.0,400.0,4.4,5.0,4.0,4.889897948556636,3.910102051443365,East Africa & the Horn,Subset: Health & Wellbeing
400.0,500.0,4.6,5.0,4.0,5.089897948556636,4.110102051443364,East Africa & the Horn,Subset: Health & Wellbeing
500.0,600.0,4.8,5.0,4.0,5.3099019513592784,4.290098048640721,East Africa & the Horn,Subset: Health & Wellbeing
600.0,700.0,5.0,5.0,5.0,5.547722557505166,4.452277442494834,East Africa & the Horn,Subset: Health & Wellbeing
700.0,800.0,4.9,5.0,4.0,5.52449979983984,4.2755002001601605,East Africa & the Horn,Subset: Health & Wellbeing
800.0,900.0,5.05,5.959999999999999,5.0,5.63949130612758,4.46050869387242,East Africa & the Horn,Subset: Health & Wellbeing
900.0,1000.0,5.35,6.0,5.0,5.826969600708472,4.873030399291527,East Africa & the Horn,Subset: Health & Wellbeing
1000.0,1100.0,5.5,6.0,5.0,6.0,5.0,East Africa & the Horn,Subset: Health & Wellbeing
1100.0,1200.0,5.5,6.0,5.0,6.091607978309962,4.908392021690038,East Africa & the Horn,Subset: Health & Wellbeing
1200.0,1300.0,5.4,6.0,5.0,5.98309518948453,4.816904810515471,East Africa & the Horn,Subset: Health & Wellbeing
1300.0,1400.0,4.6,5.959999999999999,3.04,5.619803902718557,3.580196097281443,East Africa & the Horn,Subset: Health & Wellbeing
1400.0,1500.0,4.65,5.0,4.0,5.376291952316698,3.923708047683303,East Africa & the Horn,Subset: Health & Wellbeing
1500.0,1600.0,4.25,5.0,4.0,4.78619026473818,3.71380973526182,East Africa & the Horn,Subset: Health & Wellbeing
1600.0,1700.0,3.85,4.959999999999999,3.0,4.576291952316698,3.1237080476833023,East Africa & the Horn,Subset: Health & Wellbeing
1700.0,1800.0,3.7,4.0,3.0,4.340312423743285,3.0596875762567155,East Africa & the Horn,Subset: Health & Wellbeing
1800.0,1900.0,3.3,4.0,3.0,3.940312423743285,2.659687576256715,East Africa & the Horn,Subset: Health & Wellbeing
1900.0,2000.0,5.2,5.959999999999999,5.0,5.6000000000000005,4.8,East Africa & the Horn,Subset: Health & Wellbeing
2000.0,2025.0,6.0,6.0,6.0,6.0,6.0,East Africa & the Horn,Subset: Health & Wellbeing
-1000.0,-900.0,6.45,7.0,6.0,6.94749371855331,5.9525062814466905,East Africa & the Horn,Subset: Peace
-900.0,-800.0,6.25,7.0,6.0,6.68301270189222,5.81698729810778,East Africa & the Horn,Subset: Peace
-800.0,-700.0,6.0,6.0,6.0,6.447213595499958,5.552786404500042,East Africa & the Horn,Subset: Peace
-700.0,-600.0,6.05,6.959999999999999,6.0,6.63949130612758,5.46050869387242,East Africa & the Horn,Subset: Peace
-600.0,-500.0,6.2,7.0,5.04,7.012403840463596,5.387596159536404,East Africa & the Horn,Subset: Peace
-500.0,-400.0,6.5,7.0,6.0,7.241619848709567,5.758380151290433,East Africa & the Horn,Subset: Peace
-400.0,-300.0,6.5,7.0,6.0,7.170820393249937,5.829179606750063,East Africa & the Horn,Subset: Peace
-300.0,-200.0,6.4,7.0,5.04,7.2,5.6000000000000005,East Africa & the Horn,Subset: Peace
-200.0,-100.0,6.1,7.0,5.0,7.04339811320566,5.1566018867943395,East Africa & the Horn,Subset: Peace
-100.0,0.0,6.0,7.0,5.0,7.0,5.0,East Africa & the Horn,Subset: Peace
0.0,100.0,5.8,7.0,5.0,6.877032961426901,4.722967038573099,East Africa & the Horn,Subset: Peace
100.0,200.0,5.6,6.0,5.0,6.263324958071079,4.93667504192892,East Africa & the Horn,Subset: Peace
200.0,300.0,5.3,6.0,5.0,6.081024967590666,4.518975032409334,East Africa & the Horn,Subset: Peace
300.0,400.0,5.3,6.0,4.04,6.2,4.3999999999999995,East Africa & the Horn,Subset: Peace
400.0,500.0,5.65,7.0,5.0,6.613068014212912,4.686931985787089,East Africa & the Horn,Subset: Peace
500.0,600.0,5.6,6.0,5.0,6.3999999999999995,4.8,East Africa & the Horn,Subset: Peace
600.0,700.0,5.6,6.0,5.0,6.516515138991167,4.683484861008832,East Africa & the Horn,Subset: Peace
700.0,800.0,5.4,6.0,5.0,6.419803902718558,4.380196097281443,East Africa & the Horn,Subset: Peace
800.0,900.0,5.6,6.0,5.0,6.460232526704262,4.739767473295737,East Africa & the Horn,Subset: Peace
900.0,1000.0,5.8,7.0,5.0,6.72736184954957,4.872638150450429,East Africa & the Horn,Subset: Peace
1000.0,1100.0,6.05,7.0,5.0,6.789932429347437,5.310067570652563,East Africa & the Horn,Subset: Peace
1100.0,1200.0,5.9,7.0,5.0,6.8433981132056605,4.95660188679434,East Africa & the Horn,Subset: Peace
1200.0,1300.0,5.2,6.0,4.0,6.2295630140987,4.170436985901301,East Africa & the Horn,Subset: Peace
1300.0,1400.0,4.45,5.0,4.0,5.370597631976099,3.5294023680239017,East Africa & the Horn,Subset: Peace
1400.0,1500.0,4.4,5.0,4.0,5.2,3.6000000000000005,East Africa & the Horn,Subset: Peace
1500.0,1600.0,3.55,4.0,3.0,4.354673846971554,2.7453261530284454,East Africa & the Horn,Subset: Peace
1600.0,1700.0,3.45,4.0,3.0,4.118954408012983,2.7810455919870174,East Africa & the Horn,Subset: Peace
1700.0,1800.0,3.2,4.0,2.04,4.127361849549571,2.2726381504504296,East Africa & the Horn,Subset: Peace
1800.0,1900.0,2.65,3.0,2.0,3.22227615711298,2.07772384288702,East Africa & the Horn,Subset: Peace
1900.0,2000.0,4.1,4.959999999999999,4.0,4.6385164807134505,3.5614835192865493,East Africa & the Horn,Subset: Peace
2000.0,2025.0,4.45,5.0,4.0,5.118954408012983,3.7810455919870174,East Africa & the Horn,Subset: Peace
-1000.0,-900.0,3575000.0,9799999.999999996,1000000.0,6981886.408438062,168113.5915619377,East Africa & the Horn,Subset: Population
-900.0,-800.0,3935000.0,10779999.999999994,1100000.0,7683769.798213809,186230.2017861912,East Africa & the Horn,Subset: Population
-800.0,-700.0,4295000.0,11759999.999999994,1200000.0,8386512.556500346,203487.4434996536,East Africa & the Horn,Subset: Population
-700.0,-600.0,4660000.0,12739999.999999994,1300000.0,9094343.243367612,225656.7566323867,East Africa & the Horn,Subset: Population
-600.0,-500.0,5025000.0,13719999.999999994,1400000.0,9802538.59220415,247461.40779585112,East Africa & the Horn,Subset: Population
-500.0,-400.0,5390000.0,14699999.999999993,1500000.0,10511025.287967244,268974.71203275584,East Africa & the Horn,Subset: Population
-400.0,-300.0,5760000.0,15679999.999999993,1600000.0,11221446.694787014,298553.3052129857,East Africa & the Horn,Subset: Population
-300.0,-200.0,6145000.0,16659999.999999993,1700000.0,11936931.88841167,353068.11158832815,East Africa & the Horn,Subset: Population
-200.0,-100.0,6525000.0,17639999.999999993,1800000.0,12650999.918380672,399000.0816193279,East Africa & the Horn,Subset: Population
-100.0,0.0,6905000.0,18619999.999999993,1900000.0,13365299.915638592,444700.0843614079,East Africa & the Horn,Subset: Population
0.0,100.0,7275000.0,19599999.999999993,2000000.0,14076461.240057169,473538.7599428315,East Africa & the Horn,Subset: Population
100.0,200.0,7650000.0,20579999.99999999,2100000.0,14789782.909864975,510217.090135023,East Africa & the Horn,Subset: Population
200.0,300.0,8020000.0,21559999.99999999,2200000.0,15501283.31237362,538716.6876263805,East Africa & the Horn,Subset: Population
300.0,400.0,8385000.0,22539999.99999999,2300000.0,16210744.37354045,559255.626459551,East Africa & the Horn,Subset: Population
400.0,500.0,8755000.0,23519999.99999999,2400000.0,16922525.635099042,587474.3649009587,East Africa & the Horn,Subset: Population
500.0,600.0,9125000.0,24499999.99999999,2500000.0,17634457.973337665,615542.0266623329,East Africa & the Horn,Subset: Population
600.0,700.0,9495000.0,25479999.99999999,2600000.0,18346523.8801011,643476.1198989023,East Africa & the Horn,Subset: Population
700.0,800.0,9865000.0,26459999.99999999,2700000.0,19058708.446541037,671291.5534589626,East Africa & the Horn,Subset: Population
800.0,900.0,10240000.0,27439999.99999999,2800000.0,19772806.512250207,707193.4877497908,East Africa & the Horn,Subset: Population
900.0,1000.0,10615000.0,28419999.999999985,2900000.0,20486994.479333952,743005.5206660498,East Africa & the Horn,Subset: Population
1000.0,1100.0,10995000.0,29399999.999999985,3000000.0,21202520.511857912,787479.488142088,East Africa & the Horn,Subset: Population
1100.0,1200.0,11380000.0,30379999.999999985,3104000.0,21919240.95938602,840759.0406139772,East Africa & the Horn,Subset: Population
1200.0,1300.0,11765000.0,31359999.999999985,3208000.0,22636075.15381988,893924.8461801168,East Africa & the Horn,Subset: Population
1300.0,1400.0,12150000.0,32339999.999999985,3312000.0,23353012.987585083,946987.0124149192,East Africa & the Horn,Subset: Population
1400.0,1500.0,12535000.0,33319999.999999985,3416000.0,24070045.513564304,999954.4864356946,East Africa & the Horn,Subset: Population
1500.0,1600.0,12920000.0,34299999.999999985,3520000.0,24787164.78355298,1052835.2164470218,East Africa & the Horn,Subset: Population
1600.0,1700.0,13310000.0,35279999.999999985,3620000.0,25505609.865849268,1114390.1341507323,East Africa & the Horn,Subset: Population
1700.0,1800.0,13700000.0,36259999.999999985,3720000.0,26224136.69679471,1175863.303205287,East Africa & the Horn,Subset: Population
1800.0,1900.0,14545000.0,37279999.999999985,4012000.0,27980381.46090389,1109618.5390961077,East Africa & the Horn,Subset: Population
1900.0,2000.0,48850000.0,70000000.0,25280000.0,73111646.68772505,24588353.312274948,East Africa & the Horn,Subset: Population
2000.0,2025.0,134000000.0,180000000.0,60000000.0,198042954.33535215,69957045.66464785,East Africa & the Horn,Subset: Population
-1000.0,-900.0,3.775,3.8333333333333335,3.6666666666666665,4.006390722948581,3.5436092770514196,East Asia,Overall
-900.0,-800.0,3.7416666666666663,3.993333333333333,3.5,3.985905848162547,3.4974274851707854,East Asia,Overall
-800.0,-700.0,3.4583333333333344,3.8333333333333335,3.1666666666666665,3.8342581189546663,3.0824085477120025,East Asia,Overall
-700.0,-600.0,3.2083333333333335,3.5,3.0,3.5653074998433985,2.8513591668232685,East Asia,Overall
-600.0,-500.0,3.7916666666666665,4.16,3.3400000000000003,4.102914156616385,3.480419176716948,East Asia,Overall
-500.0,-400.0,3.775000000000001,4.166666666666667,3.3400000000000003,4.173869931459145,3.376130068540857,East Asia,Overall
-400.0,-300.0,4.316666666666667,4.666666666666667,3.8333333333333335,4.838149594905401,3.7951837384279337,East Asia,Overall
-300.0,-200.0,4.8916666666666675,5.326666666666666,4.666666666666667,5.304229793149553,4.479103540183782,East Asia,Overall
-200.0,-100.0,4.583333333333333,5.16,4.006666666666667,5.166666666666666,4.0,East Asia,Overall
-100.0,0.0,3.8833333333333337,4.16,3.5,4.25264199676934,3.514024669897328,East Asia,Overall
0.0,100.0,3.8416666666666672,4.166666666666667,3.6666666666666665,4.122908950511437,3.560424382821897,East Asia,Overall
100.0,200.0,3.6833333333333336,4.16,3.3400000000000003,4.051889073124934,3.314777593541734,East Asia,Overall
200.0,300.0,3.5333333333333337,3.8333333333333335,3.3333333333333335,3.8732679675728527,3.1933986990938146,East Asia,Overall
300.0,400.0,3.7583333333333337,3.993333333333333,3.5,4.1880457694784585,3.328620897188209,East Asia,Overall
400.0,500.0,4.175,4.666666666666667,3.673333333333334,4.673539533704867,3.676460466295132,East Asia,Overall
500.0,600.0,4.783333333333333,5.333333333333333,4.173333333333334,5.318486478600077,4.2481801880665895,East Asia,Overall
600.0,700.0,5.783333333333333,6.326666666666666,5.506666666666667,6.266666666666667,5.3,East Asia,Overall
700.0,800.0,5.933333333333334,6.493333333333333,5.346666666666667,6.42886895824395,5.437797708422717,East Asia,Overall
800.0,900.0,5.025,5.333333333333333,4.673333333333334,5.398701455412978,4.651298544587022,East Asia,Overall
900.0,1000.0,5.0,5.493333333333333,4.34,5.728392446113738,4.271607553886262,East Asia,Overall
1000.0,1100.0,5.941666666666666,6.326666666666666,5.5,6.344003590152443,5.53932974318089,East Asia,Overall
1100.0,1200.0,5.016666666666667,5.5,4.346666666666667,5.530097393358312,4.5032359399750215,East Asia,Overall
1200.0,1300.0,3.875,4.326666666666666,3.506666666666667,4.247211857235455,3.5027881427645453,East Asia,Overall
1300.0,1400.0,4.516666666666666,4.833333333333333,4.173333333333334,4.969742573968938,4.063590759364393,East Asia,Overall
1400.0,1500.0,5.225,5.833333333333333,4.506666666666667,5.8732347825698135,4.576765217430186,East Asia,Overall
1500.0,1600.0,4.45,4.833333333333333,3.84,5.26325819325039,3.63674180674961,East Asia,Overall
1600.0,1700.0,5.591666666666667,5.833333333333333,5.166666666666667,6.148131200826551,5.035202132506782,East Asia,Overall
1700.0,1800.0,6.283333333333333,6.666666666666667,6.0,6.621218915545222,5.945447751121445,East Asia,Overall
1800.0,1900.0,4.05,4.5,3.673333333333334,4.475245027405769,3.6247549725942303,East Asia,Overall
1900.0,2000.0,4.424999999999999,5.0,3.5,5.262448174184195,3.5875518258158023,East Asia,Overall
2000.0,2025.0,7.1416666666666675,7.333333333333333,7.0,7.416919076081896,6.866414257251439,East Asia,Overall
-1000.0,-900.0,4.35,5.0,4.0,5.0038348415311,3.6961651584688986,East Asia,Subset: Culture & Lesure
-900.0,-800.0,4.45,5.0,4.0,5.189932429347437,3.710067570652563,East Asia,Subset: Culture & Lesure
-800.0,-700.0,4.85,6.0,4.0,5.759670269933013,3.940329730066987,East Asia,Subset: Culture & Lesure
-700.0,-600.0,4.95,6.0,4.0,6.0212142642814275,3.878785735718573,East Asia,Subset: Culture & Lesure
-600.0,-500.0,5.8,7.0,5.0,6.829563014098699,4.7704369859013,East Asia,Subset: Culture & Lesure
-500.0,-400.0,5.75,6.959999999999999,5.0,6.637411967464942,4.862588032535058,East Asia,Subset: Culture & Lesure
-400.0,-300.0,5.85,6.0,5.04,6.5038348415311,5.196165158468899,East Asia,Subset: Culture & Lesure
-300.0,-200.0,6.5,7.0,6.0,7.241619848709567,5.758380151290433,East Asia,Subset: Culture & Lesure
-200.0,-100.0,6.2,7.0,5.0,7.071779788708135,5.328220211291866,East Asia,Subset: Culture & Lesure
-100.0,0.0,5.65,6.0,5.0,6.376291952316698,4.923708047683303,East Asia,Subset: Culture & Lesure
0.0,100.0,5.6,6.0,5.0,6.263324958071079,4.93667504192892,East Asia,Subset: Culture & Lesure
100.0,200.0,5.5,6.0,5.0,6.170820393249937,4.829179606750063,East Asia,Subset: Culture & Lesure
200.0,300.0,5.4,6.0,5.0,6.316515138991168,4.483484861008833,East Asia,Subset: Culture & Lesure
300.0,400.0,5.6,6.0,5.0,6.667707825203131,4.5322921747968685,East Asia,Subset: Culture & Lesure
400.0,500.0,6.15,7.0,5.04,7.113068014212912,5.186931985787089,East Asia,Subset: Culture & Lesure
500.0,600.0,6.5,7.0,6.0,7.170820393249937,5.829179606750063,East Asia,Subset: Culture & Lesure
600.0,700.0,7.5,8.0,7.0,8.241619848709567,6.758380151290433,East Asia,Subset: Culture & Lesure
700.0,800.0,7.7,8.0,7.0,8.481024967590665,6.918975032409334,East Asia,Subset: Culture & Lesure
800.0,900.0,7.35,8.0,7.0,8.0038348415311,6.696165158468899,East Asia,Subset: Culture & Lesure
900.0,1000.0,7.55,8.0,7.0,8.218954408012983,6.881045591987017,East Asia,Subset: Culture & Lesure
1000.0,1100.0,8.05,8.0,8.0,8.54749371855331,7.552506281446691,East Asia,Subset: Culture & Lesure
1100.0,1200.0,7.2,8.0,7.0,7.8782329983125265,6.521767001687474,East Asia,Subset: Culture & Lesure
1200.0,1300.0,6.2,7.0,6.0,6.709901951359279,5.6900980486407216,East Asia,Subset: Culture & Lesure
1300.0,1400.0,6.65,7.0,6.0,7.126969600708473,6.173030399291528,East Asia,Subset: Culture & Lesure
1400.0,1500.0,7.1,8.0,6.0,7.930662386291807,6.269337613708192,East Asia,Subset: Culture & Lesure
1500.0,1600.0,6.45,7.0,5.04,7.42339611669659,5.476603883303411,East Asia,Subset: Culture & Lesure
1600.0,1700.0,7.2,8.0,7.0,7.709901951359279,6.6900980486407216,East Asia,Subset: Culture & Lesure
1700.0,1800.0,7.85,8.0,7.04,8.326969600708473,7.373030399291527,East Asia,Subset: Culture & Lesure
1800.0,1900.0,6.35,7.0,6.0,6.826969600708472,5.873030399291527,East Asia,Subset: Culture & Lesure
1900.0,2000.0,6.6,7.0,6.0,7.4,5.8,East Asia,Subset: Culture & Lesure
2000.0,2025.0,8.15,8.0,8.0,8.507071421427144,7.792928578572858,East Asia,Subset: Culture & Lesure
-1000.0,-900.0,3.0,3.0,3.0,3.0,3.0,East Asia,Subset: Economic Opportunity
-900.0,-800.0,3.1,3.0,3.0,3.4,2.8000000000000003,East Asia,Subset: Economic Opportunity
-800.0,-700.0,3.35,4.0,3.0,3.8269696007084737,2.873030399291527,East Asia,Subset: Economic Opportunity
-700.0,-600.0,3.65,4.0,3.0,4.126969600708473,3.173030399291527,East Asia,Subset: Economic Opportunity
-600.0,-500.0,3.9,4.0,4.0,4.335889894354067,3.464110105645932,East Asia,Subset: Economic Opportunity
-500.0,-400.0,4.4,5.0,4.0,4.889897948556636,3.910102051443365,East Asia,Subset: Economic Opportunity
-400.0,-300.0,4.9,5.0,5.0,5.335889894354068,4.464110105645933,East Asia,Subset: Economic Opportunity
-300.0,-200.0,5.35,6.0,5.0,5.826969600708472,4.873030399291527,East Asia,Subset: Economic Opportunity
-200.0,-100.0,5.1,6.0,4.04,5.930662386291807,4.269337613708192,East Asia,Subset: Economic Opportunity
-100.0,0.0,4.45,5.0,4.0,5.118954408012983,3.7810455919870174,East Asia,Subset: Economic Opportunity
0.0,100.0,4.35,5.0,4.0,4.826969600708472,3.873030399291527,East Asia,Subset: Economic Opportunity
100.0,200.0,4.2,5.0,4.0,4.8,3.6,East Asia,Subset: Economic Opportunity
200.0,300.0,3.95,4.959999999999999,3.0,4.618954408012983,3.2810455919870174,East Asia,Subset: Economic Opportunity
300.0,400.0,4.15,4.959999999999999,4.0,4.626969600708473,3.673030399291528,East Asia,Subset: Economic Opportunity
400.0,500.0,4.6,5.0,4.0,5.183095189484529,4.01690481051547,East Asia,Subset: Economic Opportunity
500.0,600.0,5.35,6.0,5.0,5.92227615711298,4.77772384288702,East Asia,Subset: Economic Opportunity
600.0,700.0,6.25,7.0,6.0,6.78619026473818,5.71380973526182,East Asia,Subset: Economic Opportunity
700.0,800.0,6.45,7.0,6.0,6.94749371855331,5.9525062814466905,East Asia,Subset: Economic Opportunity
800.0,900.0,5.4,6.0,5.0,5.889897948556636,4.910102051443364,East Asia,Subset: Economic Opportunity
900.0,1000.0,5.4,6.0,5.0,6.2,4.6000000000000005,East Asia,Subset: Economic Opportunity
1000.0,1100.0,6.5,7.0,6.0,7.0,6.0,East Asia,Subset: Economic Opportunity
1100.0,1200.0,5.8,6.959999999999999,5.0,6.548331477354788,5.051668522645212,East Asia,Subset: Economic Opportunity
1200.0,1300.0,4.75,5.0,4.0,5.372494979899437,4.127505020100563,East Asia,Subset: Economic Opportunity
1300.0,1400.0,5.05,5.0,5.0,5.5474937185533095,4.55250628144669,East Asia,Subset: Economic Opportunity
1400.0,1500.0,5.8,6.0,5.0,6.3999999999999995,5.2,East Asia,Subset: Economic Opportunity
1500.0,1600.0,5.3,6.0,5.0,6.014142842854285,4.585857157145715,East Asia,Subset: Economic Opportunity
1600.0,1700.0,6.05,6.0,6.0,6.5474937185533095,5.55250628144669,East Asia,Subset: Economic Opportunity
1700.0,1800.0,6.55,7.0,6.0,7.0474937185533095,6.05250628144669,East Asia,Subset: Economic Opportunity
1800.0,1900.0,4.9,5.959999999999999,4.0,5.6000000000000005,4.2,East Asia,Subset: Economic Opportunity
1900.0,2000.0,5.6,6.959999999999999,5.0,6.667707825203131,4.5322921747968685,East Asia,Subset: Economic Opportunity
2000.0,2025.0,7.95,8.0,8.0,8.167944947177034,7.732055052822966,East Asia,Subset: Economic Opportunity
-1000.0,-900.0,3.7,4.0,4.0,4.414142842854285,2.9858571571457153,East Asia,Subset: Equality
-900.0,-800.0,3.7,4.0,4.0,4.414142842854285,2.9858571571457153,East Asia,Subset: Equality
-800.0,-700.0,3.3,4.0,3.0,4.014142842854285,2.585857157145715,East Asia,Subset: Equality
-700.0,-600.0,3.0,3.0,3.0,3.547722557505166,2.452277442494834,East Asia,Subset: Equality
-600.0,-500.0,3.25,4.0,3.0,3.683012701892219,2.816987298107781,East Asia,Subset: Equality
-500.0,-400.0,3.2,3.959999999999999,3.0,3.6,2.8000000000000003,East Asia,Subset: Equality
-400.0,-300.0,3.25,4.0,3.0,3.948212002188447,2.551787997811553,East Asia,Subset: Equality
-300.0,-200.0,3.75,4.0,3.0,4.18301270189222,3.316987298107781,East Asia,Subset: Equality
-200.0,-100.0,3.55,4.0,3.0,4.13949130612758,2.96050869387242,East Asia,Subset: Equality
-100.0,0.0,3.05,3.0,3.0,3.43405728739343,2.6659427126065696,East Asia,Subset: Equality
0.0,100.0,3.05,3.0,3.0,3.2679449471770337,2.832055052822966,East Asia,Subset: Equality
100.0,200.0,2.95,3.0,3.0,3.3340572873934304,2.56594271260657,East Asia,Subset: Equality
200.0,300.0,3.0,3.0,3.0,3.316227766016838,2.683772233983162,East Asia,Subset: Equality
300.0,400.0,3.1,3.0,3.0,3.4,2.8000000000000003,East Asia,Subset: Equality
400.0,500.0,3.25,4.0,3.0,3.683012701892219,2.816987298107781,East Asia,Subset: Equality
500.0,600.0,3.5,4.0,3.0,4.0,3.0,East Asia,Subset: Equality
600.0,700.0,4.35,5.0,4.0,4.92227615711298,3.77772384288702,East Asia,Subset: Equality
700.0,800.0,4.5,5.0,4.0,5.0,4.0,East Asia,Subset: Equality
800.0,900.0,3.85,4.0,3.04,4.326969600708473,3.3730303992915274,East Asia,Subset: Equality
900.0,1000.0,3.9,4.0,3.0,4.524499799839839,3.27550020016016,East Asia,Subset: Equality
1000.0,1100.0,4.45,5.0,4.0,4.94749371855331,3.95250628144669,East Asia,Subset: Equality
1100.0,1200.0,3.85,4.0,3.0,4.503834841531101,3.196165158468899,East Asia,Subset: Equality
1200.0,1300.0,2.95,3.0,3.0,3.4474937185533103,2.45250628144669,East Asia,Subset: Equality
1300.0,1400.0,3.6,4.0,3.0,4.26332495807108,2.93667504192892,East Asia,Subset: Equality
1400.0,1500.0,4.15,5.0,4.0,4.803834841531101,3.4961651584688993,East Asia,Subset: Equality
1500.0,1600.0,3.6,4.959999999999999,3.0,4.460232526704263,2.7397674732957373,East Asia,Subset: Equality
1600.0,1700.0,4.3,5.0,4.0,4.856776436283002,3.743223563716998,East Asia,Subset: Equality
1700.0,1800.0,4.7,5.0,4.0,5.256776436283002,4.143223563716998,East Asia,Subset: Equality
1800.0,1900.0,3.1,3.0,3.0,3.5358898943540673,2.664110105645933,East Asia,Subset: Equality
1900.0,2000.0,3.45,4.0,3.0,4.254673846971555,2.6453261530284458,East Asia,Subset: Equality
2000.0,2025.0,5.85,6.0,6.0,6.207071421427142,5.492928578572857,East Asia,Subset: Equality
-1000.0,-900.0,2.3,3.0,2.0,2.758257569495584,1.8417424305044157,East Asia,Subset: Freedom
-900.0,-800.0,2.3,3.0,2.0,2.758257569495584,1.8417424305044157,East Asia,Subset: Freedom
-800.0,-700.0,1.75,2.0,1.0,2.183012701892219,1.3169872981077808,East Asia,Subset: Freedom
-700.0,-600.0,1.4,2.0,1.0,1.8898979485566356,0.9101020514433642,East Asia,Subset: Freedom
-600.0,-500.0,2.25,3.0,2.0,2.78619026473818,1.7138097352618196,East Asia,Subset: Freedom
-500.0,-400.0,2.0,3.0,1.0,2.8366600265340756,1.1633399734659244,East Asia,Subset: Freedom
-400.0,-300.0,2.75,4.0,1.04,3.7928326807307102,1.7071673192692896,East Asia,Subset: Freedom
-300.0,-200.0,3.3,4.0,3.0,4.081024967590666,2.5189750324093345,East Asia,Subset: Freedom
-200.0,-100.0,3.0,3.959999999999999,2.04,3.632455532033676,2.367544467966324,East Asia,Subset: Freedom
-100.0,0.0,2.35,3.0,2.0,2.826969600708473,1.8730303992915271,East Asia,Subset: Freedom
0.0,100.0,2.3,3.0,2.0,2.8567764362830017,1.7432235637169975,East Asia,Subset: Freedom
100.0,200.0,2.15,2.959999999999999,2.0,2.6269696007084726,1.6730303992915272,East Asia,Subset: Freedom
200.0,300.0,2.0,2.0,2.0,2.316227766016838,1.683772233983162,East Asia,Subset: Freedom
300.0,400.0,2.35,3.0,2.0,2.92227615711298,1.77772384288702,East Asia,Subset: Freedom
400.0,500.0,2.8,3.0,2.0,3.612403840463596,1.9875961595364036,East Asia,Subset: Freedom
500.0,600.0,3.4,4.0,3.0,4.260232526704263,2.539767473295737,East Asia,Subset: Freedom
600.0,700.0,4.45,5.0,4.0,5.189932429347437,3.710067570652563,East Asia,Subset: Freedom
700.0,800.0,4.65,5.0,4.0,5.3762919523166985,3.9237080476833026,East Asia,Subset: Freedom
800.0,900.0,3.6,4.0,3.0,4.26332495807108,2.93667504192892,East Asia,Subset: Freedom
900.0,1000.0,3.5,4.0,3.0,4.474679434480897,2.525320565519104,East Asia,Subset: Freedom
1000.0,1100.0,4.75,5.0,4.0,5.516485485837794,3.9835145141622057,East Asia,Subset: Freedom
1100.0,1200.0,3.8,4.959999999999999,3.0,4.548331477354788,3.0516685226452114,East Asia,Subset: Freedom
1200.0,1300.0,2.35,3.0,2.0,2.92227615711298,1.77772384288702,East Asia,Subset: Freedom
1300.0,1400.0,3.15,4.0,3.0,3.803834841531101,2.496165158468899,East Asia,Subset: Freedom
1400.0,1500.0,4.15,5.0,3.04,4.876291952316698,3.423708047683303,East Asia,Subset: Freedom
1500.0,1600.0,3.3,4.0,3.0,4.081024967590666,2.5189750324093345,East Asia,Subset: Freedom
1600.0,1700.0,3.95,5.0,3.0,4.689932429347437,3.210067570652563,East Asia,Subset: Freedom
1700.0,1800.0,4.8,5.0,4.0,5.3999999999999995,4.2,East Asia,Subset: Freedom
1800.0,1900.0,2.6,3.0,2.0,3.18309518948453,2.01690481051547,East Asia,Subset: Freedom
1900.0,2000.0,3.2,4.0,2.0,4.2295630140987,2.1704369859013,East Asia,Subset: Freedom
2000.0,2025.0,6.85,7.0,7.0,7.207071421427142,6.492928578572857,East Asia,Subset: Freedom
-1000.0,-900.0,3.25,4.0,3.0,3.683012701892219,2.816987298107781,East Asia,Subset: Health & Wellbeing
-900.0,-800.0,3.25,4.0,3.0,3.683012701892219,2.816987298107781,East Asia,Subset: Health & Wellbeing
-800.0,-700.0,3.3,4.0,3.0,3.758257569495584,2.8417424305044157,East Asia,Subset: Health & Wellbeing
-700.0,-600.0,3.15,3.959999999999999,3.0,3.6269696007084726,2.673030399291527,East Asia,Subset: Health & Wellbeing
-600.0,-500.0,3.7,4.0,3.0,4.414142842854285,2.9858571571457153,East Asia,Subset: Health & Wellbeing
-500.0,-400.0,4.0,5.0,3.0,4.774596669241483,3.2254033307585166,East Asia,Subset: Health & Wellbeing
-400.0,-300.0,4.7,5.0,4.0,5.481024967590666,3.918975032409335,East Asia,Subset: Health & Wellbeing
-300.0,-200.0,5.2,6.0,5.0,5.8,4.6000000000000005,East Asia,Subset: Health & Wellbeing
-200.0,-100.0,5.1,6.0,5.0,5.7244997998398395,4.47550020016016,East Asia,Subset: Health & Wellbeing
-100.0,0.0,4.4,5.0,4.0,4.889897948556636,3.910102051443365,East Asia,Subset: Health & Wellbeing
0.0,100.0,4.3,5.0,4.0,4.856776436283002,3.743223563716998,East Asia,Subset: Health & Wellbeing
100.0,200.0,4.1,5.0,3.04,4.8,3.3999999999999995,East Asia,Subset: Health & Wellbeing
200.0,300.0,3.95,4.959999999999999,3.0,4.618954408012983,3.2810455919870174,East Asia,Subset: Health & Wellbeing
300.0,400.0,4.05,5.0,3.04,4.718954408012983,3.381045591987017,East Asia,Subset: Health & Wellbeing
400.0,500.0,4.35,5.0,4.0,5.076291952316698,3.623708047683302,East Asia,Subset: Health & Wellbeing
500.0,600.0,5.1,6.0,4.0,5.988819441731558,4.211180558268441,East Asia,Subset: Health & Wellbeing
600.0,700.0,6.05,7.0,6.0,6.789932429347437,5.310067570652563,East Asia,Subset: Health & Wellbeing
700.0,800.0,6.15,7.0,6.0,6.803834841531101,5.4961651584689,East Asia,Subset: Health & Wellbeing
800.0,900.0,5.4,6.0,5.0,5.98309518948453,4.816904810515471,East Asia,Subset: Health & Wellbeing
900.0,1000.0,5.35,6.0,5.0,6.259670269933013,4.440329730066987,East Asia,Subset: Health & Wellbeing
1000.0,1100.0,6.3,7.0,6.0,6.856776436283002,5.743223563716998,East Asia,Subset: Health & Wellbeing
1100.0,1200.0,5.7,6.0,5.0,6.340312423743285,5.0596875762567155,East Asia,Subset: Health & Wellbeing
1200.0,1300.0,4.6,5.0,4.0,5.183095189484529,4.01690481051547,East Asia,Subset: Health & Wellbeing
1300.0,1400.0,4.9,5.0,4.0,5.52449979983984,4.2755002001601605,East Asia,Subset: Health & Wellbeing
1400.0,1500.0,5.65,6.0,5.0,6.376291952316698,4.923708047683303,East Asia,Subset: Health & Wellbeing
1500.0,1600.0,5.25,6.0,5.0,6.016485485837794,4.483514514162206,East Asia,Subset: Health & Wellbeing
1600.0,1700.0,5.95,6.959999999999999,5.04,6.689932429347437,5.210067570652563,East Asia,Subset: Health & Wellbeing
1700.0,1800.0,6.5,7.0,6.0,7.0,6.0,East Asia,Subset: Health & Wellbeing
1800.0,1900.0,4.45,5.0,4.0,5.03949130612758,3.86050869387242,East Asia,Subset: Health & Wellbeing
1900.0,2000.0,5.15,6.0,4.0,6.257925990308017,4.042074009691984,East Asia,Subset: Health & Wellbeing
2000.0,2025.0,7.95,8.0,8.0,8.167944947177034,7.732055052822966,East Asia,Subset: Health & Wellbeing
-1000.0,-900.0,6.05,6.0,6.0,6.267944947177034,5.832055052822966,East Asia,Subset: Peace
-900.0,-800.0,5.65,6.0,5.0,6.126969600708473,5.173030399291528,East Asia,Subset: Peace
-800.0,-700.0,4.2,5.0,4.0,4.8,3.6,East Asia,Subset: Peace
-700.0,-600.0,3.1,3.0,3.0,3.5358898943540673,2.664110105645933,East Asia,Subset: Peace
-600.0,-500.0,3.85,4.0,4.0,4.576291952316698,3.1237080476833023,East Asia,Subset: Peace
-500.0,-400.0,3.3,4.0,3.0,4.2,2.4,East Asia,Subset: Peace
-400.0,-300.0,4.45,6.0,3.04,5.693985530462473,3.2060144695375277,East Asia,Subset: Peace
-300.0,-200.0,5.25,6.0,5.0,5.948212002188447,4.551787997811553,East Asia,Subset: Peace
-200.0,-100.0,4.55,5.0,4.0,5.523396116696589,3.5766038833034104,East Asia,Subset: Peace
-100.0,0.0,3.4,4.0,3.0,3.98309518948453,2.81690481051547,East Asia,Subset: Peace
0.0,100.0,3.45,4.0,3.0,4.03949130612758,2.86050869387242,East Asia,Subset: Peace
100.0,200.0,3.2,4.0,3.0,3.709901951359279,2.6900980486407216,East Asia,Subset: Peace
200.0,300.0,2.9,3.0,2.0,3.6,2.1999999999999997,East Asia,Subset: Peace
300.0,400.0,3.3,4.0,3.0,4.142614977317636,2.457385022682364,East Asia,Subset: Peace
400.0,500.0,3.9,4.959999999999999,3.0,4.730662386291807,3.0693376137081927,East Asia,Subset: Peace
500.0,600.0,4.85,5.959999999999999,4.0,5.642148975887743,4.0578510241122565,East Asia,Subset: Peace
600.0,700.0,6.1,7.0,6.0,6.7244997998398395,5.47550020016016,East Asia,Subset: Peace
700.0,800.0,6.15,7.0,5.04,7.0029361054615995,5.297063894538401,East Asia,Subset: Peace
800.0,900.0,4.55,5.0,4.0,5.218954408012983,3.881045591987017,East Asia,Subset: Peace
900.0,1000.0,4.3,5.0,3.04,5.353565375285274,3.246434624714726,East Asia,Subset: Peace
1000.0,1100.0,5.6,6.0,5.0,6.263324958071079,4.93667504192892,East Asia,Subset: Peace
1100.0,1200.0,3.75,4.0,3.0,4.28619026473818,3.21380973526182,East Asia,Subset: Peace
1200.0,1300.0,2.4,3.0,2.0,2.889897948556636,1.910102051443364,East Asia,Subset: Peace
1300.0,1400.0,3.75,4.0,3.0,4.448212002188447,3.051787997811553,East Asia,Subset: Peace
1400.0,1500.0,4.5,6.0,3.0,5.896424004376894,3.103575995623106,East Asia,Subset: Peace
1500.0,1600.0,2.8,3.0,2.0,4.2352700094407325,1.3647299905592674,East Asia,Subset: Peace
1600.0,1700.0,6.1,7.0,5.04,7.360952021291849,4.83904797870815,East Asia,Subset: Peace
1700.0,1800.0,7.3,8.0,7.0,7.9403124237432845,6.659687576256715,East Asia,Subset: Peace
1800.0,1900.0,2.9,3.0,3.0,3.335889894354067,2.4641101056459327,East Asia,Subset: Peace
1900.0,2000.0,2.55,3.959999999999999,2.0,3.4705976319760987,1.6294023680239011,East Asia,Subset: Peace
2000.0,2025.0,6.1,7.0,5.0,6.930662386291807,5.269337613708192,East Asia,Subset: Peace
-1000.0,-900.0,35950000.0,69199999.99999999,12120000.0,60610646.78794942,11289353.21205058,East Asia,Subset: Population
-900.0,-800.0,39050000.0,74199999.99999999,13160000.0,64937207.265365645,13162792.734634353,East Asia,Subset: Population
-800.0,-700.0,42350000.0,79199999.99999999,14240000.0,69420786.83747482,15279213.16252518,East Asia,Subset: Population
-700.0,-600.0,46000000.0,84199999.99999999,15320000.0,74801041.64782934,17198958.352170665,East Asia,Subset: Population
-600.0,-500.0,49900000.0,89199999.99999999,16440000.0,80369492.93966016,19430507.06033985,East Asia,Subset: Population
-500.0,-400.0,53900000.0,94200000.0,17520000.0,86029270.14421585,21770729.855784148,East Asia,Subset: Population
-400.0,-300.0,57850000.0,99200000.0,18560000.0,91745833.07723826,23954166.92276173,East Asia,Subset: Population
-300.0,-200.0,63050000.0,108999999.99999996,20600000.0,99027041.29024509,27072958.70975491,East Asia,Subset: Population
-200.0,-100.0,67950000.0,118799999.99999996,22640000.0,106112121.2722773,29787878.727722697,East Asia,Subset: Population
-100.0,0.0,72650000.0,128599999.99999996,25600000.0,113070632.10787284,32229367.89212717,East Asia,Subset: Population
0.0,100.0,76900000.0,138399999.99999997,28560000.0,119667861.7655828,34132138.23441719,East Asia,Subset: Population
100.0,200.0,80350000.0,143399999.99999997,30560000.0,123324730.9473835,37375269.052616514,East Asia,Subset: Population
200.0,300.0,82450000.0,138799999.99999997,32560000.0,124569443.25368036,40330556.74631964,East Asia,Subset: Population
300.0,400.0,85600000.0,148599999.99999997,35520000.0,128663209.35555084,42536790.644449174,East Asia,Subset: Population
400.0,500.0,89000000.0,139199999.99999997,37520000.0,133291082.62393232,44708917.37606768,East Asia,Subset: Population
500.0,600.0,92850000.0,129800000.0,40480000.0,138387100.25901955,47312899.74098043,East Asia,Subset: Population
600.0,700.0,98350000.0,139600000.0,45360000.0,146030472.9422853,50669527.05771471,East Asia,Subset: Population
700.0,800.0,103550000.0,149400000.0,50240000.0,153450375.7500883,53649624.2499117,East Asia,Subset: Population
800.0,900.0,108100000.0,159199999.99999997,52240000.0,160746842.2604813,55453157.739518695,East Asia,Subset: Population
900.0,1000.0,110950000.0,144800000.0,54240000.0,165542559.01677445,56357440.98322556,East Asia,Subset: Population
1000.0,1100.0,116200000.0,150000000.0,56240000.0,172914724.71942362,59485275.280576386,East Asia,Subset: Population
1100.0,1200.0,121450000.0,160000000.0,58240000.0,180334187.18127984,62565812.81872017,East Asia,Subset: Population
1200.0,1300.0,126200000.0,170000000.0,60240000.0,187692763.80193037,64707236.19806962,East Asia,Subset: Population
1300.0,1400.0,121400000.0,164800000.0,62120000.0,179905897.13866457,62894102.86133542,East Asia,Subset: Population
1400.0,1500.0,125350000.0,170000000.0,65200000.0,183506921.3421756,67193078.6578244,East Asia,Subset: Population
1500.0,1600.0,129600000.0,179800000.0,68160000.0,188087092.59315255,71112907.40684745,East Asia,Subset: Population
1600.0,1700.0,135250000.0,189600000.0,70200000.0,196087385.7097755,74412614.29022446,East Asia,Subset: Population
1700.0,1800.0,145750000.0,209199999.99999997,75200000.0,209903624.2156279,81596375.78437209,East Asia,Subset: Population
1800.0,1900.0,158250000.0,229199999.99999997,80400000.0,230969925.05496687,85530074.94503312,East Asia,Subset: Population
1900.0,2000.0,427500000.0,600000000.0,300000000.0,664668189.2666047,190331810.73339537,East Asia,Subset: Population
2000.0,2025.0,1528000000.0,1600000000.0,1600000000.0,1841840723.9349284,1214159276.0650716,East Asia,Subset: Population
-1000.0,-900.0,3.0916666666666672,3.3333333333333335,2.8333333333333335,3.357681494991873,2.8256518383414613,Eastern Europe & the Balkans,Overall
-900.0,-800.0,3.2166666666666663,3.5,3.0,3.5105865348091396,2.922746798524193,Eastern Europe & the Balkans,Overall
-800.0,-700.0,3.5583333333333336,3.8333333333333335,3.1733333333333333,3.946616591907392,3.1700500747592755,Eastern Europe & the Balkans,Overall
-700.0,-600.0,3.5583333333333336,3.8333333333333335,3.3333333333333335,3.884399959108564,3.232266707558103,Eastern Europe & the Balkans,Overall
-600.0,-500.0,3.4166666666666665,3.6666666666666665,3.1666666666666665,3.726236260350112,3.1070970729832212,Eastern Europe & the Balkans,Overall
-500.0,-400.0,3.8000000000000007,4.16,3.5,4.1894440481849315,3.41055595181507,Eastern Europe & the Balkans,Overall
-400.0,-300.0,3.9083333333333337,4.326666666666666,3.6666666666666665,4.235250754098884,3.581415912567783,Eastern Europe & the Balkans,Overall
-300.0,-200.0,4.6499999999999995,5.0,4.173333333333334,5.115176191231762,4.184823808768237,Eastern Europe & the Balkans,Overall
-200.0,-100.0,5.516666666666667,6.0,5.0,6.0136017171958525,5.019731616137481,Eastern Europe & the Balkans,Overall
-100.0,0.0,6.083333333333335,6.493333333333333,5.833333333333333,6.401749552909048,5.764917113757622,Eastern Europe & the Balkans,Overall
0.0,100.0,5.808333333333334,6.326666666666666,5.180000000000001,6.475572670702866,5.141093995963801,Eastern Europe & the Balkans,Overall
100.0,200.0,4.8999999999999995,5.666666666666667,4.180000000000001,5.71034971874288,4.089650281257119,Eastern Europe & the Balkans,Overall
200.0,300.0,3.8,4.493333333333333,3.3400000000000003,4.361743318211757,3.2382566817882426,Eastern Europe & the Balkans,Overall
300.0,400.0,3.6833333333333327,4.0,3.1733333333333333,4.077386347251229,3.289280319415436,Eastern Europe & the Balkans,Overall
400.0,500.0,2.95,3.3266666666666667,2.506666666666667,3.4036885862938733,2.496311413706127,Eastern Europe & the Balkans,Overall
500.0,600.0,3.2166666666666672,3.66,2.8400000000000003,3.625255022404376,2.8080783109289587,Eastern Europe & the Balkans,Overall
600.0,700.0,3.575,4.0,3.1666666666666665,4.0899838185160124,3.0600161814839875,Eastern Europe & the Balkans,Overall
700.0,800.0,4.2666666666666675,4.666666666666667,3.8333333333333335,4.724317673924867,3.809015659408468,Eastern Europe & the Balkans,Overall
800.0,900.0,4.324999999999999,4.826666666666666,3.8333333333333335,4.850660959597005,3.799339040402994,Eastern Europe & the Balkans,Overall
900.0,1000.0,4.458333333333333,4.833333333333333,4.006666666666667,4.848756892504082,4.067909774162584,Eastern Europe & the Balkans,Overall
1000.0,1100.0,4.691666666666667,5.319999999999999,4.173333333333334,5.3046624977201,4.078670835613234,Eastern Europe & the Balkans,Overall
1100.0,1200.0,4.841666666666667,5.333333333333333,4.333333333333333,5.481707897977414,4.201625435355919,Eastern Europe & the Balkans,Overall
1200.0,1300.0,3.6999999999999993,3.8333333333333335,3.5,4.082244831372656,3.3177551686273423,Eastern Europe & the Balkans,Overall
1300.0,1400.0,3.3999999999999995,3.8333333333333335,2.8333333333333335,3.9011098792790966,2.8988901207209024,Eastern Europe & the Balkans,Overall
1400.0,1500.0,2.958333333333333,3.1666666666666665,2.6666666666666665,3.2740116154145964,2.6426550512520697,Eastern Europe & the Balkans,Overall
1500.0,1600.0,3.4833333333333334,3.993333333333333,3.0,3.957382088444263,3.009284578222404,Eastern Europe & the Balkans,Overall
1600.0,1700.0,2.7416666666666663,3.0,2.506666666666667,3.007681494991872,2.4756518383414603,Eastern Europe & the Balkans,Overall
1700.0,1800.0,3.8250000000000006,4.0,3.506666666666667,4.069239181495881,3.58076081850412,Eastern Europe & the Balkans,Overall
1800.0,1900.0,4.583333333333334,4.993333333333333,4.333333333333333,4.874404153276217,4.292262513390451,Eastern Europe & the Balkans,Overall
1900.0,2000.0,4.533333333333334,4.833333333333333,4.166666666666667,4.873267967572853,4.193398699093815,Eastern Europe & the Balkans,Overall
2000.0,2025.0,6.508333333333335,6.666666666666667,6.333333333333333,6.686869044046906,6.329797622619763,Eastern Europe & the Balkans,Overall
-1000.0,-900.0,3.35,4.0,3.0,3.826969600708473,2.8730303992915274,Eastern Europe & the Balkans,Subset: Culture & Lesure
-900.0,-800.0,3.45,4.0,3.0,3.9474937185533103,2.95250628144669,Eastern Europe & the Balkans,Subset: Culture & Lesure
-800.0,-700.0,4.15,5.0,4.0,4.803834841531101,3.4961651584688993,Eastern Europe & the Balkans,Subset: Culture & Lesure
-700.0,-600.0,4.25,5.0,4.0,4.78619026473818,3.71380973526182,Eastern Europe & the Balkans,Subset: Culture & Lesure
-600.0,-500.0,4.35,5.0,4.0,4.92227615711298,3.77772384288702,Eastern Europe & the Balkans,Subset: Culture & Lesure
-500.0,-400.0,5.05,5.959999999999999,5.0,5.63949130612758,4.46050869387242,Eastern Europe & the Balkans,Subset: Culture & Lesure
-400.0,-300.0,5.2,6.0,5.0,5.8,4.6000000000000005,Eastern Europe & the Balkans,Subset: Culture & Lesure
-300.0,-200.0,5.65,6.0,5.0,6.22227615711298,5.07772384288702,Eastern Europe & the Balkans,Subset: Culture & Lesure
-200.0,-100.0,6.35,7.0,6.0,6.92227615711298,5.77772384288702,Eastern Europe & the Balkans,Subset: Culture & Lesure
-100.0,0.0,6.75,7.0,6.0,7.18301270189222,6.31698729810778,Eastern Europe & the Balkans,Subset: Culture & Lesure
0.0,100.0,6.8,7.0,6.0,7.4,6.2,Eastern Europe & the Balkans,Subset: Culture & Lesure
100.0,200.0,6.05,7.0,5.0,6.914580823289529,5.185419176710471,Eastern Europe & the Balkans,Subset: Culture & Lesure
200.0,300.0,5.05,6.0,4.0,5.854673846971553,4.245326153028446,Eastern Europe & the Balkans,Subset: Culture & Lesure
300.0,400.0,4.95,5.959999999999999,4.0,5.618954408012983,4.281045591987017,Eastern Europe & the Balkans,Subset: Culture & Lesure
400.0,500.0,4.15,5.0,4.0,4.803834841531101,3.4961651584688993,Eastern Europe & the Balkans,Subset: Culture & Lesure
500.0,600.0,4.25,5.0,4.0,4.872494979899437,3.627505020100563,Eastern Europe & the Balkans,Subset: Culture & Lesure
600.0,700.0,4.75,5.0,4.0,5.448212002188447,4.051787997811553,Eastern Europe & the Balkans,Subset: Culture & Lesure
700.0,800.0,5.55,6.0,5.0,6.218954408012983,4.881045591987017,Eastern Europe & the Balkans,Subset: Culture & Lesure
800.0,900.0,5.75,6.0,5.0,6.516485485837794,4.983514514162206,Eastern Europe & the Balkans,Subset: Culture & Lesure
900.0,1000.0,5.85,6.0,5.0,6.42227615711298,5.27772384288702,Eastern Europe & the Balkans,Subset: Culture & Lesure
1000.0,1100.0,5.85,6.0,5.0,6.5038348415311,5.196165158468899,Eastern Europe & the Balkans,Subset: Culture & Lesure
1100.0,1200.0,6.2,7.0,6.0,6.709901951359279,5.6900980486407216,Eastern Europe & the Balkans,Subset: Culture & Lesure
1200.0,1300.0,5.45,6.0,5.0,6.118954408012983,4.781045591987017,Eastern Europe & the Balkans,Subset: Culture & Lesure
1300.0,1400.0,5.15,6.0,4.0,5.9421489758877435,4.357851024112257,Eastern Europe & the Balkans,Subset: Culture & Lesure
1400.0,1500.0,4.8,5.0,4.0,5.548331477354788,4.051668522645212,Eastern Europe & the Balkans,Subset: Culture & Lesure
1500.0,1600.0,5.25,6.0,4.04,6.192072184070838,4.307927815929162,Eastern Europe & the Balkans,Subset: Culture & Lesure
1600.0,1700.0,4.3,5.0,4.0,5.081024967590666,3.5189750324093345,Eastern Europe & the Balkans,Subset: Culture & Lesure
1700.0,1800.0,5.3,6.0,5.0,6.014142842854285,4.585857157145715,Eastern Europe & the Balkans,Subset: Culture & Lesure
1800.0,1900.0,6.05,6.959999999999999,6.0,6.63949130612758,5.46050869387242,Eastern Europe & the Balkans,Subset: Culture & Lesure
1900.0,2000.0,5.95,6.0,6.0,6.44749371855331,5.4525062814466905,Eastern Europe & the Balkans,Subset: Culture & Lesure
2000.0,2025.0,7.15,7.0,7.0,7.507071421427143,6.792928578572858,Eastern Europe & the Balkans,Subset: Culture & Lesure
-1000.0,-900.0,2.0,2.0,2.0,2.0,2.0,Eastern Europe & the Balkans,Subset: Economic Opportunity
-900.0,-800.0,2.65,3.0,2.0,3.126969600708473,2.1730303992915267,Eastern Europe & the Balkans,Subset: Economic Opportunity
-800.0,-700.0,3.15,3.0,3.0,3.5070714214271423,2.7929285785728575,Eastern Europe & the Balkans,Subset: Economic Opportunity
-700.0,-600.0,3.15,3.959999999999999,3.0,3.6269696007084726,2.673030399291527,Eastern Europe & the Balkans,Subset: Economic Opportunity
-600.0,-500.0,3.05,3.0,3.0,3.43405728739343,2.6659427126065696,Eastern Europe & the Balkans,Subset: Economic Opportunity
-500.0,-400.0,3.45,4.0,3.0,3.9474937185533103,2.95250628144669,Eastern Europe & the Balkans,Subset: Economic Opportunity
-400.0,-300.0,3.9,4.0,4.0,4.335889894354067,3.4641101056459327,Eastern Europe & the Balkans,Subset: Economic Opportunity
-300.0,-200.0,4.65,5.0,4.0,5.22227615711298,4.07772384288702,Eastern Europe & the Balkans,Subset: Economic Opportunity
-200.0,-100.0,5.55,6.0,5.0,6.13949130612758,4.96050869387242,Eastern Europe & the Balkans,Subset: Economic Opportunity
-100.0,0.0,6.15,7.0,6.0,6.72227615711298,5.57772384288702,Eastern Europe & the Balkans,Subset: Economic Opportunity
0.0,100.0,5.95,7.0,5.0,6.754673846971554,5.145326153028447,Eastern Europe & the Balkans,Subset: Economic Opportunity
100.0,200.0,5.1,6.0,4.0,6.144030650891055,4.055969349108945,Eastern Europe & the Balkans,Subset: Economic Opportunity
200.0,300.0,4.05,5.0,3.0,4.854673846971554,3.245326153028446,Eastern Europe & the Balkans,Subset: Economic Opportunity
300.0,400.0,3.75,4.0,3.0,4.448212002188447,3.051787997811553,Eastern Europe & the Balkans,Subset: Economic Opportunity
400.0,500.0,3.0,3.959999999999999,2.04,3.632455532033676,2.367544467966324,Eastern Europe & the Balkans,Subset: Economic Opportunity
500.0,600.0,3.05,3.959999999999999,3.0,3.63949130612758,2.46050869387242,Eastern Europe & the Balkans,Subset: Economic Opportunity
600.0,700.0,3.5,4.0,3.0,4.091607978309962,2.9083920216900383,Eastern Europe & the Balkans,Subset: Economic Opportunity
700.0,800.0,4.1,4.959999999999999,4.0,4.6385164807134505,3.5614835192865493,Eastern Europe & the Balkans,Subset: Economic Opportunity
800.0,900.0,4.4,5.0,4.0,4.889897948556636,3.910102051443365,Eastern Europe & the Balkans,Subset: Economic Opportunity
900.0,1000.0,4.55,5.0,4.0,5.13949130612758,3.96050869387242,Eastern Europe & the Balkans,Subset: Economic Opportunity
1000.0,1100.0,4.85,5.0,4.0,5.5038348415311,4.196165158468899,Eastern Europe & the Balkans,Subset: Economic Opportunity
1100.0,1200.0,5.35,6.0,5.0,6.076291952316697,4.623708047683302,Eastern Europe & the Balkans,Subset: Economic Opportunity
1200.0,1300.0,4.15,5.0,4.0,4.803834841531101,3.4961651584688993,Eastern Europe & the Balkans,Subset: Economic Opportunity
1300.0,1400.0,3.65,4.0,3.0,4.303834841531101,2.996165158468899,Eastern Europe & the Balkans,Subset: Economic Opportunity
1400.0,1500.0,3.15,3.0,3.0,3.5070714214271423,2.7929285785728575,Eastern Europe & the Balkans,Subset: Economic Opportunity
1500.0,1600.0,3.55,4.0,3.0,4.218954408012983,2.881045591987017,Eastern Europe & the Balkans,Subset: Economic Opportunity
1600.0,1700.0,2.95,3.0,3.0,3.4474937185533103,2.45250628144669,Eastern Europe & the Balkans,Subset: Economic Opportunity
1700.0,1800.0,4.0,4.0,4.0,4.447213595499958,3.552786404500042,Eastern Europe & the Balkans,Subset: Economic Opportunity
1800.0,1900.0,5.2,6.0,5.0,5.709901951359279,4.6900980486407216,Eastern Europe & the Balkans,Subset: Economic Opportunity
1900.0,2000.0,5.0,5.959999999999999,4.04,5.632455532033676,4.367544467966324,Eastern Europe & the Balkans,Subset: Economic Opportunity
2000.0,2025.0,6.95,7.0,7.0,7.167944947177034,6.732055052822966,Eastern Europe & the Balkans,Subset: Economic Opportunity
-1000.0,-900.0,3.0,3.0,3.0,3.447213595499958,2.552786404500042,Eastern Europe & the Balkans,Subset: Equality
-900.0,-800.0,3.0,3.0,3.0,3.447213595499958,2.552786404500042,Eastern Europe & the Balkans,Subset: Equality
-800.0,-700.0,3.0,3.0,3.0,3.447213595499958,2.552786404500042,Eastern Europe & the Balkans,Subset: Equality
-700.0,-600.0,3.05,3.0,3.0,3.43405728739343,2.6659427126065696,Eastern Europe & the Balkans,Subset: Equality
-600.0,-500.0,2.95,3.0,3.0,3.167944947177034,2.7320550528229663,Eastern Europe & the Balkans,Subset: Equality
-500.0,-400.0,3.1,3.0,3.0,3.535889894354068,2.6641101056459324,Eastern Europe & the Balkans,Subset: Equality
-400.0,-300.0,3.05,3.0,3.0,3.43405728739343,2.6659427126065696,Eastern Europe & the Balkans,Subset: Equality
-300.0,-200.0,3.8,4.0,3.0,4.3099019513592784,3.290098048640721,Eastern Europe & the Balkans,Subset: Equality
-200.0,-100.0,4.4,5.0,4.0,5.06332495807108,3.73667504192892,Eastern Europe & the Balkans,Subset: Equality
-100.0,0.0,4.8,5.0,5.0,5.3099019513592784,4.290098048640721,Eastern Europe & the Balkans,Subset: Equality
0.0,100.0,4.7,5.0,4.0,5.340312423743285,4.0596875762567155,Eastern Europe & the Balkans,Subset: Equality
100.0,200.0,3.9,4.0,3.04,4.6,3.1999999999999997,Eastern Europe & the Balkans,Subset: Equality
200.0,300.0,3.05,3.0,3.0,3.54749371855331,2.5525062814466897,Eastern Europe & the Balkans,Subset: Equality
300.0,400.0,2.95,3.0,3.0,3.3340572873934304,2.56594271260657,Eastern Europe & the Balkans,Subset: Equality
400.0,500.0,2.5,3.0,2.0,3.0916079783099617,1.9083920216900383,Eastern Europe & the Balkans,Subset: Equality
500.0,600.0,2.8,3.0,2.0,3.3099019513592784,2.290098048640721,Eastern Europe & the Balkans,Subset: Equality
600.0,700.0,3.05,3.0,3.0,3.54749371855331,2.5525062814466897,Eastern Europe & the Balkans,Subset: Equality
700.0,800.0,3.55,4.0,3.0,4.13949130612758,2.96050869387242,Eastern Europe & the Balkans,Subset: Equality
800.0,900.0,3.55,4.0,3.0,4.13949130612758,2.96050869387242,Eastern Europe & the Balkans,Subset: Equality
900.0,1000.0,3.65,4.0,3.0,4.126969600708473,3.1730303992915267,Eastern Europe & the Balkans,Subset: Equality
1000.0,1100.0,3.55,4.0,3.0,4.289932429347437,2.810067570652562,Eastern Europe & the Balkans,Subset: Equality
1100.0,1200.0,3.65,4.0,3.0,4.376291952316698,2.923708047683302,Eastern Europe & the Balkans,Subset: Equality
1200.0,1300.0,3.1,3.0,3.0,3.4,2.8000000000000003,Eastern Europe & the Balkans,Subset: Equality
1300.0,1400.0,2.65,3.0,2.0,3.1269696007084726,2.173030399291527,Eastern Europe & the Balkans,Subset: Equality
1400.0,1500.0,2.15,2.0,2.0,2.5070714214271423,1.7929285785728577,Eastern Europe & the Balkans,Subset: Equality
1500.0,1600.0,2.4,3.0,2.0,2.889897948556636,1.910102051443364,Eastern Europe & the Balkans,Subset: Equality
1600.0,1700.0,2.05,2.0,2.0,2.2679449471770337,1.8320550528229664,Eastern Europe & the Balkans,Subset: Equality
1700.0,1800.0,2.95,3.0,3.0,3.167944947177034,2.7320550528229663,Eastern Europe & the Balkans,Subset: Equality
1800.0,1900.0,3.5,4.0,3.0,4.0,3.0,Eastern Europe & the Balkans,Subset: Equality
1900.0,2000.0,3.95,4.0,4.0,4.33405728739343,3.56594271260657,Eastern Europe & the Balkans,Subset: Equality
2000.0,2025.0,5.45,6.0,5.0,5.94749371855331,4.9525062814466905,Eastern Europe & the Balkans,Subset: Equality
-1000.0,-900.0,2.2,2.959999999999999,2.0,2.6,1.8000000000000005,Eastern Europe & the Balkans,Subset: Freedom
-900.0,-800.0,2.2,2.959999999999999,2.0,2.6,1.8000000000000005,Eastern Europe & the Balkans,Subset: Freedom
-800.0,-700.0,2.65,3.0,2.0,3.22227615711298,2.07772384288702,Eastern Europe & the Balkans,Subset: Freedom
-700.0,-600.0,2.7,3.0,2.0,3.1582575694955843,2.241742430504416,Eastern Europe & the Balkans,Subset: Freedom
-600.0,-500.0,2.55,3.0,2.0,3.04749371855331,2.0525062814466897,Eastern Europe & the Balkans,Subset: Freedom
-500.0,-400.0,3.0,3.0,3.0,3.447213595499958,2.552786404500042,Eastern Europe & the Balkans,Subset: Freedom
-400.0,-300.0,3.1,4.0,3.0,3.72449979983984,2.4755002001601603,Eastern Europe & the Balkans,Subset: Freedom
-300.0,-200.0,3.65,4.0,3.0,4.303834841531101,2.996165158468899,Eastern Europe & the Balkans,Subset: Freedom
-200.0,-100.0,4.6,5.0,4.0,5.263324958071079,3.93667504192892,Eastern Europe & the Balkans,Subset: Freedom
-100.0,0.0,5.35,6.0,5.0,5.92227615711298,4.77772384288702,Eastern Europe & the Balkans,Subset: Freedom
0.0,100.0,5.0,5.0,5.0,5.836660026534076,4.163339973465924,Eastern Europe & the Balkans,Subset: Freedom
100.0,200.0,4.1,5.0,4.0,4.988819441731558,3.211180558268441,Eastern Europe & the Balkans,Subset: Freedom
200.0,300.0,3.05,3.959999999999999,3.0,3.63949130612758,2.46050869387242,Eastern Europe & the Balkans,Subset: Freedom
300.0,400.0,2.95,3.0,3.0,3.44749371855331,2.4525062814466905,Eastern Europe & the Balkans,Subset: Freedom
400.0,500.0,2.25,3.0,2.0,2.872494979899437,1.6275050201005634,Eastern Europe & the Balkans,Subset: Freedom
500.0,600.0,2.65,3.0,2.0,3.22227615711298,2.07772384288702,Eastern Europe & the Balkans,Subset: Freedom
600.0,700.0,3.0,3.0,3.0,3.632455532033676,2.367544467966324,Eastern Europe & the Balkans,Subset: Freedom
700.0,800.0,3.7,4.0,3.0,4.414142842854285,2.9858571571457153,Eastern Europe & the Balkans,Subset: Freedom
800.0,900.0,3.8,4.959999999999999,3.0,4.548331477354788,3.051668522645212,Eastern Europe & the Balkans,Subset: Freedom
900.0,1000.0,4.0,4.0,4.0,4.547722557505166,3.452277442494834,Eastern Europe & the Balkans,Subset: Freedom
1000.0,1100.0,4.15,5.0,4.0,4.876291952316698,3.423708047683303,Eastern Europe & the Balkans,Subset: Freedom
1100.0,1200.0,4.3,5.0,4.0,5.2,3.4,Eastern Europe & the Balkans,Subset: Freedom
1200.0,1300.0,3.05,3.0,3.0,3.43405728739343,2.6659427126065696,Eastern Europe & the Balkans,Subset: Freedom
1300.0,1400.0,2.7,3.0,2.0,3.256776436283002,2.1432235637169983,Eastern Europe & the Balkans,Subset: Freedom
1400.0,1500.0,2.05,2.0,2.0,2.2679449471770337,1.8320550528229664,Eastern Europe & the Balkans,Subset: Freedom
1500.0,1600.0,2.4,3.0,2.0,2.889897948556636,1.910102051443364,Eastern Europe & the Balkans,Subset: Freedom
1600.0,1700.0,2.0,2.0,2.0,2.0,2.0,Eastern Europe & the Balkans,Subset: Freedom
1700.0,1800.0,3.15,3.0,3.0,3.5070714214271423,2.7929285785728575,Eastern Europe & the Balkans,Subset: Freedom
1800.0,1900.0,4.25,5.0,4.0,4.68301270189222,3.816987298107781,Eastern Europe & the Balkans,Subset: Freedom
1900.0,2000.0,3.65,4.0,3.0,4.376291952316698,2.923708047683302,Eastern Europe & the Balkans,Subset: Freedom
2000.0,2025.0,6.45,7.0,6.0,6.94749371855331,5.9525062814466905,Eastern Europe & the Balkans,Subset: Freedom
-1000.0,-900.0,3.0,3.0,3.0,3.0,3.0,Eastern Europe & the Balkans,Subset: Health & Wellbeing
-900.0,-800.0,3.0,3.0,3.0,3.0,3.0,Eastern Europe & the Balkans,Subset: Health & Wellbeing
-800.0,-700.0,3.25,4.0,3.0,3.683012701892219,2.816987298107781,Eastern Europe & the Balkans,Subset: Health & Wellbeing
-700.0,-600.0,3.5,4.0,3.0,4.0,3.0,Eastern Europe & the Balkans,Subset: Health & Wellbeing
-600.0,-500.0,3.55,4.0,3.0,4.0474937185533095,3.0525062814466897,Eastern Europe & the Balkans,Subset: Health & Wellbeing
-500.0,-400.0,3.95,4.0,4.0,4.33405728739343,3.56594271260657,Eastern Europe & the Balkans,Subset: Health & Wellbeing
-400.0,-300.0,4.1,4.0,4.0,4.535889894354067,3.664110105645933,Eastern Europe & the Balkans,Subset: Health & Wellbeing
-300.0,-200.0,5.0,5.0,5.0,5.447213595499958,4.552786404500042,Eastern Europe & the Balkans,Subset: Health & Wellbeing
-200.0,-100.0,5.8,6.0,5.0,6.3099019513592784,5.290098048640721,Eastern Europe & the Balkans,Subset: Health & Wellbeing
-100.0,0.0,6.35,7.0,6.0,6.826969600708472,5.873030399291527,Eastern Europe & the Balkans,Subset: Health & Wellbeing
0.0,100.0,6.15,7.0,6.0,6.803834841531101,5.4961651584689,Eastern Europe & the Balkans,Subset: Health & Wellbeing
100.0,200.0,5.45,6.0,5.0,6.314580823289529,4.585419176710471,Eastern Europe & the Balkans,Subset: Health & Wellbeing
200.0,300.0,4.35,5.0,4.0,4.92227615711298,3.77772384288702,Eastern Europe & the Balkans,Subset: Health & Wellbeing
300.0,400.0,4.2,5.0,4.0,4.8,3.6,Eastern Europe & the Balkans,Subset: Health & Wellbeing
400.0,500.0,3.4,4.0,3.0,3.889897948556636,2.910102051443364,Eastern Europe & the Balkans,Subset: Health & Wellbeing
500.0,600.0,3.45,4.0,3.0,3.9474937185533103,2.95250628144669,Eastern Europe & the Balkans,Subset: Health & Wellbeing
600.0,700.0,3.7,4.0,3.0,4.414142842854285,2.9858571571457153,Eastern Europe & the Balkans,Subset: Health & Wellbeing
700.0,800.0,4.4,5.0,4.0,4.889897948556636,3.910102051443365,Eastern Europe & the Balkans,Subset: Health & Wellbeing
800.0,900.0,4.45,5.0,4.0,5.03949130612758,3.86050869387242,Eastern Europe & the Balkans,Subset: Health & Wellbeing
900.0,1000.0,4.55,5.0,4.0,5.0474937185533095,4.05250628144669,Eastern Europe & the Balkans,Subset: Health & Wellbeing
1000.0,1100.0,4.95,5.0,4.04,5.53949130612758,4.36050869387242,Eastern Europe & the Balkans,Subset: Health & Wellbeing
1100.0,1200.0,5.1,5.959999999999999,5.0,5.6385164807134505,4.561483519286549,Eastern Europe & the Balkans,Subset: Health & Wellbeing
1200.0,1300.0,3.9,4.0,3.04,4.43851648071345,3.3614835192865495,Eastern Europe & the Balkans,Subset: Health & Wellbeing
1300.0,1400.0,3.6,4.0,3.0,4.334846922834954,2.865153077165046,Eastern Europe & the Balkans,Subset: Health & Wellbeing
1400.0,1500.0,3.3,4.0,3.0,3.758257569495584,2.8417424305044157,Eastern Europe & the Balkans,Subset: Health & Wellbeing
1500.0,1600.0,3.75,4.0,3.0,4.372494979899437,3.127505020100563,Eastern Europe & the Balkans,Subset: Health & Wellbeing
1600.0,1700.0,3.05,3.0,3.0,3.5474937185533095,2.55250628144669,Eastern Europe & the Balkans,Subset: Health & Wellbeing
1700.0,1800.0,4.0,4.0,4.0,4.447213595499958,3.552786404500042,Eastern Europe & the Balkans,Subset: Health & Wellbeing
1800.0,1900.0,5.05,5.0,5.0,5.43405728739343,4.66594271260657,Eastern Europe & the Balkans,Subset: Health & Wellbeing
1900.0,2000.0,5.5,6.0,5.0,6.0,5.0,Eastern Europe & the Balkans,Subset: Health & Wellbeing
2000.0,2025.0,7.0,7.0,7.0,7.0,7.0,Eastern Europe & the Balkans,Subset: Health & Wellbeing
-1000.0,-900.0,5.0,6.0,4.0,6.048808848170152,3.951191151829848,Eastern Europe & the Balkans,Subset: Peace
-900.0,-800.0,5.0,6.0,4.0,6.095445115010332,3.904554884989668,Eastern Europe & the Balkans,Subset: Peace
-800.0,-700.0,5.15,6.0,4.0,6.113068014212912,4.186931985787089,Eastern Europe & the Balkans,Subset: Peace
-700.0,-600.0,4.7,5.0,4.0,5.481024967590666,3.918975032409335,Eastern Europe & the Balkans,Subset: Peace
-600.0,-500.0,4.05,5.0,3.0,4.914580823289529,3.1854191767104707,Eastern Europe & the Balkans,Subset: Peace
-500.0,-400.0,4.25,5.0,3.04,5.137411967464942,3.3625880325350574,Eastern Europe & the Balkans,Subset: Peace
-400.0,-300.0,4.1,5.0,3.04,4.86811457478686,3.3318854252131387,Eastern Europe & the Balkans,Subset: Peace
-300.0,-200.0,5.15,6.0,4.0,6.0029361054615995,4.297063894538401,Eastern Europe & the Balkans,Subset: Peace
-200.0,-100.0,6.4,7.0,6.0,7.316515138991168,5.483484861008833,Eastern Europe & the Balkans,Subset: Peace
-100.0,0.0,7.1,7.0,7.0,7.535889894354067,6.664110105645932,Eastern Europe & the Balkans,Subset: Peace
0.0,100.0,6.25,7.0,5.0,7.427921898938974,5.072078101061026,Eastern Europe & the Balkans,Subset: Peace
100.0,200.0,4.8,6.0,4.0,5.877032961426901,3.722967038573099,Eastern Europe & the Balkans,Subset: Peace
200.0,300.0,3.25,4.0,3.0,3.948212002188447,2.551787997811553,Eastern Europe & the Balkans,Subset: Peace
300.0,400.0,3.3,4.0,3.0,3.8567764362830017,2.743223563716998,Eastern Europe & the Balkans,Subset: Peace
400.0,500.0,2.4,3.0,2.0,3.06332495807108,1.73667504192892,Eastern Europe & the Balkans,Subset: Peace
500.0,600.0,3.1,4.0,3.0,3.72449979983984,2.4755002001601603,Eastern Europe & the Balkans,Subset: Peace
600.0,700.0,3.45,4.0,3.0,4.118954408012983,2.7810455919870174,Eastern Europe & the Balkans,Subset: Peace
700.0,800.0,4.3,5.0,4.0,5.014142842854285,3.585857157145715,Eastern Europe & the Balkans,Subset: Peace
800.0,900.0,4.0,5.0,3.0,4.948683298050514,3.051316701949486,Eastern Europe & the Balkans,Subset: Peace
900.0,1000.0,4.15,5.0,4.0,4.72227615711298,3.5777238428870204,Eastern Europe & the Balkans,Subset: Peace
1000.0,1100.0,4.8,5.959999999999999,4.0,5.779795897113271,3.820204102886728,Eastern Europe & the Balkans,Subset: Peace
1100.0,1200.0,4.45,6.0,3.0,5.733549765299344,3.1664502347006565,Eastern Europe & the Balkans,Subset: Peace
1200.0,1300.0,2.55,3.0,2.0,3.13949130612758,1.96050869387242,Eastern Europe & the Balkans,Subset: Peace
1300.0,1400.0,2.65,3.0,2.0,3.1269696007084726,2.173030399291527,Eastern Europe & the Balkans,Subset: Peace
1400.0,1500.0,2.3,2.959999999999999,2.0,3.0141428428542847,1.585857157145715,Eastern Europe & the Balkans,Subset: Peace
1500.0,1600.0,3.55,4.0,3.0,4.218954408012983,2.881045591987017,Eastern Europe & the Balkans,Subset: Peace
1600.0,1700.0,2.1,2.0,2.0,2.4,1.8,Eastern Europe & the Balkans,Subset: Peace
1700.0,1800.0,3.55,4.0,3.0,4.0474937185533095,3.0525062814466897,Eastern Europe & the Balkans,Subset: Peace
1800.0,1900.0,3.45,4.0,3.0,4.03949130612758,2.86050869387242,Eastern Europe & the Balkans,Subset: Peace
1900.0,2000.0,3.15,4.0,3.0,3.72227615711298,2.57772384288702,Eastern Europe & the Balkans,Subset: Peace
2000.0,2025.0,6.05,6.0,6.0,6.43405728739343,5.66594271260657,Eastern Europe & the Balkans,Subset: Peace
-1000.0,-900.0,1955000.0,3000000.0,1200000.0,2865755.1811546283,1044244.8188453716,Eastern Europe & the Balkans,Subset: Population
-900.0,-800.0,2160000.0,3487999.9999999995,1300000.0,3206613.5867644753,1113386.413235525,Eastern Europe & the Balkans,Subset: Population
-800.0,-700.0,2370000.0,3979999.999999999,1400000.0,3561259.8373151007,1178740.1626848993,Eastern Europe & the Balkans,Subset: Population
-700.0,-600.0,2580000.0,4471999.999999999,1500000.0,3918133.027766672,1241866.9722333285,Eastern Europe & the Balkans,Subset: Population
-600.0,-500.0,2785000.0,4959999.999999999,1600000.0,4267320.815478215,1302679.184521785,Eastern Europe & the Balkans,Subset: Population
-500.0,-400.0,2990000.0,5447999.999999999,1700000.0,4618158.468945821,1361841.531054179,Eastern Europe & the Balkans,Subset: Population
-400.0,-300.0,3200000.0,5939999.999999999,1800000.0,4978763.615548733,1421236.3844512673,Eastern Europe & the Balkans,Subset: Population
-300.0,-200.0,3440000.0,6431999.999999998,1900000.0,5352955.828031583,1527044.1719684168,Eastern Europe & the Balkans,Subset: Population
-200.0,-100.0,3720000.0,6927999.999999998,2000000.0,5768072.264350064,1671927.7356499357,Eastern Europe & the Balkans,Subset: Population
-100.0,0.0,4000000.0,7419999.999999998,2200000.0,6174396.467988301,1825603.5320116985,Eastern Europe & the Balkans,Subset: Population
0.0,100.0,4220000.0,7911999.999999998,2300000.0,6546499.516440956,1893500.4835590443,Eastern Europe & the Balkans,Subset: Population
100.0,200.0,4425000.0,8399999.999999998,2400000.0,6899444.38207853,1950555.6179214695,Eastern Europe & the Balkans,Subset: Population
200.0,300.0,4495000.0,8407999.999999998,2304000.0,6962686.163190125,2027313.836809875,Eastern Europe & the Balkans,Subset: Population
300.0,400.0,4450000.0,7935999.999999998,2304000.0,6754235.231047386,2145764.768952614,Eastern Europe & the Balkans,Subset: Population
400.0,500.0,4270000.0,7463999.999999999,2208000.0,6434971.131447254,2105028.8685527467,Eastern Europe & the Balkans,Subset: Population
500.0,600.0,4210000.0,6992000.0,2108000.0,6344689.67299699,2075310.3270030092,Eastern Europe & the Balkans,Subset: Population
600.0,700.0,4225000.0,7000000.0,2200000.0,6344640.299673509,2105359.7003264916,Eastern Europe & the Balkans,Subset: Population
700.0,800.0,4385000.0,7192000.0,2204000.0,6609022.257082874,2160977.7429171265,Eastern Europe & the Balkans,Subset: Population
800.0,900.0,4600000.0,7496000.0,2304000.0,6942007.685726074,2257992.3142739264,Eastern Europe & the Balkans,Subset: Population
900.0,1000.0,4815000.0,7984000.0,2404000.0,7284468.566311384,2345531.4336886164,Eastern Europe & the Balkans,Subset: Population
1000.0,1100.0,5040000.0,8472000.0,2504000.0,7635842.830373211,2444157.1696267896,Eastern Europe & the Balkans,Subset: Population
1100.0,1200.0,5295000.0,8960000.0,2700000.0,8004515.63937173,2585484.360628269,Eastern Europe & the Balkans,Subset: Population
1200.0,1300.0,5540000.0,9447999.999999998,2804000.0,8371854.516037149,2708145.48396285,Eastern Europe & the Balkans,Subset: Population
1300.0,1400.0,5545000.0,8972000.0,2804000.0,8381983.433155717,2708016.5668442827,Eastern Europe & the Balkans,Subset: Population
1400.0,1500.0,5525000.0,8496000.0,2804000.0,8434617.672478637,2615382.3275213633,Eastern Europe & the Balkans,Subset: Population
1500.0,1600.0,5745000.0,8980000.0,3000000.0,8856667.55936427,2633332.4406357286,Eastern Europe & the Balkans,Subset: Population
1600.0,1700.0,5930000.0,9464000.0,3104000.0,9179784.608247137,2680215.391752863,Eastern Europe & the Balkans,Subset: Population
1700.0,1800.0,6160000.0,9947999.999999998,3212000.0,9530815.924965348,2789184.075034651,Eastern Europe & the Balkans,Subset: Population
1800.0,1900.0,7460000.0,11879999.999999998,4000000.0,11988288.860044155,2931711.139955844,Eastern Europe & the Balkans,Subset: Population
1900.0,2000.0,26160000.0,49599999.99999999,8000000.0,49661199.969363265,2658800.0306367353,Eastern Europe & the Balkans,Subset: Population
2000.0,2025.0,33125000.0,69399999.99999999,9040000.0,62223056.206557855,4026943.793442145,Eastern Europe & the Balkans,Subset: Population
-1000.0,-900.0,4.464285714285714,4.666666666666667,4.333333333333333,4.68412125372166,4.244450174849769,Mesoamerica & the Caribbean,Overall
-900.0,-800.0,4.583333333333333,4.833333333333333,4.5,4.758701426936383,4.407965239730283,Mesoamerica & the Caribbean,Overall
-800.0,-700.0,4.785714285714286,4.833333333333333,4.666666666666667,4.932486047689737,4.638942523738834,Mesoamerica & the Caribbean,Overall
-700.0,-600.0,4.785714285714286,5.0,4.513333333333334,5.048699071837792,4.522729499590779,Mesoamerica & the Caribbean,Overall
-600.0,-500.0,4.714285714285714,5.153333333333333,4.5,5.114823900982398,4.3137475275890305,Mesoamerica & the Caribbean,Overall
-500.0,-400.0,4.952380952380953,5.333333333333333,4.666666666666667,5.299869512364916,4.604892392396991,Mesoamerica & the Caribbean,Overall
-400.0,-300.0,5.011904761904762,5.333333333333333,4.666666666666667,5.3595971872978625,4.664212336511661,Mesoamerica & the Caribbean,Overall
-300.0,-200.0,5.095238095238095,5.5,4.666666666666667,5.492222190488882,4.698253999987307,Mesoamerica & the Caribbean,Overall
-200.0,-100.0,5.142857142857143,5.5,4.833333333333333,5.469316885733384,4.816397399980903,Mesoamerica & the Caribbean,Overall
-100.0,0.0,4.988095238095238,5.319999999999999,4.833333333333333,5.258781357164335,4.717409119026141,Mesoamerica & the Caribbean,Overall
0.0,100.0,4.916666666666666,5.166666666666667,4.5,5.260258802134804,4.573074531198528,Mesoamerica & the Caribbean,Overall
100.0,200.0,4.797619047619048,5.319999999999999,4.5,5.252655115562296,4.342582979675801,Mesoamerica & the Caribbean,Overall
200.0,300.0,4.773809523809524,5.333333333333333,4.193333333333333,5.299374763205812,4.248244284413236,Mesoamerica & the Caribbean,Overall
300.0,400.0,4.5357142857142865,4.819999999999999,4.026666666666666,5.003648666834133,4.06777990459444,Mesoamerica & the Caribbean,Overall
400.0,500.0,4.392857142857143,4.833333333333333,3.8466666666666662,4.936971184858402,3.848743100855884,Mesoamerica & the Caribbean,Overall
500.0,600.0,4.297619047619048,4.666666666666667,4.013333333333334,4.711555682159851,3.8836824130782457,Mesoamerica & the Caribbean,Overall
600.0,700.0,4.333333333333334,4.653333333333333,4.0,4.769769113805319,3.896897552861349,Mesoamerica & the Caribbean,Overall
700.0,800.0,4.309523809523809,4.806666666666667,4.0,4.7718211390225616,3.847226480025057,Mesoamerica & the Caribbean,Overall
800.0,900.0,4.261904761904762,4.833333333333333,3.8466666666666662,4.868463771564619,3.655345752244905,Mesoamerica & the Caribbean,Overall
900.0,1000.0,4.2976190476190474,4.819999999999999,3.8466666666666662,4.843812845093069,3.751425250145026,Mesoamerica & the Caribbean,Overall
1000.0,1100.0,4.476190476190476,4.833333333333333,4.026666666666666,4.826117582302359,4.126263370078593,Mesoamerica & the Caribbean,Overall
1100.0,1200.0,4.380952380952381,4.819999999999999,3.8466666666666662,4.823835124708054,3.938069637196708,Mesoamerica & the Caribbean,Overall
1200.0,1300.0,4.30952380952381,4.666666666666667,3.8333333333333335,4.745309648041028,3.873737971006593,Mesoamerica & the Caribbean,Overall
1300.0,1400.0,4.226190476190475,4.653333333333333,3.86,4.59677100991127,3.85560994246968,Mesoamerica & the Caribbean,Overall
1400.0,1500.0,4.2142857142857135,4.653333333333333,3.8466666666666662,4.629418947003873,3.799152481567554,Mesoamerica & the Caribbean,Overall
1500.0,1600.0,2.023809523809524,2.1666666666666665,1.8333333333333333,2.1887667435779887,1.8588523040410596,Mesoamerica & the Caribbean,Overall
1600.0,1700.0,2.047619047619047,2.3200000000000003,1.8333333333333333,2.3180432545619176,1.7771948406761773,Mesoamerica & the Caribbean,Overall
1700.0,1800.0,2.523809523809524,2.8200000000000003,2.3333333333333335,2.7746584226869704,2.272960624932078,Mesoamerica & the Caribbean,Overall
1800.0,1900.0,3.761904761904762,3.986666666666667,3.6666666666666665,3.986523360287062,3.5372861635224617,Mesoamerica & the Caribbean,Overall
1900.0,2000.0,5.428571428571428,5.5,5.333333333333333,5.532354736750968,5.324788120391888,Mesoamerica & the Caribbean,Overall
2000.0,2025.0,6.1309523809523805,6.333333333333333,5.846666666666667,6.350787920388325,5.911116841516436,Mesoamerica & the Caribbean,Overall
-1000.0,-900.0,5.428571428571429,6.0,5.0,5.923443087876822,4.933699769266036,Mesoamerica & the Caribbean,Subset: Culture & Lesure
-900.0,-800.0,5.714285714285714,6.0,5.0,6.303300803659666,5.125270624911763,Mesoamerica & the Caribbean,Subset: Culture & Lesure
-800.0,-700.0,6.428571428571429,7.0,6.0,6.923443087876822,5.933699769266036,Mesoamerica & the Caribbean,Subset: Culture & Lesure
-700.0,-600.0,6.571428571428571,7.0,6.0,7.066300230733964,6.076556912123178,Mesoamerica & the Caribbean,Subset: Culture & Lesure
-600.0,-500.0,6.357142857142857,7.0,6.0,6.9674288389512515,5.746856875334462,Mesoamerica & the Caribbean,Subset: Culture & Lesure
-500.0,-400.0,7.0,7.0,7.0,7.534522483824849,6.465477516175151,Mesoamerica & the Caribbean,Subset: Culture & Lesure
-400.0,-300.0,7.214285714285714,7.92,7.0,7.624611617609859,6.80395981096157,Mesoamerica & the Caribbean,Subset: Culture & Lesure
-300.0,-200.0,7.285714285714286,8.0,7.0,7.737468237166912,6.8339603342616595,Mesoamerica & the Caribbean,Subset: Culture & Lesure
-200.0,-100.0,7.5,8.0,7.0,8.0,7.0,Mesoamerica & the Caribbean,Subset: Culture & Lesure
-100.0,0.0,7.428571428571429,8.0,7.0,7.923443087876822,6.933699769266036,Mesoamerica & the Caribbean,Subset: Culture & Lesure
0.0,100.0,7.428571428571429,8.0,7.0,8.249223235219718,6.607919621923139,Mesoamerica & the Caribbean,Subset: Culture & Lesure
100.0,200.0,7.571428571428571,9.0,7.0,8.62120988976422,6.521647253092923,Mesoamerica & the Caribbean,Subset: Culture & Lesure
200.0,300.0,7.642857142857143,8.92,7.0,8.614390750623961,6.671323535090326,Mesoamerica & the Caribbean,Subset: Culture & Lesure
300.0,400.0,7.285714285714286,8.92,6.08,8.44629120066228,6.125137370766291,Mesoamerica & the Caribbean,Subset: Culture & Lesure
400.0,500.0,7.214285714285714,8.0,6.08,8.153781888426137,6.274789540145292,Mesoamerica & the Caribbean,Subset: Culture & Lesure
500.0,600.0,6.785714285714286,7.0,6.0,7.645828184199449,5.925600387229122,Mesoamerica & the Caribbean,Subset: Culture & Lesure
600.0,700.0,6.5,7.0,6.0,7.323754471047914,5.676245528952086,Mesoamerica & the Caribbean,Subset: Culture & Lesure
700.0,800.0,6.571428571428571,7.0,6.0,7.194128420505811,5.948728722351332,Mesoamerica & the Caribbean,Subset: Culture & Lesure
800.0,900.0,6.357142857142857,7.0,6.0,7.074991115794349,5.6392945984913645,Mesoamerica & the Caribbean,Subset: Culture & Lesure
900.0,1000.0,6.214285714285714,7.0,6.0,6.888141509432614,5.540429919138814,Mesoamerica & the Caribbean,Subset: Culture & Lesure
1000.0,1100.0,6.357142857142857,7.0,6.0,6.836300280892812,5.877985433392902,Mesoamerica & the Caribbean,Subset: Culture & Lesure
1100.0,1200.0,6.428571428571429,7.0,6.0,6.923443087876822,5.933699769266036,Mesoamerica & the Caribbean,Subset: Culture & Lesure
1200.0,1300.0,6.428571428571429,7.0,6.0,6.923443087876822,5.933699769266036,Mesoamerica & the Caribbean,Subset: Culture & Lesure
1300.0,1400.0,6.357142857142857,7.0,6.0,6.836300280892812,5.877985433392902,Mesoamerica & the Caribbean,Subset: Culture & Lesure
1400.0,1500.0,6.428571428571429,7.0,6.0,6.923443087876822,5.933699769266036,Mesoamerica & the Caribbean,Subset: Culture & Lesure
1500.0,1600.0,4.142857142857143,5.0,3.08,4.8851646318152335,3.400549653899053,Mesoamerica & the Caribbean,Subset: Culture & Lesure
1600.0,1700.0,3.4285714285714284,4.0,3.0,4.0512712776486675,2.8058715794941893,Mesoamerica & the Caribbean,Subset: Culture & Lesure
1700.0,1800.0,4.0,5.0,3.0,4.755928946018455,3.2440710539815454,Mesoamerica & the Caribbean,Subset: Culture & Lesure
1800.0,1900.0,4.928571428571429,5.92,4.0,5.632061271556864,4.225081585585993,Mesoamerica & the Caribbean,Subset: Culture & Lesure
1900.0,2000.0,6.571428571428571,7.0,6.0,7.066300230733964,6.076556912123178,Mesoamerica & the Caribbean,Subset: Culture & Lesure
2000.0,2025.0,7.571428571428571,8.0,7.0,8.066300230733965,7.076556912123178,Mesoamerica & the Caribbean,Subset: Culture & Lesure
-1000.0,-900.0,3.0,3.0,3.0,3.0,3.0,Mesoamerica & the Caribbean,Subset: Economic Opportunity
-900.0,-800.0,3.928571428571429,4.0,4.0,4.1861108053902845,3.671032051752572,Mesoamerica & the Caribbean,Subset: Economic Opportunity
-800.0,-700.0,4.214285714285714,4.92,4.0,4.624611617609859,3.8039598109615698,Mesoamerica & the Caribbean,Subset: Economic Opportunity
-700.0,-600.0,4.571428571428571,5.0,4.0,5.066300230733964,4.076556912123178,Mesoamerica & the Caribbean,Subset: Economic Opportunity
-600.0,-500.0,4.714285714285714,5.0,4.0,5.1660396657383405,4.262531762833088,Mesoamerica & the Caribbean,Subset: Economic Opportunity
-500.0,-400.0,5.142857142857143,5.0,5.0,5.492784248969026,4.79293003674526,Mesoamerica & the Caribbean,Subset: Economic Opportunity
-400.0,-300.0,5.428571428571429,6.0,5.0,5.923443087876822,4.933699769266036,Mesoamerica & the Caribbean,Subset: Economic Opportunity
-300.0,-200.0,5.642857142857143,6.0,5.0,6.122014566607098,5.163699719107188,Mesoamerica & the Caribbean,Subset: Economic Opportunity
-200.0,-100.0,5.714285714285714,6.0,5.0,6.1660396657383405,5.262531762833088,Mesoamerica & the Caribbean,Subset: Economic Opportunity
-100.0,0.0,5.785714285714286,6.0,5.08,6.19604018903843,5.375388382390141,Mesoamerica & the Caribbean,Subset: Economic Opportunity
0.0,100.0,5.642857142857143,6.0,5.0,6.253143124665538,5.0325711610487485,Mesoamerica & the Caribbean,Subset: Economic Opportunity
100.0,200.0,5.642857142857143,6.0,5.0,6.454129763685754,4.831584522028533,Mesoamerica & the Caribbean,Subset: Economic Opportunity
200.0,300.0,5.714285714285714,6.0,5.0,6.594916286138425,4.833655142433003,Mesoamerica & the Caribbean,Subset: Economic Opportunity
300.0,400.0,5.285714285714286,6.0,4.08,6.2440291332141955,4.327399438214376,Mesoamerica & the Caribbean,Subset: Economic Opportunity
400.0,500.0,5.142857142857143,6.0,5.0,6.057589176776122,4.228125108938165,Mesoamerica & the Caribbean,Subset: Economic Opportunity
500.0,600.0,5.071428571428571,5.0,5.0,5.774918414414007,4.367938728443136,Mesoamerica & the Caribbean,Subset: Economic Opportunity
600.0,700.0,4.785714285714286,5.0,4.0,5.558332416170854,4.013096155257717,Mesoamerica & the Caribbean,Subset: Economic Opportunity
700.0,800.0,4.928571428571429,5.0,4.08,5.521901704494148,4.33524115264871,Mesoamerica & the Caribbean,Subset: Economic Opportunity
800.0,900.0,4.642857142857143,5.0,4.0,5.253143124665538,4.0325711610487485,Mesoamerica & the Caribbean,Subset: Economic Opportunity
900.0,1000.0,4.5,5.0,4.0,5.2319250547114,3.7680749452886,Mesoamerica & the Caribbean,Subset: Economic Opportunity
1000.0,1100.0,5.0,5.0,5.0,5.534522483824849,4.465477516175151,Mesoamerica & the Caribbean,Subset: Economic Opportunity
1100.0,1200.0,5.071428571428571,5.92,5.0,5.66475884735129,4.478098295505852,Mesoamerica & the Caribbean,Subset: Economic Opportunity
1200.0,1300.0,5.357142857142857,6.0,5.0,6.074991115794349,4.6392945984913645,Mesoamerica & the Caribbean,Subset: Economic Opportunity
1300.0,1400.0,5.5,6.0,5.0,6.126783170528009,4.873216829471991,Mesoamerica & the Caribbean,Subset: Economic Opportunity
1400.0,1500.0,5.5,6.0,5.0,6.126783170528009,4.873216829471991,Mesoamerica & the Caribbean,Subset: Economic Opportunity
1500.0,1600.0,2.2142857142857144,2.92,2.0,2.624611617609859,1.8039598109615695,Mesoamerica & the Caribbean,Subset: Economic Opportunity
1600.0,1700.0,2.2857142857142856,3.0,2.0,2.7374682371669112,1.83396033426166,Mesoamerica & the Caribbean,Subset: Economic Opportunity
1700.0,1800.0,2.9285714285714284,3.0,3.0,3.186110805390285,2.671032051752572,Mesoamerica & the Caribbean,Subset: Economic Opportunity
1800.0,1900.0,3.928571428571429,4.0,4.0,4.1861108053902845,3.671032051752572,Mesoamerica & the Caribbean,Subset: Economic Opportunity
1900.0,2000.0,6.0,6.0,6.0,6.0,6.0,Mesoamerica & the Caribbean,Subset: Economic Opportunity
2000.0,2025.0,6.928571428571429,7.0,7.0,7.186110805390285,6.671032051752572,Mesoamerica & the Caribbean,Subset: Economic Opportunity
-1000.0,-900.0,4.357142857142857,5.0,4.0,4.836300280892812,3.877985433392902,Mesoamerica & the Caribbean,Subset: Equality
-900.0,-800.0,4.214285714285714,4.92,4.0,4.624611617609859,3.8039598109615698,Mesoamerica & the Caribbean,Subset: Equality
-800.0,-700.0,4.142857142857143,4.0,4.0,4.492784248969026,3.7929300367452607,Mesoamerica & the Caribbean,Subset: Equality
-700.0,-600.0,3.857142857142857,4.0,3.0,4.496019422142797,3.2182662921429173,Mesoamerica & the Caribbean,Subset: Equality
-600.0,-500.0,3.857142857142857,4.0,3.0,4.496019422142797,3.2182662921429173,Mesoamerica & the Caribbean,Subset: Equality
-500.0,-400.0,3.928571428571429,4.92,3.0,4.632061271556864,3.2250815855859924,Mesoamerica & the Caribbean,Subset: Equality
-400.0,-300.0,3.857142857142857,4.92,3.0,4.599450346100947,3.114835368184767,Mesoamerica & the Caribbean,Subset: Equality
-300.0,-200.0,3.7857142857142856,5.0,3.0,4.645828184199449,2.925600387229122,Mesoamerica & the Caribbean,Subset: Equality
-200.0,-100.0,3.7857142857142856,5.0,3.0,4.645828184199449,2.925600387229122,Mesoamerica & the Caribbean,Subset: Equality
-100.0,0.0,3.642857142857143,4.0,3.0,4.3607054015086355,2.9250088842056505,Mesoamerica & the Caribbean,Subset: Equality
0.0,100.0,3.642857142857143,4.0,3.0,4.253143124665538,3.0325711610487476,Mesoamerica & the Caribbean,Subset: Equality
100.0,200.0,3.5714285714285716,4.0,3.0,4.194128420505811,2.9487287223513325,Mesoamerica & the Caribbean,Subset: Equality
200.0,300.0,3.5,4.0,3.0,4.323754471047914,2.676245528952086,Mesoamerica & the Caribbean,Subset: Equality
300.0,400.0,3.357142857142857,4.0,3.0,4.252140291867262,2.462145422418452,Mesoamerica & the Caribbean,Subset: Equality
400.0,500.0,3.2142857142857144,4.0,2.08,3.986903844742283,2.4416675838291453,Mesoamerica & the Caribbean,Subset: Equality
500.0,600.0,3.0714285714285716,3.92,3.0,3.6647588473512913,2.478098295505852,Mesoamerica & the Caribbean,Subset: Equality
600.0,700.0,3.2857142857142856,4.0,3.0,3.7374682371669112,2.83396033426166,Mesoamerica & the Caribbean,Subset: Equality
700.0,800.0,3.2857142857142856,4.0,3.0,3.9855684979380506,2.5858600734905206,Mesoamerica & the Caribbean,Subset: Equality
800.0,900.0,3.2857142857142856,4.0,3.0,3.9855684979380506,2.5858600734905206,Mesoamerica & the Caribbean,Subset: Equality
900.0,1000.0,3.4285714285714284,4.0,3.0,4.157002787656112,2.700140069486745,Mesoamerica & the Caribbean,Subset: Equality
1000.0,1100.0,3.5714285714285716,4.0,3.0,4.066300230733965,3.076556912123178,Mesoamerica & the Caribbean,Subset: Equality
1100.0,1200.0,3.4285714285714284,4.0,3.0,4.157002787656112,2.700140069486745,Mesoamerica & the Caribbean,Subset: Equality
1200.0,1300.0,3.142857142857143,4.0,3.0,3.7817337078570823,2.503980577857203,Mesoamerica & the Caribbean,Subset: Equality
1300.0,1400.0,3.0714285714285716,3.92,3.0,3.6647588473512913,2.478098295505852,Mesoamerica & the Caribbean,Subset: Equality
1400.0,1500.0,3.0,3.92,3.0,3.7559289460184546,2.2440710539815454,Mesoamerica & the Caribbean,Subset: Equality
1500.0,1600.0,1.0,1.0,1.0,1.0,1.0,Mesoamerica & the Caribbean,Subset: Equality
1600.0,1700.0,1.0,1.0,1.0,1.0,1.0,Mesoamerica & the Caribbean,Subset: Equality
1700.0,1800.0,1.2142857142857142,1.92,1.0,1.624611617609859,0.8039598109615692,Mesoamerica & the Caribbean,Subset: Equality
1800.0,1900.0,2.7142857142857144,3.0,2.0,3.16603966573834,2.2625317628330888,Mesoamerica & the Caribbean,Subset: Equality
1900.0,2000.0,3.928571428571429,4.0,4.0,4.1861108053902845,3.671032051752572,Mesoamerica & the Caribbean,Subset: Equality
2000.0,2025.0,4.357142857142857,5.0,4.0,4.9674288389512515,3.7468568753344615,Mesoamerica & the Caribbean,Subset: Equality
-1000.0,-900.0,3.357142857142857,4.0,3.0,3.836300280892812,2.8779854333929022,Mesoamerica & the Caribbean,Subset: Freedom
-900.0,-800.0,3.2142857142857144,3.92,3.0,3.624611617609859,2.8039598109615698,Mesoamerica & the Caribbean,Subset: Freedom
-800.0,-700.0,3.142857142857143,3.0,3.0,3.4927842489690253,2.7929300367452603,Mesoamerica & the Caribbean,Subset: Freedom
-700.0,-600.0,3.0714285714285716,3.0,3.0,3.328967948247428,2.813889194609715,Mesoamerica & the Caribbean,Subset: Freedom
-600.0,-500.0,3.0714285714285716,3.0,3.0,3.528794588388061,2.6140625544690823,Mesoamerica & the Caribbean,Subset: Freedom
-500.0,-400.0,3.2857142857142856,4.0,3.0,3.874729375088237,2.696699196340334,Mesoamerica & the Caribbean,Subset: Freedom
-400.0,-300.0,3.2857142857142856,4.0,3.0,3.9855684979380506,2.5858600734905206,Mesoamerica & the Caribbean,Subset: Freedom
-300.0,-200.0,3.2857142857142856,4.0,3.0,4.081109194690003,2.4903193767385683,Mesoamerica & the Caribbean,Subset: Freedom
-200.0,-100.0,3.2857142857142856,4.0,3.0,3.9855684979380506,2.5858600734905206,Mesoamerica & the Caribbean,Subset: Freedom
-100.0,0.0,3.0,3.92,2.08,3.654653670707977,2.345346329292023,Mesoamerica & the Caribbean,Subset: Freedom
0.0,100.0,3.0714285714285716,3.0,3.0,3.528794588388061,2.6140625544690823,Mesoamerica & the Caribbean,Subset: Freedom
100.0,200.0,2.857142857142857,3.0,2.08,3.37222161078057,2.3420641035051446,Mesoamerica & the Caribbean,Subset: Freedom
200.0,300.0,2.9285714285714284,3.92,2.0,3.632061271556864,2.2250815855859924,Mesoamerica & the Caribbean,Subset: Freedom
300.0,400.0,2.642857142857143,3.0,2.0,3.360705401508635,1.9250088842056503,Mesoamerica & the Caribbean,Subset: Freedom
400.0,500.0,2.5714285714285716,3.0,2.0,3.1941284205058107,1.9487287223513323,Mesoamerica & the Caribbean,Subset: Freedom
500.0,600.0,2.642857142857143,3.0,2.0,3.253143124665538,2.0325711610487476,Mesoamerica & the Caribbean,Subset: Freedom
600.0,700.0,2.7857142857142856,3.0,2.0,3.3435892625647607,2.2278393088638104,Mesoamerica & the Caribbean,Subset: Freedom
700.0,800.0,2.7142857142857144,3.0,2.0,3.5096806232614317,1.9188908053099971,Mesoamerica & the Caribbean,Subset: Freedom
800.0,900.0,2.7857142857142856,3.0,2.0,3.6458281841994498,1.9256003872291216,Mesoamerica & the Caribbean,Subset: Freedom
900.0,1000.0,3.0,3.0,3.0,3.534522483824849,2.465477516175151,Mesoamerica & the Caribbean,Subset: Freedom
1000.0,1100.0,3.0,3.0,3.0,3.534522483824849,2.465477516175151,Mesoamerica & the Caribbean,Subset: Freedom
1100.0,1200.0,2.857142857142857,3.0,2.0,3.496019422142797,2.2182662921429173,Mesoamerica & the Caribbean,Subset: Freedom
1200.0,1300.0,2.5714285714285716,3.0,2.0,3.1941284205058107,1.9487287223513323,Mesoamerica & the Caribbean,Subset: Freedom
1300.0,1400.0,2.4285714285714284,3.0,2.0,3.0512712776486675,1.8058715794941893,Mesoamerica & the Caribbean,Subset: Freedom
1400.0,1500.0,2.357142857142857,3.0,2.0,3.0749911157943495,1.639294598491365,Mesoamerica & the Caribbean,Subset: Freedom
1500.0,1600.0,1.0,1.0,1.0,1.0,1.0,Mesoamerica & the Caribbean,Subset: Freedom
1600.0,1700.0,1.0,1.0,1.0,1.0,1.0,Mesoamerica & the Caribbean,Subset: Freedom
1700.0,1800.0,1.2142857142857142,1.92,1.0,1.624611617609859,0.8039598109615692,Mesoamerica & the Caribbean,Subset: Freedom
1800.0,1900.0,3.0,3.0,3.0,3.3779644730092273,2.6220355269907727,Mesoamerica & the Caribbean,Subset: Freedom
1900.0,2000.0,5.0,5.0,5.0,5.0,5.0,Mesoamerica & the Caribbean,Subset: Freedom
2000.0,2025.0,6.0,6.0,6.0,6.0,6.0,Mesoamerica & the Caribbean,Subset: Freedom
-1000.0,-900.0,3.7857142857142856,4.0,3.08,4.19604018903843,3.375388382390141,Mesoamerica & the Caribbean,Subset: Health & Wellbeing
-900.0,-800.0,3.928571428571429,4.0,4.0,4.1861108053902845,3.671032051752572,Mesoamerica & the Caribbean,Subset: Health & Wellbeing
-800.0,-700.0,4.571428571428571,5.0,4.0,5.066300230733964,4.076556912123178,Mesoamerica & the Caribbean,Subset: Health & Wellbeing
-700.0,-600.0,4.785714285714286,5.0,4.08,5.19604018903843,4.375388382390141,Mesoamerica & the Caribbean,Subset: Health & Wellbeing
-600.0,-500.0,4.714285714285714,5.0,4.08,5.303300803659666,4.125270624911763,Mesoamerica & the Caribbean,Subset: Health & Wellbeing
-500.0,-400.0,5.0,5.0,5.0,5.377964473009227,4.622035526990773,Mesoamerica & the Caribbean,Subset: Health & Wellbeing
-400.0,-300.0,5.285714285714286,6.0,5.0,5.737468237166912,4.8339603342616595,Mesoamerica & the Caribbean,Subset: Health & Wellbeing
-300.0,-200.0,5.5,6.0,5.0,6.0,5.0,Mesoamerica & the Caribbean,Subset: Health & Wellbeing
-200.0,-100.0,5.714285714285714,6.0,5.0,6.1660396657383405,5.262531762833088,Mesoamerica & the Caribbean,Subset: Health & Wellbeing
-100.0,0.0,5.571428571428571,6.0,5.0,6.19412842050581,4.9487287223513325,Mesoamerica & the Caribbean,Subset: Health & Wellbeing
0.0,100.0,5.571428571428571,6.0,5.0,6.19412842050581,4.9487287223513325,Mesoamerica & the Caribbean,Subset: Health & Wellbeing
100.0,200.0,5.357142857142857,6.0,5.0,6.168415477971467,4.545870236314246,Mesoamerica & the Caribbean,Subset: Health & Wellbeing
200.0,300.0,5.357142857142857,6.0,5.0,6.168415477971467,4.545870236314246,Mesoamerica & the Caribbean,Subset: Health & Wellbeing
300.0,400.0,5.214285714285714,6.0,5.0,5.888141509432614,4.540429919138814,Mesoamerica & the Caribbean,Subset: Health & Wellbeing
400.0,500.0,5.0,5.0,4.08,5.755928946018455,4.244071053981545,Mesoamerica & the Caribbean,Subset: Health & Wellbeing
500.0,600.0,4.857142857142857,5.0,4.08,5.599450346100947,4.1148353681847665,Mesoamerica & the Caribbean,Subset: Health & Wellbeing
600.0,700.0,4.785714285714286,5.0,4.0,5.645828184199449,3.9256003872291214,Mesoamerica & the Caribbean,Subset: Health & Wellbeing
700.0,800.0,4.857142857142857,5.0,4.0,5.496019422142797,4.218266292142917,Mesoamerica & the Caribbean,Subset: Health & Wellbeing
800.0,900.0,4.571428571428571,5.0,4.0,5.19412842050581,3.948728722351332,Mesoamerica & the Caribbean,Subset: Health & Wellbeing
900.0,1000.0,4.571428571428571,5.0,4.0,5.19412842050581,3.948728722351332,Mesoamerica & the Caribbean,Subset: Health & Wellbeing
1000.0,1100.0,4.714285714285714,5.0,4.0,5.303300803659666,4.125270624911763,Mesoamerica & the Caribbean,Subset: Health & Wellbeing
1100.0,1200.0,4.714285714285714,5.0,4.0,5.303300803659666,4.125270624911763,Mesoamerica & the Caribbean,Subset: Health & Wellbeing
1200.0,1300.0,4.714285714285714,5.0,4.0,5.303300803659666,4.125270624911763,Mesoamerica & the Caribbean,Subset: Health & Wellbeing
1300.0,1400.0,4.714285714285714,5.0,4.0,5.303300803659666,4.125270624911763,Mesoamerica & the Caribbean,Subset: Health & Wellbeing
1400.0,1500.0,4.785714285714286,5.0,4.0,5.343589262564761,4.22783930886381,Mesoamerica & the Caribbean,Subset: Health & Wellbeing
1500.0,1600.0,1.9285714285714288,2.0,2.0,2.186110805390285,1.6710320517525723,Mesoamerica & the Caribbean,Subset: Health & Wellbeing
1600.0,1700.0,2.2857142857142856,3.0,2.0,2.7374682371669112,1.83396033426166,Mesoamerica & the Caribbean,Subset: Health & Wellbeing
1700.0,1800.0,3.0,3.0,3.0,3.0,3.0,Mesoamerica & the Caribbean,Subset: Health & Wellbeing
1800.0,1900.0,3.928571428571429,4.0,4.0,4.1861108053902845,3.671032051752572,Mesoamerica & the Caribbean,Subset: Health & Wellbeing
1900.0,2000.0,6.0,6.0,6.0,6.0,6.0,Mesoamerica & the Caribbean,Subset: Health & Wellbeing
2000.0,2025.0,7.0,7.0,7.0,7.0,7.0,Mesoamerica & the Caribbean,Subset: Health & Wellbeing
-1000.0,-900.0,6.857142857142857,7.0,7.0,7.20706996325474,6.507215751030974,Mesoamerica & the Caribbean,Subset: Peace
-900.0,-800.0,6.5,7.0,6.0,7.0,6.0,Mesoamerica & the Caribbean,Subset: Peace
-800.0,-700.0,6.214285714285714,7.0,6.0,6.888141509432614,5.540429919138814,Mesoamerica & the Caribbean,Subset: Peace
-700.0,-600.0,5.857142857142857,7.0,5.0,6.6901359849779,5.024149729307814,Mesoamerica & the Caribbean,Subset: Peace
-600.0,-500.0,5.571428571428571,6.0,5.0,6.19412842050581,4.9487287223513325,Mesoamerica & the Caribbean,Subset: Peace
-500.0,-400.0,5.357142857142857,6.0,5.0,5.9674288389512515,4.746856875334462,Mesoamerica & the Caribbean,Subset: Peace
-400.0,-300.0,5.0,6.0,4.0,5.755928946018455,4.244071053981545,Mesoamerica & the Caribbean,Subset: Peace
-300.0,-200.0,5.071428571428571,6.0,4.08,5.774918414414008,4.367938728443135,Mesoamerica & the Caribbean,Subset: Peace
-200.0,-100.0,4.857142857142857,5.0,4.0,5.496019422142797,4.218266292142917,Mesoamerica & the Caribbean,Subset: Peace
-100.0,0.0,4.5,5.0,4.0,5.126783170528009,3.8732168294719913,Mesoamerica & the Caribbean,Subset: Peace
0.0,100.0,4.142857142857143,5.0,3.08,4.8851646318152335,3.400549653899053,Mesoamerica & the Caribbean,Subset: Peace
100.0,200.0,3.7857142857142856,4.0,3.0,4.459570080861186,3.111858490567385,Mesoamerica & the Caribbean,Subset: Peace
200.0,300.0,3.5,4.0,3.0,4.323754471047914,2.676245528952086,Mesoamerica & the Caribbean,Subset: Peace
300.0,400.0,3.4285714285714284,4.0,3.0,4.332079331476679,2.525063525666177,Mesoamerica & the Caribbean,Subset: Peace
400.0,500.0,3.2142857142857144,4.0,2.08,3.986903844742283,2.4416675838291453,Mesoamerica & the Caribbean,Subset: Peace
500.0,600.0,3.357142857142857,4.0,3.0,4.074991115794349,2.639294598491365,Mesoamerica & the Caribbean,Subset: Peace
600.0,700.0,3.857142857142857,4.92,3.0,4.771874891061835,2.942410823223879,Mesoamerica & the Caribbean,Subset: Peace
700.0,800.0,3.5,4.0,3.0,4.406326967174966,2.593673032825034,Mesoamerica & the Caribbean,Subset: Peace
800.0,900.0,3.928571428571429,5.0,3.0,5.091344328292836,2.765798528850021,Mesoamerica & the Caribbean,Subset: Peace
900.0,1000.0,4.071428571428571,5.0,3.0,4.954951205489499,3.1879059373676437,Mesoamerica & the Caribbean,Subset: Peace
1000.0,1100.0,4.214285714285714,5.0,3.08,4.986903844742283,3.4416675838291453,Mesoamerica & the Caribbean,Subset: Peace
1100.0,1200.0,3.7857142857142856,4.0,3.0,4.558332416170854,3.0130961552577165,Mesoamerica & the Caribbean,Subset: Peace
1200.0,1300.0,3.642857142857143,4.0,3.0,4.454129763685754,2.8315845220285323,Mesoamerica & the Caribbean,Subset: Peace
1300.0,1400.0,3.2857142857142856,4.0,3.0,3.874729375088237,2.696699196340334,Mesoamerica & the Caribbean,Subset: Peace
1400.0,1500.0,3.2142857142857144,4.0,3.0,3.7721606911361896,2.6564107374352393,Mesoamerica & the Caribbean,Subset: Peace
1500.0,1600.0,1.8571428571428572,2.0,2.0,2.2070699632547397,1.5072157510309747,Mesoamerica & the Caribbean,Subset: Peace
1600.0,1700.0,2.2857142857142856,3.0,2.0,2.7374682371669112,1.83396033426166,Mesoamerica & the Caribbean,Subset: Peace
1700.0,1800.0,2.7857142857142856,3.0,2.08,3.1960401890384307,2.3753883823901405,Mesoamerica & the Caribbean,Subset: Peace
1800.0,1900.0,4.071428571428571,4.0,4.0,4.328967948247428,3.813889194609714,Mesoamerica & the Caribbean,Subset: Peace
1900.0,2000.0,5.071428571428571,5.0,5.0,5.328967948247428,4.813889194609715,Mesoamerica & the Caribbean,Subset: Peace
2000.0,2025.0,4.928571428571429,6.0,4.0,5.961202306771497,3.89594055037136,Mesoamerica & the Caribbean,Subset: Peace
-1000.0,-900.0,2857142.8571428573,3500000.0,1500000.0,4144839.7412371393,1569445.9730485752,Mesoamerica & the Caribbean,Subset: Population
-900.0,-800.0,3242857.1428571427,4000000.0,1800000.0,4621632.10932675,1864082.176387536,Mesoamerica & the Caribbean,Subset: Population
-800.0,-700.0,3635714.285714286,4500000.0,2100000.0,5106674.682800461,2164753.8886281108,Mesoamerica & the Caribbean,Subset: Population
-700.0,-600.0,4042857.1428571423,5000000.0,2500000.0,5596522.98563686,2489191.3000774253,Mesoamerica & the Caribbean,Subset: Population
-600.0,-500.0,4435714.285714285,5500000.0,2800000.0,6090839.288700527,2780589.2827280443,Mesoamerica & the Caribbean,Subset: Population
-500.0,-400.0,4850000.0,6000000.0,3200000.0,6590586.92892451,3109413.0710754897,Mesoamerica & the Caribbean,Subset: Population
-400.0,-300.0,5271428.571428572,6500000.0,3600000.0,7096033.644716868,3446823.498140276,Mesoamerica & the Caribbean,Subset: Population
-300.0,-200.0,5742857.142857143,7000000.0,4008000.0,7637478.961778981,3848235.323935305,Mesoamerica & the Caribbean,Subset: Population
-200.0,-100.0,6221428.571428572,7500000.0,4508000.0,8194163.645752894,4248693.49710425,Mesoamerica & the Caribbean,Subset: Population
-100.0,0.0,6657142.857142857,8000000.0,4824000.0,8702595.753452232,4611689.960833483,Mesoamerica & the Caribbean,Subset: Population
0.0,100.0,7078571.428571428,8500000.0,5040000.0,9218724.48432254,4938418.372820318,Mesoamerica & the Caribbean,Subset: Population
100.0,200.0,7357142.857142857,9000000.0,5240000.0,9441682.643870128,5272603.070415585,Mesoamerica & the Caribbean,Subset: Population
200.0,300.0,7642857.142857143,9500000.0,5440000.0,9706042.712280689,5579671.573433599,Mesoamerica & the Caribbean,Subset: Population
300.0,400.0,7928571.428571428,10000000.0,5640000.0,10028036.861018654,5829105.996124202,Mesoamerica & the Caribbean,Subset: Population
400.0,500.0,8142857.142857143,10500000.0,5840000.0,10355391.012077902,5930323.273636384,Mesoamerica & the Caribbean,Subset: Population
500.0,600.0,8400000.0,11000000.0,6040000.0,10753720.459187964,6046279.540812036,Mesoamerica & the Caribbean,Subset: Population
600.0,700.0,8671428.57142857,11500000.0,5816000.0,11244761.199816618,6098095.943040525,Mesoamerica & the Caribbean,Subset: Population
700.0,800.0,8964285.714285715,12000000.0,5632000.0,11755754.130436497,6172817.298134934,Mesoamerica & the Caribbean,Subset: Population
800.0,900.0,9271428.57142857,12500000.0,5924000.0,12272482.8079615,6270374.334895642,Mesoamerica & the Caribbean,Subset: Population
900.0,1000.0,9392857.142857144,13000000.0,6000000.0,12543699.271947237,6242015.013767052,Mesoamerica & the Caribbean,Subset: Population
1000.0,1100.0,9757142.857142856,13500000.0,6200000.0,13062055.712210571,6452230.002075141,Mesoamerica & the Caribbean,Subset: Population
1100.0,1200.0,10142857.142857144,14000000.0,6500000.0,13577494.63375448,6708219.651959807,Mesoamerica & the Caribbean,Subset: Population
1200.0,1300.0,10557142.857142856,14500000.0,7000000.0,14093023.084129035,7021262.630156677,Mesoamerica & the Caribbean,Subset: Population
1300.0,1400.0,10971428.57142857,15000000.0,7408000.0,14611175.142556952,7331682.000300189,Mesoamerica & the Caribbean,Subset: Population
1400.0,1500.0,11464285.714285716,15500000.0,7816000.0,15285019.96362597,7643551.46494546,Mesoamerica & the Caribbean,Subset: Population
1500.0,1600.0,9250000.0,12000000.0,7540000.0,12126940.339020904,6373059.660979096,Mesoamerica & the Caribbean,Subset: Population
1600.0,1700.0,5071428.571428572,8000000.0,3000000.0,7445824.3055135235,2697032.8373436206,Mesoamerica & the Caribbean,Subset: Population
1700.0,1800.0,5714285.714285715,8920000.0,3500000.0,8080070.737382742,3348500.691188687,Mesoamerica & the Caribbean,Subset: Population
1800.0,1900.0,7321428.571428572,10840000.0,4000000.0,10603452.896973614,4039404.2458835295,Mesoamerica & the Caribbean,Subset: Population
1900.0,2000.0,43214285.71428572,59200000.0,35000000.0,53143884.838898465,33284686.589672968,Mesoamerica & the Caribbean,Subset: Population
2000.0,2025.0,54571428.571428575,73800000.0,45000000.0,67706519.44454011,41436337.69831704,Mesoamerica & the Caribbean,Subset: Population
-1000.0,-900.0,3.862745098039216,4.0,3.76,4.005492350770207,3.7199978453082254,Middle East & the Levant,Overall
-900.0,-800.0,3.2843137254901955,3.6666666666666665,2.76,3.695611313007902,2.8730161379724892,Middle East & the Levant,Overall
-800.0,-700.0,3.6078431372549016,4.24,2.9266666666666667,4.2519242237512485,2.9637620507585547,Middle East & the Levant,Overall
-700.0,-600.0,4.029411764705881,5.24,2.6666666666666665,5.239709753883212,2.8191137755285505,Middle East & the Levant,Overall
-600.0,-500.0,5.284313725490197,5.833333333333333,4.76,5.7851780303703855,4.783449420610008,Middle East & the Levant,Overall
-500.0,-400.0,5.431372549019607,5.833333333333333,5.0,5.870693264753099,4.992051833286116,Middle East & the Levant,Overall
-400.0,-300.0,5.137254901960784,5.5,4.833333333333333,5.530146370774782,4.744363433146786,Middle East & the Levant,Overall
-300.0,-200.0,5.098039215686275,5.666666666666667,4.593333333333334,5.729612682682605,4.466465748689945,Middle East & the Levant,Overall
-200.0,-100.0,5.696078431372549,6.24,4.833333333333333,6.298999680843992,5.093157181901106,Middle East & the Levant,Overall
-100.0,0.0,5.617647058823529,6.0,5.093333333333334,6.222001372840095,5.013292744806963,Middle East & the Levant,Overall
0.0,100.0,5.411764705882353,5.74,5.166666666666667,5.769305539780598,5.054223871984108,Middle East & the Levant,Overall
100.0,200.0,5.3235294117647065,5.906666666666666,4.926666666666667,5.813529372533326,4.833529450996087,Middle East & the Levant,Overall
200.0,300.0,4.401960784313725,4.573333333333333,4.093333333333334,4.745238066666894,4.058683501960556,Middle East & the Levant,Overall
300.0,400.0,4.588235294117647,5.073333333333333,4.166666666666667,5.0387892271794525,4.137681361055841,Middle East & the Levant,Overall
400.0,500.0,4.5,5.3133333333333335,4.0200000000000005,5.23431307102251,3.76568692897749,Middle East & the Levant,Overall
500.0,600.0,5.9411764705882355,6.5,5.426666666666667,6.480303022935981,5.40204991824049,Middle East & the Levant,Overall
600.0,700.0,6.3235294117647065,6.666666666666667,5.926666666666667,6.717398224050994,5.929660599478419,Middle East & the Levant,Overall
700.0,800.0,6.882352941176471,7.166666666666667,6.333333333333333,7.297604285971517,6.467101596381425,Middle East & the Levant,Overall
800.0,900.0,6.715686274509802,7.0,6.166666666666667,7.110773366266859,6.320599182752746,Middle East & the Levant,Overall
900.0,1000.0,5.647058823529412,5.906666666666666,5.333333333333333,6.008077502735725,5.286040144323099,Middle East & the Levant,Overall
1000.0,1100.0,4.382352941176471,4.6466666666666665,4.0,4.683574343053671,4.081131539299271,Middle East & the Levant,Overall
1100.0,1200.0,4.235294117647059,4.6466666666666665,3.9266666666666663,4.663311371626334,3.807276863667783,Middle East & the Levant,Overall
1200.0,1300.0,5.333333333333335,5.666666666666667,5.26,6.110877649368565,4.555789017298105,Middle East & the Levant,Overall
1300.0,1400.0,4.2941176470588225,4.666666666666667,3.9266666666666663,4.738874361655441,3.8493609324622047,Middle East & the Levant,Overall
1400.0,1500.0,5.1078431372549025,5.833333333333333,4.333333333333333,5.761993228141659,4.453693046368146,Middle East & the Levant,Overall
1500.0,1600.0,6.1078431372549025,6.573333333333333,5.593333333333334,6.568523142136107,5.647163132373698,Middle East & the Levant,Overall
1600.0,1700.0,5.2745098039215685,5.666666666666667,4.76,5.782424856744652,4.766594751098485,Middle East & the Levant,Overall
1700.0,1800.0,4.303921568627452,4.5,4.166666666666667,4.527055032877276,4.0807881043776275,Middle East & the Levant,Overall
1800.0,1900.0,4.745098039215685,5.073333333333333,4.446666666666667,5.0790075758024775,4.411188502628893,Middle East & the Levant,Overall
1900.0,2000.0,4.411764705882353,4.833333333333333,4.0,4.787140974883856,4.03638843688085,Middle East & the Levant,Overall
2000.0,2025.0,4.901960784313726,5.24,4.593333333333334,5.355915172658441,4.448006395969011,Middle East & the Levant,Overall
-1000.0,-900.0,5.0588235294117645,5.0,5.0,5.294117647058823,4.823529411764706,Middle East & the Levant,Subset: Culture & Lesure
-900.0,-800.0,4.647058823529412,5.0,4.0,5.235294117647059,4.058823529411765,Middle East & the Levant,Subset: Culture & Lesure
-800.0,-700.0,5.235294117647059,6.0,4.0,6.111744966220667,4.358843269073451,Middle East & the Levant,Subset: Culture & Lesure
-700.0,-600.0,5.176470588235294,6.0,4.0,6.424306084446849,3.92863509202374,Middle East & the Levant,Subset: Culture & Lesure
-600.0,-500.0,6.470588235294118,7.0,6.0,7.166597621541131,5.774578849047105,Middle East & the Levant,Subset: Culture & Lesure
-500.0,-400.0,7.0588235294117645,8.0,6.0,7.861069511587403,6.256577547236126,Middle East & the Levant,Subset: Culture & Lesure
-400.0,-300.0,7.294117647058823,8.0,7.0,7.864432924401921,6.723802369715726,Middle East & the Levant,Subset: Culture & Lesure
-300.0,-200.0,7.0,7.0,7.0,7.485071250072666,6.514928749927334,Middle East & the Levant,Subset: Culture & Lesure
-200.0,-100.0,7.235294117647059,8.0,6.5600000000000005,7.965274920352403,6.505313314941715,Middle East & the Levant,Subset: Culture & Lesure
-100.0,0.0,7.411764705882353,8.0,7.0,8.011649354540328,6.8118800572243785,Middle East & the Levant,Subset: Culture & Lesure
0.0,100.0,7.117647058823529,7.44,7.0,7.588235294117647,6.647058823529411,Middle East & the Levant,Subset: Culture & Lesure
100.0,200.0,7.0,7.0,7.0,7.485071250072666,6.514928749927334,Middle East & the Levant,Subset: Culture & Lesure
200.0,300.0,6.235294117647059,7.0,6.0,6.780801087970335,5.689787147323782,Middle East & the Levant,Subset: Culture & Lesure
300.0,400.0,6.411764705882353,7.0,6.0,7.011649354540328,5.8118800572243785,Middle East & the Levant,Subset: Culture & Lesure
400.0,500.0,6.294117647058823,7.0,6.0,7.042818944785756,5.545416349331891,Middle East & the Levant,Subset: Culture & Lesure
500.0,600.0,7.823529411764706,8.0,7.0,8.336341052181256,7.3107177713481555,Middle East & the Levant,Subset: Culture & Lesure
600.0,700.0,8.176470588235293,8.44,8.0,8.55769062931811,7.795250547152478,Middle East & the Levant,Subset: Culture & Lesure
700.0,800.0,8.823529411764707,9.0,8.56,9.204749452847524,8.44230937068189,Middle East & the Levant,Subset: Culture & Lesure
800.0,900.0,8.764705882352942,9.0,8.0,9.188888385348706,8.340523379357178,Middle East & the Levant,Subset: Culture & Lesure
900.0,1000.0,7.647058823529412,8.0,7.0,8.23529411764706,7.058823529411765,Middle East & the Levant,Subset: Culture & Lesure
1000.0,1100.0,6.647058823529412,7.0,6.0,7.124943435566822,6.1691742114920025,Middle East & the Levant,Subset: Culture & Lesure
1100.0,1200.0,6.470588235294118,7.0,6.0,7.166597621541131,5.774578849047105,Middle East & the Levant,Subset: Culture & Lesure
1200.0,1300.0,7.235294117647059,8.0,7.0,8.04184171769424,6.428746517599877,Middle East & the Levant,Subset: Culture & Lesure
1300.0,1400.0,6.470588235294118,7.0,6.0,6.96972243377874,5.9714540368094955,Middle East & the Levant,Subset: Culture & Lesure
1400.0,1500.0,6.882352941176471,7.44,6.0,7.55818384076918,6.206522041583762,Middle East & the Levant,Subset: Culture & Lesure
1500.0,1600.0,7.647058823529412,8.0,7.0,8.23529411764706,7.058823529411765,Middle East & the Levant,Subset: Culture & Lesure
1600.0,1700.0,7.0588235294117645,7.44,6.5600000000000005,7.784048706231644,6.333598352591885,Middle East & the Levant,Subset: Culture & Lesure
1700.0,1800.0,6.176470588235294,7.0,6.0,6.6892822286518445,5.663658947818744,Middle East & the Levant,Subset: Culture & Lesure
1800.0,1900.0,6.705882352941177,7.0,6.0,7.16152745249499,6.250237253387363,Middle East & the Levant,Subset: Culture & Lesure
1900.0,2000.0,6.647058823529412,7.0,6.0,7.124943435566822,6.1691742114920025,Middle East & the Levant,Subset: Culture & Lesure
2000.0,2025.0,7.0588235294117645,7.44,7.0,7.59795008175951,6.519696977064019,Middle East & the Levant,Subset: Culture & Lesure
-1000.0,-900.0,3.764705882352941,4.0,3.0,4.188888385348704,3.340523379357178,Middle East & the Levant,Subset: Economic Opportunity
-900.0,-800.0,4.0588235294117645,5.0,3.0,4.861069511587403,3.256577547236126,Middle East & the Levant,Subset: Economic Opportunity
-800.0,-700.0,4.0,5.0,3.0,4.685994340570035,3.3140056594299647,Middle East & the Levant,Subset: Economic Opportunity
-700.0,-600.0,4.235294117647059,5.4399999999999995,3.0,5.449398084738252,3.021190150555866,Middle East & the Levant,Subset: Economic Opportunity
-600.0,-500.0,5.411764705882353,6.0,5.0,6.102784713204161,4.720744698560545,Middle East & the Levant,Subset: Economic Opportunity
-500.0,-400.0,5.764705882352941,6.0,5.0,6.409085361770783,5.120326402935099,Middle East & the Levant,Subset: Economic Opportunity
-400.0,-300.0,5.705882352941177,6.0,5.0,6.276197630284274,5.135567075598079,Middle East & the Levant,Subset: Economic Opportunity
-300.0,-200.0,5.823529411764706,6.4399999999999995,5.0,6.529411764705882,5.117647058823529,Middle East & the Levant,Subset: Economic Opportunity
-200.0,-100.0,6.470588235294118,7.0,6.0,7.076213537705118,5.864962932883118,Middle East & the Levant,Subset: Economic Opportunity
-100.0,0.0,6.588235294117647,7.0,6.0,7.279255301439455,5.897215286795839,Middle East & the Levant,Subset: Economic Opportunity
0.0,100.0,6.294117647058823,7.0,6.0,6.864432924401921,5.723802369715726,Middle East & the Levant,Subset: Economic Opportunity
100.0,200.0,6.235294117647059,7.0,6.0,6.780801087970335,5.689787147323782,Middle East & the Levant,Subset: Economic Opportunity
200.0,300.0,5.176470588235294,6.0,5.0,5.6892822286518445,4.663658947818744,Middle East & the Levant,Subset: Economic Opportunity
300.0,400.0,5.529411764705882,6.0,5.0,6.0285459631905045,5.03027756622126,Middle East & the Levant,Subset: Economic Opportunity
400.0,500.0,5.294117647058823,6.0,5.0,6.117647058823529,4.470588235294118,Middle East & the Levant,Subset: Economic Opportunity
500.0,600.0,6.647058823529412,7.0,6.0,7.124943435566822,6.1691742114920025,Middle East & the Levant,Subset: Economic Opportunity
600.0,700.0,7.0,7.0,7.0,7.485071250072666,6.514928749927334,Middle East & the Levant,Subset: Economic Opportunity
700.0,800.0,7.705882352941177,8.0,7.0,8.16152745249499,7.250237253387363,Middle East & the Levant,Subset: Economic Opportunity
800.0,900.0,7.588235294117647,8.0,7.0,8.080388250902397,7.096082337332897,Middle East & the Levant,Subset: Economic Opportunity
900.0,1000.0,6.411764705882353,7.0,6.0,6.903917662667103,5.919611749097603,Middle East & the Levant,Subset: Economic Opportunity
1000.0,1100.0,5.352941176470588,6.0,5.0,5.8308257885079975,4.875056564433178,Middle East & the Levant,Subset: Economic Opportunity
1100.0,1200.0,5.176470588235294,6.0,5.0,5.7934169695118545,4.559524206958734,Middle East & the Levant,Subset: Economic Opportunity
1200.0,1300.0,5.882352941176471,6.0,6.0,6.714243271984174,5.050462610368768,Middle East & the Levant,Subset: Economic Opportunity
1300.0,1400.0,4.823529411764706,5.0,4.0,5.336341052181256,4.3107177713481555,Middle East & the Levant,Subset: Economic Opportunity
1400.0,1500.0,5.823529411764706,6.4399999999999995,5.0,6.529411764705882,5.117647058823529,Middle East & the Levant,Subset: Economic Opportunity
1500.0,1600.0,6.705882352941177,7.0,6.0,7.16152745249499,6.250237253387363,Middle East & the Levant,Subset: Economic Opportunity
1600.0,1700.0,5.764705882352941,6.0,5.0,6.310212852676218,5.219198912029665,Middle East & the Levant,Subset: Economic Opportunity
1700.0,1800.0,4.882352941176471,5.0,5.0,5.2045426808853925,4.5601632014675495,Middle East & the Levant,Subset: Economic Opportunity
1800.0,1900.0,5.823529411764706,6.0,5.5600000000000005,6.204749452847521,5.44230937068189,Middle East & the Levant,Subset: Economic Opportunity
1900.0,2000.0,5.647058823529412,6.0,5.0,6.124943435566822,5.1691742114920025,Middle East & the Levant,Subset: Economic Opportunity
2000.0,2025.0,5.9411764705882355,6.4399999999999995,5.0,6.5801635583058955,5.3021893828705755,Middle East & the Levant,Subset: Economic Opportunity
-1000.0,-900.0,3.1176470588235294,3.0,3.0,3.4398367985324505,2.7954573191146084,Middle East & the Levant,Subset: Equality
-900.0,-800.0,2.3529411764705883,3.0,2.0,2.830825788507998,1.8750565644331787,Middle East & the Levant,Subset: Equality
-800.0,-700.0,2.764705882352941,3.0,2.0,3.4090853617707837,2.1203264029350986,Middle East & the Levant,Subset: Equality
-700.0,-600.0,3.176470588235294,4.0,2.0,4.218826185098197,2.1341149913723907,Middle East & the Levant,Subset: Equality
-600.0,-500.0,4.117647058823529,5.0,3.56,4.793477958416238,3.44181615923082,Middle East & the Levant,Subset: Equality
-500.0,-400.0,4.117647058823529,5.0,3.56,4.793477958416238,3.44181615923082,Middle East & the Levant,Subset: Equality
-400.0,-300.0,3.7058823529411766,4.0,3.0,4.371394617587339,3.040370088295014,Middle East & the Levant,Subset: Equality
-300.0,-200.0,3.7058823529411766,4.4399999999999995,3.0,4.454583650668109,2.957181055214244,Middle East & the Levant,Subset: Equality
-200.0,-100.0,3.823529411764706,4.0,3.0,4.440475793041266,3.2065830304881464,Middle East & the Levant,Subset: Equality
-100.0,0.0,3.647058823529412,4.0,3.0,4.327990406046483,2.9661272410123396,Middle East & the Levant,Subset: Equality
0.0,100.0,3.7058823529411766,4.0,3.0,4.371394617587339,3.040370088295014,Middle East & the Levant,Subset: Equality
100.0,200.0,3.588235294117647,4.0,3.0,4.1881199427756215,2.9883506454596724,Middle East & the Levant,Subset: Equality
200.0,300.0,3.176470588235294,3.4399999999999995,3.0,3.557690629318109,2.7952505471524787,Middle East & the Levant,Subset: Equality
300.0,400.0,3.235294117647059,4.0,3.0,3.7808010879703353,2.6897871473237824,Middle East & the Levant,Subset: Equality
400.0,500.0,3.3529411764705883,4.0,3.0,4.033872758987661,2.672009593953516,Middle East & the Levant,Subset: Equality
500.0,600.0,4.411764705882353,5.0,4.0,5.011649354540328,3.8118800572243785,Middle East & the Levant,Subset: Equality
600.0,700.0,4.647058823529412,5.0,4.0,5.124943435566822,4.1691742114920025,Middle East & the Levant,Subset: Equality
700.0,800.0,5.0588235294117645,5.0,5.0,5.474768694815616,4.642878364007913,Middle East & the Levant,Subset: Equality
800.0,900.0,4.9411764705882355,5.0,4.5600000000000005,5.480303022935981,4.40204991824049,Middle East & the Levant,Subset: Equality
900.0,1000.0,4.176470588235294,4.4399999999999995,4.0,4.55769062931811,3.795250547152479,Middle East & the Levant,Subset: Equality
1000.0,1100.0,3.235294117647059,4.0,3.0,3.659476620642822,2.8111116146512956,Middle East & the Levant,Subset: Equality
1100.0,1200.0,3.176470588235294,3.4399999999999995,3.0,3.557690629318109,2.7952505471524787,Middle East & the Levant,Subset: Equality
1200.0,1300.0,3.941176470588235,4.0,4.0,4.5801635583058955,3.302189382870576,Middle East & the Levant,Subset: Equality
1300.0,1400.0,3.2941176470588234,4.0,3.0,3.864432924401921,2.7238023697157256,Middle East & the Levant,Subset: Equality
1400.0,1500.0,3.8823529411764706,4.4399999999999995,3.0,4.55818384076918,3.206522041583761,Middle East & the Levant,Subset: Equality
1500.0,1600.0,4.529411764705882,5.0,4.0,5.135037067116882,3.923786462294882,Middle East & the Levant,Subset: Equality
1600.0,1700.0,3.7058823529411766,4.0,3.0,4.371394617587339,3.040370088295014,Middle East & the Levant,Subset: Equality
1700.0,1800.0,3.0588235294117645,3.0,3.0,3.2941176470588234,2.8235294117647056,Middle East & the Levant,Subset: Equality
1800.0,1900.0,3.235294117647059,4.0,3.0,3.659476620642822,2.8111116146512956,Middle East & the Levant,Subset: Equality
1900.0,2000.0,3.176470588235294,4.0,3.0,3.689282228651843,2.663658947818744,Middle East & the Levant,Subset: Equality
2000.0,2025.0,3.411764705882353,4.0,3.0,3.9039176626671033,2.9196117490976023,Middle East & the Levant,Subset: Equality
-1000.0,-900.0,3.0,3.0,3.0,3.0,3.0,Middle East & the Levant,Subset: Freedom
-900.0,-800.0,2.0,2.0,2.0,2.0,2.0,Middle East & the Levant,Subset: Freedom
-800.0,-700.0,2.4705882352941178,3.0,2.0,3.076213537705118,1.8649629328831177,Middle East & the Levant,Subset: Freedom
-700.0,-600.0,3.1176470588235294,4.0,2.0,4.249140238921844,1.986153878725215,Middle East & the Levant,Subset: Freedom
-600.0,-500.0,4.294117647058823,5.0,4.0,4.749762746612637,3.8384725475050097,Middle East & the Levant,Subset: Freedom
-500.0,-400.0,4.705882352941177,5.0,4.0,5.371394617587339,4.040370088295014,Middle East & the Levant,Subset: Freedom
-400.0,-300.0,4.352941176470588,5.0,4.0,4.9411764705882355,3.7647058823529407,Middle East & the Levant,Subset: Freedom
-300.0,-200.0,3.941176470588235,5.0,3.0,4.666401647408115,3.215951293768356,Middle East & the Levant,Subset: Freedom
-200.0,-100.0,4.294117647058823,5.0,3.56,5.117647058823529,3.4705882352941173,Middle East & the Levant,Subset: Freedom
-100.0,0.0,4.0,5.0,3.0,4.76696498884737,3.2330350111526296,Middle East & the Levant,Subset: Freedom
0.0,100.0,3.8823529411764706,4.0,3.56,4.352941176470588,3.411764705882353,Middle East & the Levant,Subset: Freedom
100.0,200.0,3.8823529411764706,5.0,3.0,4.640241101572066,3.124464780780875,Middle East & the Levant,Subset: Freedom
200.0,300.0,3.1176470588235294,3.4399999999999995,3.0,3.588235294117647,2.6470588235294117,Middle East & the Levant,Subset: Freedom
300.0,400.0,3.235294117647059,4.0,3.0,3.659476620642822,2.8111116146512956,Middle East & the Levant,Subset: Freedom
400.0,500.0,3.4705882352941178,4.4399999999999995,3.0,4.318953241285644,2.622223229302591,Middle East & the Levant,Subset: Freedom
500.0,600.0,5.0588235294117645,6.0,4.0,5.861069511587403,4.256577547236126,Middle East & the Levant,Subset: Freedom
600.0,700.0,5.588235294117647,6.0,5.0,6.279255301439455,4.897215286795839,Middle East & the Levant,Subset: Freedom
700.0,800.0,6.117647058823529,7.0,5.0,6.875535219219125,5.359758898427933,Middle East & the Levant,Subset: Freedom
800.0,900.0,6.0,6.4399999999999995,5.5600000000000005,6.594088525786004,5.405911474213996,Middle East & the Levant,Subset: Freedom
900.0,1000.0,4.882352941176471,5.0,4.5600000000000005,5.352941176470589,4.411764705882353,Middle East & the Levant,Subset: Freedom
1000.0,1100.0,3.3529411764705883,4.0,3.0,3.830825788507998,2.8750565644331787,Middle East & the Levant,Subset: Freedom
1100.0,1200.0,3.176470588235294,4.0,3.0,3.689282228651843,2.663658947818744,Middle East & the Levant,Subset: Freedom
1200.0,1300.0,4.176470588235294,5.0,4.0,4.9612743567133135,3.391666819757275,Middle East & the Levant,Subset: Freedom
1300.0,1400.0,3.411764705882353,4.0,3.0,4.011649354540327,2.811880057224378,Middle East & the Levant,Subset: Freedom
1400.0,1500.0,4.117647058823529,5.0,3.0,4.949537389631232,3.285756728015826,Middle East & the Levant,Subset: Freedom
1500.0,1600.0,5.0588235294117645,6.0,4.0,5.861069511587403,4.256577547236126,Middle East & the Levant,Subset: Freedom
1600.0,1700.0,4.352941176470588,5.0,4.0,5.03387275898766,3.672009593953516,Middle East & the Levant,Subset: Freedom
1700.0,1800.0,3.3529411764705883,4.0,3.0,3.830825788507998,2.8750565644331787,Middle East & the Levant,Subset: Freedom
1800.0,1900.0,3.8823529411764706,4.0,3.56,4.352941176470588,3.411764705882353,Middle East & the Levant,Subset: Freedom
1900.0,2000.0,3.2941176470588234,4.0,3.0,3.749762746612637,2.8384725475050097,Middle East & the Levant,Subset: Freedom
2000.0,2025.0,4.117647058823529,5.0,4.0,4.699970290388921,3.5353238272581367,Middle East & the Levant,Subset: Freedom
-1000.0,-900.0,3.941176470588235,4.0,4.0,4.176470588235294,3.7058823529411766,Middle East & the Levant,Subset: Health & Wellbeing
-900.0,-800.0,3.764705882352941,4.0,3.0,4.409085361770783,3.1203264029350986,Middle East & the Levant,Subset: Health & Wellbeing
-800.0,-700.0,3.823529411764706,4.4399999999999995,3.0,4.529411764705882,3.1176470588235294,Middle East & the Levant,Subset: Health & Wellbeing
-700.0,-600.0,4.176470588235294,5.0,3.0,5.326165899158356,3.026775277312232,Middle East & the Levant,Subset: Health & Wellbeing
-600.0,-500.0,5.176470588235294,6.0,4.5600000000000005,5.882352941176471,4.470588235294118,Middle East & the Levant,Subset: Health & Wellbeing
-500.0,-400.0,5.294117647058823,6.0,5.0,5.864432924401921,4.723802369715726,Middle East & the Levant,Subset: Health & Wellbeing
-400.0,-300.0,5.352941176470588,6.0,5.0,5.9411764705882355,4.76470588235294,Middle East & the Levant,Subset: Health & Wellbeing
-300.0,-200.0,5.529411764705882,6.4399999999999995,5.0,6.377776770697409,4.681046758714356,Middle East & the Levant,Subset: Health & Wellbeing
-200.0,-100.0,6.235294117647059,7.0,6.0,6.879673597064901,5.590914638229217,Middle East & the Levant,Subset: Health & Wellbeing
-100.0,0.0,6.235294117647059,7.0,6.0,6.780801087970335,5.689787147323782,Middle East & the Levant,Subset: Health & Wellbeing
0.0,100.0,6.117647058823529,6.4399999999999995,6.0,6.588235294117647,5.647058823529411,Middle East & the Levant,Subset: Health & Wellbeing
100.0,200.0,6.0,6.0,6.0,6.485071250072666,5.514928749927334,Middle East & the Levant,Subset: Health & Wellbeing
200.0,300.0,5.117647058823529,5.4399999999999995,5.0,5.588235294117647,4.647058823529411,Middle East & the Levant,Subset: Health & Wellbeing
300.0,400.0,5.294117647058823,6.0,5.0,5.959629911704986,4.628605382412661,Middle East & the Levant,Subset: Health & Wellbeing
400.0,500.0,5.0588235294117645,5.4399999999999995,5.0,5.59795008175951,4.519696977064019,Middle East & the Levant,Subset: Health & Wellbeing
500.0,600.0,6.0588235294117645,7.0,5.5600000000000005,6.6978106171294245,5.4198364416941045,Middle East & the Levant,Subset: Health & Wellbeing
600.0,700.0,6.588235294117647,7.0,6.0,7.080388250902397,6.096082337332897,Middle East & the Levant,Subset: Health & Wellbeing
700.0,800.0,6.9411764705882355,7.0,7.0,7.357121635992087,6.525231305184384,Middle East & the Levant,Subset: Health & Wellbeing
800.0,900.0,6.9411764705882355,7.0,7.0,7.357121635992087,6.525231305184384,Middle East & the Levant,Subset: Health & Wellbeing
900.0,1000.0,6.117647058823529,6.0,6.0,6.4398367985324505,5.7954573191146075,Middle East & the Levant,Subset: Health & Wellbeing
1000.0,1100.0,5.176470588235294,5.4399999999999995,5.0,5.55769062931811,4.795250547152479,Middle East & the Levant,Subset: Health & Wellbeing
1100.0,1200.0,4.882352941176471,5.0,4.5600000000000005,5.352941176470589,4.411764705882353,Middle East & the Levant,Subset: Health & Wellbeing
1200.0,1300.0,5.647058823529412,6.0,5.0,6.550723029161013,4.7433946178978115,Middle East & the Levant,Subset: Health & Wellbeing
1300.0,1400.0,4.0,4.0,4.0,4.485071250072666,3.514928749927334,Middle East & the Levant,Subset: Health & Wellbeing
1400.0,1500.0,5.176470588235294,6.0,4.5600000000000005,5.882352941176471,4.470588235294118,Middle East & the Levant,Subset: Health & Wellbeing
1500.0,1600.0,6.235294117647059,7.0,6.0,6.659476620642822,5.811111614651296,Middle East & the Levant,Subset: Health & Wellbeing
1600.0,1700.0,5.470588235294118,6.0,5.0,6.076213537705118,4.864962932883118,Middle East & the Levant,Subset: Health & Wellbeing
1700.0,1800.0,4.764705882352941,5.0,4.0,5.188888385348704,4.340523379357178,Middle East & the Levant,Subset: Health & Wellbeing
1800.0,1900.0,5.235294117647059,6.0,5.0,5.780801087970335,4.689787147323782,Middle East & the Levant,Subset: Health & Wellbeing
1900.0,2000.0,5.294117647058823,6.0,5.0,5.864432924401921,4.723802369715726,Middle East & the Levant,Subset: Health & Wellbeing
2000.0,2025.0,5.882352941176471,6.0,5.5600000000000005,6.352941176470589,5.411764705882353,Middle East & the Levant,Subset: Health & Wellbeing
-1000.0,-900.0,4.294117647058823,4.4399999999999995,4.0,4.959629911704986,3.628605382412661,Middle East & the Levant,Subset: Peace
-900.0,-800.0,2.8823529411764706,3.0,2.0,3.4646761727418625,2.3000297096110787,Middle East & the Levant,Subset: Peace
-800.0,-700.0,3.3529411764705883,4.0,2.56,4.378564457303688,2.3273178956374885,Middle East & the Levant,Subset: Peace
-700.0,-600.0,4.294117647058823,6.0,2.0,6.19658372103485,2.3916515730827967,Middle East & the Levant,Subset: Peace
-600.0,-500.0,6.235294117647059,7.0,6.0,6.780801087970335,5.689787147323782,Middle East & the Levant,Subset: Peace
-500.0,-400.0,5.647058823529412,6.0,5.0,6.327990406046484,4.96612724101234,Middle East & the Levant,Subset: Peace
-400.0,-300.0,4.411764705882353,5.0,4.0,5.011649354540328,3.8118800572243785,Middle East & the Levant,Subset: Peace
-300.0,-200.0,4.588235294117647,6.4399999999999995,3.56,5.919259823409972,3.257210764825322,Middle East & the Levant,Subset: Peace
-200.0,-100.0,6.117647058823529,7.0,4.0,7.395621234258849,4.839672883388209,Middle East & the Levant,Subset: Peace
-100.0,0.0,5.823529411764706,7.0,4.5600000000000005,7.07136490797626,4.575693915553151,Middle East & the Levant,Subset: Peace
0.0,100.0,5.352941176470588,6.0,5.0,6.03387275898766,4.672009593953516,Middle East & the Levant,Subset: Peace
100.0,200.0,5.235294117647059,6.4399999999999995,4.0,6.294117647058824,4.1764705882352935,Middle East & the Levant,Subset: Peace
200.0,300.0,3.588235294117647,4.0,3.0,4.1881199427756215,2.9883506454596724,Middle East & the Levant,Subset: Peace
300.0,400.0,3.823529411764706,4.4399999999999995,3.0,4.680012928150649,2.967045895378763,Middle East & the Levant,Subset: Peace
400.0,500.0,3.5294117647058822,5.0,2.56,4.673071887954328,2.3857516414574365,Middle East & the Levant,Subset: Peace
500.0,600.0,5.647058823529412,7.0,5.0,6.613628042656176,4.6804896044026485,Middle East & the Levant,Subset: Peace
600.0,700.0,5.9411764705882355,7.0,5.0,6.813670410246549,5.068682530929922,Middle East & the Levant,Subset: Peace
700.0,800.0,6.647058823529412,7.0,6.0,7.327990406046484,5.96612724101234,Middle East & the Levant,Subset: Peace
800.0,900.0,6.0588235294117645,7.0,5.0,6.784048706231644,5.333598352591885,Middle East & the Levant,Subset: Peace
900.0,1000.0,4.647058823529412,5.0,4.0,5.327990406046484,3.96612724101234,Middle East & the Levant,Subset: Peace
1000.0,1100.0,2.5294117647058822,3.0,2.0,3.028545963190504,2.0302775662212604,Middle East & the Levant,Subset: Peace
1100.0,1200.0,2.5294117647058822,3.0,2.0,3.1350370671168823,1.923786462294882,Middle East & the Levant,Subset: Peace
1200.0,1300.0,5.117647058823529,6.0,5.0,6.348732325673902,3.886561791973156,Middle East & the Levant,Subset: Peace
1300.0,1400.0,3.764705882352941,5.0,3.0,4.705882352941177,2.8235294117647056,Middle East & the Levant,Subset: Peace
1400.0,1500.0,4.764705882352941,6.0,4.0,5.571253482400123,3.9581582823057593,Middle East & the Levant,Subset: Peace
1500.0,1600.0,6.470588235294118,7.0,6.0,6.96972243377874,5.9714540368094955,Middle East & the Levant,Subset: Peace
1600.0,1700.0,5.294117647058823,6.0,5.0,5.864432924401921,4.723802369715726,Middle East & the Levant,Subset: Peace
1700.0,1800.0,3.588235294117647,4.0,3.0,4.080388250902398,3.0960823373328967,Middle East & the Levant,Subset: Peace
1800.0,1900.0,3.588235294117647,4.0,3.0,4.080388250902398,3.0960823373328967,Middle East & the Levant,Subset: Peace
1900.0,2000.0,2.411764705882353,3.0,2.0,2.9039176626671033,1.9196117490976023,Middle East & the Levant,Subset: Peace
2000.0,2025.0,3.0,3.0,3.0,3.485071250072666,2.514928749927334,Middle East & the Levant,Subset: Peace
-1000.0,-900.0,2488235.294117647,3500000.0,2168000.0,3182651.979452881,1793818.608782414,Middle East & the Levant,Subset: Population
-900.0,-800.0,2788235.294117647,4000000.0,2312000.0,3606326.582667638,1970144.0055676564,Middle East & the Levant,Subset: Population
-800.0,-700.0,3076470.588235294,4500000.0,2412000.0,4039632.911470404,2113308.265000184,Middle East & the Levant,Subset: Population
-700.0,-600.0,3294117.6470588236,4800000.0,2512000.0,4398904.338333657,2189330.9557839907,Middle East & the Levant,Subset: Population
-600.0,-500.0,3511764.705882353,5000000.0,2612000.0,4710235.473123171,2313293.938641534,Middle East & the Levant,Subset: Population
-500.0,-400.0,3723529.411764706,5244000.0,2712000.0,5016282.703257077,2430776.1202723347,Middle East & the Levant,Subset: Population
-400.0,-300.0,3976470.588235294,5500000.0,2812000.0,5342240.964148897,2610700.212321691,Middle East & the Levant,Subset: Population
-300.0,-200.0,4247058.823529412,6000000.0,2912000.0,5755512.5105717275,2738605.136487096,Middle East & the Levant,Subset: Population
-200.0,-100.0,4535294.117647059,6500000.0,3056000.0,6201547.81504222,2869040.4202518985,Middle East & the Levant,Subset: Population
-100.0,0.0,4852941.176470588,7000000.0,3200000.0,6664381.177931507,3041501.175009669,Middle East & the Levant,Subset: Population
0.0,100.0,5170588.235294118,7500000.0,3412000.0,7126202.989212676,3214973.4813755592,Middle East & the Levant,Subset: Population
100.0,200.0,5452941.176470588,8000000.0,3568000.0,7569574.920958401,3336307.431982775,Middle East & the Levant,Subset: Population
200.0,300.0,5723529.411764706,8500000.0,3724000.0,8007625.168427621,3439433.65510179,Middle East & the Levant,Subset: Population
300.0,400.0,5988235.294117647,9000000.0,3824000.0,8445369.529465612,3531101.0587696815,Middle East & the Levant,Subset: Population
400.0,500.0,6247058.823529412,9500000.0,3924000.0,8880132.993539646,3613984.653519178,Middle East & the Levant,Subset: Population
500.0,600.0,6511764.705882353,10000000.0,4024000.0,9318664.262529736,3704865.149234971,Middle East & the Levant,Subset: Population
600.0,700.0,6958823.529411765,11000000.0,4280000.0,10045999.818425136,3871647.240398394,Middle East & the Levant,Subset: Population
700.0,800.0,7405882.352941177,12000000.0,4480000.0,10774329.47085162,4037435.235030734,Middle East & the Levant,Subset: Population
800.0,900.0,7811764.705882353,12720000.0,4680000.0,11437470.698463202,4186058.713301504,Middle East & the Levant,Subset: Population
900.0,1000.0,8194117.647058823,13440000.0,4880000.0,12098635.4810008,4289599.813116848,Middle East & the Levant,Subset: Population
1000.0,1100.0,8470588.235294119,13220000.0,5080000.0,12495622.353656253,4445554.116931985,Middle East & the Levant,Subset: Population
1100.0,1200.0,8605882.352941176,13720000.0,5224000.0,12621069.783660471,4590694.922221879,Middle East & the Levant,Subset: Population
1200.0,1300.0,8852941.176470589,14000000.0,5368000.0,13007473.44957962,4698408.903361557,Middle East & the Levant,Subset: Population
1300.0,1400.0,9041176.470588235,14500000.0,5512000.0,13406151.88639791,4676201.054778561,Middle East & the Levant,Subset: Population
1400.0,1500.0,8729411.764705881,14440000.0,5656000.0,12664288.204335935,4794535.325075826,Middle East & the Levant,Subset: Population
1500.0,1600.0,9764705.88235294,16000000.0,6000000.0,14600228.991285851,4929182.773420028,Middle East & the Levant,Subset: Population
1600.0,1700.0,10347058.823529411,17000000.0,6200000.0,15650455.919848494,5043661.727210329,Middle East & the Levant,Subset: Population
1700.0,1800.0,10911764.705882354,18000000.0,6456000.0,16700484.197825402,5123045.213939305,Middle East & the Levant,Subset: Population
1800.0,1900.0,11958823.529411765,20000000.0,7000000.0,18538029.526877828,5379617.531945701,Middle East & the Levant,Subset: Population
1900.0,2000.0,19705882.352941178,30000000.0,12000000.0,29769004.92926703,9642759.77661532,Middle East & the Levant,Subset: Population
2000.0,2025.0,29058823.529411763,45000000.0,15000000.0,46141565.382058024,11976081.676765498,Middle East & the Levant,Subset: Population
-1000.0,-900.0,4.2,4.166666666666667,4.166666666666667,4.3,4.1000000000000005,North Africa,Overall
-900.0,-800.0,4.366666666666667,4.5,4.24,4.574833266613281,4.158500066720054,North Africa,Overall
-800.0,-700.0,4.4833333333333325,4.666666666666667,4.166666666666667,4.746328897300991,4.220337769365674,North Africa,Overall
-700.0,-600.0,4.35,4.5,4.166666666666667,4.579128784747792,4.120871215252207,North Africa,Overall
-600.0,-500.0,4.5166666666666675,4.926666666666667,4.053333333333334,4.996539334962933,4.036793998370402,North Africa,Overall
-500.0,-400.0,4.0166666666666675,4.666666666666667,3.6666666666666665,4.561592757475728,3.471740575857607,North Africa,Overall
-400.0,-300.0,4.25,5.1866666666666665,3.3866666666666667,5.070738150149675,3.4292618498503247,North Africa,Overall
-300.0,-200.0,5.8,6.26,5.4799999999999995,6.264279609239471,5.335720390760529,North Africa,Overall
-200.0,-100.0,6.050000000000001,6.666666666666667,5.273333333333333,7.019106117340443,5.080893882659558,North Africa,Overall
-100.0,0.0,6.283333333333333,6.5,6.0,6.6850656931064645,5.881600973560202,North Africa,Overall
0.0,100.0,6.4,6.593333333333334,6.24,6.6000000000000005,6.2,North Africa,Overall
100.0,200.0,6.133333333333334,6.5,5.626666666666667,6.5976129425728045,5.669053724093863,North Africa,Overall
200.0,300.0,4.933333333333334,5.333333333333333,4.553333333333333,5.387939389899529,4.478727276767138,North Africa,Overall
300.0,400.0,4.166666666666667,4.76,3.5733333333333333,4.643927368775879,3.689405964557455,North Africa,Overall
400.0,500.0,3.65,3.9266666666666663,3.24,4.033333333333333,3.2666666666666666,North Africa,Overall
500.0,600.0,4.383333333333334,5.166666666666667,3.46,5.1897313602268635,3.576935306439804,North Africa,Overall
600.0,700.0,5.466666666666667,6.093333333333334,4.72,6.111302653527124,4.822030679806209,North Africa,Overall
700.0,800.0,6.333333333333333,6.666666666666667,6.073333333333333,6.804737854124364,5.861928812542302,North Africa,Overall
800.0,900.0,6.4333333333333345,6.76,6.073333333333333,6.800000000000001,6.066666666666668,North Africa,Overall
900.0,1000.0,6.083333333333334,6.833333333333333,5.406666666666666,6.755188145691546,5.4114785209751215,North Africa,Overall
1000.0,1100.0,5.816666666666666,6.5,5.126666666666667,6.505667553619813,5.12766577971352,North Africa,Overall
1100.0,1200.0,5.833333333333333,6.333333333333333,5.24,6.344323657225196,5.32234300944147,North Africa,Overall
1200.0,1300.0,5.116666666666666,5.613333333333333,4.666666666666667,5.616944367326788,4.616388966006545,North Africa,Overall
1300.0,1400.0,4.983333333333334,5.666666666666667,4.24,5.6843246948271045,4.282341971839564,North Africa,Overall
1400.0,1500.0,4.883333333333334,5.666666666666667,4.24,5.57071968757671,4.195946979089958,North Africa,Overall
1500.0,1600.0,5.15,5.52,4.573333333333333,5.618152396839605,4.681847603160396,North Africa,Overall
1600.0,1700.0,4.65,5.113333333333333,4.24,5.141313432432789,4.158686567567211,North Africa,Overall
1700.0,1800.0,4.25,4.593333333333334,3.8333333333333335,4.756896877524851,3.743103122475148,North Africa,Overall
1800.0,1900.0,3.6,4.0200000000000005,3.3333333333333335,3.9265986323710904,3.2734013676289098,North Africa,Overall
1900.0,2000.0,4.9833333333333325,5.333333333333333,4.573333333333333,5.394632089308434,4.572034577358231,North Africa,Overall
2000.0,2025.0,5.733333333333333,6.093333333333334,5.406666666666666,6.051313067138982,5.415353599527685,North Africa,Overall
-1000.0,-900.0,5.1,5.0,5.0,5.3999999999999995,4.8,North Africa,Subset: Culture & Lesure
-900.0,-800.0,5.9,6.0,6.0,6.2,5.6000000000000005,North Africa,Subset: Culture & Lesure
-800.0,-700.0,6.2,6.56,6.0,6.6000000000000005,5.8,North Africa,Subset: Culture & Lesure
-700.0,-600.0,6.2,6.56,6.0,6.6000000000000005,5.8,North Africa,Subset: Culture & Lesure
-600.0,-500.0,6.5,7.0,6.0,7.170820393249937,5.829179606750063,North Africa,Subset: Culture & Lesure
-500.0,-400.0,6.0,7.0,5.0,6.774596669241483,5.225403330758517,North Africa,Subset: Culture & Lesure
-400.0,-300.0,6.3,7.0,5.4399999999999995,7.2,5.3999999999999995,North Africa,Subset: Culture & Lesure
-300.0,-200.0,7.4,8.0,7.0,7.889897948556636,6.910102051443364,North Africa,Subset: Culture & Lesure
-200.0,-100.0,7.6,8.0,7.0,8.26332495807108,6.93667504192892,North Africa,Subset: Culture & Lesure
-100.0,0.0,7.8,8.0,7.44,8.2,7.4,North Africa,Subset: Culture & Lesure
0.0,100.0,7.9,8.0,8.0,8.200000000000001,7.6,North Africa,Subset: Culture & Lesure
100.0,200.0,7.7,8.0,7.0,8.158257569495584,7.241742430504416,North Africa,Subset: Culture & Lesure
200.0,300.0,6.7,7.0,6.0,7.158257569495584,6.2417424305044165,North Africa,Subset: Culture & Lesure
300.0,400.0,6.1,7.0,5.4399999999999995,6.8,5.3999999999999995,North Africa,Subset: Culture & Lesure
400.0,500.0,5.3,6.0,5.0,5.7582575694955835,4.841742430504416,North Africa,Subset: Culture & Lesure
500.0,600.0,6.1,7.0,5.0,7.144030650891055,5.055969349108945,North Africa,Subset: Culture & Lesure
600.0,700.0,7.3,8.0,7.0,7.9403124237432845,6.659687576256715,North Africa,Subset: Culture & Lesure
700.0,800.0,8.0,8.0,8.0,8.447213595499958,7.552786404500042,North Africa,Subset: Culture & Lesure
800.0,900.0,8.0,8.0,8.0,8.447213595499958,7.552786404500042,North Africa,Subset: Culture & Lesure
900.0,1000.0,7.8,8.559999999999999,7.0,8.548331477354788,7.051668522645212,North Africa,Subset: Culture & Lesure
1000.0,1100.0,7.6,8.0,7.0,8.4,6.8,North Africa,Subset: Culture & Lesure
1100.0,1200.0,7.5,8.0,7.0,8.0,7.0,North Africa,Subset: Culture & Lesure
1200.0,1300.0,6.9,7.56,6.0,7.6,6.2,North Africa,Subset: Culture & Lesure
1300.0,1400.0,6.7,7.56,6.0,7.481024967590666,5.918975032409334,North Africa,Subset: Culture & Lesure
1400.0,1500.0,6.4,7.0,6.0,7.06332495807108,5.736675041928921,North Africa,Subset: Culture & Lesure
1500.0,1600.0,6.7,7.0,6.0,7.158257569495584,6.2417424305044165,North Africa,Subset: Culture & Lesure
1600.0,1700.0,6.4,7.0,6.0,6.889897948556636,5.910102051443364,North Africa,Subset: Culture & Lesure
1700.0,1800.0,6.0,6.0,6.0,6.447213595499958,5.552786404500042,North Africa,Subset: Culture & Lesure
1800.0,1900.0,5.3,6.0,5.0,5.7582575694955835,4.841742430504416,North Africa,Subset: Culture & Lesure
1900.0,2000.0,6.5,7.0,6.0,7.0,6.0,North Africa,Subset: Culture & Lesure
2000.0,2025.0,7.0,7.0,7.0,7.0,7.0,North Africa,Subset: Culture & Lesure
-1000.0,-900.0,3.2,3.5599999999999996,3.0,3.6,2.8000000000000003,North Africa,Subset: Economic Opportunity
-900.0,-800.0,4.2,4.56,4.0,4.6000000000000005,3.8,North Africa,Subset: Economic Opportunity
-800.0,-700.0,5.0,5.0,5.0,5.447213595499958,4.552786404500042,North Africa,Subset: Economic Opportunity
-700.0,-600.0,5.0,5.0,5.0,5.447213595499958,4.552786404500042,North Africa,Subset: Economic Opportunity
-600.0,-500.0,5.5,6.0,5.0,6.0,5.0,North Africa,Subset: Economic Opportunity
-500.0,-400.0,5.0,6.0,4.0,5.774596669241483,4.225403330758517,North Africa,Subset: Economic Opportunity
-400.0,-300.0,5.2,6.0,5.0,6.071779788708135,4.328220211291866,North Africa,Subset: Economic Opportunity
-300.0,-200.0,6.5,7.0,6.0,7.0,6.0,North Africa,Subset: Economic Opportunity
-200.0,-100.0,6.6,7.0,6.0,7.263324958071079,5.93667504192892,North Africa,Subset: Economic Opportunity
-100.0,0.0,7.0,7.0,7.0,7.0,7.0,North Africa,Subset: Economic Opportunity
0.0,100.0,7.0,7.0,7.0,7.0,7.0,North Africa,Subset: Economic Opportunity
100.0,200.0,6.8,7.0,6.4399999999999995,7.2,6.3999999999999995,North Africa,Subset: Economic Opportunity
200.0,300.0,5.6,6.0,5.0,6.263324958071079,4.93667504192892,North Africa,Subset: Economic Opportunity
300.0,400.0,4.7,5.0,4.0,5.340312423743285,4.0596875762567155,North Africa,Subset: Economic Opportunity
400.0,500.0,4.1,4.56,4.0,4.6385164807134505,3.5614835192865493,North Africa,Subset: Economic Opportunity
500.0,600.0,4.9,5.56,4.4399999999999995,5.730662386291808,4.069337613708193,North Africa,Subset: Economic Opportunity
600.0,700.0,5.8,6.0,5.4399999999999995,6.548331477354788,5.051668522645212,North Africa,Subset: Economic Opportunity
700.0,800.0,6.8,7.0,6.4399999999999995,7.2,6.3999999999999995,North Africa,Subset: Economic Opportunity
800.0,900.0,6.8,7.0,6.4399999999999995,7.2,6.3999999999999995,North Africa,Subset: Economic Opportunity
900.0,1000.0,6.6,7.0,6.0,7.263324958071079,5.93667504192892,North Africa,Subset: Economic Opportunity
1000.0,1100.0,6.3,7.0,5.4399999999999995,7.081024967590666,5.518975032409334,North Africa,Subset: Economic Opportunity
1100.0,1200.0,6.4,7.0,6.0,6.889897948556636,5.910102051443364,North Africa,Subset: Economic Opportunity
1200.0,1300.0,5.7,6.56,5.0,6.481024967590666,4.918975032409334,North Africa,Subset: Economic Opportunity
1300.0,1400.0,5.4,6.0,5.0,6.06332495807108,4.736675041928921,North Africa,Subset: Economic Opportunity
1400.0,1500.0,5.3,6.0,5.0,5.9403124237432845,4.659687576256715,North Africa,Subset: Economic Opportunity
1500.0,1600.0,5.8,6.0,5.0,6.3999999999999995,5.2,North Africa,Subset: Economic Opportunity
1600.0,1700.0,5.3,6.0,5.0,5.9403124237432845,4.659687576256715,North Africa,Subset: Economic Opportunity
1700.0,1800.0,4.9,5.56,4.0,5.6000000000000005,4.2,North Africa,Subset: Economic Opportunity
1800.0,1900.0,4.5,5.0,4.0,5.0,4.0,North Africa,Subset: Economic Opportunity
1900.0,2000.0,5.8,6.0,5.4399999999999995,6.2,5.3999999999999995,North Africa,Subset: Economic Opportunity
2000.0,2025.0,6.2,6.56,6.0,6.6000000000000005,5.8,North Africa,Subset: Economic Opportunity
-1000.0,-900.0,3.8,4.0,3.44,4.2,3.4,North Africa,Subset: Equality
-900.0,-800.0,3.7,4.0,3.0,4.158257569495584,3.241742430504416,North Africa,Subset: Equality
-800.0,-700.0,3.5,4.0,3.0,4.170820393249937,2.829179606750063,North Africa,Subset: Equality
-700.0,-600.0,3.4,4.0,3.0,4.06332495807108,2.73667504192892,North Africa,Subset: Equality
-600.0,-500.0,3.4,4.0,2.44,4.316515138991168,2.483484861008832,North Africa,Subset: Equality
-500.0,-400.0,3.1,4.0,2.44,3.8,2.4,North Africa,Subset: Equality
-400.0,-300.0,3.2,3.5599999999999996,3.0,3.948331477354788,2.451668522645212,North Africa,Subset: Equality
-300.0,-200.0,4.5,5.0,3.44,5.306225774829855,3.693774225170145,North Africa,Subset: Equality
-200.0,-100.0,4.6,5.0,3.88,5.713552872566003,3.486447127433995,North Africa,Subset: Equality
-100.0,0.0,4.5,5.0,3.44,5.4219544457292885,3.5780455542707115,North Africa,Subset: Equality
0.0,100.0,4.7,5.0,4.0,5.340312423743285,4.0596875762567155,North Africa,Subset: Equality
100.0,200.0,4.6,5.0,4.0,5.263324958071079,3.93667504192892,North Africa,Subset: Equality
200.0,300.0,3.6,4.0,3.0,4.26332495807108,2.93667504192892,North Africa,Subset: Equality
300.0,400.0,3.2,4.0,3.0,3.8,2.6,North Africa,Subset: Equality
400.0,500.0,2.8,3.0,2.0,3.4,2.1999999999999997,North Africa,Subset: Equality
500.0,600.0,3.4,4.0,2.44,4.316515138991168,2.483484861008832,North Africa,Subset: Equality
600.0,700.0,4.4,5.0,4.0,5.2,3.6000000000000005,North Africa,Subset: Equality
700.0,800.0,4.8,5.0,4.4399999999999995,5.548331477354788,4.051668522645212,North Africa,Subset: Equality
800.0,900.0,4.9,5.0,4.4399999999999995,5.438516480713451,4.3614835192865495,North Africa,Subset: Equality
900.0,1000.0,4.5,5.0,4.0,5.306225774829855,3.693774225170145,North Africa,Subset: Equality
1000.0,1100.0,4.4,5.0,4.0,5.2,3.6000000000000005,North Africa,Subset: Equality
1100.0,1200.0,4.5,5.0,4.0,5.170820393249937,3.829179606750063,North Africa,Subset: Equality
1200.0,1300.0,3.9,4.0,3.44,4.43851648071345,3.3614835192865495,North Africa,Subset: Equality
1300.0,1400.0,3.8,4.56,3.0,4.548331477354788,3.051668522645212,North Africa,Subset: Equality
1400.0,1500.0,3.7,4.56,3.0,4.481024967590666,2.918975032409335,North Africa,Subset: Equality
1500.0,1600.0,3.7,4.0,3.0,4.340312423743285,3.0596875762567155,North Africa,Subset: Equality
1600.0,1700.0,3.2,4.0,3.0,3.8,2.6,North Africa,Subset: Equality
1700.0,1800.0,2.9,3.0,2.44,3.4385164807134503,2.3614835192865495,North Africa,Subset: Equality
1800.0,1900.0,2.4,3.0,2.0,2.8898979485566354,1.910102051443364,North Africa,Subset: Equality
1900.0,2000.0,3.6,4.0,3.0,4.089897948556636,3.1101020514433646,North Africa,Subset: Equality
2000.0,2025.0,4.5,5.0,4.0,5.0,4.0,North Africa,Subset: Equality
-1000.0,-900.0,3.0,3.0,3.0,3.0,3.0,North Africa,Subset: Freedom
-900.0,-800.0,3.0,3.0,3.0,3.447213595499958,2.552786404500042,North Africa,Subset: Freedom
-800.0,-700.0,2.8,3.0,2.0,3.4,2.1999999999999997,North Africa,Subset: Freedom
-700.0,-600.0,2.7,3.0,2.0,3.1582575694955843,2.241742430504416,North Africa,Subset: Freedom
-600.0,-500.0,2.8,3.0,2.0,3.4,2.1999999999999997,North Africa,Subset: Freedom
-500.0,-400.0,2.3,3.0,2.0,2.9403124237432845,1.659687576256715,North Africa,Subset: Freedom
-400.0,-300.0,2.5,3.5599999999999996,2.0,3.4219544457292885,1.5780455542707112,North Africa,Subset: Freedom
-300.0,-200.0,4.2,4.56,4.0,4.6000000000000005,3.8,North Africa,Subset: Freedom
-200.0,-100.0,4.5,5.0,3.44,5.618033988749895,3.381966011250105,North Africa,Subset: Freedom
-100.0,0.0,4.7,5.0,4.4399999999999995,5.340312423743285,4.0596875762567155,North Africa,Subset: Freedom
0.0,100.0,4.9,5.0,5.0,5.2,4.6000000000000005,North Africa,Subset: Freedom
100.0,200.0,4.6,5.0,4.0,5.089897948556636,4.110102051443364,North Africa,Subset: Freedom
200.0,300.0,3.5,4.0,3.0,4.0,3.0,North Africa,Subset: Freedom
300.0,400.0,2.7,3.0,2.0,3.1582575694955843,2.241742430504416,North Africa,Subset: Freedom
400.0,500.0,2.5,3.0,2.0,3.0,2.0,North Africa,Subset: Freedom
500.0,600.0,3.2,4.0,2.0,4.071779788708135,2.3282202112918657,North Africa,Subset: Freedom
600.0,700.0,4.3,5.0,3.44,5.081024967590666,3.5189750324093345,North Africa,Subset: Freedom
700.0,800.0,5.4,6.0,5.0,5.889897948556636,4.910102051443364,North Africa,Subset: Freedom
800.0,900.0,5.5,6.0,5.0,6.0,5.0,North Africa,Subset: Freedom
900.0,1000.0,5.3,6.0,4.4399999999999995,6.081024967590666,4.518975032409334,North Africa,Subset: Freedom
1000.0,1100.0,5.0,5.56,4.4399999999999995,5.632455532033676,4.367544467966324,North Africa,Subset: Freedom
1100.0,1200.0,5.1,6.0,4.4399999999999995,5.8,4.3999999999999995,North Africa,Subset: Freedom
1200.0,1300.0,4.3,5.0,4.0,4.9403124237432845,3.659687576256715,North Africa,Subset: Freedom
1300.0,1400.0,4.2,5.0,3.0,5.071779788708135,3.3282202112918657,North Africa,Subset: Freedom
1400.0,1500.0,4.1,5.0,3.0,4.930662386291807,3.269337613708192,North Africa,Subset: Freedom
1500.0,1600.0,4.1,4.56,4.0,4.6385164807134505,3.5614835192865493,North Africa,Subset: Freedom
1600.0,1700.0,3.6,4.0,3.0,4.26332495807108,2.93667504192892,North Africa,Subset: Freedom
1700.0,1800.0,3.3,3.5599999999999996,3.0,3.940312423743285,2.659687576256715,North Africa,Subset: Freedom
1800.0,1900.0,2.3,3.0,2.0,2.758257569495584,1.8417424305044157,North Africa,Subset: Freedom
1900.0,2000.0,3.9,4.56,3.0,4.6,3.1999999999999997,North Africa,Subset: Freedom
2000.0,2025.0,5.5,6.0,5.0,6.0,5.0,North Africa,Subset: Freedom
-1000.0,-900.0,4.0,4.0,4.0,4.0,4.0,North Africa,Subset: Health & Wellbeing
-900.0,-800.0,4.1,4.0,4.0,4.3999999999999995,3.8,North Africa,Subset: Health & Wellbeing
-800.0,-700.0,4.7,5.0,4.0,5.158257569495584,4.2417424305044165,North Africa,Subset: Health & Wellbeing
-700.0,-600.0,4.7,5.0,4.0,5.158257569495584,4.2417424305044165,North Africa,Subset: Health & Wellbeing
-600.0,-500.0,4.7,5.0,4.4399999999999995,5.340312423743285,4.0596875762567155,North Africa,Subset: Health & Wellbeing
-500.0,-400.0,4.3,5.0,4.0,4.9403124237432845,3.659687576256715,North Africa,Subset: Health & Wellbeing
-400.0,-300.0,4.5,5.0,4.0,5.306225774829855,3.693774225170145,North Africa,Subset: Health & Wellbeing
-300.0,-200.0,6.1,6.56,6.0,6.6385164807134505,5.561483519286549,North Africa,Subset: Health & Wellbeing
-200.0,-100.0,6.5,7.0,6.0,7.421954445729288,5.5780455542707115,North Africa,Subset: Health & Wellbeing
-100.0,0.0,6.9,7.0,7.0,7.2,6.6000000000000005,North Africa,Subset: Health & Wellbeing
0.0,100.0,6.9,7.0,7.0,7.2,6.6000000000000005,North Africa,Subset: Health & Wellbeing
100.0,200.0,6.7,7.0,6.0,7.158257569495584,6.2417424305044165,North Africa,Subset: Health & Wellbeing
200.0,300.0,5.6,6.0,5.0,6.263324958071079,4.93667504192892,North Africa,Subset: Health & Wellbeing
300.0,400.0,4.9,5.56,4.0,5.6000000000000005,4.2,North Africa,Subset: Health & Wellbeing
400.0,500.0,4.2,5.0,3.44,4.948331477354788,3.451668522645212,North Africa,Subset: Health & Wellbeing
500.0,600.0,4.7,5.0,3.88,5.6000000000000005,3.8,North Africa,Subset: Health & Wellbeing
600.0,700.0,5.5,6.0,4.4399999999999995,6.306225774829855,4.693774225170145,North Africa,Subset: Health & Wellbeing
700.0,800.0,6.4,7.0,6.0,7.06332495807108,5.736675041928921,North Africa,Subset: Health & Wellbeing
800.0,900.0,6.7,7.0,6.0,7.158257569495584,6.2417424305044165,North Africa,Subset: Health & Wellbeing
900.0,1000.0,6.4,7.0,6.0,6.889897948556636,5.910102051443364,North Africa,Subset: Health & Wellbeing
1000.0,1100.0,6.2,7.0,5.4399999999999995,6.948331477354788,5.451668522645212,North Africa,Subset: Health & Wellbeing
1100.0,1200.0,6.1,6.56,6.0,6.6385164807134505,5.561483519286549,North Africa,Subset: Health & Wellbeing
1200.0,1300.0,5.6,6.0,5.0,6.263324958071079,4.93667504192892,North Africa,Subset: Health & Wellbeing
1300.0,1400.0,5.3,6.0,4.4399999999999995,6.081024967590666,4.518975032409334,North Africa,Subset: Health & Wellbeing
1400.0,1500.0,5.3,6.0,5.0,5.9403124237432845,4.659687576256715,North Africa,Subset: Health & Wellbeing
1500.0,1600.0,5.7,6.0,5.0,6.158257569495584,5.2417424305044165,North Africa,Subset: Health & Wellbeing
1600.0,1700.0,5.2,5.56,5.0,5.6000000000000005,4.8,North Africa,Subset: Health & Wellbeing
1700.0,1800.0,4.9,5.0,4.4399999999999995,5.438516480713451,4.3614835192865495,North Africa,Subset: Health & Wellbeing
1800.0,1900.0,4.6,5.0,4.0,5.089897948556636,4.110102051443364,North Africa,Subset: Health & Wellbeing
1900.0,2000.0,5.9,6.0,6.0,6.2,5.6000000000000005,North Africa,Subset: Health & Wellbeing
2000.0,2025.0,6.6,7.0,6.0,7.089897948556636,6.110102051443364,North Africa,Subset: Health & Wellbeing
-1000.0,-900.0,6.1,6.0,6.0,6.3999999999999995,5.8,North Africa,Subset: Peace
-900.0,-800.0,5.3,6.0,5.0,5.7582575694955835,4.841742430504416,North Africa,Subset: Peace
-800.0,-700.0,4.7,5.0,4.0,5.158257569495584,4.2417424305044165,North Africa,Subset: Peace
-700.0,-600.0,4.1,4.0,4.0,4.3999999999999995,3.8,North Africa,Subset: Peace
-600.0,-500.0,4.2,5.0,3.44,5.071779788708135,3.3282202112918657,North Africa,Subset: Peace
-500.0,-400.0,3.4,4.0,3.0,4.2,2.5999999999999996,North Africa,Subset: Peace
-400.0,-300.0,3.8,5.56,2.44,5.269693845669907,2.330306154330093,North Africa,Subset: Peace
-300.0,-200.0,6.1,7.0,5.4399999999999995,7.04339811320566,5.1566018867943395,North Africa,Subset: Peace
-200.0,-100.0,6.5,7.56,5.32,8.065247584249853,4.934752415750147,North Africa,Subset: Peace
-100.0,0.0,6.8,7.0,6.4399999999999995,7.548331477354788,6.051668522645212,North Africa,Subset: Peace
0.0,100.0,7.0,7.0,7.0,7.447213595499958,6.552786404500042,North Africa,Subset: Peace
100.0,200.0,6.4,7.0,5.4399999999999995,7.2,5.6000000000000005,North Africa,Subset: Peace
200.0,300.0,4.6,5.0,4.0,5.089897948556636,4.110102051443364,North Africa,Subset: Peace
300.0,400.0,3.4,4.0,3.0,3.8898979485566354,2.9101020514433644,North Africa,Subset: Peace
400.0,500.0,3.0,3.5599999999999996,2.44,3.632455532033676,2.367544467966324,North Africa,Subset: Peace
500.0,600.0,4.0,5.0,3.0,4.894427190999916,3.1055728090000843,North Africa,Subset: Peace
600.0,700.0,5.5,6.0,4.4399999999999995,6.4219544457292885,4.5780455542707115,North Africa,Subset: Peace
700.0,800.0,6.6,7.0,6.0,7.263324958071079,5.93667504192892,North Africa,Subset: Peace
800.0,900.0,6.7,7.0,6.0,7.158257569495584,6.2417424305044165,North Africa,Subset: Peace
900.0,1000.0,5.9,7.0,5.0,6.8433981132056605,4.95660188679434,North Africa,Subset: Peace
1000.0,1100.0,5.4,6.0,4.4399999999999995,6.316515138991168,4.483484861008833,North Africa,Subset: Peace
1100.0,1200.0,5.4,6.0,4.4399999999999995,6.316515138991168,4.483484861008833,North Africa,Subset: Peace
1200.0,1300.0,4.3,4.56,4.0,4.9403124237432845,3.659687576256715,North Africa,Subset: Peace
1300.0,1400.0,4.5,5.0,4.0,5.306225774829855,3.693774225170145,North Africa,Subset: Peace
1400.0,1500.0,4.5,5.56,3.44,5.52469507659596,3.47530492340404,North Africa,Subset: Peace
1500.0,1600.0,4.9,5.56,4.0,5.6000000000000005,4.2,North Africa,Subset: Peace
1600.0,1700.0,4.2,5.0,3.0,5.071779788708135,3.3282202112918657,North Africa,Subset: Peace
1700.0,1800.0,3.5,4.56,3.0,4.306225774829855,2.693774225170145,North Africa,Subset: Peace
1800.0,1900.0,2.5,3.0,2.0,3.0,2.0,North Africa,Subset: Peace
1900.0,2000.0,4.2,5.0,3.44,4.948331477354788,3.451668522645212,North Africa,Subset: Peace
2000.0,2025.0,4.6,5.0,4.0,5.089897948556636,4.110102051443364,North Africa,Subset: Peace
-1000.0,-900.0,5680000.0,10000000.0,2608000.0,9263517.824708004,2096482.175291994,North Africa,Subset: Population
-900.0,-800.0,6140000.0,11000000.0,2808000.0,10050549.83346332,2229450.16653668,North Africa,Subset: Population
-800.0,-700.0,6640000.0,12000000.0,3052000.0,10863079.445144266,2416920.554855734,North Africa,Subset: Population
-700.0,-600.0,7140000.0,13000000.0,3296000.0,11676783.001202503,2603216.998797496,North Africa,Subset: Population
-600.0,-500.0,7630000.0,14000000.0,3496000.0,12485728.575610464,2774271.4243895384,North Africa,Subset: Population
-500.0,-400.0,8100000.0,15000000.0,3696000.0,13289026.883722998,2910973.1162770027,North Africa,Subset: Population
-400.0,-300.0,8190000.0,15120000.0,3500000.0,13615946.92196671,2764053.0780332917,North Africa,Subset: Population
-300.0,-200.0,8520000.0,15560000.0,3552000.0,14184238.69553535,2855761.3044646503,North Africa,Subset: Population
-200.0,-100.0,9090000.0,16560000.0,3940000.0,15040201.67725431,3139798.32274569,North Africa,Subset: Population
-100.0,0.0,9670000.0,17560000.0,4272000.0,15899775.276845869,3440224.723154133,North Africa,Subset: Population
0.0,100.0,10220000.0,18560000.0,4660000.0,16744844.825741068,3695155.174258931,North Africa,Subset: Population
100.0,200.0,10730000.0,19560000.0,4992000.0,17578072.72157649,3881927.278423512,North Africa,Subset: Population
200.0,300.0,10860000.0,19680000.0,4960000.0,17923738.387001604,3796261.612998398,North Africa,Subset: Population
300.0,400.0,10620000.0,18120000.0,4660000.0,17586318.970589846,3653681.029410152,North Africa,Subset: Population
400.0,500.0,10100000.0,17120000.0,3720000.0,17297777.434736364,2902222.5652636355,North Africa,Subset: Population
500.0,600.0,9720000.0,16120000.0,3444000.0,17081901.928170465,2358098.071829536,North Africa,Subset: Population
600.0,700.0,9780000.0,16000000.0,3544000.0,17340529.082015358,2219470.917984641,North Africa,Subset: Population
700.0,800.0,10320000.0,17000000.0,3744000.0,18157703.745358076,2482296.254641925,North Africa,Subset: Population
800.0,900.0,10850000.0,18000000.0,4000000.0,18972715.06332704,2727284.9366729604,North Africa,Subset: Population
900.0,1000.0,11350000.0,19000000.0,4332000.0,19775467.346088286,2924532.6539117135,North Africa,Subset: Population
1000.0,1100.0,11790000.0,20000000.0,4608000.0,20556920.782121852,3023079.21787815,North Africa,Subset: Population
1100.0,1200.0,12240000.0,21000000.0,4808000.0,21353967.3029916,3126032.6970083993,North Africa,Subset: Population
1200.0,1300.0,12720000.0,22000000.0,5052000.0,22163812.78933461,3276187.210665388,North Africa,Subset: Population
1300.0,1400.0,12460000.0,21000000.0,4776000.0,22028824.37920145,2891175.6207985505,North Africa,Subset: Population
1400.0,1500.0,12460000.0,22000000.0,4920000.0,21744847.87166704,3175152.1283329576,North Africa,Subset: Population
1500.0,1600.0,12830000.0,23000000.0,5108000.0,22521960.585970208,3138039.41402979,North Africa,Subset: Population
1600.0,1700.0,13270000.0,24000000.0,5296000.0,23326346.254977506,3213653.7450225,North Africa,Subset: Population
1700.0,1800.0,13700000.0,25000000.0,5440000.0,24128614.481320135,3271385.5186798666,North Africa,Subset: Population
1800.0,1900.0,14370000.0,26560000.0,5772000.0,25190448.23470821,3549551.7652917914,North Africa,Subset: Population
1900.0,2000.0,37500000.0,53399999.99999999,24400000.0,50775918.047351755,24224081.952648245,North Africa,Subset: Population
2000.0,2025.0,106500000.0,160399999.99999997,45000000.0,162849356.69552937,50150643.30447064,North Africa,Subset: Population
-1000.0,-900.0,5.966666666666667,6.493333333333333,5.506666666666667,6.366666666666667,5.566666666666666,North America,Overall
-900.0,-800.0,5.9750000000000005,6.493333333333333,5.506666666666667,6.3975419111362415,5.55245808886376,North America,Overall
-800.0,-700.0,5.866666666666666,6.493333333333333,5.34,6.330946275906137,5.4023870574271955,North America,Overall
-700.0,-600.0,5.766666666666667,6.486666666666666,5.34,6.2565646152233025,5.276768718110031,North America,Overall
-600.0,-500.0,5.7749999999999995,6.16,5.5,6.1942420409368415,5.355757959063157,North America,Overall
-500.0,-400.0,5.7333333333333325,6.319999999999999,5.173333333333334,6.190984340591532,5.275682326075133,North America,Overall
-400.0,-300.0,5.666666666666666,6.16,5.0,6.143927368775878,5.189405964557454,North America,Overall
-300.0,-200.0,5.55,6.166666666666667,5.0,6.09288324916341,5.007116750836589,North America,Overall
-200.0,-100.0,5.441666666666667,5.993333333333333,5.0,5.966798925139606,4.916534408193729,North America,Overall
-100.0,0.0,5.408333333333333,5.993333333333333,4.84,5.991607139819903,4.825059526846763,North America,Overall
0.0,100.0,5.508333333333335,6.16,5.006666666666667,6.091607139819905,4.9250595268467645,North America,Overall
100.0,200.0,5.4750000000000005,6.16,4.84,6.057797372830196,4.892202627169805,North America,Overall
200.0,300.0,5.325,5.993333333333333,4.673333333333334,5.922390157267426,4.727609842732575,North America,Overall
300.0,400.0,5.208333333333333,5.833333333333333,4.5,5.921064777224446,4.49560188944222,North America,Overall
400.0,500.0,5.158333333333333,5.666666666666667,4.3533333333333335,5.800540897564366,4.516125769102301,North America,Overall
500.0,600.0,5.033333333333333,5.66,4.5,5.686530598075514,4.380136068591153,North America,Overall
600.0,700.0,5.066666666666666,5.666666666666667,4.506666666666667,5.677676759327445,4.4556565740058875,North America,Overall
700.0,800.0,5.091666666666666,5.833333333333333,4.34,5.777789023749489,4.405544309583843,North America,Overall
800.0,900.0,5.258333333333334,6.0,4.506666666666667,5.9048517871388775,4.61181487952779,North America,Overall
900.0,1000.0,5.241666666666667,5.993333333333333,4.506666666666667,5.929810304773325,4.55352302856001,North America,Overall
1000.0,1100.0,5.2333333333333325,6.16,4.506666666666667,5.968180256168286,4.498486410498379,North America,Overall
1100.0,1200.0,5.05,5.666666666666667,4.333333333333333,5.714789022505971,4.385210977494029,North America,Overall
1200.0,1300.0,5.058333333333333,5.993333333333333,4.34,5.769894605778963,4.3467720608877025,North America,Overall
1300.0,1400.0,4.716666666666667,5.66,3.84,5.480611109091056,3.9527222242422777,North America,Overall
1400.0,1500.0,5.1,5.833333333333333,4.666666666666667,5.771648055986995,4.428351944013004,North America,Overall
1500.0,1600.0,3.1666666666666665,3.5,2.8333333333333335,3.629147897517053,2.70418543581628,North America,Overall
1600.0,1700.0,2.6999999999999997,3.0,2.3333333333333335,3.0439961240091713,2.356003875990828,North America,Overall
1700.0,1800.0,2.8666666666666667,3.1666666666666665,2.5,3.2666666666666666,2.466666666666667,North America,Overall
1800.0,1900.0,4.683333333333334,4.993333333333333,4.34,4.951557948990518,4.415108717676149,North America,Overall
1900.0,2000.0,6.775,7.0,6.506666666666667,7.000308430576597,6.549691569423404,North America,Overall
2000.0,2025.0,7.449999999999998,7.666666666666667,7.34,7.74860788111948,7.1513921188805165,North America,Overall
-1000.0,-900.0,6.45,7.0,6.0,7.03949130612758,5.86050869387242,North America,Subset: Culture & Lesure
-900.0,-800.0,6.45,7.0,6.0,7.03949130612758,5.86050869387242,North America,Subset: Culture & Lesure
-800.0,-700.0,6.4,7.0,6.0,6.98309518948453,5.816904810515471,North America,Subset: Culture & Lesure
-700.0,-600.0,6.5,7.0,6.0,7.091607978309962,5.908392021690038,North America,Subset: Culture & Lesure
-600.0,-500.0,6.7,7.0,6.0,7.158257569495584,6.2417424305044165,North America,Subset: Culture & Lesure
-500.0,-400.0,6.75,7.0,6.0,7.18301270189222,6.31698729810778,North America,Subset: Culture & Lesure
-400.0,-300.0,6.8,7.0,6.04,7.2,6.3999999999999995,North America,Subset: Culture & Lesure
-300.0,-200.0,6.75,7.0,6.0,7.18301270189222,6.31698729810778,North America,Subset: Culture & Lesure
-200.0,-100.0,6.75,7.0,6.0,7.18301270189222,6.31698729810778,North America,Subset: Culture & Lesure
-100.0,0.0,6.85,7.0,6.04,7.326969600708472,6.373030399291527,North America,Subset: Culture & Lesure
0.0,100.0,6.9,7.0,7.0,7.335889894354068,6.464110105645933,North America,Subset: Culture & Lesure
100.0,200.0,6.9,7.0,7.0,7.335889894354068,6.464110105645933,North America,Subset: Culture & Lesure
200.0,300.0,6.65,7.0,6.0,7.126969600708473,6.173030399291528,North America,Subset: Culture & Lesure
300.0,400.0,6.7,7.0,6.0,7.256776436283002,6.143223563716998,North America,Subset: Culture & Lesure
400.0,500.0,6.65,7.0,6.0,7.22227615711298,6.07772384288702,North America,Subset: Culture & Lesure
500.0,600.0,6.55,7.0,6.0,7.218954408012983,5.881045591987017,North America,Subset: Culture & Lesure
600.0,700.0,6.5,7.0,6.0,7.091607978309962,5.908392021690038,North America,Subset: Culture & Lesure
700.0,800.0,6.5,7.0,6.0,7.170820393249937,5.829179606750063,North America,Subset: Culture & Lesure
800.0,900.0,6.65,7.0,6.0,7.22227615711298,6.07772384288702,North America,Subset: Culture & Lesure
900.0,1000.0,6.7,7.0,6.0,7.256776436283002,6.143223563716998,North America,Subset: Culture & Lesure
1000.0,1100.0,6.6,7.0,6.0,7.089897948556636,6.110102051443364,North America,Subset: Culture & Lesure
1100.0,1200.0,6.55,7.0,6.0,7.218954408012983,5.881045591987017,North America,Subset: Culture & Lesure
1200.0,1300.0,6.6,7.0,6.0,7.183095189484529,6.01690481051547,North America,Subset: Culture & Lesure
1300.0,1400.0,6.15,7.0,6.0,6.72227615711298,5.57772384288702,North America,Subset: Culture & Lesure
1400.0,1500.0,6.45,7.0,6.0,7.03949130612758,5.86050869387242,North America,Subset: Culture & Lesure
1500.0,1600.0,4.85,5.0,4.04,5.326969600708472,4.373030399291527,North America,Subset: Culture & Lesure
1600.0,1700.0,3.95,4.0,4.0,4.33405728739343,3.56594271260657,North America,Subset: Culture & Lesure
1700.0,1800.0,4.05,4.959999999999999,4.0,4.63949130612758,3.46050869387242,North America,Subset: Culture & Lesure
1800.0,1900.0,5.45,6.0,5.0,5.94749371855331,4.9525062814466905,North America,Subset: Culture & Lesure
1900.0,2000.0,7.5,8.0,7.0,8.0,7.0,North America,Subset: Culture & Lesure
2000.0,2025.0,8.15,8.0,8.0,8.507071421427142,7.792928578572858,North America,Subset: Culture & Lesure
-1000.0,-900.0,4.75,5.0,4.0,5.5791561975888495,3.92084380241115,North America,Subset: Economic Opportunity
-900.0,-800.0,4.9,5.0,5.0,5.668114574786861,4.13188542521314,North America,Subset: Economic Opportunity
-800.0,-700.0,5.05,5.959999999999999,5.0,5.718954408012983,4.381045591987017,North America,Subset: Economic Opportunity
-700.0,-600.0,5.25,6.0,5.0,5.872494979899437,4.627505020100563,North America,Subset: Economic Opportunity
-600.0,-500.0,5.45,6.0,5.0,6.118954408012983,4.781045591987017,North America,Subset: Economic Opportunity
-500.0,-400.0,5.55,6.0,5.0,6.218954408012983,4.881045591987017,North America,Subset: Economic Opportunity
-400.0,-300.0,5.45,6.0,5.0,6.189932429347437,4.710067570652563,North America,Subset: Economic Opportunity
-300.0,-200.0,5.45,6.0,4.04,6.254673846971555,4.645326153028446,North America,Subset: Economic Opportunity
-200.0,-100.0,5.45,6.0,5.0,6.189932429347437,4.710067570652563,North America,Subset: Economic Opportunity
-100.0,0.0,5.45,6.0,5.0,6.189932429347437,4.710067570652563,North America,Subset: Economic Opportunity
0.0,100.0,5.45,6.0,5.0,6.189932429347437,4.710067570652563,North America,Subset: Economic Opportunity
100.0,200.0,5.5,6.0,5.0,6.170820393249937,4.829179606750063,North America,Subset: Economic Opportunity
200.0,300.0,5.4,6.0,5.0,6.316515138991168,4.483484861008833,North America,Subset: Economic Opportunity
300.0,400.0,5.35,6.0,4.04,6.313068014212911,4.386931985787088,North America,Subset: Economic Opportunity
400.0,500.0,5.4,6.0,4.04,6.369535971483266,4.4304640285167345,North America,Subset: Economic Opportunity
500.0,600.0,5.2,6.0,4.0,6.127361849549571,4.27263815045043,North America,Subset: Economic Opportunity
600.0,700.0,5.25,6.0,4.0,6.192072184070838,4.307927815929162,North America,Subset: Economic Opportunity
700.0,800.0,5.2,6.0,4.0,6.012403840463596,4.387596159536404,North America,Subset: Economic Opportunity
800.0,900.0,5.45,6.0,5.0,6.314580823289529,4.585419176710471,North America,Subset: Economic Opportunity
900.0,1000.0,5.4,6.0,5.0,6.134846922834954,4.665153077165047,North America,Subset: Economic Opportunity
1000.0,1100.0,5.25,6.0,4.04,6.016485485837794,4.483514514162206,North America,Subset: Economic Opportunity
1100.0,1200.0,5.2,6.0,4.04,5.948331477354788,4.451668522645212,North America,Subset: Economic Opportunity
1200.0,1300.0,5.15,6.0,4.0,6.0029361054615995,4.297063894538401,North America,Subset: Economic Opportunity
1300.0,1400.0,4.75,6.0,4.0,5.692072184070838,3.8079278159291614,North America,Subset: Economic Opportunity
1400.0,1500.0,5.05,6.0,4.04,5.854673846971553,4.245326153028446,North America,Subset: Economic Opportunity
1500.0,1600.0,3.45,4.0,3.0,4.254673846971555,2.6453261530284458,North America,Subset: Economic Opportunity
1600.0,1700.0,3.3,4.0,3.0,3.940312423743285,2.659687576256715,North America,Subset: Economic Opportunity
1700.0,1800.0,3.95,4.0,3.04,4.53949130612758,3.36050869387242,North America,Subset: Economic Opportunity
1800.0,1900.0,5.9,6.0,6.0,6.2,5.6000000000000005,North America,Subset: Economic Opportunity
1900.0,2000.0,7.65,8.0,7.0,8.126969600708474,7.173030399291528,North America,Subset: Economic Opportunity
2000.0,2025.0,7.85,8.0,8.0,8.207071421427143,7.492928578572857,North America,Subset: Economic Opportunity
-1000.0,-900.0,5.85,6.0,5.04,6.326969600708472,5.373030399291527,North America,Subset: Equality
-900.0,-800.0,5.85,6.0,5.04,6.326969600708472,5.373030399291527,North America,Subset: Equality
-800.0,-700.0,5.7,6.0,5.0,6.158257569495584,5.2417424305044165,North America,Subset: Equality
-700.0,-600.0,5.25,6.0,5.0,5.872494979899437,4.627505020100563,North America,Subset: Equality
-600.0,-500.0,5.15,5.959999999999999,5.0,5.803834841531101,4.4961651584689,North America,Subset: Equality
-500.0,-400.0,5.0,5.959999999999999,4.0,5.774596669241483,4.225403330758517,North America,Subset: Equality
-400.0,-300.0,4.95,6.0,4.0,5.689932429347437,4.210067570652563,North America,Subset: Equality
-300.0,-200.0,4.75,6.0,4.0,5.5791561975888495,3.92084380241115,North America,Subset: Equality
-200.0,-100.0,4.5,5.0,4.0,5.306225774829855,3.693774225170145,North America,Subset: Equality
-100.0,0.0,4.45,5.0,4.0,5.314580823289529,3.585419176710471,North America,Subset: Equality
0.0,100.0,4.6,5.0,4.0,5.460232526704262,3.739767473295737,North America,Subset: Equality
100.0,200.0,4.55,5.0,4.0,5.470597631976099,3.629402368023901,North America,Subset: Equality
200.0,300.0,4.5,5.0,4.0,5.306225774829855,3.693774225170145,North America,Subset: Equality
300.0,400.0,4.3,5.0,4.0,5.142614977317636,3.457385022682364,North America,Subset: Equality
400.0,500.0,4.15,5.0,4.0,4.72227615711298,3.5777238428870204,North America,Subset: Equality
500.0,600.0,4.0,5.0,3.0,4.836660026534076,3.1633399734659244,North America,Subset: Equality
600.0,700.0,4.1,5.0,3.0,5.04339811320566,3.156601886794339,North America,Subset: Equality
700.0,800.0,4.1,5.0,3.0,5.144030650891055,3.055969349108945,North America,Subset: Equality
800.0,900.0,4.25,5.0,3.0,5.292832680730711,3.2071673192692893,North America,Subset: Equality
900.0,1000.0,4.2,5.0,3.0,5.322497216032183,3.0775027839678177,North America,Subset: Equality
1000.0,1100.0,4.35,5.959999999999999,3.0,5.411838029079765,3.2881619709202345,North America,Subset: Equality
1100.0,1200.0,4.05,5.0,3.0,4.854673846971554,3.245326153028446,North America,Subset: Equality
1200.0,1300.0,4.1,5.0,3.0,4.988819441731558,3.211180558268441,North America,Subset: Equality
1300.0,1400.0,3.85,5.0,3.0,4.7029361054616,2.997063894538401,North America,Subset: Equality
1400.0,1500.0,4.2,5.0,3.0,5.071779788708135,3.3282202112918653,North America,Subset: Equality
1500.0,1600.0,2.35,3.0,2.0,2.92227615711298,1.77772384288702,North America,Subset: Equality
1600.0,1700.0,1.85,2.0,1.04,2.326969600708473,1.3730303992915274,North America,Subset: Equality
1700.0,1800.0,1.7,2.0,1.0,2.256776436283002,1.1432235637169978,North America,Subset: Equality
1800.0,1900.0,3.2,3.959999999999999,3.0,3.6,2.8000000000000003,North America,Subset: Equality
1900.0,2000.0,5.45,6.0,5.0,5.94749371855331,4.9525062814466905,North America,Subset: Equality
2000.0,2025.0,6.15,7.0,6.0,6.72227615711298,5.57772384288702,North America,Subset: Equality
-1000.0,-900.0,6.5,7.0,6.0,7.091607978309962,5.908392021690038,North America,Subset: Freedom
-900.0,-800.0,6.5,7.0,6.0,7.091607978309962,5.908392021690038,North America,Subset: Freedom
-800.0,-700.0,6.35,7.0,5.04,7.142148975887743,5.5578510241122565,North America,Subset: Freedom
-700.0,-600.0,6.0,7.0,5.0,6.707106781186548,5.292893218813452,North America,Subset: Freedom
-600.0,-500.0,5.9,6.0,5.0,6.52449979983984,5.2755002001601605,North America,Subset: Freedom
-500.0,-400.0,5.75,6.0,5.0,6.448212002188447,5.051787997811553,North America,Subset: Freedom
-400.0,-300.0,5.7,6.0,5.0,6.414142842854285,4.985857157145715,North America,Subset: Freedom
-300.0,-200.0,5.55,7.0,5.0,6.470597631976099,4.629402368023901,North America,Subset: Freedom
-200.0,-100.0,5.4,6.959999999999999,5.0,6.419803902718558,4.380196097281443,North America,Subset: Freedom
-100.0,0.0,5.25,6.959999999999999,4.04,6.339724735885168,4.160275264114832,North America,Subset: Freedom
0.0,100.0,5.45,7.0,5.0,6.473474474522936,4.426525525477064,North America,Subset: Freedom
100.0,200.0,5.4,6.959999999999999,5.0,6.369535971483266,4.4304640285167345,North America,Subset: Freedom
200.0,300.0,5.2,6.0,4.0,6.127361849549571,4.27263815045043,North America,Subset: Freedom
300.0,400.0,5.2,6.0,4.0,6.179795897113271,4.220204102886729,North America,Subset: Freedom
400.0,500.0,5.0,6.0,4.0,5.948683298050514,4.051316701949486,North America,Subset: Freedom
500.0,600.0,5.0,6.0,4.0,5.948683298050514,4.051316701949486,North America,Subset: Freedom
600.0,700.0,5.0,6.0,4.0,5.894427190999916,4.105572809000084,North America,Subset: Freedom
700.0,800.0,5.1,6.0,4.0,6.235781669160055,3.964218330839945,North America,Subset: Freedom
800.0,900.0,5.2,6.0,4.0,6.229563014098701,4.1704369859013,North America,Subset: Freedom
900.0,1000.0,5.15,6.0,4.0,6.257925990308017,4.042074009691984,North America,Subset: Freedom
1000.0,1100.0,5.25,6.0,4.0,6.339724735885168,4.160275264114832,North America,Subset: Freedom
1100.0,1200.0,5.0,6.0,4.0,6.0,4.0,North America,Subset: Freedom
1200.0,1300.0,5.05,6.0,4.0,6.121214264281427,3.978785735718573,North America,Subset: Freedom
1300.0,1400.0,4.75,6.0,3.04,5.839724735885168,3.660275264114832,North America,Subset: Freedom
1400.0,1500.0,5.15,6.0,4.0,6.2118380290797655,4.088161970920235,North America,Subset: Freedom
1500.0,1600.0,3.0,3.0,3.0,3.547722557505166,2.452277442494834,North America,Subset: Freedom
1600.0,1700.0,2.4,3.0,2.0,2.889897948556636,1.910102051443364,North America,Subset: Freedom
1700.0,1800.0,2.4,3.0,2.0,2.98309518948453,1.8169048105154697,North America,Subset: Freedom
1800.0,1900.0,4.8,5.0,4.0,5.3099019513592784,4.290098048640721,North America,Subset: Freedom
1900.0,2000.0,7.0,7.0,7.0,7.0,7.0,North America,Subset: Freedom
2000.0,2025.0,7.9,8.0,8.0,8.200000000000001,7.6,North America,Subset: Freedom
-1000.0,-900.0,4.55,5.0,4.0,5.13949130612758,3.96050869387242,North America,Subset: Health & Wellbeing
-900.0,-800.0,4.55,5.0,4.0,5.13949130612758,3.96050869387242,North America,Subset: Health & Wellbeing
-800.0,-700.0,4.6,5.0,4.0,5.263324958071079,3.93667504192892,North America,Subset: Health & Wellbeing
-700.0,-600.0,4.8,5.959999999999999,4.0,5.548331477354788,4.051668522645212,North America,Subset: Health & Wellbeing
-600.0,-500.0,4.9,5.959999999999999,4.0,5.6000000000000005,4.2,North America,Subset: Health & Wellbeing
-500.0,-400.0,5.0,6.0,4.0,5.707106781186548,4.292893218813452,North America,Subset: Health & Wellbeing
-400.0,-300.0,4.95,5.959999999999999,4.0,5.618954408012983,4.281045591987017,North America,Subset: Health & Wellbeing
-300.0,-200.0,4.95,5.959999999999999,4.0,5.618954408012983,4.281045591987017,North America,Subset: Health & Wellbeing
-200.0,-100.0,5.0,6.0,4.0,5.707106781186548,4.292893218813452,North America,Subset: Health & Wellbeing
-100.0,0.0,4.95,6.0,4.0,5.689932429347437,4.210067570652563,North America,Subset: Health & Wellbeing
0.0,100.0,4.95,6.0,4.0,5.754673846971554,4.145326153028447,North America,Subset: Health & Wellbeing
100.0,200.0,4.9,5.959999999999999,4.0,5.668114574786861,4.13188542521314,North America,Subset: Health & Wellbeing
200.0,300.0,4.8,5.0,4.0,5.612403840463596,3.987596159536403,North America,Subset: Health & Wellbeing
300.0,400.0,4.6,5.0,3.04,5.5695359714832655,3.6304640285167338,North America,Subset: Health & Wellbeing
400.0,500.0,4.65,5.0,4.0,5.559670269933013,3.740329730066988,North America,Subset: Health & Wellbeing
500.0,600.0,4.55,5.0,3.04,5.523396116696589,3.5766038833034104,North America,Subset: Health & Wellbeing
600.0,700.0,4.6,5.0,4.0,5.460232526704262,3.739767473295737,North America,Subset: Health & Wellbeing
700.0,800.0,4.65,5.0,4.0,5.4421489758877435,3.857851024112257,North America,Subset: Health & Wellbeing
800.0,900.0,4.75,5.0,4.0,5.516485485837794,3.9835145141622057,North America,Subset: Health & Wellbeing
900.0,1000.0,4.7,5.0,4.0,5.542614977317636,3.857385022682364,North America,Subset: Health & Wellbeing
1000.0,1100.0,4.7,5.0,4.0,5.6000000000000005,3.8,North America,Subset: Health & Wellbeing
1100.0,1200.0,4.6,5.0,4.0,5.516515138991167,3.683484861008832,North America,Subset: Health & Wellbeing
1200.0,1300.0,4.55,5.0,4.0,5.414580823289529,3.6854191767104703,North America,Subset: Health & Wellbeing
1300.0,1400.0,4.15,5.0,3.0,5.163656746635665,3.136343253364336,North America,Subset: Health & Wellbeing
1400.0,1500.0,4.45,5.0,3.0,5.370597631976099,3.5294023680239017,North America,Subset: Health & Wellbeing
1500.0,1600.0,2.25,2.959999999999999,2.0,2.78619026473818,1.7138097352618196,North America,Subset: Health & Wellbeing
1600.0,1700.0,2.35,3.0,2.0,2.92227615711298,1.77772384288702,North America,Subset: Health & Wellbeing
1700.0,1800.0,2.8,3.0,2.0,3.3099019513592784,2.290098048640721,North America,Subset: Health & Wellbeing
1800.0,1900.0,4.8,5.0,4.04,5.2,4.3999999999999995,North America,Subset: Health & Wellbeing
1900.0,2000.0,7.05,7.0,7.0,7.267944947177034,6.832055052822966,North America,Subset: Health & Wellbeing
2000.0,2025.0,7.95,8.0,8.0,8.167944947177034,7.732055052822966,North America,Subset: Health & Wellbeing
-1000.0,-900.0,7.7,8.0,7.0,8.158257569495584,7.241742430504416,North America,Subset: Peace
-900.0,-800.0,7.6,8.0,7.0,8.089897948556635,7.110102051443364,North America,Subset: Peace
-800.0,-700.0,7.1,8.0,7.0,7.72449979983984,6.47550020016016,North America,Subset: Peace
-700.0,-600.0,6.8,7.959999999999999,6.0,7.612403840463596,5.987596159536404,North America,Subset: Peace
-600.0,-500.0,6.55,7.0,6.0,7.354673846971554,5.745326153028445,North America,Subset: Peace
-500.0,-400.0,6.35,7.0,6.0,7.202936105461599,5.4970638945384005,North America,Subset: Peace
-400.0,-300.0,6.15,7.0,5.04,7.0029361054615995,5.297063894538401,North America,Subset: Peace
-300.0,-200.0,5.85,7.0,5.0,6.863656746635664,4.836343253364335,North America,Subset: Peace
-200.0,-100.0,5.55,6.0,5.0,6.573474474522936,4.526525525477064,North America,Subset: Peace
-100.0,0.0,5.5,6.0,4.04,6.6618950038622256,4.3381049961377744,North America,Subset: Peace
0.0,100.0,5.7,6.959999999999999,5.0,6.704987562112089,4.695012437887911,North America,Subset: Peace
100.0,200.0,5.6,6.959999999999999,5.0,6.5695359714832655,4.630464028516734,North America,Subset: Peace
200.0,300.0,5.4,6.0,5.0,6.2,4.6000000000000005,North America,Subset: Peace
300.0,400.0,5.1,5.959999999999999,4.04,6.094987437106619,4.10501256289338,North America,Subset: Peace
400.0,500.0,5.1,6.0,4.04,6.094987437106619,4.10501256289338,North America,Subset: Peace
500.0,600.0,4.9,6.0,4.0,5.944030650891055,3.8559693491089457,North America,Subset: Peace
600.0,700.0,4.95,6.0,4.0,5.870597631976098,4.029402368023902,North America,Subset: Peace
700.0,800.0,5.0,6.0,4.0,5.948683298050514,4.051316701949486,North America,Subset: Peace
800.0,900.0,5.25,6.0,4.0,6.292832680730711,4.207167319269289,North America,Subset: Peace
900.0,1000.0,5.3,6.0,5.0,6.44455231422596,4.15544768577404,North America,Subset: Peace
1000.0,1100.0,5.25,6.959999999999999,4.0,6.469631091765047,4.030368908234953,North America,Subset: Peace
1100.0,1200.0,4.9,6.0,4.0,5.944030650891055,3.8559693491089457,North America,Subset: Peace
1200.0,1300.0,4.9,6.0,4.0,6.035781669160055,3.7642183308399457,North America,Subset: Peace
1300.0,1400.0,4.65,6.0,3.04,5.7118380290797655,3.5881619709202353,North America,Subset: Peace
1400.0,1500.0,5.3,6.0,5.0,6.253939201416945,4.346060798583054,North America,Subset: Peace
1500.0,1600.0,3.1,4.0,3.0,3.72449979983984,2.4755002001601603,North America,Subset: Peace
1600.0,1700.0,2.35,3.0,2.0,2.826969600708473,1.8730303992915271,North America,Subset: Peace
1700.0,1800.0,2.3,3.0,2.0,2.758257569495584,1.8417424305044157,North America,Subset: Peace
1800.0,1900.0,3.95,4.0,4.0,4.44749371855331,3.4525062814466905,North America,Subset: Peace
1900.0,2000.0,6.0,6.0,6.0,6.316227766016838,5.683772233983162,North America,Subset: Peace
2000.0,2025.0,6.7,7.0,6.04,7.340312423743285,6.0596875762567155,North America,Subset: Peace
-1000.0,-900.0,4950000.0,4959999.999999999,2000000.0,10956038.62791441,-1056038.6279144092,North America,Subset: Population
-900.0,-800.0,5175000.0,5159999.999999999,2100000.0,11440291.294105966,-1090291.2941059656,North America,Subset: Population
-800.0,-700.0,5400000.0,5359999.999999999,2200000.0,11924798.84747415,-1124798.8474741504,North America,Subset: Population
-700.0,-600.0,5625000.0,5559999.999999999,2300000.0,12409532.039868336,-1159532.0398683352,North America,Subset: Population
-600.0,-500.0,5850000.0,5759999.999999999,2400000.0,12894465.913041243,-1194465.913041243,North America,Subset: Population
-500.0,-400.0,6075000.0,5959999.999999999,2500000.0,13379579.04331249,-1229579.043312489,North America,Subset: Population
-400.0,-300.0,6300000.0,6159999.999999999,2600000.0,13864852.939747076,-1264852.9397470774,North America,Subset: Population
-300.0,-200.0,6525000.0,6359999.999999999,2700000.0,14350271.560783053,-1300271.560783051,North America,Subset: Population
-200.0,-100.0,6750000.0,6559999.999999999,2800000.0,14835820.923072685,-1335820.9230726846,North America,Subset: Population
-100.0,0.0,6980000.0,6759999.999999999,2900000.0,15324075.74270512,-1364075.7427051198,North America,Subset: Population
0.0,100.0,7210000.0,6959999.999999999,3000000.0,15812493.824467417,-1392493.824467415,North America,Subset: Population
100.0,200.0,7440000.0,7159999.999999999,3100000.0,16301060.884566814,-1421060.8845668137,North America,Subset: Population
200.0,300.0,7670000.0,7359999.999999999,3200000.0,16789764.25133896,-1449764.2513389569,North America,Subset: Population
300.0,400.0,7890000.0,7559999.999999999,3300000.0,17273597.391192783,-1493597.391192783,North America,Subset: Population
400.0,500.0,8110000.0,7759999.999999999,3400000.0,17757740.668156456,-1537740.6681564562,North America,Subset: Population
500.0,600.0,8340000.0,7959999.999999999,3500000.0,18246785.553346757,-1566785.5533467568,North America,Subset: Population
600.0,700.0,8570000.0,8159999.999999999,3600000.0,18735928.38849458,-1595928.3884945791,North America,Subset: Population
700.0,800.0,8800000.0,8359999.999999999,3700000.0,19225161.86924692,-1625161.8692469224,North America,Subset: Population
800.0,900.0,9030000.0,8560000.0,3800000.0,19714479.397705816,-1654479.397705814,North America,Subset: Population
900.0,1000.0,9260000.0,8760000.0,3900000.0,20203874.99928613,-1683874.99928613,North America,Subset: Population
1000.0,1100.0,9490000.0,8960000.0,4000000.0,20693343.251012173,-1713343.2510121723,North America,Subset: Population
1100.0,1200.0,9720000.0,9160000.0,4100000.0,21182879.219463147,-1742879.2194631454,North America,Subset: Population
1200.0,1300.0,9950000.0,9360000.0,4200000.0,21672478.4068899,-1772478.4068899006,North America,Subset: Population
1300.0,1400.0,10170000.0,9560000.0,4300000.0,22157455.943610385,-1817455.943610387,North America,Subset: Population
1400.0,1500.0,10390000.0,9760000.0,4400000.0,22642628.289473243,-1862628.289473243,North America,Subset: Population
1500.0,1600.0,10320000.0,9960000.0,5000000.0,21521856.98891037,-881856.9889103658,North America,Subset: Population
1600.0,1700.0,6510000.0,7959999.999999999,2520000.0,13524763.003836978,-504763.0038369792,North America,Subset: Population
1700.0,1800.0,5975000.0,6000000.0,2500000.0,12763731.4720793,-813731.4720793013,North America,Subset: Population
1800.0,1900.0,25350000.0,26000000.0,6000000.0,44223990.03920475,6476009.9607952535,North America,Subset: Population
1900.0,2000.0,257500000.0,250000000.0,250000000.0,275353571.07135713,239646428.92864287,North America,Subset: Population
2000.0,2025.0,370000000.0,370000000.0,370000000.0,370000000.0,370000000.0,North America,Subset: Population
-1000.0,-900.0,3.640350877192982,4.0,3.1666666666666665,3.956870500924013,3.3238312534619516,Northern Europe & Scandinavia,Overall
-900.0,-800.0,3.903508771929825,4.02,3.6666666666666665,4.153162271416802,3.653855272442847,Northern Europe & Scandinavia,Overall
-800.0,-700.0,4.078947368421052,4.333333333333333,3.6666666666666665,4.381801342133896,3.7760933947082087,Northern Europe & Scandinavia,Overall
-700.0,-600.0,4.385964912280701,4.666666666666667,4.166666666666667,4.701510627168507,4.070419197392895,Northern Europe & Scandinavia,Overall
-600.0,-500.0,4.605263157894736,4.853333333333333,4.333333333333333,5.04526091943805,4.165265396351423,Northern Europe & Scandinavia,Overall
-500.0,-400.0,4.894736842105263,5.333333333333333,4.333333333333333,5.422366780414826,4.367106903795699,Northern Europe & Scandinavia,Overall
-400.0,-300.0,5.149122807017544,5.666666666666667,4.6466666666666665,5.7262064632771414,4.572039150757946,Northern Europe & Scandinavia,Overall
-300.0,-200.0,5.3508771929824555,5.853333333333333,4.773333333333333,6.0017756652311975,4.699978720733713,Northern Europe & Scandinavia,Overall
-200.0,-100.0,5.280701754385965,6.04,4.333333333333333,6.118501419861314,4.442902088910616,Northern Europe & Scandinavia,Overall
-100.0,0.0,5.201754385964912,6.06,4.333333333333333,6.071282300108509,4.332226471821315,Northern Europe & Scandinavia,Overall
0.0,100.0,4.56140350877193,5.04,4.0,5.154271763112835,3.968535254431024,Northern Europe & Scandinavia,Overall
100.0,200.0,4.4035087719298245,4.833333333333333,3.8333333333333335,4.917397140907958,3.889620402951691,Northern Europe & Scandinavia,Overall
200.0,300.0,4.640350877192982,5.06,4.0,5.358257104056495,3.922444650329469,Northern Europe & Scandinavia,Overall
300.0,400.0,4.771929824561404,5.5,4.126666666666667,5.670613928060751,3.873245721062057,Northern Europe & Scandinavia,Overall
400.0,500.0,4.552631578947369,5.706666666666667,3.6466666666666665,5.60540934657386,3.499853811320878,Northern Europe & Scandinavia,Overall
500.0,600.0,4.605263157894737,5.666666666666667,3.8333333333333335,5.3510319756783264,3.859494340111148,Northern Europe & Scandinavia,Overall
600.0,700.0,5.1491228070175445,5.873333333333333,4.5,5.868314069921742,4.429931544113347,Northern Europe & Scandinavia,Overall
700.0,800.0,5.342105263157895,6.0,4.666666666666667,6.00761672766283,4.676593798652959,Northern Europe & Scandinavia,Overall
800.0,900.0,5.473684210526316,6.0,4.96,6.028469764941821,4.918898656110811,Northern Europe & Scandinavia,Overall
900.0,1000.0,6.0438596491228065,6.52,5.5,6.530049349493018,5.557669948752595,Northern Europe & Scandinavia,Overall
1000.0,1100.0,5.9912280701754375,6.666666666666667,5.4799999999999995,6.58474490610657,5.397711234244305,Northern Europe & Scandinavia,Overall
1100.0,1200.0,6.280701754385966,6.6866666666666665,5.9799999999999995,6.678255059425427,5.883148449346504,Northern Europe & Scandinavia,Overall
1200.0,1300.0,6.2631578947368425,6.833333333333333,5.6466666666666665,6.8020428966107955,5.724272892862889,Northern Europe & Scandinavia,Overall
1300.0,1400.0,4.666666666666667,5.0,4.333333333333333,5.037378010686236,4.295955322647098,Northern Europe & Scandinavia,Overall
1400.0,1500.0,5.63157894736842,5.853333333333333,5.333333333333333,5.963060414520897,5.3000974802159435,Northern Europe & Scandinavia,Overall
1500.0,1600.0,5.622807017543859,6.1866666666666665,5.166666666666667,6.181737976213122,5.0638760588745955,Northern Europe & Scandinavia,Overall
1600.0,1700.0,4.649122807017544,5.0,4.3133333333333335,4.977572723278053,4.320672890757034,Northern Europe & Scandinavia,Overall
1700.0,1800.0,5.973684210526318,6.166666666666667,5.8133333333333335,6.294789565223215,5.652578855829421,Northern Europe & Scandinavia,Overall
1800.0,1900.0,6.254385964912281,6.5,6.0,6.547426194534913,5.961345735289648,Northern Europe & Scandinavia,Overall
1900.0,2000.0,7.833333333333334,8.0,7.646666666666667,8.103702368551271,7.562964298115396,Northern Europe & Scandinavia,Overall
2000.0,2025.0,8.780701754385968,8.833333333333334,8.666666666666666,8.875178329949732,8.686225178822204,Northern Europe & Scandinavia,Overall
-1000.0,-900.0,4.157894736842105,5.0,3.0,4.902217664406892,3.413571809277318,Northern Europe & Scandinavia,Subset: Culture & Lesure
-900.0,-800.0,4.7368421052631575,5.0,4.0,5.372791893347082,4.100892317179233,Northern Europe & Scandinavia,Subset: Culture & Lesure
-800.0,-700.0,5.368421052631579,6.0,5.0,5.949755843009855,4.787086262253302,Northern Europe & Scandinavia,Subset: Culture & Lesure
-700.0,-600.0,5.526315789473684,6.0,5.0,6.025622788447639,5.027008790499729,Northern Europe & Scandinavia,Subset: Culture & Lesure
-600.0,-500.0,5.526315789473684,6.0,5.0,6.121774131525513,4.930857447421855,Northern Europe & Scandinavia,Subset: Culture & Lesure
-500.0,-400.0,5.7368421052631575,6.0,5.0,6.372791893347082,5.100892317179233,Northern Europe & Scandinavia,Subset: Culture & Lesure
-400.0,-300.0,5.894736842105263,6.119999999999999,5.0,6.612535878788729,5.1769378054217965,Northern Europe & Scandinavia,Subset: Culture & Lesure
-300.0,-200.0,6.2105263157894735,7.0,5.88,6.904784524119627,5.51626810745932,Northern Europe & Scandinavia,Subset: Culture & Lesure
-200.0,-100.0,6.2631578947368425,7.0,5.0,7.047350759250071,5.478965030223614,Northern Europe & Scandinavia,Subset: Culture & Lesure
-100.0,0.0,6.2105263157894735,7.0,5.0,6.976853672555844,5.444198959023103,Northern Europe & Scandinavia,Subset: Culture & Lesure
0.0,100.0,5.631578947368421,6.0,5.0,6.3721709094458046,4.890986985291038,Northern Europe & Scandinavia,Subset: Culture & Lesure
100.0,200.0,5.7368421052631575,6.119999999999999,5.0,6.45077157717108,5.022912633355235,Northern Europe & Scandinavia,Subset: Culture & Lesure
200.0,300.0,5.894736842105263,7.0,5.0,6.806342530299409,4.983131153911117,Northern Europe & Scandinavia,Subset: Culture & Lesure
300.0,400.0,6.105263157894737,7.0,5.0,7.016868846088883,5.193657469700591,Northern Europe & Scandinavia,Subset: Culture & Lesure
400.0,500.0,5.947368421052632,7.0,5.0,6.997365123329474,4.89737171877579,Northern Europe & Scandinavia,Subset: Culture & Lesure
500.0,600.0,6.2105263157894735,7.0,5.88,6.976853672555844,5.444198959023103,Northern Europe & Scandinavia,Subset: Culture & Lesure
600.0,700.0,6.7368421052631575,7.0,6.0,7.372791893347082,6.100892317179233,Northern Europe & Scandinavia,Subset: Culture & Lesure
700.0,800.0,6.947368421052632,7.0,6.88,7.457650511306982,6.437086330798282,Northern Europe & Scandinavia,Subset: Culture & Lesure
800.0,900.0,7.052631578947368,7.119999999999999,7.0,7.562913669201718,6.542349488693018,Northern Europe & Scandinavia,Subset: Culture & Lesure
900.0,1000.0,7.157894736842105,8.0,7.0,7.645979920815563,6.669809552868648,Northern Europe & Scandinavia,Subset: Culture & Lesure
1000.0,1100.0,7.0,7.119999999999999,6.88,7.561951486949017,6.438048513050983,Northern Europe & Scandinavia,Subset: Culture & Lesure
1100.0,1200.0,7.578947368421052,8.0,7.0,8.072675343139307,7.085219393702796,Northern Europe & Scandinavia,Subset: Culture & Lesure
1200.0,1300.0,7.684210526315789,8.0,7.0,8.251069979698368,7.11735107293321,Northern Europe & Scandinavia,Subset: Culture & Lesure
1300.0,1400.0,6.0,6.0,6.0,6.458831467741123,5.541168532258877,Northern Europe & Scandinavia,Subset: Culture & Lesure
1400.0,1500.0,6.842105263157895,7.0,6.0,7.330190447131352,6.354020079184437,Northern Europe & Scandinavia,Subset: Culture & Lesure
1500.0,1600.0,7.2105263157894735,8.0,7.0,7.618208773284991,6.802843858293956,Northern Europe & Scandinavia,Subset: Culture & Lesure
1600.0,1700.0,6.421052631578948,7.0,6.0,6.914780606297204,5.927324656860692,Northern Europe & Scandinavia,Subset: Culture & Lesure
1700.0,1800.0,7.315789473684211,8.0,7.0,7.780618992964624,6.850959954403797,Northern Europe & Scandinavia,Subset: Culture & Lesure
1800.0,1900.0,7.157894736842105,7.119999999999999,7.0,7.522537012119764,6.793252461564447,Northern Europe & Scandinavia,Subset: Culture & Lesure
1900.0,2000.0,8.31578947368421,9.0,8.0,8.780618992964623,7.850959954403797,Northern Europe & Scandinavia,Subset: Culture & Lesure
2000.0,2025.0,9.0,9.0,9.0,9.0,9.0,Northern Europe & Scandinavia,Subset: Culture & Lesure
-1000.0,-900.0,3.473684210526316,4.0,3.0,4.1517946698276385,2.7955737512249934,Northern Europe & Scandinavia,Subset: Economic Opportunity
-900.0,-800.0,4.368421052631579,5.0,4.0,5.034163717930185,3.702678387332973,Northern Europe & Scandinavia,Subset: Economic Opportunity
-800.0,-700.0,4.894736842105263,5.0,4.0,5.446741499036921,4.342732185173604,Northern Europe & Scandinavia,Subset: Economic Opportunity
-700.0,-600.0,4.947368421052632,5.0,5.0,5.341227093344625,4.553509748760638,Northern Europe & Scandinavia,Subset: Economic Opportunity
-600.0,-500.0,4.947368421052632,5.0,5.0,5.341227093344625,4.553509748760638,Northern Europe & Scandinavia,Subset: Economic Opportunity
-500.0,-400.0,5.157894736842105,6.0,5.0,5.645979920815563,4.669809552868648,Northern Europe & Scandinavia,Subset: Economic Opportunity
-400.0,-300.0,5.526315789473684,6.0,5.0,6.204426248775007,4.8482053301723615,Northern Europe & Scandinavia,Subset: Economic Opportunity
-300.0,-200.0,5.842105263157895,6.0,5.88,6.42818572240316,5.256024803912629,Northern Europe & Scandinavia,Subset: Economic Opportunity
-200.0,-100.0,5.7894736842105265,6.0,5.0,6.48373189254068,5.095215475880373,Northern Europe & Scandinavia,Subset: Economic Opportunity
-100.0,0.0,5.7894736842105265,6.119999999999999,5.0,6.48373189254068,5.095215475880373,Northern Europe & Scandinavia,Subset: Economic Opportunity
0.0,100.0,5.157894736842105,6.0,5.0,5.743975196087371,4.57181427759684,Northern Europe & Scandinavia,Subset: Economic Opportunity
100.0,200.0,5.157894736842105,6.0,5.0,5.743975196087371,4.57181427759684,Northern Europe & Scandinavia,Subset: Economic Opportunity
200.0,300.0,5.368421052631579,6.119999999999999,4.88,6.405142926504853,4.331699178758305,Northern Europe & Scandinavia,Subset: Economic Opportunity
300.0,400.0,5.684210526315789,6.119999999999999,5.0,6.660380894262706,4.708040158368873,Northern Europe & Scandinavia,Subset: Economic Opportunity
400.0,500.0,5.421052631578948,6.119999999999999,4.88,6.46310473016965,4.379000532988246,Northern Europe & Scandinavia,Subset: Economic Opportunity
500.0,600.0,5.684210526315789,6.119999999999999,5.0,6.545826607565521,4.822594445066057,Northern Europe & Scandinavia,Subset: Economic Opportunity
600.0,700.0,6.105263157894737,7.0,5.88,6.745553950557707,5.464972365231767,Northern Europe & Scandinavia,Subset: Economic Opportunity
700.0,800.0,6.526315789473684,7.0,6.0,7.025622788447639,6.027008790499729,Northern Europe & Scandinavia,Subset: Economic Opportunity
800.0,900.0,6.526315789473684,7.0,6.0,7.025622788447639,6.027008790499729,Northern Europe & Scandinavia,Subset: Economic Opportunity
900.0,1000.0,6.684210526315789,7.0,6.0,7.149040045596203,6.219381007035376,Northern Europe & Scandinavia,Subset: Economic Opportunity
1000.0,1100.0,6.631578947368421,7.0,6.0,7.3721709094458046,5.890986985291038,Northern Europe & Scandinavia,Subset: Economic Opportunity
1100.0,1200.0,7.157894736842105,8.0,7.0,7.645979920815563,6.669809552868648,Northern Europe & Scandinavia,Subset: Economic Opportunity
1200.0,1300.0,7.052631578947368,7.119999999999999,7.0,7.562913669201718,6.542349488693018,Northern Europe & Scandinavia,Subset: Economic Opportunity
1300.0,1400.0,4.947368421052632,5.0,4.88,5.457650511306982,4.437086330798282,Northern Europe & Scandinavia,Subset: Economic Opportunity
1400.0,1500.0,6.052631578947368,6.0,6.0,6.446490251239362,5.658772906655375,Northern Europe & Scandinavia,Subset: Economic Opportunity
1500.0,1600.0,6.526315789473684,7.0,6.0,7.204426248775007,5.8482053301723615,Northern Europe & Scandinavia,Subset: Economic Opportunity
1600.0,1700.0,5.7894736842105265,6.0,5.0,6.403258094194243,5.17568927422681,Northern Europe & Scandinavia,Subset: Economic Opportunity
1700.0,1800.0,6.7894736842105265,7.0,6.0,7.197156141706044,6.381791226715009,Northern Europe & Scandinavia,Subset: Economic Opportunity
1800.0,1900.0,7.157894736842105,8.0,7.0,7.645979920815563,6.669809552868648,Northern Europe & Scandinavia,Subset: Economic Opportunity
1900.0,2000.0,8.105263157894736,8.0,8.0,8.412155362886594,7.798370952902879,Northern Europe & Scandinavia,Subset: Economic Opportunity
2000.0,2025.0,9.0,9.0,9.0,9.0,9.0,Northern Europe & Scandinavia,Subset: Economic Opportunity
-1000.0,-900.0,2.8947368421052633,4.0,2.0,3.682454186689251,2.1070194975212755,Northern Europe & Scandinavia,Subset: Equality
-900.0,-800.0,3.1578947368421053,4.0,3.0,3.645979920815563,2.669809552868647,Northern Europe & Scandinavia,Subset: Equality
-800.0,-700.0,3.0,3.0,3.0,3.4588314677411236,2.5411685322588764,Northern Europe & Scandinavia,Subset: Equality
-700.0,-600.0,3.263157894736842,4.0,3.0,3.8101213076533296,2.7161944818203545,Northern Europe & Scandinavia,Subset: Equality
-600.0,-500.0,3.5789473684210527,4.0,3.0,4.252960446045563,2.9049342907965423,Northern Europe & Scandinavia,Subset: Equality
-500.0,-400.0,4.0,5.0,3.0,4.64888568452305,3.35111431547695,Northern Europe & Scandinavia,Subset: Equality
-400.0,-300.0,4.105263157894737,5.0,3.0,4.8230621945782035,3.387464121211271,Northern Europe & Scandinavia,Subset: Equality
-300.0,-200.0,4.0,5.0,3.0,4.725476250110011,3.2745237498899886,Northern Europe & Scandinavia,Subset: Equality
-200.0,-100.0,3.9473684210526314,5.119999999999999,3.0,5.1382851051562906,2.7564517369489723,Northern Europe & Scandinavia,Subset: Equality
-100.0,0.0,3.8421052631578942,5.119999999999999,3.0,5.067415444928717,2.616795081387072,Northern Europe & Scandinavia,Subset: Equality
0.0,100.0,3.473684210526316,4.0,3.0,4.225413518793984,2.7219549022586476,Northern Europe & Scandinavia,Subset: Equality
100.0,200.0,3.263157894736842,4.0,3.0,3.899107682820767,2.627208106652917,Northern Europe & Scandinavia,Subset: Equality
200.0,300.0,3.526315789473684,4.119999999999999,3.0,4.278045097741352,2.7745864812060157,Northern Europe & Scandinavia,Subset: Equality
300.0,400.0,3.526315789473684,5.0,2.88,4.5193664349533265,2.5332651439940417,Northern Europe & Scandinavia,Subset: Equality
400.0,500.0,3.473684210526316,4.119999999999999,2.88,4.518391223225222,2.42897719782741,Northern Europe & Scandinavia,Subset: Equality
500.0,600.0,3.4210526315789473,4.0,3.0,4.095065709203458,2.747039553954437,Northern Europe & Scandinavia,Subset: Equality
600.0,700.0,3.8421052631578942,5.0,3.0,4.774739218245755,2.909471308070034,Northern Europe & Scandinavia,Subset: Equality
700.0,800.0,3.9473684210526314,5.0,3.0,4.834331555071196,3.060405287034067,Northern Europe & Scandinavia,Subset: Equality
800.0,900.0,4.105263157894737,5.0,3.0,4.892980502478725,3.3175458133107494,Northern Europe & Scandinavia,Subset: Equality
900.0,1000.0,4.842105263157895,5.119999999999999,4.0,5.511995897966203,4.172214628349586,Northern Europe & Scandinavia,Subset: Equality
1000.0,1100.0,4.526315789473684,5.119999999999999,4.0,5.407010554246395,3.645621024700973,Northern Europe & Scandinavia,Subset: Equality
1100.0,1200.0,4.578947368421052,5.0,4.0,5.252960446045563,3.904934290796542,Northern Europe & Scandinavia,Subset: Equality
1200.0,1300.0,4.631578947368421,5.0,3.88,5.502786597749834,3.760371296987008,Northern Europe & Scandinavia,Subset: Equality
1300.0,1400.0,4.473684210526316,6.0,4.0,5.412239710533001,3.5351287105196314,Northern Europe & Scandinavia,Subset: Equality
1400.0,1500.0,4.578947368421052,5.0,4.0,5.169735376859043,3.9881593599830616,Northern Europe & Scandinavia,Subset: Equality
1500.0,1600.0,4.2631578947368425,5.0,4.0,4.899107682820767,3.6272081066529176,Northern Europe & Scandinavia,Subset: Equality
1600.0,1700.0,3.526315789473684,4.0,3.0,4.121774131525513,2.9308574474218547,Northern Europe & Scandinavia,Subset: Equality
1700.0,1800.0,4.578947368421052,5.0,4.0,5.169735376859043,3.9881593599830616,Northern Europe & Scandinavia,Subset: Equality
1800.0,1900.0,4.7894736842105265,5.0,4.0,5.3104997335058775,4.268447634915176,Northern Europe & Scandinavia,Subset: Equality
1900.0,2000.0,7.0,7.0,7.0,7.324442842261525,6.675557157738475,Northern Europe & Scandinavia,Subset: Equality
2000.0,2025.0,8.0,8.0,8.0,8.0,8.0,Northern Europe & Scandinavia,Subset: Equality
-1000.0,-900.0,3.3157894736842106,4.0,3.0,3.780618992964623,2.850959954403798,Northern Europe & Scandinavia,Subset: Freedom
-900.0,-800.0,3.5789473684210527,4.0,3.0,4.169735376859044,2.9881593599830616,Northern Europe & Scandinavia,Subset: Freedom
-800.0,-700.0,3.526315789473684,4.0,3.0,4.025622788447639,3.027008790499729,Northern Europe & Scandinavia,Subset: Freedom
-700.0,-600.0,3.736842105263158,4.0,3.0,4.177189487649514,3.2964947228768025,Northern Europe & Scandinavia,Subset: Freedom
-600.0,-500.0,4.0,5.0,3.0,4.64888568452305,3.35111431547695,Northern Europe & Scandinavia,Subset: Freedom
-500.0,-400.0,4.2105263157894735,5.0,3.0,5.042704647412731,3.378347984166216,Northern Europe & Scandinavia,Subset: Freedom
-400.0,-300.0,4.473684210526316,5.0,3.88,5.2924394308475815,3.6549289902050504,Northern Europe & Scandinavia,Subset: Freedom
-300.0,-200.0,4.578947368421052,5.0,4.0,5.394312283412087,3.763582453430017,Northern Europe & Scandinavia,Subset: Freedom
-200.0,-100.0,4.421052631578948,5.0,3.88,5.298596421080688,3.5435088420772076,Northern Europe & Scandinavia,Subset: Freedom
-100.0,0.0,4.315789473684211,5.0,3.88,5.177405554933943,3.454173392434479,Northern Europe & Scandinavia,Subset: Freedom
0.0,100.0,3.736842105263158,4.119999999999999,3.0,4.5210349697763865,2.9526492407499294,Northern Europe & Scandinavia,Subset: Freedom
100.0,200.0,3.526315789473684,4.0,3.0,4.025622788447639,3.027008790499729,Northern Europe & Scandinavia,Subset: Freedom
200.0,300.0,3.8421052631578942,5.0,3.0,4.6540657168706066,3.0301448094451833,Northern Europe & Scandinavia,Subset: Freedom
300.0,400.0,3.9473684210526314,5.0,3.0,4.834331555071195,3.060405287034067,Northern Europe & Scandinavia,Subset: Freedom
400.0,500.0,3.8947368421052633,5.0,3.0,5.013699559235226,2.7757741249753,Northern Europe & Scandinavia,Subset: Freedom
500.0,600.0,3.8421052631578942,5.0,3.0,4.586428190722682,3.0977823355931076,Northern Europe & Scandinavia,Subset: Freedom
600.0,700.0,4.526315789473684,5.119999999999999,4.0,5.278045097741352,3.774586481206016,Northern Europe & Scandinavia,Subset: Freedom
700.0,800.0,4.7368421052631575,5.0,4.0,5.521034969776386,3.9526492407499294,Northern Europe & Scandinavia,Subset: Freedom
800.0,900.0,4.842105263157895,5.0,4.0,5.42818572240316,4.256024803912629,Northern Europe & Scandinavia,Subset: Freedom
900.0,1000.0,5.578947368421052,6.0,5.0,6.072675343139308,5.085219393702796,Northern Europe & Scandinavia,Subset: Freedom
1000.0,1100.0,5.473684210526316,6.0,5.0,6.225413518793984,4.721954902258648,Northern Europe & Scandinavia,Subset: Freedom
1100.0,1200.0,5.631578947368421,6.0,5.0,6.2973216126670275,4.965836282069815,Northern Europe & Scandinavia,Subset: Freedom
1200.0,1300.0,5.7894736842105265,6.119999999999999,5.0,6.555801040976897,5.023146327444156,Northern Europe & Scandinavia,Subset: Freedom
1300.0,1400.0,4.421052631578948,5.0,4.0,5.011840640016938,3.830264623140957,Northern Europe & Scandinavia,Subset: Freedom
1400.0,1500.0,5.315789473684211,6.0,5.0,5.88264892706679,4.748930020301631,Northern Europe & Scandinavia,Subset: Freedom
1500.0,1600.0,5.2631578947368425,6.0,4.88,5.977087366644765,4.54922842282892,Northern Europe & Scandinavia,Subset: Freedom
1600.0,1700.0,4.052631578947368,4.119999999999999,4.0,4.562913669201718,3.542349488693018,Northern Europe & Scandinavia,Subset: Freedom
1700.0,1800.0,5.842105263157895,6.0,5.0,6.330190447131352,5.354020079184437,Northern Europe & Scandinavia,Subset: Freedom
1800.0,1900.0,6.421052631578948,7.0,6.0,7.095065709203459,5.747039553954437,Northern Europe & Scandinavia,Subset: Freedom
1900.0,2000.0,8.157894736842104,8.12,8.0,8.522537012119763,7.793252461564446,Northern Europe & Scandinavia,Subset: Freedom
2000.0,2025.0,9.052631578947368,9.0,9.0,9.275928457216803,8.829334700677933,Northern Europe & Scandinavia,Subset: Freedom
-1000.0,-900.0,3.789473684210526,4.0,3.0,4.197156141706044,3.3817912267150088,Northern Europe & Scandinavia,Subset: Health & Wellbeing
-900.0,-800.0,3.8421052631578942,4.0,3.0,4.330190447131352,3.354020079184437,Northern Europe & Scandinavia,Subset: Health & Wellbeing
-800.0,-700.0,4.315789473684211,5.0,4.0,4.88264892706679,3.748930020301631,Northern Europe & Scandinavia,Subset: Health & Wellbeing
-700.0,-600.0,4.684210526315789,5.0,4.0,5.251069979698369,4.11735107293321,Northern Europe & Scandinavia,Subset: Health & Wellbeing
-600.0,-500.0,4.7894736842105265,5.0,4.0,5.403258094194242,4.175689274226811,Northern Europe & Scandinavia,Subset: Health & Wellbeing
-500.0,-400.0,5.052631578947368,6.0,5.0,5.738863411073963,4.366399746820774,Northern Europe & Scandinavia,Subset: Health & Wellbeing
-400.0,-300.0,5.2105263157894735,6.0,5.0,5.731552365084824,4.6895002664941225,Northern Europe & Scandinavia,Subset: Health & Wellbeing
-300.0,-200.0,5.421052631578948,6.0,5.0,6.095065709203458,4.747039553954438,Northern Europe & Scandinavia,Subset: Health & Wellbeing
-200.0,-100.0,5.421052631578948,6.0,5.0,6.2364175465699825,4.605687716587913,Northern Europe & Scandinavia,Subset: Health & Wellbeing
-100.0,0.0,5.368421052631579,6.0,4.88,6.239628703012992,4.497213402250166,Northern Europe & Scandinavia,Subset: Health & Wellbeing
0.0,100.0,4.894736842105263,5.0,4.0,5.446741499036921,4.342732185173604,Northern Europe & Scandinavia,Subset: Health & Wellbeing
100.0,200.0,4.7368421052631575,5.0,4.0,5.372791893347082,4.100892317179233,Northern Europe & Scandinavia,Subset: Health & Wellbeing
200.0,300.0,4.7368421052631575,5.0,4.0,5.372791893347082,4.100892317179233,Northern Europe & Scandinavia,Subset: Health & Wellbeing
300.0,400.0,5.052631578947368,6.0,4.0,5.939594712965932,4.165668444928804,Northern Europe & Scandinavia,Subset: Health & Wellbeing
400.0,500.0,4.684210526315789,6.0,4.0,5.762836922732589,3.6055841298989897,Northern Europe & Scandinavia,Subset: Health & Wellbeing
500.0,600.0,4.7368421052631575,6.0,4.0,5.585500815610374,3.888183394915942,Northern Europe & Scandinavia,Subset: Health & Wellbeing
600.0,700.0,5.2105263157894735,6.0,4.88,5.976853672555844,4.444198959023103,Northern Europe & Scandinavia,Subset: Health & Wellbeing
700.0,800.0,5.315789473684211,6.0,4.88,6.177405554933943,4.454173392434479,Northern Europe & Scandinavia,Subset: Health & Wellbeing
800.0,900.0,5.526315789473684,6.0,5.0,6.278045097741352,4.774586481206016,Northern Europe & Scandinavia,Subset: Health & Wellbeing
900.0,1000.0,6.052631578947368,7.0,5.88,6.811695005360839,5.293568152533897,Northern Europe & Scandinavia,Subset: Health & Wellbeing
1000.0,1100.0,6.157894736842105,7.0,6.0,6.902217664406892,5.413571809277318,Northern Europe & Scandinavia,Subset: Health & Wellbeing
1100.0,1200.0,6.421052631578948,7.0,6.0,7.011840640016938,5.830264623140957,Northern Europe & Scandinavia,Subset: Health & Wellbeing
1200.0,1300.0,6.105263157894737,7.0,5.0,7.0728829637289605,5.137643352060514,Northern Europe & Scandinavia,Subset: Health & Wellbeing
1300.0,1400.0,3.0526315789473686,3.0,3.0,3.562913669201719,2.5423494886930182,Northern Europe & Scandinavia,Subset: Health & Wellbeing
1400.0,1500.0,4.947368421052632,5.0,5.0,5.457650511306982,4.437086330798282,Northern Europe & Scandinavia,Subset: Health & Wellbeing
1500.0,1600.0,5.578947368421052,6.0,5.0,6.169735376859043,4.988159359983062,Northern Europe & Scandinavia,Subset: Health & Wellbeing
1600.0,1700.0,4.894736842105263,5.0,4.88,5.535027634768233,4.254446049442293,Northern Europe & Scandinavia,Subset: Health & Wellbeing
1700.0,1800.0,5.842105263157895,6.0,6.0,6.330190447131352,5.354020079184437,Northern Europe & Scandinavia,Subset: Health & Wellbeing
1800.0,1900.0,6.105263157894737,6.119999999999999,6.0,6.55185691443361,5.658669401355865,Northern Europe & Scandinavia,Subset: Health & Wellbeing
1900.0,2000.0,8.052631578947368,8.0,8.0,8.275928457216803,7.829334700677932,Northern Europe & Scandinavia,Subset: Health & Wellbeing
2000.0,2025.0,9.0,9.0,9.0,9.0,9.0,Northern Europe & Scandinavia,Subset: Health & Wellbeing
-1000.0,-900.0,4.2105263157894735,6.0,3.0,5.44932655746735,2.9717260741115976,Northern Europe & Scandinavia,Subset: Peace
-900.0,-800.0,3.736842105263158,4.119999999999999,3.0,4.5210349697763865,2.9526492407499294,Northern Europe & Scandinavia,Subset: Peace
-800.0,-700.0,3.3684210526315788,4.0,3.0,4.034163717930185,2.7026783873329725,Northern Europe & Scandinavia,Subset: Peace
-700.0,-600.0,4.157894736842105,5.0,3.88,5.03227619609664,3.283513277587571,Northern Europe & Scandinavia,Subset: Peace
-600.0,-500.0,4.7894736842105265,5.0,4.0,5.48373189254068,4.095215475880373,Northern Europe & Scandinavia,Subset: Peace
-500.0,-400.0,5.2105263157894735,6.0,4.0,5.976853672555844,4.444198959023103,Northern Europe & Scandinavia,Subset: Peace
-400.0,-300.0,5.684210526315789,6.119999999999999,5.0,6.604887141291363,4.7635339113402155,Northern Europe & Scandinavia,Subset: Peace
-300.0,-200.0,6.052631578947368,7.0,5.0,7.10262828122421,5.002634876670526,Northern Europe & Scandinavia,Subset: Peace
-200.0,-100.0,5.842105263157895,7.0,4.88,7.1096415346097155,4.574568991706074,Northern Europe & Scandinavia,Subset: Peace
-100.0,0.0,5.684210526315789,7.0,4.0,6.942974815063305,4.4254462375682735,Northern Europe & Scandinavia,Subset: Peace
0.0,100.0,4.473684210526316,5.119999999999999,4.0,5.354378975299027,3.592989445753605,Northern Europe & Scandinavia,Subset: Peace
100.0,200.0,4.0,5.0,3.0,4.917662935482247,3.082337064517753,Northern Europe & Scandinavia,Subset: Peace
200.0,300.0,4.473684210526316,6.0,3.0,5.659939754693121,3.287428666359511,Northern Europe & Scandinavia,Subset: Peace
300.0,400.0,4.315789473684211,6.0,3.0,5.873541956520921,2.7580369908475006,Northern Europe & Scandinavia,Subset: Peace
400.0,500.0,3.8947368421052633,6.0,3.0,5.447145389868698,2.342328294341829,Northern Europe & Scandinavia,Subset: Peace
500.0,600.0,3.736842105263158,5.0,2.88,5.06832743586037,2.405356774665946,Northern Europe & Scandinavia,Subset: Peace
600.0,700.0,4.473684210526316,6.0,3.0,5.864194190907675,3.083174230144957,Northern Europe & Scandinavia,Subset: Peace
700.0,800.0,4.578947368421052,7.0,3.0,6.178808858270596,2.9790858785715084,Northern Europe & Scandinavia,Subset: Peace
800.0,900.0,4.7894736842105265,6.119999999999999,3.0,6.070055269536468,3.5088920988845853,Northern Europe & Scandinavia,Subset: Peace
900.0,1000.0,5.947368421052632,7.0,5.0,6.891808339206651,5.002928502898612,Northern Europe & Scandinavia,Subset: Peace
1000.0,1100.0,6.157894736842105,7.0,5.88,6.827785371650414,5.488004102033797,Northern Europe & Scandinavia,Subset: Peace
1100.0,1200.0,6.315789473684211,7.0,6.0,6.88264892706679,5.748930020301631,Northern Europe & Scandinavia,Subset: Peace
1200.0,1300.0,6.315789473684211,7.0,6.0,6.968930191894255,5.662648755474166,Northern Europe & Scandinavia,Subset: Peace
1300.0,1400.0,5.105263157894737,6.0,4.0,5.8230621945782035,4.387464121211271,Northern Europe & Scandinavia,Subset: Peace
1400.0,1500.0,6.052631578947368,6.119999999999999,6.0,6.562913669201718,5.542349488693018,Northern Europe & Scandinavia,Subset: Peace
1500.0,1600.0,4.894736842105263,6.0,4.0,5.9153010226139635,3.874172661596562,Northern Europe & Scandinavia,Subset: Peace
1600.0,1700.0,3.210526315789474,4.0,3.0,3.6182087732849912,2.8028438582939565,Northern Europe & Scandinavia,Subset: Peace
1700.0,1800.0,5.473684210526316,6.0,5.0,6.069142552578145,4.878225868474487,Northern Europe & Scandinavia,Subset: Peace
1800.0,1900.0,5.894736842105263,6.0,5.88,6.341330598644134,5.448143085566391,Northern Europe & Scandinavia,Subset: Peace
1900.0,2000.0,7.368421052631579,8.0,6.88,8.109013014708962,6.6278290905541954,Northern Europe & Scandinavia,Subset: Peace
2000.0,2025.0,8.631578947368421,9.0,8.0,9.11395533631114,8.149202558425701,Northern Europe & Scandinavia,Subset: Peace
-1000.0,-900.0,1050000.0,1200000.0,576000.0,2036887.7182441032,63112.28175589675,Northern Europe & Scandinavia,Subset: Population
-900.0,-800.0,1213157.894736842,1412000.0,632000.0,2295898.339075232,130417.45039845211,Northern Europe & Scandinavia,Subset: Population
-800.0,-700.0,1376315.7894736845,1623999.9999999998,688000.0,2557569.407797592,195062.1711497768,Northern Europe & Scandinavia,Subset: Population
-700.0,-600.0,1523684.2105263155,1824000.0,744000.0,2800745.8482685187,246622.57278411277,Northern Europe & Scandinavia,Subset: Population
-600.0,-500.0,1668421.0526315789,2024000.0,794000.0,3043883.7045873515,292958.400675806,Northern Europe & Scandinavia,Subset: Population
-500.0,-400.0,1813157.894736842,2224000.0,844000.0,3287753.4775879467,338562.3118857376,Northern Europe & Scandinavia,Subset: Population
-400.0,-300.0,1955263.1578947369,2424000.0,894000.0,3530891.2479325933,379635.0678568806,Northern Europe & Scandinavia,Subset: Population
-300.0,-200.0,2097368.4210526315,2624000.0,944000.0,3774574.2493819143,420162.59272334795,Northern Europe & Scandinavia,Subset: Population
-200.0,-100.0,2239473.6842105263,2824000.0,994000.0,4018709.101562629,460238.2668584236,Northern Europe & Scandinavia,Subset: Population
-100.0,0.0,2384210.5263157897,3024000.0,1088000.0,4264023.831126091,504397.221505488,Northern Europe & Scandinavia,Subset: Population
0.0,100.0,2534210.5263157897,3224000.0,1188000.0,4511452.932958445,556968.1196731343,Northern Europe & Scandinavia,Subset: Population
100.0,200.0,2692105.263157895,3512000.0,1282000.0,4772797.402421499,611413.123894291,Northern Europe & Scandinavia,Subset: Population
200.0,300.0,2844736.8421052634,3800000.0,1376000.0,5030871.061563155,658602.6226473721,Northern Europe & Scandinavia,Subset: Population
300.0,400.0,2997368.4210526315,4100000.0,1470000.0,5290003.866412089,704732.9756931737,Northern Europe & Scandinavia,Subset: Population
400.0,500.0,3150000.0,4400000.0,1520000.0,5550054.823935224,749945.1760647763,Northern Europe & Scandinavia,Subset: Population
500.0,600.0,3315789.4736842103,4700000.0,1576000.0,5822415.043080715,809163.9042877052,Northern Europe & Scandinavia,Subset: Population
600.0,700.0,3481578.947368421,4912000.0,1632000.0,6095368.821655413,867789.0730814296,Northern Europe & Scandinavia,Subset: Population
700.0,800.0,3660526.3157894737,5212000.0,1688000.0,6380558.19192663,940494.4396523176,Northern Europe & Scandinavia,Subset: Population
800.0,900.0,3844736.8421052634,5600000.0,1744000.0,6670319.908941209,1019153.775269318,Northern Europe & Scandinavia,Subset: Population
900.0,1000.0,4023684.210526316,5900000.0,1800000.0,6957442.731293106,1089925.689759526,Northern Europe & Scandinavia,Subset: Population
1000.0,1100.0,4213157.894736842,6200000.0,1894000.0,7258423.508649655,1167892.2808240298,Northern Europe & Scandinavia,Subset: Population
1100.0,1200.0,4407894.736842105,6500000.0,1988000.0,7564185.996411705,1251603.4772725045,Northern Europe & Scandinavia,Subset: Population
1200.0,1300.0,4602631.578947368,6800000.0,2082000.0,7869952.777059723,1335310.380835014,Northern Europe & Scandinavia,Subset: Population
1300.0,1400.0,4207894.736842105,6000000.0,1976000.0,7267661.805629442,1148127.668054768,Northern Europe & Scandinavia,Subset: Population
1400.0,1500.0,4015789.4736842103,6024000.0,1788000.0,6904654.331410335,1126924.6159580848,Northern Europe & Scandinavia,Subset: Population
1500.0,1600.0,4213157.894736842,6500000.0,1882000.0,7209727.956151057,1216587.8333226277,Northern Europe & Scandinavia,Subset: Population
1600.0,1700.0,4426315.7894736845,6736000.0,1976000.0,7533835.041268757,1318796.537678612,Northern Europe & Scandinavia,Subset: Population
1700.0,1800.0,4673684.2105263155,7060000.0,2164000.0,7977404.936786196,1369963.4842664348,Northern Europe & Scandinavia,Subset: Population
1800.0,1900.0,6026315.7894736845,9000000.0,3000000.0,10041004.884765618,2011626.6941817517,Northern Europe & Scandinavia,Subset: Population
1900.0,2000.0,18684210.52631579,20000000.0,15000000.0,22658504.65866376,14709916.393967818,Northern Europe & Scandinavia,Subset: Population
2000.0,2025.0,21394736.842105266,21719999.999999996,21000000.0,24760895.62189387,18028578.062316652,Northern Europe & Scandinavia,Subset: Population
-1000.0,-900.0,6.476190476190476,6.5,6.333333333333333,6.693105561408197,6.259275390972755,Oceania & Pacific Islands,Overall
-900.0,-800.0,6.523809523809525,6.653333333333333,6.333333333333333,6.731376140168605,6.3162429074504445,Oceania & Pacific Islands,Overall
-800.0,-700.0,6.500000000000001,6.666666666666667,6.166666666666667,6.82732683535399,6.172673164646012,Oceania & Pacific Islands,Overall
-700.0,-600.0,6.583333333333334,6.833333333333333,6.333333333333333,6.9703754335002115,6.196291233166456,Oceania & Pacific Islands,Overall
-600.0,-500.0,6.428571428571429,6.986666666666666,5.846666666666667,6.93532849175697,5.921814365385887,Oceania & Pacific Islands,Overall
-500.0,-400.0,6.440476190476191,7.0,6.0,6.91442926755701,5.966523113395372,Oceania & Pacific Islands,Overall
-400.0,-300.0,6.369047619047619,6.653333333333333,6.013333333333334,6.85772323218509,5.880372005910147,Oceania & Pacific Islands,Overall
-300.0,-200.0,6.5,7.0,6.013333333333334,7.011766315719159,5.988233684280841,Oceania & Pacific Islands,Overall
-200.0,-100.0,6.392857142857144,6.833333333333333,5.693333333333333,6.965400697924337,5.8203135877899514,Oceania & Pacific Islands,Overall
-100.0,0.0,6.523809523809525,7.0,5.859999999999999,7.05031772351181,5.997301324107239,Oceania & Pacific Islands,Overall
0.0,100.0,6.559523809523809,7.0,5.846666666666667,7.142371031661602,5.976676587386017,Oceania & Pacific Islands,Overall
100.0,200.0,6.404761904761905,6.986666666666666,5.846666666666667,7.102588137607278,5.706935671916532,Oceania & Pacific Islands,Overall
200.0,300.0,6.261904761904762,6.819999999999999,5.846666666666667,7.019706212516169,5.504103311293354,Oceania & Pacific Islands,Overall
300.0,400.0,6.214285714285715,6.666666666666667,5.233333333333333,6.981750545775534,5.446820882795897,Oceania & Pacific Islands,Overall
400.0,500.0,6.357142857142857,7.166666666666667,5.680000000000001,7.271874891061835,5.442410823223878,Oceania & Pacific Islands,Overall
500.0,600.0,6.202380952380953,6.973333333333334,5.680000000000001,7.091420409583267,5.31334149517864,Oceania & Pacific Islands,Overall
600.0,700.0,6.285714285714286,7.140000000000001,6.166666666666667,7.392024776713232,5.179403794715339,Oceania & Pacific Islands,Overall
700.0,800.0,6.297619047619049,7.126666666666667,5.859999999999999,7.353927706042056,5.241310389196043,Oceania & Pacific Islands,Overall
800.0,900.0,6.297619047619048,7.306666666666667,5.859999999999999,7.582726929305911,5.012511165932185,Oceania & Pacific Islands,Overall
900.0,1000.0,6.416666666666666,7.319999999999999,6.166666666666667,7.498166947361431,5.335166385971901,Oceania & Pacific Islands,Overall
1000.0,1100.0,6.440476190476191,7.319999999999999,6.166666666666667,7.42166259344436,5.4592897875080215,Oceania & Pacific Islands,Overall
1100.0,1200.0,6.3571428571428585,6.806666666666667,6.166666666666667,7.074991115794351,5.639294598491366,Oceania & Pacific Islands,Overall
1200.0,1300.0,6.321428571428572,7.166666666666667,5.706666666666667,7.355499517296618,5.287357625560526,Oceania & Pacific Islands,Overall
1300.0,1400.0,6.273809523809525,6.833333333333333,5.846666666666667,7.1548423386704005,5.392776708948649,Oceania & Pacific Islands,Overall
1400.0,1500.0,6.25,6.819999999999999,5.680000000000001,7.015708510994571,5.484291489005429,Oceania & Pacific Islands,Overall
1500.0,1600.0,5.071428571428572,5.819999999999999,4.513333333333334,5.970533694690439,4.172323448166705,Oceania & Pacific Islands,Overall
1600.0,1700.0,4.0476190476190474,4.666666666666667,3.513333333333333,4.744632436585926,3.350605658652169,Oceania & Pacific Islands,Overall
1700.0,1800.0,3.19047619047619,3.6666666666666665,2.8333333333333335,3.804004701272624,2.5769476796797552,Oceania & Pacific Islands,Overall
1800.0,1900.0,3.2857142857142856,3.82,2.8466666666666667,3.728597029469958,2.8428315419586125,Oceania & Pacific Islands,Overall
1900.0,2000.0,6.047619047619048,6.166666666666667,5.846666666666667,6.286901800502879,5.808336294735217,Oceania & Pacific Islands,Overall
2000.0,2025.0,7.047619047619048,7.166666666666667,6.833333333333333,7.286901800502879,6.808336294735217,Oceania & Pacific Islands,Overall
-1000.0,-900.0,8.0,8.0,8.0,8.0,8.0,Oceania & Pacific Islands,Subset: Culture & Lesure
-900.0,-800.0,8.0,8.0,8.0,8.0,8.0,Oceania & Pacific Islands,Subset: Culture & Lesure
-800.0,-700.0,8.0,8.0,8.0,8.0,8.0,Oceania & Pacific Islands,Subset: Culture & Lesure
-700.0,-600.0,8.0,8.0,8.0,8.377964473009227,7.622035526990773,Oceania & Pacific Islands,Subset: Culture & Lesure
-600.0,-500.0,8.142857142857142,9.0,7.08,8.885164631815233,7.400549653899052,Oceania & Pacific Islands,Subset: Culture & Lesure
-500.0,-400.0,8.357142857142858,9.0,8.0,9.074991115794347,7.639294598491365,Oceania & Pacific Islands,Subset: Culture & Lesure
-400.0,-300.0,8.357142857142858,9.0,8.0,9.074991115794347,7.639294598491365,Oceania & Pacific Islands,Subset: Culture & Lesure
-300.0,-200.0,8.5,9.0,8.0,9.12678317052801,7.873216829471991,Oceania & Pacific Islands,Subset: Culture & Lesure
-200.0,-100.0,8.428571428571429,9.0,8.0,9.157002787656111,7.7001400694867455,Oceania & Pacific Islands,Subset: Culture & Lesure
-100.0,0.0,8.642857142857142,9.0,8.08,9.360705401508634,7.92500888420565,Oceania & Pacific Islands,Subset: Culture & Lesure
0.0,100.0,8.571428571428571,9.0,8.0,9.299859930513254,7.842997212343888,Oceania & Pacific Islands,Subset: Culture & Lesure
100.0,200.0,8.5,9.0,7.08,9.323754471047916,7.676245528952086,Oceania & Pacific Islands,Subset: Culture & Lesure
200.0,300.0,8.428571428571429,9.0,8.0,9.157002787656111,7.7001400694867455,Oceania & Pacific Islands,Subset: Culture & Lesure
300.0,400.0,8.285714285714286,9.0,7.0,9.166344857566996,7.405083713861576,Oceania & Pacific Islands,Subset: Culture & Lesure
400.0,500.0,8.571428571428571,9.0,8.0,9.550807800057292,7.59204934279985,Oceania & Pacific Islands,Subset: Culture & Lesure
500.0,600.0,8.428571428571429,9.0,8.0,9.40795065720015,7.449192199942708,Oceania & Pacific Islands,Subset: Culture & Lesure
600.0,700.0,8.5,9.0,8.0,9.680193688704165,7.319806311295835,Oceania & Pacific Islands,Subset: Culture & Lesure
700.0,800.0,8.571428571428571,9.0,8.0,9.68717852512952,7.455678617727621,Oceania & Pacific Islands,Subset: Culture & Lesure
800.0,900.0,8.428571428571429,9.0,8.0,9.776283018865229,7.080859838277628,Oceania & Pacific Islands,Subset: Culture & Lesure
900.0,1000.0,8.714285714285714,9.0,8.08,9.874862629233707,7.55370879933772,Oceania & Pacific Islands,Subset: Culture & Lesure
1000.0,1100.0,8.5,9.0,8.0,9.552208561618302,7.447791438381698,Oceania & Pacific Islands,Subset: Culture & Lesure
1100.0,1200.0,8.428571428571429,9.0,8.0,9.249223235219718,7.607919621923139,Oceania & Pacific Islands,Subset: Culture & Lesure
1200.0,1300.0,8.5,9.0,8.0,9.552208561618302,7.447791438381698,Oceania & Pacific Islands,Subset: Culture & Lesure
1300.0,1400.0,8.357142857142858,9.0,8.0,9.399608537094746,7.31467717719097,Oceania & Pacific Islands,Subset: Culture & Lesure
1400.0,1500.0,8.428571428571429,9.0,8.0,9.249223235219718,7.607919621923139,Oceania & Pacific Islands,Subset: Culture & Lesure
1500.0,1600.0,7.285714285714286,8.0,7.0,8.383020821124086,6.188407750304485,Oceania & Pacific Islands,Subset: Culture & Lesure
1600.0,1700.0,6.357142857142857,7.0,6.0,7.252140291867262,5.462145422418452,Oceania & Pacific Islands,Subset: Culture & Lesure
1700.0,1800.0,5.428571428571429,6.0,5.0,6.33207933147668,4.5250635256661775,Oceania & Pacific Islands,Subset: Culture & Lesure
1800.0,1900.0,4.857142857142857,5.0,4.08,5.37222161078057,4.342064103505144,Oceania & Pacific Islands,Subset: Culture & Lesure
1900.0,2000.0,6.928571428571429,7.0,7.0,7.186110805390285,6.671032051752572,Oceania & Pacific Islands,Subset: Culture & Lesure
2000.0,2025.0,7.857142857142857,8.0,8.0,8.207069963254739,7.507215751030974,Oceania & Pacific Islands,Subset: Culture & Lesure
-1000.0,-900.0,4.0,4.0,4.0,4.377964473009227,3.6220355269907727,Oceania & Pacific Islands,Subset: Economic Opportunity
-900.0,-800.0,4.214285714285714,4.92,4.0,4.624611617609859,3.8039598109615698,Oceania & Pacific Islands,Subset: Economic Opportunity
-800.0,-700.0,4.714285714285714,5.0,4.0,5.303300803659666,4.125270624911763,Oceania & Pacific Islands,Subset: Economic Opportunity
-700.0,-600.0,5.071428571428571,5.0,5.0,5.5287945883880605,4.614062554469082,Oceania & Pacific Islands,Subset: Economic Opportunity
-600.0,-500.0,5.142857142857143,5.0,5.0,5.492784248969026,4.79293003674526,Oceania & Pacific Islands,Subset: Economic Opportunity
-500.0,-400.0,5.214285714285714,5.92,5.0,5.624611617609859,4.80395981096157,Oceania & Pacific Islands,Subset: Economic Opportunity
-400.0,-300.0,5.285714285714286,6.0,5.0,5.985568497938051,4.585860073490521,Oceania & Pacific Islands,Subset: Economic Opportunity
-300.0,-200.0,5.571428571428571,6.0,5.0,6.2998599305132545,4.842997212343888,Oceania & Pacific Islands,Subset: Economic Opportunity
-200.0,-100.0,5.571428571428571,6.0,5.0,6.2998599305132545,4.842997212343888,Oceania & Pacific Islands,Subset: Economic Opportunity
-100.0,0.0,5.642857142857143,6.0,5.0,6.3607054015086355,4.925008884205651,Oceania & Pacific Islands,Subset: Economic Opportunity
0.0,100.0,5.714285714285714,6.0,5.0,6.414139926509479,5.014431502061949,Oceania & Pacific Islands,Subset: Economic Opportunity
100.0,200.0,5.642857142857143,6.0,5.0,6.3607054015086355,4.925008884205651,Oceania & Pacific Islands,Subset: Economic Opportunity
200.0,300.0,5.428571428571429,6.0,5.0,6.33207933147668,4.5250635256661775,Oceania & Pacific Islands,Subset: Economic Opportunity
300.0,400.0,5.357142857142857,6.0,5.0,6.328676464909674,4.3856092493760395,Oceania & Pacific Islands,Subset: Economic Opportunity
400.0,500.0,5.571428571428571,6.0,5.0,6.4749364743338225,4.66792066852332,Oceania & Pacific Islands,Subset: Economic Opportunity
500.0,600.0,5.5,6.0,5.0,6.406326967174966,4.593673032825034,Oceania & Pacific Islands,Subset: Economic Opportunity
600.0,700.0,5.5,6.0,5.0,6.739239398064106,4.260760601935894,Oceania & Pacific Islands,Subset: Economic Opportunity
700.0,800.0,5.785714285714286,6.92,5.08,6.991567358295295,4.5798612131332765,Oceania & Pacific Islands,Subset: Economic Opportunity
800.0,900.0,6.0,7.0,5.08,7.309307341415954,4.690692658584046,Oceania & Pacific Islands,Subset: Economic Opportunity
900.0,1000.0,5.857142857142857,7.0,5.08,7.102542555297335,4.611743158988379,Oceania & Pacific Islands,Subset: Economic Opportunity
1000.0,1100.0,5.928571428571429,7.0,5.08,6.961202306771497,4.89594055037136,Oceania & Pacific Islands,Subset: Economic Opportunity
1100.0,1200.0,6.0,7.0,5.08,6.8451542547285165,5.1548457452714835,Oceania & Pacific Islands,Subset: Economic Opportunity
1200.0,1300.0,5.928571428571429,7.0,5.0,7.151231626330263,4.705911230812594,Oceania & Pacific Islands,Subset: Economic Opportunity
1300.0,1400.0,5.928571428571429,7.0,5.0,6.88954457479098,4.967598282351878,Oceania & Pacific Islands,Subset: Economic Opportunity
1400.0,1500.0,5.857142857142857,7.0,5.0,6.846886175753644,4.867399538532069,Oceania & Pacific Islands,Subset: Economic Opportunity
1500.0,1600.0,4.714285714285714,6.0,4.0,5.74444322156114,3.684128207010289,Oceania & Pacific Islands,Subset: Economic Opportunity
1600.0,1700.0,3.7142857142857144,4.92,3.0,4.594916286138425,2.833655142433003,Oceania & Pacific Islands,Subset: Economic Opportunity
1700.0,1800.0,2.9285714285714284,3.92,2.0,3.632061271556864,2.2250815855859924,Oceania & Pacific Islands,Subset: Economic Opportunity
1800.0,1900.0,3.5,4.92,3.0,4.323754471047914,2.676245528952086,Oceania & Pacific Islands,Subset: Economic Opportunity
1900.0,2000.0,6.071428571428571,6.0,6.0,6.328967948247428,5.813889194609715,Oceania & Pacific Islands,Subset: Economic Opportunity
2000.0,2025.0,7.0,7.0,7.0,7.0,7.0,Oceania & Pacific Islands,Subset: Economic Opportunity
-1000.0,-900.0,6.142857142857143,6.0,6.0,6.492784248969026,5.79293003674526,Oceania & Pacific Islands,Subset: Equality
-900.0,-800.0,6.142857142857143,6.0,6.0,6.492784248969026,5.79293003674526,Oceania & Pacific Islands,Subset: Equality
-800.0,-700.0,5.857142857142857,6.0,5.08,6.37222161078057,5.342064103505144,Oceania & Pacific Islands,Subset: Equality
-700.0,-600.0,5.785714285714286,6.0,5.0,6.459570080861186,5.111858490567386,Oceania & Pacific Islands,Subset: Equality
-600.0,-500.0,5.428571428571429,6.0,5.0,6.157002787656112,4.7001400694867455,Oceania & Pacific Islands,Subset: Equality
-500.0,-400.0,5.428571428571429,6.0,5.0,6.0512712776486675,4.80587157949419,Oceania & Pacific Islands,Subset: Equality
-400.0,-300.0,5.142857142857143,5.92,5.0,5.657935896494856,4.62777838921943,Oceania & Pacific Islands,Subset: Equality
-300.0,-200.0,5.285714285714286,6.0,5.0,5.874729375088237,4.696699196340334,Oceania & Pacific Islands,Subset: Equality
-200.0,-100.0,5.0,6.0,4.0,5.755928946018455,4.244071053981545,Oceania & Pacific Islands,Subset: Equality
-100.0,0.0,5.142857142857143,6.0,4.08,5.8851646318152335,4.400549653899053,Oceania & Pacific Islands,Subset: Equality
0.0,100.0,5.285714285714286,6.0,4.08,6.166344857566997,4.405083713861575,Oceania & Pacific Islands,Subset: Equality
100.0,200.0,4.928571428571429,5.92,4.0,5.88954457479098,3.967598282351878,Oceania & Pacific Islands,Subset: Equality
200.0,300.0,4.857142857142857,5.0,4.0,5.771874891061835,3.942410823223878,Oceania & Pacific Islands,Subset: Equality
300.0,400.0,4.857142857142857,5.92,4.0,5.846886175753644,3.86739953853207,Oceania & Pacific Islands,Subset: Equality
400.0,500.0,4.928571428571429,6.0,4.0,6.151231626330263,3.7059112308125943,Oceania & Pacific Islands,Subset: Equality
500.0,600.0,4.714285714285714,5.92,4.0,5.811592249695516,3.616979178875913,Oceania & Pacific Islands,Subset: Equality
600.0,700.0,4.857142857142857,6.0,4.0,6.043803408988296,3.670482305297418,Oceania & Pacific Islands,Subset: Equality
700.0,800.0,4.785714285714286,5.92,4.0,5.991567358295295,3.5798612131332765,Oceania & Pacific Islands,Subset: Equality
800.0,900.0,4.785714285714286,6.0,4.0,6.208918488940805,3.3625100824877663,Oceania & Pacific Islands,Subset: Equality
900.0,1000.0,4.928571428571429,6.0,4.0,6.091344328292836,3.7657985288500218,Oceania & Pacific Islands,Subset: Equality
1000.0,1100.0,5.0,6.0,4.0,6.069044967649697,3.9309550323503024,Oceania & Pacific Islands,Subset: Equality
1100.0,1200.0,4.785714285714286,5.0,4.0,5.725210459854708,3.846218111573864,Oceania & Pacific Islands,Subset: Equality
1200.0,1300.0,4.785714285714286,6.0,4.0,5.991567358295295,3.5798612131332765,Oceania & Pacific Islands,Subset: Equality
1300.0,1400.0,4.785714285714286,5.92,4.0,5.930801395848671,3.6406271755799,Oceania & Pacific Islands,Subset: Equality
1400.0,1500.0,4.714285714285714,5.0,4.0,5.672600561785624,3.755970866785805,Oceania & Pacific Islands,Subset: Equality
1500.0,1600.0,3.7857142857142856,4.92,3.0,4.7983890627684165,2.773039508660155,Oceania & Pacific Islands,Subset: Equality
1600.0,1700.0,3.0,4.0,2.0,3.9258200997725514,2.0741799002274486,Oceania & Pacific Islands,Subset: Equality
1700.0,1800.0,2.2857142857142856,3.0,2.0,3.081109194690003,1.4903193767385683,Oceania & Pacific Islands,Subset: Equality
1800.0,1900.0,2.2857142857142856,3.0,2.0,2.7374682371669112,1.83396033426166,Oceania & Pacific Islands,Subset: Equality
1900.0,2000.0,4.857142857142857,5.0,5.0,5.20706996325474,4.507215751030974,Oceania & Pacific Islands,Subset: Equality
2000.0,2025.0,5.785714285714286,6.0,5.0,6.343589262564761,5.22783930886381,Oceania & Pacific Islands,Subset: Equality
-1000.0,-900.0,7.0,7.0,7.0,7.377964473009227,6.622035526990773,Oceania & Pacific Islands,Subset: Freedom
-900.0,-800.0,7.0,7.0,7.0,7.377964473009227,6.622035526990773,Oceania & Pacific Islands,Subset: Freedom
-800.0,-700.0,6.785714285714286,7.0,6.0,7.343589262564761,6.22783930886381,Oceania & Pacific Islands,Subset: Freedom
-700.0,-600.0,6.642857142857143,7.0,6.0,7.253143124665538,6.0325711610487485,Oceania & Pacific Islands,Subset: Freedom
-600.0,-500.0,6.285714285714286,7.0,6.0,6.985568497938051,5.585860073490521,Oceania & Pacific Islands,Subset: Freedom
-500.0,-400.0,6.285714285714286,7.0,6.0,6.874729375088237,5.696699196340334,Oceania & Pacific Islands,Subset: Freedom
-400.0,-300.0,6.071428571428571,6.92,6.0,6.66475884735129,5.478098295505852,Oceania & Pacific Islands,Subset: Freedom
-300.0,-200.0,6.214285714285714,7.0,6.0,6.986903844742283,5.441667583829146,Oceania & Pacific Islands,Subset: Freedom
-200.0,-100.0,6.071428571428571,7.0,6.0,6.870024277678496,5.272832865178646,Oceania & Pacific Islands,Subset: Freedom
-100.0,0.0,6.214285714285714,7.0,6.0,6.888141509432614,5.540429919138814,Oceania & Pacific Islands,Subset: Freedom
0.0,100.0,6.214285714285714,7.0,5.08,6.986903844742283,5.441667583829146,Oceania & Pacific Islands,Subset: Freedom
100.0,200.0,6.0,7.0,5.08,6.8451542547285165,5.1548457452714835,Oceania & Pacific Islands,Subset: Freedom
200.0,300.0,5.857142857142857,6.0,5.08,6.599450346100947,5.1148353681847665,Oceania & Pacific Islands,Subset: Freedom
300.0,400.0,5.857142857142857,6.92,5.08,6.771874891061835,4.942410823223878,Oceania & Pacific Islands,Subset: Freedom
400.0,500.0,5.928571428571429,7.0,5.0,6.961202306771497,4.89594055037136,Oceania & Pacific Islands,Subset: Freedom
500.0,600.0,5.714285714285714,6.92,5.0,6.594916286138425,4.833655142433003,Oceania & Pacific Islands,Subset: Freedom
600.0,700.0,5.857142857142857,7.0,5.08,6.982001124858829,4.732284589426884,Oceania & Pacific Islands,Subset: Freedom
700.0,800.0,5.714285714285714,6.92,5.0,6.74444322156114,4.684128207010289,Oceania & Pacific Islands,Subset: Freedom
800.0,900.0,5.785714285714286,7.0,5.0,7.049414715211009,4.522013856217562,Oceania & Pacific Islands,Subset: Freedom
900.0,1000.0,5.928571428571429,7.0,5.08,6.961202306771497,4.89594055037136,Oceania & Pacific Islands,Subset: Freedom
1000.0,1100.0,5.928571428571429,7.0,5.0,7.028200308452904,4.8289425486899535,Oceania & Pacific Islands,Subset: Freedom
1100.0,1200.0,5.785714285714286,6.0,5.0,6.558332416170854,5.013096155257717,Oceania & Pacific Islands,Subset: Freedom
1200.0,1300.0,5.785714285714286,7.0,5.0,6.930801395848671,4.6406271755799,Oceania & Pacific Islands,Subset: Freedom
1300.0,1400.0,5.714285714285714,6.92,5.0,6.74444322156114,4.684128207010289,Oceania & Pacific Islands,Subset: Freedom
1400.0,1500.0,5.714285714285714,6.0,5.0,6.509680623261432,4.918890805309997,Oceania & Pacific Islands,Subset: Freedom
1500.0,1600.0,4.5,5.0,4.0,5.552208561618302,3.4477914383816977,Oceania & Pacific Islands,Subset: Freedom
1600.0,1700.0,3.5,4.0,3.0,4.406326967174966,2.593673032825034,Oceania & Pacific Islands,Subset: Freedom
1700.0,1800.0,2.5714285714285716,3.0,2.0,3.474936474333823,1.6679206685233203,Oceania & Pacific Islands,Subset: Freedom
1800.0,1900.0,2.5,3.0,2.0,3.0,2.0,Oceania & Pacific Islands,Subset: Freedom
1900.0,2000.0,5.714285714285714,6.0,5.0,6.1660396657383405,5.262531762833088,Oceania & Pacific Islands,Subset: Freedom
2000.0,2025.0,7.071428571428571,7.0,7.0,7.328967948247428,6.813889194609715,Oceania & Pacific Islands,Subset: Freedom
-1000.0,-900.0,5.0,5.0,5.0,5.377964473009227,4.622035526990773,Oceania & Pacific Islands,Subset: Health & Wellbeing
-900.0,-800.0,5.071428571428571,5.0,5.0,5.328967948247428,4.813889194609715,Oceania & Pacific Islands,Subset: Health & Wellbeing
-800.0,-700.0,5.214285714285714,5.92,5.0,5.624611617609859,4.80395981096157,Oceania & Pacific Islands,Subset: Health & Wellbeing
-700.0,-600.0,5.714285714285714,6.0,5.0,6.303300803659666,5.125270624911763,Oceania & Pacific Islands,Subset: Health & Wellbeing
-600.0,-500.0,5.785714285714286,6.0,5.0,6.343589262564761,5.22783930886381,Oceania & Pacific Islands,Subset: Health & Wellbeing
-500.0,-400.0,5.857142857142857,6.0,5.08,6.37222161078057,5.342064103505144,Oceania & Pacific Islands,Subset: Health & Wellbeing
-400.0,-300.0,6.0,6.0,6.0,6.377964473009227,5.622035526990773,Oceania & Pacific Islands,Subset: Health & Wellbeing
-300.0,-200.0,6.0,6.0,6.0,6.377964473009227,5.622035526990773,Oceania & Pacific Islands,Subset: Health & Wellbeing
-200.0,-100.0,6.142857142857143,6.0,6.0,6.492784248969026,5.79293003674526,Oceania & Pacific Islands,Subset: Health & Wellbeing
-100.0,0.0,6.142857142857143,6.0,6.0,6.492784248969026,5.79293003674526,Oceania & Pacific Islands,Subset: Health & Wellbeing
0.0,100.0,6.142857142857143,6.0,6.0,6.492784248969026,5.79293003674526,Oceania & Pacific Islands,Subset: Health & Wellbeing
100.0,200.0,6.142857142857143,7.0,6.0,6.8851646318152335,5.400549653899053,Oceania & Pacific Islands,Subset: Health & Wellbeing
200.0,300.0,6.071428571428571,7.0,6.0,7.032401717648122,5.11045542520902,Oceania & Pacific Islands,Subset: Health & Wellbeing
300.0,400.0,6.071428571428571,7.0,6.0,6.870024277678496,5.272832865178646,Oceania & Pacific Islands,Subset: Health & Wellbeing
400.0,500.0,6.285714285714286,7.0,6.0,7.081109194690003,5.490319376738568,Oceania & Pacific Islands,Subset: Health & Wellbeing
500.0,600.0,6.214285714285714,7.0,6.0,7.226960491339845,5.2016109372315835,Oceania & Pacific Islands,Subset: Health & Wellbeing
600.0,700.0,6.214285714285714,7.0,6.0,7.295196139315825,5.1333752892556035,Oceania & Pacific Islands,Subset: Health & Wellbeing
700.0,800.0,6.285714285714286,7.0,6.0,7.315871792989711,5.25555677843886,Oceania & Pacific Islands,Subset: Health & Wellbeing
800.0,900.0,6.214285714285714,7.0,6.0,7.477986143782438,4.950585284788991,Oceania & Pacific Islands,Subset: Health & Wellbeing
900.0,1000.0,6.285714285714286,7.0,6.0,7.315871792989711,5.25555677843886,Oceania & Pacific Islands,Subset: Health & Wellbeing
1000.0,1100.0,6.357142857142857,7.0,6.0,7.399608537094744,5.314677177190969,Oceania & Pacific Islands,Subset: Health & Wellbeing
1100.0,1200.0,6.428571428571429,7.0,6.0,7.249223235219719,5.607919621923139,Oceania & Pacific Islands,Subset: Health & Wellbeing
1200.0,1300.0,6.285714285714286,7.0,6.0,7.166344857566997,5.405083713861575,Oceania & Pacific Islands,Subset: Health & Wellbeing
1300.0,1400.0,6.285714285714286,7.0,6.0,7.081109194690003,5.490319376738568,Oceania & Pacific Islands,Subset: Health & Wellbeing
1400.0,1500.0,6.285714285714286,7.0,6.0,6.985568497938051,5.585860073490521,Oceania & Pacific Islands,Subset: Health & Wellbeing
1500.0,1600.0,5.071428571428571,6.0,4.0,6.1710574513100465,3.971799691547096,Oceania & Pacific Islands,Subset: Health & Wellbeing
1600.0,1700.0,3.642857142857143,4.0,3.0,4.360705401508635,2.9250088842056505,Oceania & Pacific Islands,Subset: Health & Wellbeing
1700.0,1800.0,2.857142857142857,3.0,2.08,3.37222161078057,2.3420641035051446,Oceania & Pacific Islands,Subset: Health & Wellbeing
1800.0,1900.0,3.4285714285714284,4.0,3.0,4.0512712776486675,2.8058715794941893,Oceania & Pacific Islands,Subset: Health & Wellbeing
1900.0,2000.0,6.642857142857143,7.0,6.0,7.122014566607098,6.163699719107188,Oceania & Pacific Islands,Subset: Health & Wellbeing
2000.0,2025.0,7.428571428571429,8.0,7.0,7.923443087876822,6.933699769266036,Oceania & Pacific Islands,Subset: Health & Wellbeing
-1000.0,-900.0,8.714285714285714,9.0,8.0,9.16603966573834,8.262531762833088,Oceania & Pacific Islands,Subset: Peace
-900.0,-800.0,8.714285714285714,9.0,8.0,9.16603966573834,8.262531762833088,Oceania & Pacific Islands,Subset: Peace
-800.0,-700.0,8.428571428571429,9.0,8.0,9.051271277648668,7.80587157949419,Oceania & Pacific Islands,Subset: Peace
-700.0,-600.0,8.285714285714286,9.0,8.0,8.985568497938052,7.5858600734905215,Oceania & Pacific Islands,Subset: Peace
-600.0,-500.0,7.785714285714286,9.0,7.0,8.866624710744397,6.704803860684175,Oceania & Pacific Islands,Subset: Peace
-500.0,-400.0,7.5,8.0,7.0,8.323754471047915,6.676245528952086,Oceania & Pacific Islands,Subset: Peace
-400.0,-300.0,7.357142857142857,8.0,7.0,8.168415477971466,6.545870236314246,Oceania & Pacific Islands,Subset: Peace
-300.0,-200.0,7.428571428571429,8.0,7.0,8.40795065720015,6.449192199942708,Oceania & Pacific Islands,Subset: Peace
-200.0,-100.0,7.142857142857143,8.0,6.08,8.267715410573116,6.017998875141171,Oceania & Pacific Islands,Subset: Peace
-100.0,0.0,7.357142857142857,8.0,6.08,8.252140291867262,6.462145422418452,Oceania & Pacific Islands,Subset: Peace
0.0,100.0,7.428571428571429,8.0,7.0,8.249223235219718,6.607919621923139,Oceania & Pacific Islands,Subset: Peace
100.0,200.0,7.214285714285714,8.0,6.08,8.074399612770879,6.354171815800551,Oceania & Pacific Islands,Subset: Peace
200.0,300.0,6.928571428571429,8.0,6.0,8.028200308452904,5.8289425486899535,Oceania & Pacific Islands,Subset: Peace
300.0,400.0,6.857142857142857,7.0,6.0,7.771874891061835,5.942410823223878,Oceania & Pacific Islands,Subset: Peace
400.0,500.0,6.857142857142857,8.0,6.0,8.043803408988296,5.670482305297417,Oceania & Pacific Islands,Subset: Peace
500.0,600.0,6.642857142857143,7.0,6.0,7.751726764018573,5.533987521695713,Oceania & Pacific Islands,Subset: Peace
600.0,700.0,6.785714285714286,7.0,7.0,8.104727522329956,5.466701049098615,Oceania & Pacific Islands,Subset: Peace
700.0,800.0,6.642857142857143,7.92,6.0,7.984878159146853,5.300836126567433,Oceania & Pacific Islands,Subset: Peace
800.0,900.0,6.571428571428571,7.92,6.0,8.162218389380007,4.980638753477137,Oceania & Pacific Islands,Subset: Peace
900.0,1000.0,6.785714285714286,7.92,6.0,8.104727522329956,5.466701049098615,Oceania & Pacific Islands,Subset: Peace
1000.0,1100.0,6.928571428571429,8.0,6.0,8.091344328292836,5.765798528850022,Oceania & Pacific Islands,Subset: Peace
1100.0,1200.0,6.714285714285714,7.0,6.0,7.594916286138425,5.833655142433003,Oceania & Pacific Islands,Subset: Peace
1200.0,1300.0,6.642857142857143,7.92,6.0,7.873834852829578,5.411879432884708,Oceania & Pacific Islands,Subset: Peace
1300.0,1400.0,6.571428571428571,7.0,6.0,7.621209889764219,5.521647253092923,Oceania & Pacific Islands,Subset: Peace
1400.0,1500.0,6.5,7.92,6.0,7.618033988749895,5.381966011250105,Oceania & Pacific Islands,Subset: Peace
1500.0,1600.0,5.071428571428571,5.92,5.0,5.954951205489499,4.187905937367644,Oceania & Pacific Islands,Subset: Peace
1600.0,1700.0,4.071428571428571,4.92,4.0,4.66475884735129,3.4780982955058515,Oceania & Pacific Islands,Subset: Peace
1700.0,1800.0,3.0714285714285716,3.92,3.0,3.6647588473512913,2.478098295505852,Oceania & Pacific Islands,Subset: Peace
1800.0,1900.0,3.142857142857143,3.92,3.0,3.6579358964948554,2.62777838921943,Oceania & Pacific Islands,Subset: Peace
1900.0,2000.0,6.071428571428571,6.0,6.0,6.328967948247428,5.813889194609715,Oceania & Pacific Islands,Subset: Peace
2000.0,2025.0,7.142857142857143,7.0,7.0,7.492784248969025,6.792930036745261,Oceania & Pacific Islands,Subset: Peace
-1000.0,-900.0,1853571.4285714289,4840000.0,500000.0,3639474.9899689206,67667.86717393668,Oceania & Pacific Islands,Subset: Population
-900.0,-800.0,1947142.857142857,5032000.0,522400.0,3792834.4757564343,101451.2385292796,Oceania & Pacific Islands,Subset: Population
-800.0,-700.0,2040714.2857142857,5224000.0,544800.0,3946421.744472672,135006.82695589913,Oceania & Pacific Islands,Subset: Population
-700.0,-600.0,2134285.714285714,5416000.0,567200.0,4100215.934983555,168355.49358787294,Oceania & Pacific Islands,Subset: Population
-600.0,-500.0,2227857.1428571427,5608000.0,589600.0,4254198.598258367,201515.68745591864,Oceania & Pacific Islands,Subset: Population
-500.0,-400.0,2321428.5714285714,5800000.0,612000.0,4408353.3669209285,234503.7759362145,Oceania & Pacific Islands,Subset: Population
-400.0,-300.0,2415000.0,5992000.0,634400.0,4562665.676296676,267334.3237033244,Oceania & Pacific Islands,Subset: Population
-300.0,-200.0,2508571.4285714286,6184000.0,656800.0,4717122.528089769,300020.3290530876,Oceania & Pacific Islands,Subset: Population
-200.0,-100.0,2602142.8571428573,6376000.0,679200.0,4871712.289472097,332573.42481361795,Oceania & Pacific Islands,Subset: Population
-100.0,0.0,2695714.285714286,6568000.0,701600.0,5026424.521689927,365004.04973864416,Oceania & Pacific Islands,Subset: Population
0.0,100.0,2789285.714285714,6760000.0,724000.0,5181249.833359989,397321.5952114388,Oceania & Pacific Islands,Subset: Population
100.0,200.0,2882857.1428571427,6952000.0,746400.0,5336179.754487071,429534.53122721426,Oceania & Pacific Islands,Subset: Population
200.0,300.0,2962142.8571428573,7144000.0,768800.0,5480720.059145801,443565.6551399133,Oceania & Pacific Islands,Subset: Population
300.0,400.0,3041428.5714285714,7336000.0,791200.0,5626119.371236596,456737.77162054693,Oceania & Pacific Islands,Subset: Population
400.0,500.0,3131428.5714285714,7528000.0,813600.0,5778777.264374179,484079.8784829639,Oceania & Pacific Islands,Subset: Population
500.0,600.0,3221428.5714285714,7720000.0,836000.0,5931509.901633725,511347.2412234186,Oceania & Pacific Islands,Subset: Population
600.0,700.0,3300714.285714286,7912000.0,858400.0,6077964.889885135,523463.6815434368,Oceania & Pacific Islands,Subset: Population
700.0,800.0,3380000.0,8104000.0,880800.0,6225111.094993857,534888.9050061433,Oceania & Pacific Islands,Subset: Population
800.0,900.0,3459285.714285714,8296000.0,903200.0,6372900.220323861,545671.2082475671,Oceania & Pacific Islands,Subset: Population
900.0,1000.0,3538571.4285714286,8488000.0,925600.0,6521287.968771599,555854.8883712585,Oceania & Pacific Islands,Subset: Population
1000.0,1100.0,3628571.4285714286,8680000.0,948000.0,6674453.56010306,582689.2970397975,Oceania & Pacific Islands,Subset: Population
1100.0,1200.0,3718571.4285714286,8872000.0,970400.0,6827663.756251778,609479.1008910788,Oceania & Pacific Islands,Subset: Population
1200.0,1300.0,3808571.4285714286,9064000.0,992800.0,6980915.890913925,636226.9662289321,Oceania & Pacific Islands,Subset: Population
1300.0,1400.0,3898571.4285714286,9256000.0,1015200.0,7134207.50457357,662935.3525692876,Oceania & Pacific Islands,Subset: Population
1400.0,1500.0,3992142.8571428577,9448000.0,1037600.0,7289033.553739595,695252.1605461193,Oceania & Pacific Islands,Subset: Population
1500.0,1600.0,4078571.4285714286,9640000.0,1052000.0,7441856.084004178,715286.7731386796,Oceania & Pacific Islands,Subset: Population
1600.0,1700.0,4167857.1428571423,9816000.0,1124000.0,7687577.461639443,648136.824074842,Oceania & Pacific Islands,Subset: Population
1700.0,1800.0,4217857.142857143,9984000.0,1208000.0,7885846.429668551,549867.8560457341,Oceania & Pacific Islands,Subset: Population
1800.0,1900.0,4107142.8571428577,7744000.0,1200000.0,7611520.585828241,602765.128457474,Oceania & Pacific Islands,Subset: Population
1900.0,2000.0,18642857.14285714,25000000.0,9240000.0,28005450.97498006,9280263.310734224,Oceania & Pacific Islands,Subset: Population
2000.0,2025.0,37642857.14285714,42000000.0,42000000.0,48730863.16517785,26554851.12053643,Oceania & Pacific Islands,Subset: Population
-1000.0,-900.0,4.1228070175438605,4.166666666666667,4.166666666666667,4.253505828296065,3.992108206791656,Persia & Greater Iran,Overall
-900.0,-800.0,4.114035087719298,4.166666666666667,4.0,4.247067990246518,3.981002185192078,Persia & Greater Iran,Overall
-800.0,-700.0,4.570175438596491,5.02,4.166666666666667,5.1008590688510225,4.039491808341959,Persia & Greater Iran,Overall
-700.0,-600.0,5.631578947368421,6.02,5.0,6.222887703380797,5.040270191356045,Persia & Greater Iran,Overall
-600.0,-500.0,6.464912280701754,6.833333333333333,6.0,6.878776354810015,6.051048206593493,Persia & Greater Iran,Overall
-500.0,-400.0,5.62280701754386,6.04,5.166666666666667,6.102944988891369,5.1426690461963505,Persia & Greater Iran,Overall
-400.0,-300.0,4.719298245614035,4.873333333333333,4.5,4.984495025575982,4.454101465652088,Persia & Greater Iran,Overall
-300.0,-200.0,4.640350877192981,5.02,4.3133333333333335,5.053097907228722,4.227603847157241,Persia & Greater Iran,Overall
-200.0,-100.0,4.947368421052632,5.333333333333333,4.333333333333333,5.422026289770831,4.472710552334433,Persia & Greater Iran,Overall
-100.0,0.0,5.368421052631579,5.833333333333333,4.833333333333333,5.8802088472215726,4.856633258041585,Persia & Greater Iran,Overall
0.0,100.0,6.052631578947369,6.52,5.6466666666666665,6.517957445960522,5.587305711934216,Persia & Greater Iran,Overall
100.0,200.0,6.298245614035088,6.6866666666666665,5.9799999999999995,6.712109688143349,5.884381539926827,Persia & Greater Iran,Overall
200.0,300.0,5.754385964912281,6.166666666666667,5.5,6.126547428694674,5.382224501129888,Persia & Greater Iran,Overall
300.0,400.0,5.307017543859649,5.853333333333333,4.6466666666666665,5.9720663656499955,4.6419687220693024,Persia & Greater Iran,Overall
400.0,500.0,4.5701754385964914,5.02,4.1466666666666665,5.0300120148098655,4.110338862383117,Persia & Greater Iran,Overall
500.0,600.0,4.438596491228071,4.853333333333333,3.8133333333333335,4.949330758877532,3.92786222357861,Persia & Greater Iran,Overall
600.0,700.0,5.0964912280701755,5.666666666666667,4.666666666666667,5.646121059572651,4.5468613965677,Persia & Greater Iran,Overall
700.0,800.0,5.991228070175437,6.353333333333333,5.5,6.379181480482384,5.6032746598684895,Persia & Greater Iran,Overall
800.0,900.0,6.342105263157895,7.0,6.0,6.759118046456305,5.925092479859484,Persia & Greater Iran,Overall
900.0,1000.0,6.070175438596491,6.6866666666666665,5.6466666666666665,6.539453188599833,5.6008976885931485,Persia & Greater Iran,Overall
1000.0,1100.0,5.701754385964911,6.04,5.333333333333333,6.22763139604638,5.1758773758834415,Persia & Greater Iran,Overall
1100.0,1200.0,5.3508771929824555,6.02,4.5,6.008479467157589,4.6932749188073215,Persia & Greater Iran,Overall
1200.0,1300.0,2.587719298245614,2.8533333333333335,2.1466666666666665,2.9519392893338017,2.223499307157426,Persia & Greater Iran,Overall
1300.0,1400.0,4.394736842105264,4.833333333333333,4.1466666666666665,4.724589397841459,4.064884286369068,Persia & Greater Iran,Overall
1400.0,1500.0,5.1491228070175445,5.5,4.6466666666666665,5.591388163717738,4.706857450317351,Persia & Greater Iran,Overall
1500.0,1600.0,6.1228070175438605,6.52,5.8133333333333335,6.496824659742595,5.748789375345126,Persia & Greater Iran,Overall
1600.0,1700.0,5.771929824561404,6.52,4.9799999999999995,6.436862935377096,5.106996713745712,Persia & Greater Iran,Overall
1700.0,1800.0,3.956140350877193,4.166666666666667,3.8333333333333335,4.17136568677869,3.740915014975697,Persia & Greater Iran,Overall
1800.0,1900.0,4.280701754385965,4.5,4.1466666666666665,4.614265848102308,3.947137660669622,Persia & Greater Iran,Overall
1900.0,2000.0,5.456140350877194,5.853333333333333,5.1466666666666665,5.849216780744003,5.063063921010386,Persia & Greater Iran,Overall
2000.0,2025.0,4.692982456140351,5.0,4.333333333333333,5.009502079871381,4.376462832409321,Persia & Greater Iran,Overall
-1000.0,-900.0,4.947368421052632,5.0,5.0,5.170665299322068,4.724071542783196,Persia & Greater Iran,Subset: Culture & Lesure
-900.0,-800.0,4.947368421052632,5.0,5.0,5.170665299322068,4.724071542783196,Persia & Greater Iran,Subset: Culture & Lesure
-800.0,-700.0,5.7894736842105265,6.0,5.0,6.3104997335058775,5.268447634915176,Persia & Greater Iran,Subset: Culture & Lesure
-700.0,-600.0,7.0,7.0,7.0,7.458831467741123,6.541168532258877,Persia & Greater Iran,Subset: Culture & Lesure
-600.0,-500.0,7.894736842105263,8.0,7.88,8.341330598644134,7.44814308556639,Persia & Greater Iran,Subset: Culture & Lesure
-500.0,-400.0,7.421052631578948,8.0,7.0,8.095065709203459,6.747039553954437,Persia & Greater Iran,Subset: Culture & Lesure
-400.0,-300.0,6.7368421052631575,7.0,6.0,7.283805518179645,6.18987869234667,Persia & Greater Iran,Subset: Culture & Lesure
-300.0,-200.0,6.578947368421052,7.0,6.0,7.169735376859043,5.988159359983062,Persia & Greater Iran,Subset: Culture & Lesure
-200.0,-100.0,6.684210526315789,7.0,6.0,7.149040045596203,6.219381007035376,Persia & Greater Iran,Subset: Culture & Lesure
-100.0,0.0,7.157894736842105,8.0,7.0,7.743975196087371,6.57181427759684,Persia & Greater Iran,Subset: Culture & Lesure
0.0,100.0,7.7894736842105265,8.0,7.0,8.197156141706044,7.381791226715009,Persia & Greater Iran,Subset: Culture & Lesure
100.0,200.0,8.052631578947368,8.0,8.0,8.446490251239362,7.658772906655375,Persia & Greater Iran,Subset: Culture & Lesure
200.0,300.0,7.736842105263157,8.0,7.0,8.283805518179644,7.18987869234667,Persia & Greater Iran,Subset: Culture & Lesure
300.0,400.0,7.315789473684211,8.0,6.88,8.045074024239527,6.586504923128894,Persia & Greater Iran,Subset: Culture & Lesure
400.0,500.0,6.631578947368421,7.0,6.0,7.212913737746698,6.050244156990145,Persia & Greater Iran,Subset: Culture & Lesure
500.0,600.0,7.0,7.0,7.0,7.458831467741123,6.541168532258877,Persia & Greater Iran,Subset: Culture & Lesure
600.0,700.0,7.578947368421052,8.0,7.0,8.252960446045563,6.904934290796541,Persia & Greater Iran,Subset: Culture & Lesure
700.0,800.0,8.578947368421053,9.0,8.0,9.07267534313931,8.085219393702797,Persia & Greater Iran,Subset: Culture & Lesure
800.0,900.0,8.789473684210526,9.0,8.0,9.197156141706044,8.381791226715007,Persia & Greater Iran,Subset: Culture & Lesure
900.0,1000.0,8.368421052631579,9.0,8.0,8.850797441574299,7.886044663688859,Persia & Greater Iran,Subset: Culture & Lesure
1000.0,1100.0,8.0,8.0,8.0,8.458831467741124,7.541168532258877,Persia & Greater Iran,Subset: Culture & Lesure
1100.0,1200.0,7.684210526315789,8.0,7.0,8.251069979698368,7.11735107293321,Persia & Greater Iran,Subset: Culture & Lesure
1200.0,1300.0,4.684210526315789,5.0,4.0,5.251069979698369,4.11735107293321,Persia & Greater Iran,Subset: Culture & Lesure
1300.0,1400.0,6.631578947368421,7.0,6.0,7.113955336311141,6.149202558425701,Persia & Greater Iran,Subset: Culture & Lesure
1400.0,1500.0,8.157894736842104,9.0,7.88,8.827785371650412,7.488004102033797,Persia & Greater Iran,Subset: Culture & Lesure
1500.0,1600.0,8.31578947368421,9.0,8.0,8.780618992964623,7.850959954403797,Persia & Greater Iran,Subset: Culture & Lesure
1600.0,1700.0,8.052631578947368,9.0,7.0,8.738863411073963,7.366399746820774,Persia & Greater Iran,Subset: Culture & Lesure
1700.0,1800.0,6.368421052631579,7.0,6.0,6.850797441574299,5.886044663688859,Persia & Greater Iran,Subset: Culture & Lesure
1800.0,1900.0,6.105263157894737,6.119999999999999,6.0,6.55185691443361,5.658669401355865,Persia & Greater Iran,Subset: Culture & Lesure
1900.0,2000.0,7.157894736842105,7.119999999999999,7.0,7.522537012119764,6.793252461564447,Persia & Greater Iran,Subset: Culture & Lesure
2000.0,2025.0,6.7894736842105265,7.0,6.0,7.197156141706044,6.381791226715009,Persia & Greater Iran,Subset: Culture & Lesure
-1000.0,-900.0,3.0,3.0,3.0,3.0,3.0,Persia & Greater Iran,Subset: Economic Opportunity
-900.0,-800.0,3.789473684210526,4.0,3.0,4.197156141706044,3.3817912267150088,Persia & Greater Iran,Subset: Economic Opportunity
-800.0,-700.0,4.368421052631579,5.0,4.0,5.034163717930185,3.702678387332973,Persia & Greater Iran,Subset: Economic Opportunity
-700.0,-600.0,5.7368421052631575,6.0,5.0,6.521034969776386,4.952649240749929,Persia & Greater Iran,Subset: Economic Opportunity
-600.0,-500.0,6.7368421052631575,7.0,6.0,7.177189487649513,6.296494722876802,Persia & Greater Iran,Subset: Economic Opportunity
-500.0,-400.0,6.157894736842105,7.0,6.0,6.743975196087371,5.57181427759684,Persia & Greater Iran,Subset: Economic Opportunity
-400.0,-300.0,5.052631578947368,5.0,5.0,5.446490251239362,4.658772906655375,Persia & Greater Iran,Subset: Economic Opportunity
-300.0,-200.0,4.842105263157895,5.0,4.88,5.206747538435553,4.477462987880236,Persia & Greater Iran,Subset: Economic Opportunity
-200.0,-100.0,5.2631578947368425,6.0,5.0,5.899107682820767,4.627208106652918,Persia & Greater Iran,Subset: Economic Opportunity
-100.0,0.0,5.684210526315789,6.0,5.0,6.149040045596203,5.219381007035376,Persia & Greater Iran,Subset: Economic Opportunity
0.0,100.0,6.315789473684211,7.0,6.0,6.88264892706679,5.748930020301631,Persia & Greater Iran,Subset: Economic Opportunity
100.0,200.0,6.7368421052631575,7.0,6.0,7.177189487649513,6.296494722876802,Persia & Greater Iran,Subset: Economic Opportunity
200.0,300.0,6.2631578947368425,7.0,6.0,6.81012130765333,5.716194481820355,Persia & Greater Iran,Subset: Economic Opportunity
300.0,400.0,5.842105263157895,7.0,5.0,6.654065716870606,5.030144809445184,Persia & Greater Iran,Subset: Economic Opportunity
400.0,500.0,5.052631578947368,6.0,4.88,5.6573223838461075,4.447940774048629,Persia & Greater Iran,Subset: Economic Opportunity
500.0,600.0,4.894736842105263,5.0,4.0,5.446741499036921,4.342732185173604,Persia & Greater Iran,Subset: Economic Opportunity
600.0,700.0,5.684210526315789,6.0,5.0,6.251069979698369,5.11735107293321,Persia & Greater Iran,Subset: Economic Opportunity
700.0,800.0,6.368421052631579,7.0,6.0,6.850797441574299,5.886044663688859,Persia & Greater Iran,Subset: Economic Opportunity
800.0,900.0,6.684210526315789,7.0,6.0,7.149040045596203,6.219381007035376,Persia & Greater Iran,Subset: Economic Opportunity
900.0,1000.0,6.2105263157894735,7.0,6.0,6.731552365084824,5.6895002664941225,Persia & Greater Iran,Subset: Economic Opportunity
1000.0,1100.0,6.315789473684211,7.0,6.0,6.968930191894255,5.662648755474166,Persia & Greater Iran,Subset: Economic Opportunity
1100.0,1200.0,5.947368421052632,7.0,5.0,6.772862481124112,5.121874360981152,Persia & Greater Iran,Subset: Economic Opportunity
1200.0,1300.0,2.526315789473684,3.0,2.0,3.025622788447639,2.027008790499729,Persia & Greater Iran,Subset: Economic Opportunity
1300.0,1400.0,4.526315789473684,5.0,4.0,5.025622788447639,4.027008790499729,Persia & Greater Iran,Subset: Economic Opportunity
1400.0,1500.0,5.421052631578948,6.0,5.0,5.914780606297204,4.927324656860692,Persia & Greater Iran,Subset: Economic Opportunity
1500.0,1600.0,6.421052631578948,7.0,6.0,6.914780606297204,5.927324656860692,Persia & Greater Iran,Subset: Economic Opportunity
1600.0,1700.0,6.2631578947368425,7.0,5.88,6.977087366644765,5.54922842282892,Persia & Greater Iran,Subset: Economic Opportunity
1700.0,1800.0,4.105263157894737,4.119999999999999,4.0,4.55185691443361,3.658669401355865,Persia & Greater Iran,Subset: Economic Opportunity
1800.0,1900.0,4.7368421052631575,5.0,4.0,5.283805518179645,4.18987869234667,Persia & Greater Iran,Subset: Economic Opportunity
1900.0,2000.0,6.421052631578948,7.0,6.0,6.914780606297204,5.927324656860692,Persia & Greater Iran,Subset: Economic Opportunity
2000.0,2025.0,4.947368421052632,5.0,5.0,5.341227093344625,4.553509748760638,Persia & Greater Iran,Subset: Economic Opportunity
-1000.0,-900.0,3.8947368421052633,4.0,4.0,4.341330598644135,3.4481430855663913,Persia & Greater Iran,Subset: Equality
-900.0,-800.0,3.8947368421052633,4.0,4.0,4.341330598644135,3.4481430855663913,Persia & Greater Iran,Subset: Equality
-800.0,-700.0,4.105263157894737,5.0,4.0,4.657267814826396,3.5532585009630786,Persia & Greater Iran,Subset: Equality
-700.0,-600.0,4.947368421052632,5.0,5.0,5.341227093344625,4.553509748760638,Persia & Greater Iran,Subset: Equality
-600.0,-500.0,5.526315789473684,6.0,5.0,6.025622788447639,5.027008790499729,Persia & Greater Iran,Subset: Equality
-500.0,-400.0,4.894736842105263,5.0,5.0,5.2016290470971205,4.587844637113405,Persia & Greater Iran,Subset: Equality
-400.0,-300.0,4.052631578947368,4.0,4.0,4.446490251239362,3.6587729066553742,Persia & Greater Iran,Subset: Equality
-300.0,-200.0,4.0,4.119999999999999,3.88,4.561951486949017,3.4380485130509837,Persia & Greater Iran,Subset: Equality
-200.0,-100.0,3.8947368421052633,5.0,3.0,4.682454186689251,3.1070194975212755,Persia & Greater Iran,Subset: Equality
-100.0,0.0,4.2631578947368425,5.0,3.88,4.977087366644765,3.5492284228289197,Persia & Greater Iran,Subset: Equality
0.0,100.0,5.0,6.0,4.0,5.725476250110011,4.274523749889989,Persia & Greater Iran,Subset: Equality
100.0,200.0,5.2631578947368425,6.0,5.0,5.703505277123198,4.822810512350487,Persia & Greater Iran,Subset: Equality
200.0,300.0,4.894736842105263,5.0,4.88,5.341330598644135,4.44814308556639,Persia & Greater Iran,Subset: Equality
300.0,400.0,4.473684210526316,5.0,4.0,5.1517946698276385,3.7955737512249934,Persia & Greater Iran,Subset: Equality
400.0,500.0,3.8421052631578942,4.119999999999999,3.0,4.511995897966203,3.1722146283495865,Persia & Greater Iran,Subset: Equality
500.0,600.0,3.631578947368421,4.0,3.0,4.113955336311141,3.149202558425701,Persia & Greater Iran,Subset: Equality
600.0,700.0,3.9473684210526314,4.119999999999999,3.0,4.552059225951371,3.3426776161538916,Persia & Greater Iran,Subset: Equality
700.0,800.0,4.7894736842105265,5.0,4.0,5.3104997335058775,4.268447634915176,Persia & Greater Iran,Subset: Equality
800.0,900.0,5.052631578947368,6.0,4.88,5.6573223838461075,4.447940774048629,Persia & Greater Iran,Subset: Equality
900.0,1000.0,4.947368421052632,5.119999999999999,4.0,5.552059225951371,4.3426776161538925,Persia & Greater Iran,Subset: Equality
1000.0,1100.0,4.473684210526316,5.0,4.0,5.1517946698276385,3.7955737512249934,Persia & Greater Iran,Subset: Equality
1100.0,1200.0,4.368421052631579,5.0,4.0,4.949755843009855,3.7870862622533017,Persia & Greater Iran,Subset: Equality
1200.0,1300.0,2.210526315789474,3.0,2.0,2.6182087732849912,1.8028438582939563,Persia & Greater Iran,Subset: Equality
1300.0,1400.0,3.3684210526315788,4.0,3.0,3.850797441574299,2.8860446636888586,Persia & Greater Iran,Subset: Equality
1400.0,1500.0,4.0,4.119999999999999,3.88,4.561951486949017,3.4380485130509837,Persia & Greater Iran,Subset: Equality
1500.0,1600.0,4.947368421052632,5.119999999999999,4.0,5.552059225951371,4.3426776161538925,Persia & Greater Iran,Subset: Equality
1600.0,1700.0,4.684210526315789,5.0,4.0,5.337351244525834,4.031069808105745,Persia & Greater Iran,Subset: Equality
1700.0,1800.0,3.0526315789473686,3.0,3.0,3.275928457216805,2.8293347006779324,Persia & Greater Iran,Subset: Equality
1800.0,1900.0,3.1052631578947367,3.0,3.0,3.412155362886595,2.798370952902878,Persia & Greater Iran,Subset: Equality
1900.0,2000.0,4.2631578947368425,5.0,4.0,4.703505277123198,3.822810512350487,Persia & Greater Iran,Subset: Equality
2000.0,2025.0,3.526315789473684,4.0,3.0,4.025622788447639,3.027008790499729,Persia & Greater Iran,Subset: Equality
-1000.0,-900.0,2.9473684210526314,3.0,3.0,3.1706652993220676,2.724071542783195,Persia & Greater Iran,Subset: Freedom
-900.0,-800.0,3.0,3.0,3.0,3.0,3.0,Persia & Greater Iran,Subset: Freedom
-800.0,-700.0,3.3684210526315788,4.0,3.0,4.109013014708962,2.627829090554195,Persia & Greater Iran,Subset: Freedom
-700.0,-600.0,4.526315789473684,5.0,4.0,5.204426248775007,3.8482053301723615,Persia & Greater Iran,Subset: Freedom
-600.0,-500.0,5.421052631578948,6.0,5.0,5.914780606297204,4.927324656860692,Persia & Greater Iran,Subset: Freedom
-500.0,-400.0,4.526315789473684,5.0,4.0,5.121774131525513,3.9308574474218543,Persia & Greater Iran,Subset: Freedom
-400.0,-300.0,3.631578947368421,4.0,3.0,4.113955336311141,3.149202558425701,Persia & Greater Iran,Subset: Freedom
-300.0,-200.0,3.4210526315789473,4.0,3.0,4.011840640016938,2.8302646231409563,Persia & Greater Iran,Subset: Freedom
-200.0,-100.0,3.8421052631578942,4.0,3.0,4.330190447131352,3.354020079184437,Persia & Greater Iran,Subset: Freedom
-100.0,0.0,4.2631578947368425,5.0,4.0,4.81012130765333,3.716194481820355,Persia & Greater Iran,Subset: Freedom
0.0,100.0,4.947368421052632,5.0,4.88,5.457650511306982,4.437086330798282,Persia & Greater Iran,Subset: Freedom
100.0,200.0,5.105263157894737,6.0,5.0,5.657267814826396,4.553258500963079,Persia & Greater Iran,Subset: Freedom
200.0,300.0,4.578947368421052,5.0,4.0,5.072675343139308,4.085219393702796,Persia & Greater Iran,Subset: Freedom
300.0,400.0,4.105263157894737,5.0,3.88,4.8230621945782035,3.387464121211271,Persia & Greater Iran,Subset: Freedom
400.0,500.0,3.4210526315789473,4.0,3.0,4.011840640016938,2.8302646231409563,Persia & Greater Iran,Subset: Freedom
500.0,600.0,3.0,4.0,2.0,3.64888568452305,2.35111431547695,Persia & Greater Iran,Subset: Freedom
600.0,700.0,3.6842105263157894,4.0,3.0,4.251069979698369,3.11735107293321,Persia & Greater Iran,Subset: Freedom
700.0,800.0,4.631578947368421,5.0,4.0,5.113955336311141,4.149202558425701,Persia & Greater Iran,Subset: Freedom
800.0,900.0,5.2105263157894735,6.0,5.0,5.731552365084824,4.6895002664941225,Persia & Greater Iran,Subset: Freedom
900.0,1000.0,5.052631578947368,6.0,4.0,5.738863411073963,4.366399746820774,Persia & Greater Iran,Subset: Freedom
1000.0,1100.0,4.473684210526316,5.0,4.0,5.225413518793984,3.721954902258648,Persia & Greater Iran,Subset: Freedom
1100.0,1200.0,4.105263157894737,5.0,3.0,4.892980502478725,3.3175458133107494,Persia & Greater Iran,Subset: Freedom
1200.0,1300.0,1.6842105263157894,2.0,1.0,2.149040045596202,1.2193810070353766,Persia & Greater Iran,Subset: Freedom
1300.0,1400.0,3.3157894736842106,4.0,3.0,3.780618992964623,2.850959954403798,Persia & Greater Iran,Subset: Freedom
1400.0,1500.0,4.052631578947368,5.0,3.88,4.6573223838461075,3.4479407740486283,Persia & Greater Iran,Subset: Freedom
1500.0,1600.0,5.052631578947368,6.0,4.88,5.6573223838461075,4.447940774048629,Persia & Greater Iran,Subset: Freedom
1600.0,1700.0,4.7368421052631575,5.119999999999999,4.0,5.45077157717108,4.022912633355235,Persia & Greater Iran,Subset: Freedom
1700.0,1800.0,2.9473684210526314,3.0,3.0,3.170665299322067,2.7240715427831956,Persia & Greater Iran,Subset: Freedom
1800.0,1900.0,3.3157894736842106,4.0,3.0,3.88264892706679,2.748930020301631,Persia & Greater Iran,Subset: Freedom
1900.0,2000.0,5.052631578947368,6.0,4.88,5.6573223838461075,4.447940774048629,Persia & Greater Iran,Subset: Freedom
2000.0,2025.0,3.631578947368421,4.0,3.0,4.212913737746698,3.050244156990144,Persia & Greater Iran,Subset: Freedom
-1000.0,-900.0,3.9473684210526314,4.0,4.0,4.170665299322067,3.724071542783195,Persia & Greater Iran,Subset: Health & Wellbeing
-900.0,-800.0,3.9473684210526314,4.0,4.0,4.170665299322067,3.724071542783195,Persia & Greater Iran,Subset: Health & Wellbeing
-800.0,-700.0,4.684210526315789,5.0,4.0,5.149040045596203,4.219381007035376,Persia & Greater Iran,Subset: Health & Wellbeing
-700.0,-600.0,5.526315789473684,6.0,5.0,6.204426248775007,4.8482053301723615,Persia & Greater Iran,Subset: Health & Wellbeing
-600.0,-500.0,6.526315789473684,7.0,6.0,7.025622788447639,6.027008790499729,Persia & Greater Iran,Subset: Health & Wellbeing
-500.0,-400.0,6.052631578947368,6.119999999999999,6.0,6.562913669201718,5.542349488693018,Persia & Greater Iran,Subset: Health & Wellbeing
-400.0,-300.0,5.105263157894737,5.119999999999999,5.0,5.55185691443361,4.658669401355865,Persia & Greater Iran,Subset: Health & Wellbeing
-300.0,-200.0,4.947368421052632,5.0,5.0,5.341227093344625,4.553509748760638,Persia & Greater Iran,Subset: Health & Wellbeing
-200.0,-100.0,5.105263157894737,5.119999999999999,5.0,5.55185691443361,4.658669401355865,Persia & Greater Iran,Subset: Health & Wellbeing
-100.0,0.0,5.421052631578948,6.0,5.0,6.011840640016938,4.830264623140957,Persia & Greater Iran,Subset: Health & Wellbeing
0.0,100.0,6.2105263157894735,7.0,6.0,6.82431072577319,5.596741905805757,Persia & Greater Iran,Subset: Health & Wellbeing
100.0,200.0,6.578947368421052,7.0,6.0,7.072675343139308,6.085219393702796,Persia & Greater Iran,Subset: Health & Wellbeing
200.0,300.0,6.157894736842105,7.0,6.0,6.645979920815563,5.669809552868648,Persia & Greater Iran,Subset: Health & Wellbeing
300.0,400.0,5.7894736842105265,6.119999999999999,5.0,6.555801040976897,5.023146327444156,Persia & Greater Iran,Subset: Health & Wellbeing
400.0,500.0,5.052631578947368,6.0,4.88,5.6573223838461075,4.447940774048629,Persia & Greater Iran,Subset: Health & Wellbeing
500.0,600.0,4.947368421052632,5.0,4.88,5.457650511306982,4.437086330798282,Persia & Greater Iran,Subset: Health & Wellbeing
600.0,700.0,5.368421052631579,6.0,5.0,5.949755843009855,4.787086262253302,Persia & Greater Iran,Subset: Health & Wellbeing
700.0,800.0,6.105263157894737,6.0,6.0,6.412155362886595,5.7983709529028795,Persia & Greater Iran,Subset: Health & Wellbeing
800.0,900.0,6.315789473684211,7.0,6.0,6.780618992964624,5.850959954403797,Persia & Greater Iran,Subset: Health & Wellbeing
900.0,1000.0,6.2631578947368425,7.0,6.0,6.703505277123198,5.822810512350487,Persia & Greater Iran,Subset: Health & Wellbeing
1000.0,1100.0,6.0,6.0,6.0,6.458831467741123,5.541168532258877,Persia & Greater Iran,Subset: Health & Wellbeing
1100.0,1200.0,5.684210526315789,6.0,5.0,6.251069979698369,5.11735107293321,Persia & Greater Iran,Subset: Health & Wellbeing
1200.0,1300.0,2.736842105263158,3.0,2.0,3.1771894876495135,2.2964947228768025,Persia & Greater Iran,Subset: Health & Wellbeing
1300.0,1400.0,4.315789473684211,5.0,4.0,4.780618992964624,3.850959954403798,Persia & Greater Iran,Subset: Health & Wellbeing
1400.0,1500.0,5.105263157894737,5.119999999999999,5.0,5.55185691443361,4.658669401355865,Persia & Greater Iran,Subset: Health & Wellbeing
1500.0,1600.0,6.2105263157894735,7.0,6.0,6.618208773284991,5.802843858293956,Persia & Greater Iran,Subset: Health & Wellbeing
1600.0,1700.0,5.947368421052632,6.119999999999999,5.0,6.552059225951371,5.3426776161538925,Persia & Greater Iran,Subset: Health & Wellbeing
1700.0,1800.0,4.2631578947368425,5.0,4.0,4.703505277123198,3.822810512350487,Persia & Greater Iran,Subset: Health & Wellbeing
1800.0,1900.0,4.842105263157895,5.0,4.88,5.206747538435553,4.477462987880236,Persia & Greater Iran,Subset: Health & Wellbeing
1900.0,2000.0,6.157894736842105,6.119999999999999,6.0,6.522537012119764,5.793252461564447,Persia & Greater Iran,Subset: Health & Wellbeing
2000.0,2025.0,5.578947368421052,6.0,5.0,6.072675343139308,5.085219393702796,Persia & Greater Iran,Subset: Health & Wellbeing
-1000.0,-900.0,6.0,6.0,6.0,6.0,6.0,Persia & Greater Iran,Subset: Peace
-900.0,-800.0,5.105263157894737,5.0,5.0,5.412155362886595,4.7983709529028795,Persia & Greater Iran,Subset: Peace
-800.0,-700.0,5.105263157894737,6.0,4.0,6.016868846088883,4.193657469700591,Persia & Greater Iran,Subset: Peace
-700.0,-600.0,6.052631578947368,7.0,4.88,7.151611211464268,4.953651946430468,Persia & Greater Iran,Subset: Peace
-600.0,-500.0,6.684210526315789,7.0,6.0,7.604887141291363,5.7635339113402155,Persia & Greater Iran,Subset: Peace
-500.0,-400.0,4.684210526315789,5.0,4.0,5.545826607565521,3.822594445066058,Persia & Greater Iran,Subset: Peace
-400.0,-300.0,3.736842105263158,4.0,3.0,4.283805518179646,3.1898786923466704,Persia & Greater Iran,Subset: Peace
-300.0,-200.0,4.052631578947368,5.0,3.0,4.997071497101388,3.108191660793349,Persia & Greater Iran,Subset: Peace
-200.0,-100.0,4.894736842105263,6.0,3.88,5.862356647939485,3.92711703627104,Persia & Greater Iran,Subset: Peace
-100.0,0.0,5.421052631578948,6.0,4.0,6.298596421080688,4.543508842077207,Persia & Greater Iran,Subset: Peace
0.0,100.0,6.052631578947368,7.0,5.88,6.6573223838461075,5.447940774048629,Persia & Greater Iran,Subset: Peace
100.0,200.0,6.052631578947368,7.0,5.0,7.051245576895277,5.054017580999459,Persia & Greater Iran,Subset: Peace
200.0,300.0,4.894736842105263,5.119999999999999,4.0,5.535027634768233,4.254446049442293,Persia & Greater Iran,Subset: Peace
300.0,400.0,4.315789473684211,5.0,3.88,5.177405554933943,3.454173392434479,Persia & Greater Iran,Subset: Peace
400.0,500.0,3.4210526315789473,4.0,3.0,3.914780606297203,2.9273246568606917,Persia & Greater Iran,Subset: Peace
500.0,600.0,3.1578947368421053,4.0,2.0,4.24674530871459,2.069044164969621,Persia & Greater Iran,Subset: Peace
600.0,700.0,4.315789473684211,5.0,3.88,5.291959841631127,3.3396191057372944,Persia & Greater Iran,Subset: Peace
700.0,800.0,5.473684210526316,6.0,5.0,6.2924394308475815,4.65492899020505,Persia & Greater Iran,Subset: Peace
800.0,900.0,6.0,7.0,5.0,6.794719414239026,5.205280585760974,Persia & Greater Iran,Subset: Peace
900.0,1000.0,5.578947368421052,6.0,5.0,6.32698265281852,4.830912084023584,Persia & Greater Iran,Subset: Peace
1000.0,1100.0,4.947368421052632,6.0,4.0,5.772862481124112,4.121874360981152,Persia & Greater Iran,Subset: Peace
1100.0,1200.0,4.315789473684211,6.0,3.0,5.442154450475405,3.1894244968930163,Persia & Greater Iran,Subset: Peace
1200.0,1300.0,1.6842105263157894,2.0,1.0,2.149040045596202,1.2193810070353766,Persia & Greater Iran,Subset: Peace
1300.0,1400.0,4.2105263157894735,5.0,4.0,4.731552365084824,3.689500266494123,Persia & Greater Iran,Subset: Peace
1400.0,1500.0,4.157894736842105,5.0,3.0,5.03227619609664,3.283513277587571,Persia & Greater Iran,Subset: Peace
1500.0,1600.0,5.7894736842105265,6.0,5.0,6.403258094194243,5.17568927422681,Persia & Greater Iran,Subset: Peace
1600.0,1700.0,4.947368421052632,6.119999999999999,4.0,6.223616384524436,3.671120457580827,Persia & Greater Iran,Subset: Peace
1700.0,1800.0,3.0,3.0,3.0,3.324442842261525,2.675557157738475,Persia & Greater Iran,Subset: Peace
1800.0,1900.0,3.5789473684210527,4.0,3.0,4.169735376859044,2.9881593599830616,Persia & Greater Iran,Subset: Peace
1900.0,2000.0,3.6842105263157894,5.0,3.0,4.48240794147911,2.8860131111524683,Persia & Greater Iran,Subset: Peace
2000.0,2025.0,3.6842105263157894,4.0,3.0,4.337351244525834,3.031069808105745,Persia & Greater Iran,Subset: Peace
-1000.0,-900.0,3136842.1052631577,3595999.9999999995,2264000.0,4063755.787905318,2209928.422620997,Persia & Greater Iran,Subset: Population
-900.0,-800.0,3647368.421052631,4095999.999999999,2500000.0,4648088.383486327,2646648.458618936,Persia & Greater Iran,Subset: Population
-800.0,-700.0,4200000.0,4619999.999999999,3000000.0,5328109.737103341,3071890.2628966593,Persia & Greater Iran,Subset: Population
-700.0,-600.0,5152631.578947368,6024000.0,3500000.0,6630314.124818162,3674949.033076574,Persia & Greater Iran,Subset: Population
-600.0,-500.0,7131578.947368421,10000000.0,4000000.0,9726321.127356526,4536836.767380317,Persia & Greater Iran,Subset: Population
-500.0,-400.0,8194736.842105263,12000000.0,4500000.0,11247513.6081626,5141960.076047924,Persia & Greater Iran,Subset: Population
-400.0,-300.0,6473684.2105263155,9120000.0,4116000.0,8913667.408325056,4033701.0127275754,Persia & Greater Iran,Subset: Population
-300.0,-200.0,6473684.2105263155,9000000.0,3704000.0,8884153.06757536,4063215.353477272,Persia & Greater Iran,Subset: Population
-200.0,-100.0,6852631.578947368,9120000.0,3940000.0,9318475.818074072,4386787.339820664,Persia & Greater Iran,Subset: Population
-100.0,0.0,7605263.157894737,10120000.0,4440000.0,10351451.652251488,4859074.663537987,Persia & Greater Iran,Subset: Population
0.0,100.0,8315789.47368421,11120000.0,4940000.0,11259160.823522195,5372418.123846224,Persia & Greater Iran,Subset: Population
100.0,200.0,9036842.10526316,12120000.0,5176000.0,12208793.277369555,5864890.933156761,Persia & Greater Iran,Subset: Population
200.0,300.0,9542105.263157897,13120000.0,5376000.0,12815654.084186308,6268556.4421294825,Persia & Greater Iran,Subset: Population
300.0,400.0,9705263.157894736,13120000.0,5388000.0,12945385.586415078,6465140.729374394,Persia & Greater Iran,Subset: Population
400.0,500.0,9400000.0,12120000.0,5488000.0,12291548.48335264,6508451.516647361,Persia & Greater Iran,Subset: Population
500.0,600.0,8652631.578947369,11120000.0,5856000.0,11445549.016258102,5859714.141636636,Persia & Greater Iran,Subset: Population
600.0,700.0,9036842.10526316,11560000.0,6284000.0,11983420.946870169,6090263.2636561515,Persia & Greater Iran,Subset: Population
700.0,800.0,9736842.10526316,12120000.0,6736000.0,12912110.104945404,6561574.105580913,Persia & Greater Iran,Subset: Population
800.0,900.0,10468421.05263158,13120000.0,7200000.0,13893107.38196068,7043734.723302478,Persia & Greater Iran,Subset: Population
900.0,1000.0,11152631.578947367,14120000.0,6784000.0,14877281.816296067,7427981.34159867,Persia & Greater Iran,Subset: Population
1000.0,1100.0,11894736.842105264,15120000.0,7260000.0,15863625.548321009,7925848.135889521,Persia & Greater Iran,Subset: Population
1100.0,1200.0,12526315.789473685,16120000.0,6880000.0,16878065.843400948,8174565.735546419,Persia & Greater Iran,Subset: Population
1200.0,1300.0,9947368.421052633,14120000.0,5760000.0,14005805.820769897,5888931.021335367,Persia & Greater Iran,Subset: Population
1300.0,1400.0,8605263.157894736,12000000.0,4820000.0,12014148.40309711,5196377.912692362,Persia & Greater Iran,Subset: Population
1400.0,1500.0,9315789.47368421,13000000.0,5320000.0,12780690.650659535,5850888.2967088865,Persia & Greater Iran,Subset: Population
1500.0,1600.0,10394736.842105264,14120000.0,5820000.0,14326988.598811127,6462485.085399401,Persia & Greater Iran,Subset: Population
1600.0,1700.0,11200000.0,15120000.0,6320000.0,15352868.38094752,7047131.619052479,Persia & Greater Iran,Subset: Population
1700.0,1800.0,10094736.842105264,14000000.0,5856000.0,13803683.874437036,6385789.809773492,Persia & Greater Iran,Subset: Population
1800.0,1900.0,10894736.842105264,15120000.0,7760000.0,14606662.67000115,7182811.0142093785,Persia & Greater Iran,Subset: Population
1900.0,2000.0,28052631.57894737,35000000.0,20000000.0,35296312.55807834,20808950.599816397,Persia & Greater Iran,Subset: Population
2000.0,2025.0,84736842.10526316,85000000.0,85000000.0,85853326.49661034,83620357.71391597,Persia & Greater Iran,Subset: Population
-1000.0,-900.0,3.55,3.76,3.5,3.7333333333333334,3.3666666666666663,Russia & the Eurasian Steppe,Overall
-900.0,-800.0,3.749999999999999,3.8333333333333335,3.6666666666666665,3.8618033988749887,3.6381966011250095,Russia & the Eurasian Steppe,Overall
-800.0,-700.0,3.85,4.0,3.6666666666666665,4.00723301886761,3.6927669811323898,Russia & the Eurasian Steppe,Overall
-700.0,-600.0,3.7166666666666663,4.093333333333334,3.3333333333333335,4.170355252960539,3.262978080372793,Russia & the Eurasian Steppe,Overall
-600.0,-500.0,3.45,3.76,3.24,3.739155859548291,3.160844140451709,Russia & the Eurasian Steppe,Overall
-500.0,-400.0,3.6166666666666663,4.093333333333334,3.24,4.0043234449871,3.2290098883462326,Russia & the Eurasian Steppe,Overall
-400.0,-300.0,3.4166666666666665,3.853333333333333,3.24,3.88954203197037,2.943791301362963,Russia & the Eurasian Steppe,Overall
-300.0,-200.0,3.2166666666666663,3.5933333333333333,2.8333333333333335,3.733333333333333,2.6999999999999997,Russia & the Eurasian Steppe,Overall
-200.0,-100.0,3.083333333333333,3.5,2.74,3.562046887211502,2.604619779455164,Russia & the Eurasian Steppe,Overall
-100.0,0.0,3.083333333333333,3.52,2.6666666666666665,3.4864462207482605,2.6802204459184056,Russia & the Eurasian Steppe,Overall
0.0,100.0,2.7333333333333334,3.26,2.22,3.2769835476766698,2.189683118989997,Russia & the Eurasian Steppe,Overall
100.0,200.0,2.9333333333333336,3.26,2.48,3.423231281889969,2.443435384776698,Russia & the Eurasian Steppe,Overall
200.0,300.0,3.1666666666666665,3.4266666666666667,2.9066666666666667,3.516269616056717,2.817063717276616,Russia & the Eurasian Steppe,Overall
300.0,400.0,3.1333333333333337,3.6666666666666665,2.5733333333333333,3.6209579612775937,2.645708705389074,Russia & the Eurasian Steppe,Overall
400.0,500.0,2.9333333333333327,3.5,2.3333333333333335,3.471849814046783,2.3948168526198823,Russia & the Eurasian Steppe,Overall
500.0,600.0,3.183333333333333,3.76,2.8333333333333335,3.7909242044519393,2.575742462214727,Russia & the Eurasian Steppe,Overall
600.0,700.0,3.8166666666666664,4.093333333333334,3.4066666666666667,4.227965422641769,3.405367910691564,Russia & the Eurasian Steppe,Overall
700.0,800.0,4.166666666666666,4.5,3.8133333333333335,4.613880262166624,3.719453071166708,Russia & the Eurasian Steppe,Overall
800.0,900.0,4.6,5.02,4.24,5.035889894354067,4.164110105645932,Russia & the Eurasian Steppe,Overall
900.0,1000.0,4.983333333333333,5.426666666666667,4.406666666666666,5.457382088444263,4.509284578222403,Russia & the Eurasian Steppe,Overall
1000.0,1100.0,4.5,5.426666666666667,3.8866666666666663,5.502773930432755,3.497226069567245,Russia & the Eurasian Steppe,Overall
1100.0,1200.0,3.2333333333333334,4.0200000000000005,2.3133333333333335,4.012221429703195,2.4544452369634717,Russia & the Eurasian Steppe,Overall
1200.0,1300.0,2.0833333333333335,2.726666666666666,1.5733333333333333,2.7080554937997103,1.4586111728669566,Russia & the Eurasian Steppe,Overall
1300.0,1400.0,2.9166666666666665,3.26,2.5,3.2682503851621494,2.5650829481711837,Russia & the Eurasian Steppe,Overall
1400.0,1500.0,3.5666666666666673,3.9266666666666663,3.3333333333333335,3.909854338032901,3.223478995300434,Russia & the Eurasian Steppe,Overall
1500.0,1600.0,2.9833333333333334,3.3333333333333335,2.5733333333333333,3.351889073124933,2.6147775935417337,Russia & the Eurasian Steppe,Overall
1600.0,1700.0,2.4666666666666663,2.78,2.1666666666666665,2.7811327044018865,2.152200628931446,Russia & the Eurasian Steppe,Overall
1700.0,1800.0,3.9666666666666672,4.333333333333333,3.48,4.380322454866363,3.553010878466972,Russia & the Eurasian Steppe,Overall
1800.0,1900.0,4.183333333333334,4.5,3.74,4.520395806935945,3.8462708597307222,Russia & the Eurasian Steppe,Overall
1900.0,1910.0,3.8666666666666663,4.26,3.5,4.266666666666667,3.4666666666666663,Russia & the Eurasian Steppe,Overall
1910.0,1920.0,1.4333333333333331,1.5,1.1666666666666667,1.671380947618095,1.1952857190485715,Russia & the Eurasian Steppe,Overall
1920.0,1930.0,2.733333333333333,2.8333333333333335,2.4066666666666667,3.0513130671389814,2.4153535995276845,Russia & the Eurasian Steppe,Overall
1930.0,1940.0,2.2333333333333334,2.5933333333333333,2.0,2.584521791761758,1.8821448749049088,Russia & the Eurasian Steppe,Overall
1940.0,1950.0,1.8833333333333333,2.0933333333333333,1.6466666666666665,2.1911030885436564,1.5755635781230102,Russia & the Eurasian Steppe,Overall
1950.0,1960.0,4.116666666666666,4.3533333333333335,3.8333333333333335,4.466666666666666,3.766666666666666,Russia & the Eurasian Steppe,Overall
1960.0,1970.0,4.283333333333333,4.593333333333334,4.0,4.531101145788642,4.035565520878024,Russia & the Eurasian Steppe,Overall
1970.0,1980.0,4.016666666666667,4.426666666666667,3.5533333333333337,4.441257973428566,3.592075359904767,Russia & the Eurasian Steppe,Overall
1980.0,1990.0,4.483333333333333,4.76,4.073333333333333,4.812051382055267,4.1546152846114,Russia & the Eurasian Steppe,Overall
1990.0,2000.0,3.0999999999999996,3.3333333333333335,2.9066666666666667,3.3380476142847613,2.861952385715238,Russia & the Eurasian Steppe,Overall
2000.0,2010.0,4.2666666666666675,4.593333333333334,4.0,4.575787283183191,3.957546050150144,Russia & the Eurasian Steppe,Overall
2010.0,2020.0,3.7333333333333334,4.0,3.5733333333333333,4.042453949849857,3.4242127168168097,Russia & the Eurasian Steppe,Overall
2020.0,2025.0,2.916666666666667,3.1666666666666665,2.6666666666666665,3.305753917664292,2.527579415669042,Russia & the Eurasian Steppe,Overall
-1000.0,-900.0,3.2,3.5599999999999996,3.0,3.6,2.8000000000000003,Russia & the Eurasian Steppe,Subset: Culture & Lesure
-900.0,-800.0,4.0,4.0,4.0,4.447213595499958,3.552786404500042,Russia & the Eurasian Steppe,Subset: Culture & Lesure
-800.0,-700.0,4.2,4.56,4.0,4.6000000000000005,3.8,Russia & the Eurasian Steppe,Subset: Culture & Lesure
-700.0,-600.0,4.2,5.0,3.44,4.948331477354788,3.451668522645212,Russia & the Eurasian Steppe,Subset: Culture & Lesure
-600.0,-500.0,3.9,4.0,4.0,4.2,3.6,Russia & the Eurasian Steppe,Subset: Culture & Lesure
-500.0,-400.0,4.5,5.0,4.0,5.170820393249937,3.829179606750063,Russia & the Eurasian Steppe,Subset: Culture & Lesure
-400.0,-300.0,4.0,4.56,3.44,4.632455532033676,3.367544467966324,Russia & the Eurasian Steppe,Subset: Culture & Lesure
-300.0,-200.0,3.8,4.0,3.0,4.3999999999999995,3.1999999999999997,Russia & the Eurasian Steppe,Subset: Culture & Lesure
-200.0,-100.0,3.6,4.0,3.0,4.26332495807108,2.93667504192892,Russia & the Eurasian Steppe,Subset: Culture & Lesure
-100.0,0.0,3.7,4.0,3.0,4.340312423743285,3.0596875762567155,Russia & the Eurasian Steppe,Subset: Culture & Lesure
0.0,100.0,3.3,4.0,2.44,4.081024967590666,2.5189750324093345,Russia & the Eurasian Steppe,Subset: Culture & Lesure
100.0,200.0,3.5,4.0,3.0,4.170820393249937,2.829179606750063,Russia & the Eurasian Steppe,Subset: Culture & Lesure
200.0,300.0,3.7,4.0,3.0,4.340312423743285,3.0596875762567155,Russia & the Eurasian Steppe,Subset: Culture & Lesure
300.0,400.0,3.8,4.0,3.0,4.3999999999999995,3.1999999999999997,Russia & the Eurasian Steppe,Subset: Culture & Lesure
400.0,500.0,3.6,4.0,3.0,4.4,2.8,Russia & the Eurasian Steppe,Subset: Culture & Lesure
500.0,600.0,3.9,5.0,3.0,4.8433981132056605,2.9566018867943393,Russia & the Eurasian Steppe,Subset: Culture & Lesure
600.0,700.0,4.7,5.0,4.0,5.481024967590666,3.918975032409335,Russia & the Eurasian Steppe,Subset: Culture & Lesure
700.0,800.0,5.1,6.0,4.4399999999999995,5.8,4.3999999999999995,Russia & the Eurasian Steppe,Subset: Culture & Lesure
800.0,900.0,5.7,6.0,5.0,6.481024967590666,4.918975032409334,Russia & the Eurasian Steppe,Subset: Culture & Lesure
900.0,1000.0,6.1,6.56,6.0,6.6385164807134505,5.561483519286549,Russia & the Eurasian Steppe,Subset: Culture & Lesure
1000.0,1100.0,6.2,7.0,5.4399999999999995,7.52664991614216,4.87335008385784,Russia & the Eurasian Steppe,Subset: Culture & Lesure
1100.0,1200.0,4.5,6.0,3.0,5.704159457879229,3.2958405421207706,Russia & the Eurasian Steppe,Subset: Culture & Lesure
1200.0,1300.0,3.1,4.0,2.44,3.8,2.4,Russia & the Eurasian Steppe,Subset: Culture & Lesure
1300.0,1400.0,3.8,4.0,3.44,4.2,3.4,Russia & the Eurasian Steppe,Subset: Culture & Lesure
1400.0,1500.0,4.5,5.0,4.0,5.170820393249937,3.829179606750063,Russia & the Eurasian Steppe,Subset: Culture & Lesure
1500.0,1600.0,4.2,5.0,3.0,5.071779788708135,3.3282202112918657,Russia & the Eurasian Steppe,Subset: Culture & Lesure
1600.0,1700.0,3.5,4.0,3.0,4.170820393249937,2.829179606750063,Russia & the Eurasian Steppe,Subset: Culture & Lesure
1700.0,1800.0,5.4,6.0,4.4399999999999995,6.2,4.6000000000000005,Russia & the Eurasian Steppe,Subset: Culture & Lesure
1800.0,1900.0,5.6,6.0,5.0,6.263324958071079,4.93667504192892,Russia & the Eurasian Steppe,Subset: Culture & Lesure
1900.0,1910.0,5.5,6.56,5.0,6.306225774829855,4.693774225170145,Russia & the Eurasian Steppe,Subset: Culture & Lesure
1910.0,1920.0,2.5,3.0,2.0,3.0,2.0,Russia & the Eurasian Steppe,Subset: Culture & Lesure
1920.0,1930.0,3.9,4.56,3.0,4.6,3.2,Russia & the Eurasian Steppe,Subset: Culture & Lesure
1930.0,1940.0,3.4,4.0,3.0,4.2,2.5999999999999996,Russia & the Eurasian Steppe,Subset: Culture & Lesure
1940.0,1950.0,3.0,3.0,3.0,3.447213595499958,2.552786404500042,Russia & the Eurasian Steppe,Subset: Culture & Lesure
1950.0,1960.0,4.9,5.56,4.0,5.6000000000000005,4.2,Russia & the Eurasian Steppe,Subset: Culture & Lesure
1960.0,1970.0,5.3,6.0,5.0,5.9403124237432845,4.659687576256715,Russia & the Eurasian Steppe,Subset: Culture & Lesure
1970.0,1980.0,4.9,5.56,4.0,5.6000000000000005,4.2,Russia & the Eurasian Steppe,Subset: Culture & Lesure
1980.0,1990.0,5.9,6.56,5.0,6.6000000000000005,5.2,Russia & the Eurasian Steppe,Subset: Culture & Lesure
1990.0,2000.0,4.5,5.0,4.0,5.306225774829855,3.693774225170145,Russia & the Eurasian Steppe,Subset: Culture & Lesure
2000.0,2010.0,5.3,6.0,5.0,5.9403124237432845,4.659687576256715,Russia & the Eurasian Steppe,Subset: Culture & Lesure
2010.0,2020.0,5.1,6.0,4.4399999999999995,5.8,4.3999999999999995,Russia & the Eurasian Steppe,Subset: Culture & Lesure
2020.0,2025.0,4.2,5.0,3.44,4.948331477354788,3.451668522645212,Russia & the Eurasian Steppe,Subset: Culture & Lesure
-1000.0,-900.0,2.3,3.0,2.0,2.758257569495584,1.8417424305044157,Russia & the Eurasian Steppe,Subset: Economic Opportunity
-900.0,-800.0,3.0,3.0,3.0,3.447213595499958,2.552786404500042,Russia & the Eurasian Steppe,Subset: Economic Opportunity
-800.0,-700.0,3.3,4.0,3.0,3.758257569495584,2.8417424305044157,Russia & the Eurasian Steppe,Subset: Economic Opportunity
-700.0,-600.0,3.1,3.5599999999999996,3.0,3.6385164807134505,2.5614835192865497,Russia & the Eurasian Steppe,Subset: Economic Opportunity
-600.0,-500.0,3.1,3.0,3.0,3.4,2.8000000000000003,Russia & the Eurasian Steppe,Subset: Economic Opportunity
-500.0,-400.0,3.5,4.0,3.0,4.0,3.0,Russia & the Eurasian Steppe,Subset: Economic Opportunity
-400.0,-300.0,3.1,3.5599999999999996,3.0,3.6385164807134505,2.5614835192865497,Russia & the Eurasian Steppe,Subset: Economic Opportunity
-300.0,-200.0,3.0,3.5599999999999996,2.44,3.632455532033676,2.367544467966324,Russia & the Eurasian Steppe,Subset: Economic Opportunity
-200.0,-100.0,3.0,3.5599999999999996,2.44,3.632455532033676,2.367544467966324,Russia & the Eurasian Steppe,Subset: Economic Opportunity
-100.0,0.0,3.1,3.5599999999999996,3.0,3.6385164807134505,2.5614835192865497,Russia & the Eurasian Steppe,Subset: Economic Opportunity
0.0,100.0,2.6,3.0,2.0,3.26332495807108,1.93667504192892,Russia & the Eurasian Steppe,Subset: Economic Opportunity
100.0,200.0,2.8,3.0,2.0,3.4,2.1999999999999997,Russia & the Eurasian Steppe,Subset: Economic Opportunity
200.0,300.0,3.1,3.5599999999999996,3.0,3.6385164807134505,2.5614835192865497,Russia & the Eurasian Steppe,Subset: Economic Opportunity
300.0,400.0,3.1,3.5599999999999996,3.0,3.6385164807134505,2.5614835192865497,Russia & the Eurasian Steppe,Subset: Economic Opportunity
400.0,500.0,3.0,3.5599999999999996,2.44,3.632455532033676,2.367544467966324,Russia & the Eurasian Steppe,Subset: Economic Opportunity
500.0,600.0,3.2,4.0,3.0,3.8,2.6,Russia & the Eurasian Steppe,Subset: Economic Opportunity
600.0,700.0,3.9,4.0,3.44,4.43851648071345,3.3614835192865495,Russia & the Eurasian Steppe,Subset: Economic Opportunity
700.0,800.0,4.2,5.0,4.0,4.8,3.6,Russia & the Eurasian Steppe,Subset: Economic Opportunity
800.0,900.0,4.8,5.0,4.0,5.3999999999999995,4.2,Russia & the Eurasian Steppe,Subset: Economic Opportunity
900.0,1000.0,5.2,5.56,5.0,5.6000000000000005,4.8,Russia & the Eurasian Steppe,Subset: Economic Opportunity
1000.0,1100.0,4.7,5.0,4.4399999999999995,5.704987562112089,3.695012437887911,Russia & the Eurasian Steppe,Subset: Economic Opportunity
1100.0,1200.0,3.5,4.0,2.44,4.4219544457292885,2.5780455542707115,Russia & the Eurasian Steppe,Subset: Economic Opportunity
1200.0,1300.0,2.2,2.5599999999999996,2.0,2.948331477354788,1.451668522645212,Russia & the Eurasian Steppe,Subset: Economic Opportunity
1300.0,1400.0,3.0,3.0,3.0,3.447213595499958,2.552786404500042,Russia & the Eurasian Steppe,Subset: Economic Opportunity
1400.0,1500.0,3.8,4.0,3.44,4.2,3.4,Russia & the Eurasian Steppe,Subset: Economic Opportunity
1500.0,1600.0,3.6,4.0,3.0,4.089897948556636,3.1101020514433646,Russia & the Eurasian Steppe,Subset: Economic Opportunity
1600.0,1700.0,2.7,3.0,2.0,3.1582575694955843,2.241742430504416,Russia & the Eurasian Steppe,Subset: Economic Opportunity
1700.0,1800.0,4.8,5.0,4.4399999999999995,5.2,4.3999999999999995,Russia & the Eurasian Steppe,Subset: Economic Opportunity
1800.0,1900.0,5.0,5.0,5.0,5.447213595499958,4.552786404500042,Russia & the Eurasian Steppe,Subset: Economic Opportunity
1900.0,1910.0,4.8,5.0,4.0,5.3999999999999995,4.2,Russia & the Eurasian Steppe,Subset: Economic Opportunity
1910.0,1920.0,1.7,2.0,1.0,2.158257569495584,1.241742430504416,Russia & the Eurasian Steppe,Subset: Economic Opportunity
1920.0,1930.0,3.5,4.0,3.0,4.0,3.0,Russia & the Eurasian Steppe,Subset: Economic Opportunity
1930.0,1940.0,3.4,4.0,3.0,3.8898979485566354,2.9101020514433644,Russia & the Eurasian Steppe,Subset: Economic Opportunity
1940.0,1950.0,2.7,3.0,2.0,3.1582575694955843,2.241742430504416,Russia & the Eurasian Steppe,Subset: Economic Opportunity
1950.0,1960.0,4.9,5.0,4.4399999999999995,5.438516480713451,4.3614835192865495,Russia & the Eurasian Steppe,Subset: Economic Opportunity
1960.0,1970.0,5.2,5.56,5.0,5.6000000000000005,4.8,Russia & the Eurasian Steppe,Subset: Economic Opportunity
1970.0,1980.0,4.6,5.0,4.0,5.089897948556636,4.110102051443364,Russia & the Eurasian Steppe,Subset: Economic Opportunity
1980.0,1990.0,4.2,4.56,4.0,4.6000000000000005,3.8,Russia & the Eurasian Steppe,Subset: Economic Opportunity
1990.0,2000.0,3.0,3.0,3.0,3.0,3.0,Russia & the Eurasian Steppe,Subset: Economic Opportunity
2000.0,2010.0,5.2,5.56,5.0,5.6000000000000005,4.8,Russia & the Eurasian Steppe,Subset: Economic Opportunity
2010.0,2020.0,4.2,4.56,4.0,4.6000000000000005,3.8,Russia & the Eurasian Steppe,Subset: Economic Opportunity
2020.0,2025.0,3.2,3.5599999999999996,3.0,3.6,2.8000000000000003,Russia & the Eurasian Steppe,Subset: Economic Opportunity
-1000.0,-900.0,3.6,4.0,2.88,4.4,2.8,Russia & the Eurasian Steppe,Subset: Equality
-900.0,-800.0,3.7,4.0,3.44,4.340312423743285,3.0596875762567155,Russia & the Eurasian Steppe,Subset: Equality
-800.0,-700.0,3.8,4.0,3.44,4.2,3.4,Russia & the Eurasian Steppe,Subset: Equality
-700.0,-600.0,3.7,4.0,3.0,4.340312423743285,3.0596875762567155,Russia & the Eurasian Steppe,Subset: Equality
-600.0,-500.0,3.3,4.0,2.44,4.2,2.4,Russia & the Eurasian Steppe,Subset: Equality
-500.0,-400.0,3.4,4.0,3.0,4.06332495807108,2.73667504192892,Russia & the Eurasian Steppe,Subset: Equality
-400.0,-300.0,3.4,4.0,3.0,4.06332495807108,2.73667504192892,Russia & the Eurasian Steppe,Subset: Equality
-300.0,-200.0,3.1,3.5599999999999996,3.0,3.6385164807134505,2.5614835192865497,Russia & the Eurasian Steppe,Subset: Equality
-200.0,-100.0,2.9,3.0,2.44,3.4385164807134503,2.3614835192865495,Russia & the Eurasian Steppe,Subset: Equality
-100.0,0.0,2.8,3.0,2.44,3.1999999999999997,2.4,Russia & the Eurasian Steppe,Subset: Equality
0.0,100.0,2.6,3.0,2.0,3.0898979485566356,2.1101020514433646,Russia & the Eurasian Steppe,Subset: Equality
100.0,200.0,2.8,3.0,2.44,3.1999999999999997,2.4,Russia & the Eurasian Steppe,Subset: Equality
200.0,300.0,2.9,3.0,3.0,3.1999999999999997,2.6,Russia & the Eurasian Steppe,Subset: Equality
300.0,400.0,3.0,3.5599999999999996,2.44,3.632455532033676,2.367544467966324,Russia & the Eurasian Steppe,Subset: Equality
400.0,500.0,2.9,3.5599999999999996,2.0,3.5999999999999996,2.2,Russia & the Eurasian Steppe,Subset: Equality
500.0,600.0,2.9,3.0,2.44,3.4385164807134503,2.3614835192865495,Russia & the Eurasian Steppe,Subset: Equality
600.0,700.0,3.3,4.0,3.0,3.758257569495584,2.8417424305044157,Russia & the Eurasian Steppe,Subset: Equality
700.0,800.0,3.5,4.0,3.0,4.0,3.0,Russia & the Eurasian Steppe,Subset: Equality
800.0,900.0,3.7,4.0,3.0,4.158257569495584,3.241742430504416,Russia & the Eurasian Steppe,Subset: Equality
900.0,1000.0,4.1,4.56,4.0,4.6385164807134505,3.5614835192865493,Russia & the Eurasian Steppe,Subset: Equality
1000.0,1100.0,3.4,4.0,3.0,4.06332495807108,2.73667504192892,Russia & the Eurasian Steppe,Subset: Equality
1100.0,1200.0,2.5,3.0,2.0,3.0,2.0,Russia & the Eurasian Steppe,Subset: Equality
1200.0,1300.0,1.7,2.0,1.0,2.340312423743285,1.059687576256715,Russia & the Eurasian Steppe,Subset: Equality
1300.0,1400.0,2.5,3.0,2.0,3.0,2.0,Russia & the Eurasian Steppe,Subset: Equality
1400.0,1500.0,2.8,3.0,2.44,3.1999999999999997,2.4,Russia & the Eurasian Steppe,Subset: Equality
1500.0,1600.0,1.9,2.0,2.0,2.1999999999999997,1.6,Russia & the Eurasian Steppe,Subset: Equality
1600.0,1700.0,2.0,2.0,2.0,2.0,2.0,Russia & the Eurasian Steppe,Subset: Equality
1700.0,1800.0,2.4,3.0,2.0,2.8898979485566354,1.910102051443364,Russia & the Eurasian Steppe,Subset: Equality
1800.0,1900.0,2.7,3.0,2.0,3.1582575694955843,2.241742430504416,Russia & the Eurasian Steppe,Subset: Equality
1900.0,1910.0,2.4,3.0,2.0,2.8898979485566354,1.910102051443364,Russia & the Eurasian Steppe,Subset: Equality
1910.0,1920.0,1.1,1.0,1.0,1.4,0.8,Russia & the Eurasian Steppe,Subset: Equality
1920.0,1930.0,2.2,2.5599999999999996,2.0,2.6,1.8000000000000005,Russia & the Eurasian Steppe,Subset: Equality
1930.0,1940.0,1.2,1.5599999999999996,1.0,1.6,0.7999999999999998,Russia & the Eurasian Steppe,Subset: Equality
1940.0,1950.0,1.3,2.0,1.0,1.758257569495584,0.841742430504416,Russia & the Eurasian Steppe,Subset: Equality
1950.0,1960.0,2.9,3.0,2.44,3.4385164807134503,2.3614835192865495,Russia & the Eurasian Steppe,Subset: Equality
1960.0,1970.0,2.8,3.0,2.44,3.1999999999999997,2.4,Russia & the Eurasian Steppe,Subset: Equality
1970.0,1980.0,2.8,3.0,2.44,3.1999999999999997,2.4,Russia & the Eurasian Steppe,Subset: Equality
1980.0,1990.0,3.7,4.0,3.0,4.158257569495584,3.241742430504416,Russia & the Eurasian Steppe,Subset: Equality
1990.0,2000.0,1.9,2.0,2.0,2.1999999999999997,1.6,Russia & the Eurasian Steppe,Subset: Equality
2000.0,2010.0,2.9,3.0,3.0,3.1999999999999997,2.6,Russia & the Eurasian Steppe,Subset: Equality
2010.0,2020.0,2.9,3.0,3.0,3.1999999999999997,2.6,Russia & the Eurasian Steppe,Subset: Equality
2020.0,2025.0,2.3,3.0,2.0,2.9403124237432845,1.659687576256715,Russia & the Eurasian Steppe,Subset: Equality
-1000.0,-900.0,3.0,3.0,3.0,3.0,3.0,Russia & the Eurasian Steppe,Subset: Freedom
-900.0,-800.0,3.0,3.0,3.0,3.0,3.0,Russia & the Eurasian Steppe,Subset: Freedom
-800.0,-700.0,3.0,3.0,3.0,3.0,3.0,Russia & the Eurasian Steppe,Subset: Freedom
-700.0,-600.0,3.0,3.0,3.0,3.447213595499958,2.552786404500042,Russia & the Eurasian Steppe,Subset: Freedom
-600.0,-500.0,2.9,3.0,2.44,3.4385164807134503,2.3614835192865495,Russia & the Eurasian Steppe,Subset: Freedom
-500.0,-400.0,2.8,3.0,2.0,3.4,2.1999999999999997,Russia & the Eurasian Steppe,Subset: Freedom
-400.0,-300.0,3.1,3.5599999999999996,3.0,3.6385164807134505,2.5614835192865497,Russia & the Eurasian Steppe,Subset: Freedom
-300.0,-200.0,2.8,3.5599999999999996,2.0,3.548331477354788,2.051668522645212,Russia & the Eurasian Steppe,Subset: Freedom
-200.0,-100.0,2.8,3.5599999999999996,2.0,3.548331477354788,2.051668522645212,Russia & the Eurasian Steppe,Subset: Freedom
-100.0,0.0,2.7,3.5599999999999996,2.0,3.4810249675906655,1.9189750324093349,Russia & the Eurasian Steppe,Subset: Freedom
0.0,100.0,2.3,3.0,2.0,2.9403124237432845,1.659687576256715,Russia & the Eurasian Steppe,Subset: Freedom
100.0,200.0,2.6,3.0,2.0,3.0898979485566356,2.1101020514433646,Russia & the Eurasian Steppe,Subset: Freedom
200.0,300.0,2.8,3.0,2.44,3.1999999999999997,2.4,Russia & the Eurasian Steppe,Subset: Freedom
300.0,400.0,2.8,3.0,2.0,3.4,2.1999999999999997,Russia & the Eurasian Steppe,Subset: Freedom
400.0,500.0,2.6,3.0,2.0,3.26332495807108,1.93667504192892,Russia & the Eurasian Steppe,Subset: Freedom
500.0,600.0,2.7,3.0,2.0,3.340312423743285,2.0596875762567155,Russia & the Eurasian Steppe,Subset: Freedom
600.0,700.0,3.3,4.0,3.0,3.758257569495584,2.8417424305044157,Russia & the Eurasian Steppe,Subset: Freedom
700.0,800.0,4.0,4.0,4.0,4.447213595499958,3.552786404500042,Russia & the Eurasian Steppe,Subset: Freedom
800.0,900.0,4.5,5.0,4.0,5.0,4.0,Russia & the Eurasian Steppe,Subset: Freedom
900.0,1000.0,4.9,5.0,4.4399999999999995,5.438516480713451,4.3614835192865495,Russia & the Eurasian Steppe,Subset: Freedom
1000.0,1100.0,4.3,5.0,4.0,5.304987562112089,3.2950124378879107,Russia & the Eurasian Steppe,Subset: Freedom
1100.0,1200.0,3.0,4.0,2.0,3.894427190999916,2.1055728090000843,Russia & the Eurasian Steppe,Subset: Freedom
1200.0,1300.0,1.8,2.5599999999999996,1.0,2.5483314773547883,1.0516685226452118,Russia & the Eurasian Steppe,Subset: Freedom
1300.0,1400.0,2.5,3.0,2.0,3.0,2.0,Russia & the Eurasian Steppe,Subset: Freedom
1400.0,1500.0,3.4,4.0,3.0,3.8898979485566354,2.9101020514433644,Russia & the Eurasian Steppe,Subset: Freedom
1500.0,1600.0,2.5,3.0,2.0,3.0,2.0,Russia & the Eurasian Steppe,Subset: Freedom
1600.0,1700.0,2.2,2.5599999999999996,2.0,2.6,1.8000000000000005,Russia & the Eurasian Steppe,Subset: Freedom
1700.0,1800.0,3.5,4.0,3.0,4.0,3.0,Russia & the Eurasian Steppe,Subset: Freedom
1800.0,1900.0,3.9,4.0,3.44,4.43851648071345,3.3614835192865495,Russia & the Eurasian Steppe,Subset: Freedom
1900.0,1910.0,3.2,3.5599999999999996,3.0,3.6,2.8000000000000003,Russia & the Eurasian Steppe,Subset: Freedom
1910.0,1920.0,1.1,1.0,1.0,1.4,0.8,Russia & the Eurasian Steppe,Subset: Freedom
1920.0,1930.0,2.1,2.0,2.0,2.4,1.8,Russia & the Eurasian Steppe,Subset: Freedom
1930.0,1940.0,1.2,1.5599999999999996,1.0,1.6,0.7999999999999998,Russia & the Eurasian Steppe,Subset: Freedom
1940.0,1950.0,1.1,1.0,1.0,1.4,0.8,Russia & the Eurasian Steppe,Subset: Freedom
1950.0,1960.0,3.1,3.0,3.0,3.4,2.8000000000000003,Russia & the Eurasian Steppe,Subset: Freedom
1960.0,1970.0,3.0,3.0,3.0,3.0,3.0,Russia & the Eurasian Steppe,Subset: Freedom
1970.0,1980.0,2.7,3.0,2.0,3.1582575694955843,2.241742430504416,Russia & the Eurasian Steppe,Subset: Freedom
1980.0,1990.0,4.8,5.0,4.4399999999999995,5.2,4.3999999999999995,Russia & the Eurasian Steppe,Subset: Freedom
1990.0,2000.0,3.7,4.0,3.0,4.158257569495584,3.241742430504416,Russia & the Eurasian Steppe,Subset: Freedom
2000.0,2010.0,3.4,4.0,3.0,3.8898979485566354,2.9101020514433644,Russia & the Eurasian Steppe,Subset: Freedom
2010.0,2020.0,2.8,3.0,2.44,3.1999999999999997,2.4,Russia & the Eurasian Steppe,Subset: Freedom
2020.0,2025.0,2.3,3.0,2.0,2.9403124237432845,1.659687576256715,Russia & the Eurasian Steppe,Subset: Freedom
-1000.0,-900.0,3.2,3.5599999999999996,3.0,3.6,2.8000000000000003,Russia & the Eurasian Steppe,Subset: Health & Wellbeing
-900.0,-800.0,3.2,3.5599999999999996,3.0,3.6,2.8000000000000003,Russia & the Eurasian Steppe,Subset: Health & Wellbeing
-800.0,-700.0,3.5,4.0,3.0,4.0,3.0,Russia & the Eurasian Steppe,Subset: Health & Wellbeing
-700.0,-600.0,3.5,4.0,3.0,4.0,3.0,Russia & the Eurasian Steppe,Subset: Health & Wellbeing
-600.0,-500.0,3.1,3.0,3.0,3.4,2.8000000000000003,Russia & the Eurasian Steppe,Subset: Health & Wellbeing
-500.0,-400.0,3.2,3.5599999999999996,3.0,3.6,2.8000000000000003,Russia & the Eurasian Steppe,Subset: Health & Wellbeing
-400.0,-300.0,3.1,3.5599999999999996,3.0,3.6385164807134505,2.5614835192865497,Russia & the Eurasian Steppe,Subset: Health & Wellbeing
-300.0,-200.0,3.1,3.5599999999999996,3.0,3.6385164807134505,2.5614835192865497,Russia & the Eurasian Steppe,Subset: Health & Wellbeing
-200.0,-100.0,3.0,3.0,3.0,3.447213595499958,2.552786404500042,Russia & the Eurasian Steppe,Subset: Health & Wellbeing
-100.0,0.0,2.9,3.0,3.0,3.1999999999999997,2.6,Russia & the Eurasian Steppe,Subset: Health & Wellbeing
0.0,100.0,2.8,3.0,2.44,3.1999999999999997,2.4,Russia & the Eurasian Steppe,Subset: Health & Wellbeing
100.0,200.0,2.8,3.0,2.0,3.4,2.1999999999999997,Russia & the Eurasian Steppe,Subset: Health & Wellbeing
200.0,300.0,3.0,3.0,3.0,3.447213595499958,2.552786404500042,Russia & the Eurasian Steppe,Subset: Health & Wellbeing
300.0,400.0,3.0,3.0,3.0,3.447213595499958,2.552786404500042,Russia & the Eurasian Steppe,Subset: Health & Wellbeing
400.0,500.0,2.7,3.0,2.0,3.1582575694955843,2.241742430504416,Russia & the Eurasian Steppe,Subset: Health & Wellbeing
500.0,600.0,3.1,3.5599999999999996,3.0,3.6385164807134505,2.5614835192865497,Russia & the Eurasian Steppe,Subset: Health & Wellbeing
600.0,700.0,3.7,4.0,3.0,4.158257569495584,3.241742430504416,Russia & the Eurasian Steppe,Subset: Health & Wellbeing
700.0,800.0,3.8,4.0,3.44,4.2,3.4,Russia & the Eurasian Steppe,Subset: Health & Wellbeing
800.0,900.0,4.3,5.0,4.0,4.7582575694955835,3.841742430504416,Russia & the Eurasian Steppe,Subset: Health & Wellbeing
900.0,1000.0,4.7,5.0,4.0,5.158257569495584,4.2417424305044165,Russia & the Eurasian Steppe,Subset: Health & Wellbeing
1000.0,1100.0,4.4,5.0,3.44,5.419803902718558,3.3801960972814435,Russia & the Eurasian Steppe,Subset: Health & Wellbeing
1100.0,1200.0,3.4,4.0,2.44,4.2,2.5999999999999996,Russia & the Eurasian Steppe,Subset: Health & Wellbeing
1200.0,1300.0,2.1,2.5599999999999996,2.0,2.6385164807134505,1.5614835192865495,Russia & the Eurasian Steppe,Subset: Health & Wellbeing
1300.0,1400.0,2.8,3.0,2.44,3.1999999999999997,2.4,Russia & the Eurasian Steppe,Subset: Health & Wellbeing
1400.0,1500.0,3.2,3.5599999999999996,3.0,3.6,2.8000000000000003,Russia & the Eurasian Steppe,Subset: Health & Wellbeing
1500.0,1600.0,3.1,3.0,3.0,3.4,2.8000000000000003,Russia & the Eurasian Steppe,Subset: Health & Wellbeing
1600.0,1700.0,2.2,2.5599999999999996,2.0,2.6,1.8000000000000005,Russia & the Eurasian Steppe,Subset: Health & Wellbeing
1700.0,1800.0,4.1,4.0,4.0,4.3999999999999995,3.8,Russia & the Eurasian Steppe,Subset: Health & Wellbeing
1800.0,1900.0,4.6,5.0,4.0,5.089897948556636,4.110102051443364,Russia & the Eurasian Steppe,Subset: Health & Wellbeing
1900.0,1910.0,4.4,5.0,4.0,4.889897948556636,3.910102051443365,Russia & the Eurasian Steppe,Subset: Health & Wellbeing
1910.0,1920.0,1.2,1.5599999999999996,1.0,1.6,0.7999999999999999,Russia & the Eurasian Steppe,Subset: Health & Wellbeing
1920.0,1930.0,2.6,3.0,2.0,3.0898979485566356,2.1101020514433646,Russia & the Eurasian Steppe,Subset: Health & Wellbeing
1930.0,1940.0,2.3,3.0,2.0,2.758257569495584,1.8417424305044157,Russia & the Eurasian Steppe,Subset: Health & Wellbeing
1940.0,1950.0,1.8,2.0,1.0,2.4000000000000004,1.2,Russia & the Eurasian Steppe,Subset: Health & Wellbeing
1950.0,1960.0,4.9,5.0,5.0,5.2,4.6000000000000005,Russia & the Eurasian Steppe,Subset: Health & Wellbeing
1960.0,1970.0,5.2,5.56,5.0,5.6000000000000005,4.8,Russia & the Eurasian Steppe,Subset: Health & Wellbeing
1970.0,1980.0,5.2,5.56,5.0,5.6000000000000005,4.8,Russia & the Eurasian Steppe,Subset: Health & Wellbeing
1980.0,1990.0,4.4,5.0,4.0,4.889897948556636,3.910102051443365,Russia & the Eurasian Steppe,Subset: Health & Wellbeing
1990.0,2000.0,3.0,3.0,3.0,3.0,3.0,Russia & the Eurasian Steppe,Subset: Health & Wellbeing
2000.0,2010.0,5.0,5.0,5.0,5.447213595499958,4.552786404500042,Russia & the Eurasian Steppe,Subset: Health & Wellbeing
2010.0,2020.0,4.8,5.0,4.0,5.3999999999999995,4.2,Russia & the Eurasian Steppe,Subset: Health & Wellbeing
2020.0,2025.0,3.6,4.0,3.0,4.089897948556636,3.1101020514433646,Russia & the Eurasian Steppe,Subset: Health & Wellbeing
-1000.0,-900.0,6.0,6.0,6.0,6.0,6.0,Russia & the Eurasian Steppe,Subset: Peace
-900.0,-800.0,5.6,6.0,5.0,6.089897948556636,5.110102051443364,Russia & the Eurasian Steppe,Subset: Peace
-800.0,-700.0,5.3,6.0,5.0,5.7582575694955835,4.841742430504416,Russia & the Eurasian Steppe,Subset: Peace
-700.0,-600.0,4.8,5.56,4.0,5.548331477354788,4.051668522645212,Russia & the Eurasian Steppe,Subset: Peace
-600.0,-500.0,4.4,5.0,4.0,4.889897948556636,3.910102051443365,Russia & the Eurasian Steppe,Subset: Peace
-500.0,-400.0,4.3,5.0,3.44,5.081024967590666,3.5189750324093345,Russia & the Eurasian Steppe,Subset: Peace
-400.0,-300.0,3.8,4.0,3.0,4.779795897113271,2.8202041028867284,Russia & the Eurasian Steppe,Subset: Peace
-300.0,-200.0,3.5,4.0,3.0,4.52469507659596,2.47530492340404,Russia & the Eurasian Steppe,Subset: Peace
-200.0,-100.0,3.2,4.0,2.44,4.071779788708135,2.3282202112918657,Russia & the Eurasian Steppe,Subset: Peace
-100.0,0.0,3.3,4.0,2.44,4.081024967590666,2.5189750324093345,Russia & the Eurasian Steppe,Subset: Peace
0.0,100.0,2.8,4.0,2.0,3.7797958971132712,1.8202041028867284,Russia & the Eurasian Steppe,Subset: Peace
100.0,200.0,3.1,4.0,2.0,4.043398113205661,2.1566018867943395,Russia & the Eurasian Steppe,Subset: Peace
200.0,300.0,3.5,4.0,3.0,4.306225774829855,2.693774225170145,Russia & the Eurasian Steppe,Subset: Peace
300.0,400.0,3.1,4.0,2.0,3.9306623862918073,2.269337613708193,Russia & the Eurasian Steppe,Subset: Peace
400.0,500.0,2.8,3.0,2.0,3.6717797887081343,1.9282202112918652,Russia & the Eurasian Steppe,Subset: Peace
500.0,600.0,3.3,4.0,3.0,4.081024967590666,2.5189750324093345,Russia & the Eurasian Steppe,Subset: Peace
600.0,700.0,4.0,4.56,3.44,4.632455532033676,3.367544467966324,Russia & the Eurasian Steppe,Subset: Peace
700.0,800.0,4.4,5.0,4.0,5.2,3.6000000000000005,Russia & the Eurasian Steppe,Subset: Peace
800.0,900.0,4.6,5.0,4.0,5.3999999999999995,3.8,Russia & the Eurasian Steppe,Subset: Peace
900.0,1000.0,4.9,6.0,3.44,6.035781669160055,3.7642183308399457,Russia & the Eurasian Steppe,Subset: Peace
1000.0,1100.0,4.0,5.56,3.0,5.483239697419132,2.5167603025808676,Russia & the Eurasian Steppe,Subset: Peace
1100.0,1200.0,2.5,3.0,2.0,3.306225774829855,1.693774225170145,Russia & the Eurasian Steppe,Subset: Peace
1200.0,1300.0,1.6,2.5599999999999996,1.0,2.4000000000000004,0.8,Russia & the Eurasian Steppe,Subset: Peace
1300.0,1400.0,2.9,3.0,2.44,3.4385164807134503,2.3614835192865495,Russia & the Eurasian Steppe,Subset: Peace
1400.0,1500.0,3.7,4.0,3.0,4.340312423743285,3.0596875762567155,Russia & the Eurasian Steppe,Subset: Peace
1500.0,1600.0,2.6,3.0,2.0,3.0898979485566356,2.1101020514433646,Russia & the Eurasian Steppe,Subset: Peace
1600.0,1700.0,2.2,2.5599999999999996,2.0,2.6,1.8000000000000005,Russia & the Eurasian Steppe,Subset: Peace
1700.0,1800.0,3.6,4.0,3.0,4.26332495807108,2.93667504192892,Russia & the Eurasian Steppe,Subset: Peace
1800.0,1900.0,3.3,4.0,3.0,3.758257569495584,2.8417424305044157,Russia & the Eurasian Steppe,Subset: Peace
1900.0,1910.0,2.9,3.0,3.0,3.1999999999999997,2.6,Russia & the Eurasian Steppe,Subset: Peace
1910.0,1920.0,1.0,1.0,1.0,1.0,1.0,Russia & the Eurasian Steppe,Subset: Peace
1920.0,1930.0,2.1,2.0,2.0,2.4,1.8,Russia & the Eurasian Steppe,Subset: Peace
1930.0,1940.0,1.9,2.0,2.0,2.1999999999999997,1.6,Russia & the Eurasian Steppe,Subset: Peace
1940.0,1950.0,1.4,2.0,1.0,1.8898979485566356,0.9101020514433642,Russia & the Eurasian Steppe,Subset: Peace
1950.0,1960.0,4.0,4.56,3.44,4.632455532033676,3.367544467966324,Russia & the Eurasian Steppe,Subset: Peace
1960.0,1970.0,4.2,5.0,3.44,5.071779788708135,3.3282202112918657,Russia & the Eurasian Steppe,Subset: Peace
1970.0,1980.0,3.9,4.56,3.0,4.8433981132056605,2.9566018867943393,Russia & the Eurasian Steppe,Subset: Peace
1980.0,1990.0,3.9,4.56,3.0,4.6,3.1999999999999997,Russia & the Eurasian Steppe,Subset: Peace
1990.0,2000.0,2.5,3.0,2.0,3.0,2.0,Russia & the Eurasian Steppe,Subset: Peace
2000.0,2010.0,3.8,4.0,3.0,4.3999999999999995,3.1999999999999997,Russia & the Eurasian Steppe,Subset: Peace
2010.0,2020.0,2.6,3.0,2.0,3.26332495807108,1.93667504192892,Russia & the Eurasian Steppe,Subset: Peace
2020.0,2025.0,1.9,2.0,1.44,2.4385164807134503,1.3614835192865495,Russia & the Eurasian Steppe,Subset: Peace
-1000.0,-900.0,3650000.0,4560000.0,2220000.0,5368284.027743958,1931715.9722560416,Russia & the Eurasian Steppe,Subset: Population
-900.0,-800.0,4000000.0,5060000.0,2420000.0,5830300.521772313,2169699.478227687,Russia & the Eurasian Steppe,Subset: Population
-800.0,-700.0,4380000.0,5560000.0,2676000.0,6305512.9186790725,2454487.0813209275,Russia & the Eurasian Steppe,Subset: Population
-700.0,-600.0,4750000.0,6060000.0,2932000.0,6781378.8420676235,2718621.1579323765,Russia & the Eurasian Steppe,Subset: Population
-600.0,-500.0,5100000.0,6560000.0,3244000.0,7225088.233462319,2974911.7665376808,Russia & the Eurasian Steppe,Subset: Population
-500.0,-400.0,5430000.0,7060000.0,3500000.0,7669218.613713275,3190781.3862867253,Russia & the Eurasian Steppe,Subset: Population
-400.0,-300.0,5780000.0,7560000.0,3744000.0,8122989.543297196,3437010.4567028047,Russia & the Eurasian Steppe,Subset: Population
-300.0,-200.0,6120000.0,8060000.0,3988000.0,8571448.55136713,3668551.44863287,Russia & the Eurasian Steppe,Subset: Population
-200.0,-100.0,6480000.0,8560000.0,4232000.0,9028646.699721249,3931353.300278754,Russia & the Eurasian Steppe,Subset: Population
-100.0,0.0,6810000.0,9060000.0,4476000.0,9481872.002922297,4138127.997077704,Russia & the Eurasian Steppe,Subset: Population
0.0,100.0,7170000.0,9560000.0,4720000.0,9950305.738583438,4389694.261416562,Russia & the Eurasian Steppe,Subset: Population
100.0,200.0,7500000.0,10060000.0,4744000.0,10413073.97777674,4586926.02222326,Russia & the Eurasian Steppe,Subset: Population
200.0,300.0,7860000.0,10560000.0,4944000.0,10879668.856017165,4840331.143982837,Russia & the Eurasian Steppe,Subset: Population
300.0,400.0,8240000.0,11060000.0,5200000.0,11352298.186228303,5127701.813771695,Russia & the Eurasian Steppe,Subset: Population
400.0,500.0,8640000.0,11560000.0,5488000.0,11835684.59019347,5444315.409806531,Russia & the Eurasian Steppe,Subset: Population
500.0,600.0,9110000.0,12340000.0,5776000.0,12436995.641716411,5783004.358283589,Russia & the Eurasian Steppe,Subset: Population
600.0,700.0,9600000.0,13120000.0,6108000.0,13053693.674893592,6146306.325106408,Russia & the Eurasian Steppe,Subset: Population
700.0,800.0,10100000.0,13900000.0,6440000.0,13676310.948449532,6523689.051550467,Russia & the Eurasian Steppe,Subset: Population
800.0,900.0,10600000.0,14679999.999999998,6828000.0,14305131.576611012,6894868.423388988,Russia & the Eurasian Steppe,Subset: Population
900.0,1000.0,11110000.0,15459999.999999998,7216000.0,14937388.143368792,7282611.856631209,Russia & the Eurasian Steppe,Subset: Population
1000.0,1100.0,11650000.0,16239999.999999998,7660000.0,15568226.639693012,7731773.360306988,Russia & the Eurasian Steppe,Subset: Population
1100.0,1200.0,11640000.0,15340000.0,7992000.0,15079244.102997052,8200755.8970029475,Russia & the Eurasian Steppe,Subset: Population
1200.0,1300.0,10970000.0,15560000.0,7884000.0,14524447.917750375,7415552.082249622,Russia & the Eurasian Steppe,Subset: Population
1300.0,1400.0,10450000.0,14340000.0,7440000.0,14065591.237958184,6834408.762041815,Russia & the Eurasian Steppe,Subset: Population
1400.0,1500.0,10990000.0,15120000.0,7772000.0,14774560.740693694,7205439.259306306,Russia & the Eurasian Steppe,Subset: Population
1500.0,1600.0,11850000.0,16679999.999999998,8160000.0,15862792.04544666,7837207.954553339,Russia & the Eurasian Steppe,Subset: Population
1600.0,1700.0,13250000.0,16840000.0,9440000.0,17092199.890687626,9407800.109312374,Russia & the Eurasian Steppe,Subset: Population
1700.0,1800.0,19100000.0,25000000.0,14000000.0,24675840.74378026,13524159.25621974,Russia & the Eurasian Steppe,Subset: Population
1800.0,1900.0,40200000.0,45000000.0,36000000.0,47693997.59807808,32706002.40192192,Russia & the Eurasian Steppe,Subset: Population
1900.0,1910.0,48600000.0,55600000.0,42440000.0,58868398.12239475,38331601.87760525,Russia & the Eurasian Steppe,Subset: Population
1910.0,1920.0,47900000.0,50600000.0,43320000.0,56017265.54943227,39782734.45056773,Russia & the Eurasian Steppe,Subset: Population
1920.0,1930.0,44300000.0,47800000.0,35000000.0,57044018.20463232,31555981.79536768,Russia & the Eurasian Steppe,Subset: Population
1930.0,1940.0,49200000.0,52800000.0,40000000.0,63544336.86163288,34855663.13836712,Russia & the Eurasian Steppe,Subset: Population
1940.0,1950.0,52000000.0,57800000.0,42200000.0,69349351.57289746,34650648.42710253,Russia & the Eurasian Steppe,Subset: Population
1950.0,1960.0,60000000.0,70000000.0,50000000.0,78574175.62100671,41425824.37899329,Russia & the Eurasian Steppe,Subset: Population
1960.0,1970.0,69000000.0,90000000.0,55000000.0,91000000.0,47000000.0,Russia & the Eurasian Steppe,Subset: Population
1970.0,1980.0,75200000.0,100000000.0,60000000.0,99600000.0,50800000.0,Russia & the Eurasian Steppe,Subset: Population
1980.0,1990.0,81400000.0,110000000.0,65000000.0,108244738.77690002,54555261.22309998,Russia & the Eurasian Steppe,Subset: Population
1990.0,2000.0,123300000.0,147000000.0,70880000.0,158895083.93022835,87704916.06977165,Russia & the Eurasian Steppe,Subset: Population
2000.0,2010.0,141400000.0,142560000.0,140000000.0,142600000.0,140200000.0,Russia & the Eurasian Steppe,Subset: Population
2010.0,2020.0,145200000.0,146000000.0,144440000.0,145948331.4773548,144451668.5226452,Russia & the Eurasian Steppe,Subset: Population
2020.0,2025.0,145600000.0,146000000.0,145000000.0,146089897.94855663,145110102.05144337,Russia & the Eurasian Steppe,Subset: Population
-1000.0,-900.0,5.217948717948717,5.680000000000001,4.666666666666667,5.700040914793926,4.735856521103508,South America,Overall
-900.0,-800.0,5.384615384615385,5.706666666666667,4.833333333333333,5.879825843995589,4.889404925235181,South America,Overall
-800.0,-700.0,5.294871794871796,5.706666666666667,4.96,5.846302901733503,4.743440688010089,South America,Overall
-700.0,-600.0,5.282051282051283,5.833333333333333,4.833333333333333,5.722450359931223,4.841652204171343,South America,Overall
-600.0,-500.0,5.423076923076924,6.013333333333334,4.986666666666666,5.864594239941606,4.981559606212243,South America,Overall
-500.0,-400.0,5.1923076923076925,5.553333333333334,4.5,5.772781098598553,4.611834286016832,South America,Overall
-400.0,-300.0,5.179487179487179,5.680000000000001,4.833333333333333,5.6250806973585314,4.733893661615826,South America,Overall
-300.0,-200.0,5.064102564102563,5.513333333333334,4.5,5.533410390198028,4.594794738007098,South America,Overall
-200.0,-100.0,5.038461538461538,5.206666666666667,4.819999999999999,5.436930006869745,4.639993070053332,South America,Overall
-100.0,0.0,5.256410256410256,5.666666666666667,4.986666666666666,5.612165049372092,4.9006554634484205,South America,Overall
0.0,100.0,5.3076923076923075,5.680000000000001,4.986666666666666,5.7254915573538545,4.8898930580307605,South America,Overall
100.0,200.0,5.320512820512819,5.680000000000001,4.819999999999999,5.824605211572755,4.816420429452884,South America,Overall
200.0,300.0,5.128205128205129,5.666666666666667,4.666666666666667,5.639420565060946,4.616989691349311,South America,Overall
300.0,400.0,4.820512820512821,5.346666666666667,4.5,5.289470286106972,4.351555354918671,South America,Overall
400.0,500.0,4.705128205128205,5.346666666666667,4.0,5.384978132490403,4.025278277766008,South America,Overall
500.0,600.0,4.94871794871795,5.373333333333333,4.166666666666667,5.566767732984306,4.330668164451594,South America,Overall
600.0,700.0,4.923076923076923,5.513333333333334,4.319999999999999,5.456632103761149,4.389521742392698,South America,Overall
700.0,800.0,5.166666666666667,5.513333333333334,4.806666666666667,5.590325939534829,4.743007393798505,South America,Overall
800.0,900.0,4.948717948717948,5.333333333333333,4.319999999999999,5.398716122430365,4.498719775005531,South America,Overall
900.0,1000.0,5.102564102564103,5.513333333333334,4.653333333333333,5.528930490982459,4.676197714145747,South America,Overall
1000.0,1100.0,5.397435897435898,5.680000000000001,4.96,5.914406285991179,4.880465508880617,South America,Overall
1100.0,1200.0,5.435897435897435,5.846666666666667,5.153333333333333,5.914224566825067,4.957570304969804,South America,Overall
1200.0,1300.0,5.6410256410256405,6.346666666666667,5.166666666666667,6.163373045832393,5.118678236218888,South America,Overall
1300.0,1400.0,5.679487179487179,6.513333333333334,5.166666666666667,6.273119841168729,5.085854517805629,South America,Overall
1400.0,1500.0,5.923076923076923,6.833333333333333,5.306666666666667,6.6168076542804455,5.229346191873401,South America,Overall
1500.0,1600.0,2.3205128205128207,2.513333333333333,2.1666666666666665,2.5512820512820515,2.08974358974359,South America,Overall
1600.0,1700.0,2.538461538461538,2.8333333333333335,2.1666666666666665,2.8391292153732963,2.237793861549779,South America,Overall
1700.0,1800.0,2.9358974358974357,3.3333333333333335,2.5,3.2662589417109005,2.605535930083971,South America,Overall
1800.0,1900.0,4.358974358974359,4.513333333333334,4.140000000000001,4.650200427989757,4.06774828995896,South America,Overall
1900.0,2000.0,5.76923076923077,6.166666666666667,5.319999999999999,6.147815975903422,5.390645562558118,South America,Overall
2000.0,2025.0,6.512820512820513,6.680000000000001,6.166666666666667,6.743589743589744,6.282051282051282,South America,Overall
-1000.0,-900.0,6.076923076923077,6.08,6.0,6.551108769459152,5.602737384387002,South America,Subset: Culture & Lesure
-900.0,-800.0,6.076923076923077,6.08,6.0,6.551108769459152,5.602737384387002,South America,Subset: Culture & Lesure
-800.0,-700.0,6.384615384615385,7.0,6.0,6.8711196400259045,5.898111129204866,South America,Subset: Culture & Lesure
-700.0,-600.0,6.769230769230769,7.0,6.0,7.1905558134655125,6.347905724996026,South America,Subset: Culture & Lesure
-600.0,-500.0,7.153846153846154,7.08,7.0,7.514647366140264,6.793044941552044,South America,Subset: Culture & Lesure
-500.0,-400.0,7.076923076923077,7.08,7.0,7.551108769459152,6.602737384387002,South America,Subset: Culture & Lesure
-400.0,-300.0,7.230769230769231,8.0,7.0,7.652094275003974,6.8094441865344875,South America,Subset: Culture & Lesure
-300.0,-200.0,7.153846153846154,8.0,7.0,7.686784863867347,6.6209074438249615,South America,Subset: Culture & Lesure
-200.0,-100.0,7.3076923076923075,8.0,7.0,7.769230769230769,6.846153846153846,South America,Subset: Culture & Lesure
-100.0,0.0,7.615384615384615,8.0,7.0,8.101888870795134,7.1288803599740955,South America,Subset: Culture & Lesure
0.0,100.0,7.6923076923076925,8.0,7.0,8.153846153846153,7.230769230769231,South America,Subset: Culture & Lesure
100.0,200.0,7.6923076923076925,8.0,7.0,8.298000605693217,7.0866147789221685,South America,Subset: Culture & Lesure
200.0,300.0,7.461538461538462,8.0,6.92,8.304188550007948,6.618888373068975,South America,Subset: Culture & Lesure
300.0,400.0,7.3076923076923075,8.0,6.0,8.217858428169171,6.397526187215443,South America,Subset: Culture & Lesure
400.0,500.0,7.076923076923077,8.0,6.0,8.073960107447363,6.079886046398791,South America,Subset: Culture & Lesure
500.0,600.0,7.3076923076923075,8.0,6.92,8.298776825132702,6.316607790251913,South America,Subset: Culture & Lesure
600.0,700.0,7.230769230769231,8.08,6.0,8.20377774159027,6.257760719948191,South America,Subset: Culture & Lesure
700.0,800.0,7.615384615384615,8.0,7.0,8.353204849740418,6.877564381028812,South America,Subset: Culture & Lesure
800.0,900.0,7.384615384615385,8.0,6.92,8.220213883938479,6.549016885292292,South America,Subset: Culture & Lesure
900.0,1000.0,7.615384615384615,8.0,7.0,8.240310646510459,6.990458584258772,South America,Subset: Culture & Lesure
1000.0,1100.0,7.923076923076923,8.08,7.0,8.538461538461538,7.307692307692308,South America,Subset: Culture & Lesure
1100.0,1200.0,8.076923076923077,8.08,8.0,8.551108769459152,7.602737384387002,South America,Subset: Culture & Lesure
1200.0,1300.0,8.384615384615385,9.0,8.0,8.871119640025904,7.898111129204866,South America,Subset: Culture & Lesure
1300.0,1400.0,8.461538461538462,9.0,8.0,9.09586240394118,7.827214519135745,South America,Subset: Culture & Lesure
1400.0,1500.0,8.76923076923077,9.0,8.0,9.190555813465512,8.347905724996027,South America,Subset: Culture & Lesure
1500.0,1600.0,4.923076923076923,6.08,4.0,6.064030536476256,3.7821233096775906,South America,Subset: Culture & Lesure
1600.0,1700.0,4.230769230769231,6.0,3.0,5.3507861368123875,3.110752324726074,South America,Subset: Culture & Lesure
1700.0,1800.0,4.461538461538462,6.0,3.0,5.612817657468906,3.310259265608018,South America,Subset: Culture & Lesure
1800.0,1900.0,5.538461538461538,6.08,4.92,6.467926613353429,4.608996463569648,South America,Subset: Culture & Lesure
1900.0,2000.0,6.923076923076923,7.08,6.0,7.538461538461538,6.307692307692308,South America,Subset: Culture & Lesure
2000.0,2025.0,7.846153846153846,8.0,7.92,8.206955058447956,7.485352633859736,South America,Subset: Culture & Lesure
-1000.0,-900.0,2.8461538461538463,3.0,2.0,3.3790925561750393,2.313215136132653,South America,Subset: Economic Opportunity
-900.0,-800.0,3.692307692307693,4.0,3.0,4.2980006056932165,3.0866147789221685,South America,Subset: Economic Opportunity
-800.0,-700.0,3.769230769230769,4.0,3.0,4.344870367195991,3.1935911712655476,South America,Subset: Economic Opportunity
-700.0,-600.0,4.230769230769231,5.0,3.92,4.927337318318263,3.5342011432201987,South America,Subset: Economic Opportunity
-600.0,-500.0,4.538461538461538,5.0,4.0,5.172785480864255,3.9041375960588214,South America,Subset: Economic Opportunity
-500.0,-400.0,4.6923076923076925,5.0,4.0,5.2980006056932165,4.0866147789221685,South America,Subset: Economic Opportunity
-400.0,-300.0,4.923076923076923,5.08,4.0,5.538461538461538,4.307692307692308,South America,Subset: Economic Opportunity
-300.0,-200.0,5.076923076923077,6.0,4.92,5.692307692307692,4.461538461538462,South America,Subset: Economic Opportunity
-200.0,-100.0,5.384615384615385,6.0,4.92,6.122435618971188,4.646795150259582,South America,Subset: Economic Opportunity
-100.0,0.0,5.615384615384615,6.0,5.0,6.240310646510458,4.990458584258772,South America,Subset: Economic Opportunity
0.0,100.0,5.846153846153846,7.0,5.0,6.615384615384615,5.076923076923077,South America,Subset: Economic Opportunity
100.0,200.0,6.0,7.0,5.0,6.784464540552737,5.215535459447263,South America,Subset: Economic Opportunity
200.0,300.0,6.0,7.0,5.0,6.784464540552737,5.215535459447263,South America,Subset: Economic Opportunity
300.0,400.0,5.846153846153846,7.0,5.0,6.709613243101678,4.982694449206013,South America,Subset: Economic Opportunity
400.0,500.0,5.615384615384615,7.0,4.0,6.761512648134718,4.469256582634512,South America,Subset: Economic Opportunity
500.0,600.0,5.769230769230769,7.0,4.0,6.9559422015801164,4.582519336881422,South America,Subset: Economic Opportunity
600.0,700.0,5.769230769230769,7.0,5.0,6.659679761753094,4.878781776708444,South America,Subset: Economic Opportunity
700.0,800.0,6.0,7.0,5.0,6.679366220486758,5.320633779513242,South America,Subset: Economic Opportunity
800.0,900.0,5.923076923076923,6.08,5.0,6.538461538461538,5.307692307692308,South America,Subset: Economic Opportunity
900.0,1000.0,6.153846153846154,7.0,5.0,7.017305550793987,5.290386756898322,South America,Subset: Economic Opportunity
1000.0,1100.0,6.615384615384615,7.0,6.0,7.353204849740418,5.877564381028812,South America,Subset: Economic Opportunity
1100.0,1200.0,6.769230769230769,7.0,6.0,7.344870367195991,6.193591171265547,South America,Subset: Economic Opportunity
1200.0,1300.0,6.846153846153846,7.0,6.0,7.3790925561750385,6.313215136132653,South America,Subset: Economic Opportunity
1300.0,1400.0,7.230769230769231,8.0,6.92,7.927337318318263,6.534201143220199,South America,Subset: Economic Opportunity
1400.0,1500.0,7.461538461538462,8.0,7.0,8.09586240394118,6.827214519135745,South America,Subset: Economic Opportunity
1500.0,1600.0,2.1538461538461537,2.08,2.0,2.5146473661402635,1.7930449415520435,South America,Subset: Economic Opportunity
1600.0,1700.0,2.923076923076923,3.0,3.0,3.1895462780875192,2.6566075680663266,South America,Subset: Economic Opportunity
1700.0,1800.0,3.769230769230769,4.0,3.0,4.1905558134655125,3.347905724996026,South America,Subset: Economic Opportunity
1800.0,1900.0,4.923076923076923,5.0,5.0,5.18954627808752,4.656607568066327,South America,Subset: Economic Opportunity
1900.0,2000.0,6.384615384615385,7.0,6.0,6.8711196400259045,5.898111129204866,South America,Subset: Economic Opportunity
2000.0,2025.0,7.0,7.0,7.0,7.0,7.0,South America,Subset: Economic Opportunity
-1000.0,-900.0,5.384615384615385,6.0,5.0,6.009541415741228,4.759689353489542,South America,Subset: Equality
-900.0,-800.0,5.384615384615385,6.0,5.0,6.009541415741228,4.759689353489542,South America,Subset: Equality
-800.0,-700.0,4.846153846153846,6.0,4.0,5.615384615384615,4.076923076923077,South America,Subset: Equality
-700.0,-600.0,4.538461538461538,5.0,4.0,5.172785480864255,3.9041375960588214,South America,Subset: Equality
-600.0,-500.0,4.461538461538462,5.0,4.0,4.960056976800605,3.9630199462763183,South America,Subset: Equality
-500.0,-400.0,4.0,5.0,3.0,4.784464540552737,3.215535459447264,South America,Subset: Equality
-400.0,-300.0,3.769230769230769,4.08,3.0,4.465798856779801,3.072662681681737,South America,Subset: Equality
-300.0,-200.0,3.6153846153846154,4.0,3.0,4.2403106465104585,2.9904585842587723,South America,Subset: Equality
-200.0,-100.0,3.3846153846153846,4.0,3.0,4.009541415741228,2.7596893534895415,South America,Subset: Equality
-100.0,0.0,3.5384615384615383,4.0,3.0,4.284258439602512,2.7926646373205646,South America,Subset: Equality
0.0,100.0,3.5384615384615383,4.0,2.92,4.381111626931025,2.695811449992052,South America,Subset: Equality
100.0,200.0,3.4615384615384617,4.0,2.92,4.207335362679435,2.715741560397488,South America,Subset: Equality
200.0,300.0,3.230769230769231,4.0,2.0,4.03017729580102,2.4313611657374414,South America,Subset: Equality
300.0,400.0,2.769230769230769,3.08,2.0,3.4657988567798013,2.072662681681737,South America,Subset: Equality
400.0,500.0,2.923076923076923,3.08,2.0,3.5384615384615383,2.3076923076923075,South America,Subset: Equality
500.0,600.0,3.1538461538461537,4.0,2.92,3.815563482080202,2.4921288256121055,South America,Subset: Equality
600.0,700.0,3.1538461538461537,4.0,2.0,3.923076923076923,2.3846153846153846,South America,Subset: Equality
700.0,800.0,3.230769230769231,4.0,3.0,3.806408828734453,2.6551296328040093,South America,Subset: Equality
800.0,900.0,2.923076923076923,4.0,2.0,3.6528333061927025,2.1933205399611433,South America,Subset: Equality
900.0,1000.0,3.1538461538461537,4.0,2.92,3.815563482080202,2.4921288256121055,South America,Subset: Equality
1000.0,1100.0,3.230769230769231,4.0,2.0,4.203777741590271,2.257760719948191,South America,Subset: Equality
1100.0,1200.0,3.1538461538461537,4.0,2.0,4.102217538918304,2.2054747687740033,South America,Subset: Equality
1200.0,1300.0,3.4615384615384617,5.0,2.0,4.739480594295088,2.1835963287818347,South America,Subset: Equality
1300.0,1400.0,3.3076923076923075,5.0,2.0,4.631126964160404,1.984257651224211,South America,Subset: Equality
1400.0,1500.0,3.6153846153846154,5.0,2.0,5.004266929635984,2.226502301133247,South America,Subset: Equality
1500.0,1600.0,1.1538461538461535,1.08,1.0,1.5146473661402635,0.7930449415520437,South America,Subset: Equality
1600.0,1700.0,1.1538461538461535,1.08,1.0,1.5146473661402635,0.7930449415520437,South America,Subset: Equality
1700.0,1800.0,1.3076923076923077,2.0,1.0,1.7692307692307692,0.8461538461538461,South America,Subset: Equality
1800.0,1900.0,2.769230769230769,3.0,2.0,3.1905558134655125,2.347905724996026,South America,Subset: Equality
1900.0,2000.0,3.769230769230769,4.0,3.0,4.1905558134655125,3.347905724996026,South America,Subset: Equality
2000.0,2025.0,4.538461538461538,5.0,4.0,5.036980053723681,4.039943023199395,South America,Subset: Equality
-1000.0,-900.0,5.3076923076923075,7.0,3.92,6.742673700475202,3.8727109149094128,South America,Subset: Freedom
-900.0,-800.0,5.3076923076923075,7.0,3.92,6.742673700475202,3.8727109149094128,South America,Subset: Freedom
-800.0,-700.0,4.923076923076923,6.08,3.0,6.414670725358871,3.431483120794976,South America,Subset: Freedom
-700.0,-600.0,4.6923076923076925,6.0,3.0,5.8280633123256465,3.5565520722897386,South America,Subset: Freedom
-600.0,-500.0,4.615384615384615,6.0,3.0,5.692307692307692,3.538461538461538,South America,Subset: Freedom
-500.0,-400.0,4.230769230769231,5.08,3.0,5.417480663118578,3.0440577984198836,South America,Subset: Freedom
-400.0,-300.0,4.076923076923077,5.0,3.0,5.073960107447363,3.0798860463987903,South America,Subset: Freedom
-300.0,-200.0,3.923076923076923,5.0,2.92,4.994491405937239,2.8516624402166064,South America,Subset: Freedom
-200.0,-100.0,3.6153846153846154,5.0,3.0,4.538461538461538,2.6923076923076925,South America,Subset: Freedom
-100.0,0.0,3.692307692307693,5.0,3.0,4.602473812784557,2.7821415718308287,South America,Subset: Freedom
0.0,100.0,3.692307692307693,5.0,3.0,4.602473812784557,2.7821415718308287,South America,Subset: Freedom
100.0,200.0,3.6153846153846154,5.0,3.0,4.538461538461538,2.6923076923076925,South America,Subset: Freedom
200.0,300.0,3.3846153846153846,4.0,2.0,4.3076923076923075,2.4615384615384617,South America,Subset: Freedom
300.0,400.0,2.923076923076923,4.0,2.0,3.6528333061927025,2.1933205399611433,South America,Subset: Freedom
400.0,500.0,2.923076923076923,3.08,2.0,3.5384615384615383,2.3076923076923075,South America,Subset: Freedom
500.0,600.0,3.1538461538461537,4.0,2.92,3.815563482080202,2.4921288256121055,South America,Subset: Freedom
600.0,700.0,3.1538461538461537,4.0,2.92,4.102217538918304,2.2054747687740033,South America,Subset: Freedom
700.0,800.0,3.5384615384615383,4.08,2.92,4.467926613353429,2.608996463569648,South America,Subset: Freedom
800.0,900.0,3.230769230769231,4.0,2.92,4.03017729580102,2.4313611657374414,South America,Subset: Freedom
900.0,1000.0,3.3076923076923075,4.0,2.92,4.129006019387024,2.486378595997591,South America,Subset: Freedom
1000.0,1100.0,3.5384615384615383,4.08,2.92,4.6208651753438685,2.456057901579208,South America,Subset: Freedom
1100.0,1200.0,3.4615384615384617,5.0,2.0,4.79831901515252,2.1247579079244026,South America,Subset: Freedom
1200.0,1300.0,3.6153846153846154,5.08,2.0,5.004266929635984,2.226502301133247,South America,Subset: Freedom
1300.0,1400.0,3.4615384615384617,5.08,2.0,4.908837517094367,2.014239405982556,South America,Subset: Freedom
1400.0,1500.0,3.692307692307693,6.0,2.0,5.279982110811561,2.104633273803824,South America,Subset: Freedom
1500.0,1600.0,1.2307692307692308,2.0,1.0,1.652094275003974,0.8094441865344877,South America,Subset: Freedom
1600.0,1700.0,1.2307692307692308,2.0,1.0,1.652094275003974,0.8094441865344877,South America,Subset: Freedom
1700.0,1800.0,1.3846153846153846,2.0,1.0,1.8711196400259045,0.8981111292048647,South America,Subset: Freedom
1800.0,1900.0,3.769230769230769,4.0,3.0,4.1905558134655125,3.347905724996026,South America,Subset: Freedom
1900.0,2000.0,5.6923076923076925,6.0,5.0,6.153846153846154,5.230769230769231,South America,Subset: Freedom
2000.0,2025.0,6.769230769230769,7.0,6.0,7.1905558134655125,6.347905724996026,South America,Subset: Freedom
-1000.0,-900.0,3.8461538461538463,4.0,3.0,4.379092556175039,3.313215136132653,South America,Subset: Health & Wellbeing
-900.0,-800.0,4.0,5.0,3.0,4.679366220486758,3.3206337795132423,South America,Subset: Health & Wellbeing
-800.0,-700.0,4.615384615384615,5.0,4.0,5.101888870795134,4.1288803599740955,South America,Subset: Health & Wellbeing
-700.0,-600.0,4.615384615384615,5.0,4.0,5.101888870795134,4.1288803599740955,South America,Subset: Health & Wellbeing
-600.0,-500.0,5.076923076923077,6.0,4.0,5.806679460038857,4.347166693807297,South America,Subset: Health & Wellbeing
-500.0,-400.0,5.0,6.0,4.0,5.784464540552737,4.215535459447263,South America,Subset: Health & Wellbeing
-400.0,-300.0,5.153846153846154,6.0,4.92,5.8155634820802025,4.492128825612106,South America,Subset: Health & Wellbeing
-300.0,-200.0,5.230769230769231,6.0,5.0,5.806408828734453,4.655129632804009,South America,Subset: Health & Wellbeing
-200.0,-100.0,5.3076923076923075,6.0,5.0,5.9133852210778315,4.7019993943067835,South America,Subset: Health & Wellbeing
-100.0,0.0,5.6923076923076925,6.08,5.0,6.413910116895912,4.970705267719473,South America,Subset: Health & Wellbeing
0.0,100.0,5.769230769230769,6.08,5.0,6.465798856779801,5.072662681681737,South America,Subset: Health & Wellbeing
100.0,200.0,5.846153846153846,7.0,5.0,6.615384615384615,5.076923076923077,South America,Subset: Health & Wellbeing
200.0,300.0,5.6923076923076925,6.08,5.0,6.413910116895912,4.970705267719473,South America,Subset: Health & Wellbeing
300.0,400.0,5.615384615384615,6.08,5.0,6.450983114707708,4.779786116061522,South America,Subset: Health & Wellbeing
400.0,500.0,5.461538461538462,6.08,4.0,6.4703751575849235,4.452701765492,South America,Subset: Health & Wellbeing
500.0,600.0,5.615384615384615,7.0,4.92,6.618338831569638,4.612430399199592,South America,Subset: Health & Wellbeing
600.0,700.0,5.615384615384615,6.08,5.0,6.353204849740418,4.877564381028812,South America,Subset: Health & Wellbeing
700.0,800.0,5.6923076923076925,6.08,5.0,6.413910116895912,4.970705267719473,South America,Subset: Health & Wellbeing
800.0,900.0,5.615384615384615,6.0,5.0,6.240310646510458,4.990458584258772,South America,Subset: Health & Wellbeing
900.0,1000.0,5.6923076923076925,6.08,5.0,6.413910116895912,4.970705267719473,South America,Subset: Health & Wellbeing
1000.0,1100.0,6.153846153846154,7.0,6.0,6.686784863867347,5.6209074438249615,South America,Subset: Health & Wellbeing
1100.0,1200.0,6.384615384615385,7.0,6.0,6.8711196400259045,5.898111129204866,South America,Subset: Health & Wellbeing
1200.0,1300.0,6.615384615384615,7.0,6.0,7.101888870795134,6.1288803599740955,South America,Subset: Health & Wellbeing
1300.0,1400.0,6.769230769230769,7.0,6.0,7.1905558134655125,6.347905724996026,South America,Subset: Health & Wellbeing
1400.0,1500.0,7.076923076923077,7.0,7.0,7.343392431933673,6.81045372191248,South America,Subset: Health & Wellbeing
1500.0,1600.0,2.3076923076923075,3.0,2.0,2.769230769230769,1.8461538461538456,South America,Subset: Health & Wellbeing
1600.0,1700.0,2.8461538461538463,3.0,2.92,3.206955058447956,2.4853526338597365,South America,Subset: Health & Wellbeing
1700.0,1800.0,3.3076923076923075,4.0,3.0,3.769230769230769,2.846153846153846,South America,Subset: Health & Wellbeing
1800.0,1900.0,4.461538461538462,5.0,4.0,4.960056976800605,3.9630199462763183,South America,Subset: Health & Wellbeing
1900.0,2000.0,6.538461538461538,7.0,6.0,7.036980053723681,6.039943023199395,South America,Subset: Health & Wellbeing
2000.0,2025.0,7.076923076923077,7.0,7.0,7.343392431933673,6.81045372191248,South America,Subset: Health & Wellbeing
-1000.0,-900.0,7.846153846153846,8.0,7.92,8.206955058447956,7.485352633859736,South America,Subset: Peace
-900.0,-800.0,7.846153846153846,8.0,7.92,8.206955058447956,7.485352633859736,South America,Subset: Peace
-800.0,-700.0,7.230769230769231,8.0,7.0,7.806408828734453,6.655129632804009,South America,Subset: Peace
-700.0,-600.0,6.846153846153846,7.0,6.92,7.206955058447956,6.485352633859736,South America,Subset: Peace
-600.0,-500.0,6.6923076923076925,7.0,6.0,7.153846153846154,6.230769230769231,South America,Subset: Peace
-500.0,-400.0,6.153846153846154,7.0,5.92,6.8155634820802025,5.492128825612106,South America,Subset: Peace
-400.0,-300.0,5.923076923076923,6.08,5.92,6.652833306192703,5.193320539961143,South America,Subset: Peace
-300.0,-200.0,5.384615384615385,6.0,5.0,6.009541415741228,4.759689353489542,South America,Subset: Peace
-200.0,-100.0,5.230769230769231,6.0,4.0,6.03017729580102,4.431361165737441,South America,Subset: Peace
-100.0,0.0,5.384615384615385,6.0,5.0,6.009541415741228,4.759689353489542,South America,Subset: Peace
0.0,100.0,5.3076923076923075,6.0,4.92,6.029294732280527,4.586089883104088,South America,Subset: Peace
100.0,200.0,5.3076923076923075,6.0,4.0,6.217858428169172,4.397526187215443,South America,Subset: Peace
200.0,300.0,5.0,5.08,4.0,5.784464540552737,4.215535459447263,South America,Subset: Peace
300.0,400.0,4.461538461538462,5.0,4.0,5.207335362679435,3.715741560397488,South America,Subset: Peace
400.0,500.0,4.230769230769231,5.08,3.0,5.279860130537374,3.1816783310010877,South America,Subset: Peace
500.0,600.0,4.6923076923076925,6.0,4.0,5.513621404002409,3.870993980612977,South America,Subset: Peace
600.0,700.0,4.615384615384615,5.0,3.92,5.450983114707708,3.779786116061522,South America,Subset: Peace
700.0,800.0,4.923076923076923,6.0,4.0,5.652833306192703,4.193320539961143,South America,Subset: Peace
800.0,900.0,4.615384615384615,5.0,3.92,5.450983114707708,3.779786116061522,South America,Subset: Peace
900.0,1000.0,4.6923076923076925,6.0,3.92,5.683392209748087,3.701223174867298,South America,Subset: Peace
1000.0,1100.0,4.923076923076923,6.0,4.0,5.8397211759856145,4.006432670168232,South America,Subset: Peace
1100.0,1200.0,4.769230769230769,6.0,4.0,5.659679761753094,3.878781776708444,South America,Subset: Peace
1200.0,1300.0,4.923076923076923,6.0,4.0,5.8397211759856145,4.006432670168232,South America,Subset: Peace
1300.0,1400.0,4.846153846153846,6.08,4.0,5.944835142852746,3.7474725494549457,South America,Subset: Peace
1400.0,1500.0,4.923076923076923,6.08,3.92,6.25097511551016,3.595178730643687,South America,Subset: Peace
1500.0,1600.0,2.1538461538461537,2.08,2.0,2.514647366140264,1.7930449415520435,South America,Subset: Peace
1600.0,1700.0,2.8461538461538463,3.0,2.0,3.3790925561750393,2.313215136132653,South America,Subset: Peace
1700.0,1800.0,3.3846153846153846,4.0,3.0,4.009541415741228,2.7596893534895415,South America,Subset: Peace
1800.0,1900.0,4.6923076923076925,5.0,4.0,5.2980006056932165,4.0866147789221685,South America,Subset: Peace
1900.0,2000.0,5.3076923076923075,6.0,4.92,6.029294732280527,4.586089883104088,South America,Subset: Peace
2000.0,2025.0,5.846153846153846,6.0,5.92,6.507871174387894,5.1844365179197975,South America,Subset: Peace
-1000.0,-900.0,2038461.5384615385,2080000.0,1460000.0,2784258.439602512,1292664.6373205648,South America,Subset: Population
-900.0,-800.0,2207692.3076923075,2280000.0,1560000.0,3044776.568189181,1370608.047195434,South America,Subset: Population
-800.0,-700.0,2392307.6923076925,2572000.0,1660000.0,3325013.8777714577,1459601.5068439275,South America,Subset: Population
-700.0,-600.0,2576923.076923077,2864000.0,1760000.0,3609584.944401672,1544261.2094444823,South America,Subset: Population
-600.0,-500.0,2776923.076923077,3248000.0,1860000.0,3917876.69032241,1635969.463523744,South America,Subset: Population
-500.0,-400.0,2969230.769230769,3632000.0,1960000.0,4220313.140856121,1718148.3976054168,South America,Subset: Population
-400.0,-300.0,3161538.4615384615,4016000.0,2060000.0,4525660.304471439,1797416.6186054838,South America,Subset: Population
-300.0,-200.0,3384615.3846153845,4408000.0,2160000.0,4874502.398321278,1894728.3709094904,South America,Subset: Population
-200.0,-100.0,3607692.307692307,4632000.0,2260000.0,5227977.913314656,1987406.7020699584,South America,Subset: Population
-100.0,0.0,3876923.076923077,5040000.0,2368000.0,5609042.208620008,2144803.9452261454,South America,Subset: Population
0.0,100.0,4176923.076923077,5540000.0,2476000.0,6020478.9412385775,2333367.2126075765,South America,Subset: Population
100.0,200.0,4484615.384615385,6040000.0,2676000.0,6439430.407871531,2529800.3613592386,South America,Subset: Population
200.0,300.0,4784615.384615385,6540000.0,2876000.0,6864499.3140122425,2704731.4552185275,South America,Subset: Population
300.0,400.0,5084615.384615385,7040000.0,3076000.0,7294330.351910124,2874900.417320646,South America,Subset: Population
400.0,500.0,5369230.769230769,7540000.0,3276000.0,7707995.931705851,3030465.6067556865,South America,Subset: Population
500.0,600.0,5653846.153846154,8040000.0,3476000.0,8125412.267316405,3182280.0403759037,South America,Subset: Population
600.0,700.0,5946153.846153846,8540000.0,3584000.0,8555195.929316932,3337111.76299076,South America,Subset: Population
700.0,800.0,6253846.153846154,9040000.0,3692000.0,9006359.797944352,3501332.5097479555,South America,Subset: Population
800.0,900.0,6569230.769230769,9540000.0,3800000.0,9458836.708663875,3679624.82979766,South America,Subset: Population
900.0,1000.0,6884615.384615385,10040000.0,3900000.0,9913666.049261669,3855564.719969103,South America,Subset: Population
1000.0,1100.0,7246153.846153846,11000000.0,4000000.0,10454464.061496155,4037843.630811536,South America,Subset: Population
1100.0,1200.0,7630769.230769231,11540000.0,4200000.0,11002457.831999872,4259080.62953859,South America,Subset: Population
1200.0,1300.0,8046153.846153846,12080000.0,4500000.0,11570053.649281796,4522254.043025896,South America,Subset: Population
1300.0,1400.0,8515384.615384616,12620000.0,4800000.0,12260914.49550041,4769854.735268822,South America,Subset: Population
1400.0,1500.0,9084615.384615384,13160000.0,5200000.0,13065115.18969324,5104115.579537528,South America,Subset: Population
1500.0,1600.0,8076923.076923077,12120000.0,4760000.0,12250310.162170935,3903535.991675219,South America,Subset: Population
1600.0,1700.0,5692307.692307692,8080000.0,3000000.0,8090531.887403061,3294083.4972123234,South America,Subset: Population
1700.0,1800.0,6846153.846153846,9080000.0,4000000.0,9509181.4420175,4183126.250290191,South America,Subset: Population
1800.0,1900.0,12384615.384615384,15000000.0,8000000.0,16218441.782885265,8550788.986345503,South America,Subset: Population
1900.0,2000.0,196153846.15384617,200000000.0,196000000.0,219863130.7806499,172444561.5270424,South America,Subset: Population
2000.0,2025.0,430000000.0,430000000.0,430000000.0,430000000.0,430000000.0,South America,Subset: Population
-1000.0,-900.0,4.122222222222222,4.333333333333333,3.8333333333333335,4.353696296177773,3.89074814826667,South Asia,Overall
-900.0,-800.0,4.022222222222223,4.293333333333333,3.8333333333333335,4.248845311715236,3.7955991327292105,South Asia,Overall
-800.0,-700.0,4.311111111111112,4.666666666666667,4.0,4.695369254795347,3.9268529674268766,South Asia,Overall
-700.0,-600.0,4.466666666666667,4.793333333333333,4.206666666666667,4.87126981013407,4.062063523199264,South Asia,Overall
-600.0,-500.0,5.066666666666666,5.833333333333333,4.5,5.6746384009024196,4.458694932430913,South Asia,Overall
-500.0,-400.0,5.766666666666667,6.333333333333333,5.246666666666667,6.306899812495254,5.226433520838079,South Asia,Overall
-400.0,-300.0,5.044444444444445,5.333333333333333,4.666666666666667,5.40173189312919,4.6871569957597,South Asia,Overall
-300.0,-200.0,5.788888888888889,6.5,4.873333333333333,6.554991741152809,5.022786036624969,South Asia,Overall
-200.0,-100.0,5.855555555555556,6.46,5.373333333333333,6.513460948581665,5.197650162529447,South Asia,Overall
-100.0,0.0,5.433333333333334,6.293333333333333,4.5,6.389405545079954,4.4772611215867135,South Asia,Overall
0.0,100.0,5.700000000000001,6.793333333333333,4.746666666666667,6.617322997357792,4.7826770026422105,South Asia,Overall
100.0,200.0,5.277777777777778,5.793333333333333,4.666666666666667,5.814111928273207,4.741443627282348,South Asia,Overall
200.0,300.0,4.9,5.293333333333333,4.373333333333333,5.495663340163565,4.304336659836435,South Asia,Overall
300.0,400.0,5.3,6.0,4.5,5.980957930935314,4.619042069064686,South Asia,Overall
400.0,500.0,4.977777777777777,5.666666666666667,4.206666666666667,5.676630453045172,4.278925102510382,South Asia,Overall
500.0,600.0,4.966666666666667,5.666666666666667,4.373333333333333,5.4908944938704645,4.442438839462869,South Asia,Overall
600.0,700.0,5.122222222222222,5.626666666666667,4.5,5.6946331943285,4.549811250115944,South Asia,Overall
700.0,800.0,4.666666666666666,5.166666666666667,4.08,5.296187354409568,4.037145978923764,South Asia,Overall
800.0,900.0,5.155555555555555,5.666666666666667,4.5,5.704853648635923,4.606257462475187,South Asia,Overall
900.0,1000.0,4.8,5.253333333333333,4.5,5.260273670604621,4.339726329395378,South Asia,Overall
1000.0,1100.0,4.144444444444444,4.5,3.7066666666666666,4.518939989918949,3.7699488989699392,South Asia,Overall
1100.0,1200.0,4.377777777777778,4.666666666666667,3.786666666666666,4.877654305742311,3.877901249813245,South Asia,Overall
1200.0,1300.0,4.222222222222222,4.666666666666667,3.54,4.835853389843737,3.608591054600707,South Asia,Overall
1300.0,1400.0,3.855555555555555,4.333333333333333,3.3333333333333335,4.364245472989316,3.3468656381217956,South Asia,Overall
1400.0,1500.0,4.977777777777778,5.46,4.54,5.352273323252283,4.603282232303273,South Asia,Overall
1500.0,1600.0,6.155555555555556,6.5,5.833333333333333,6.480258648804499,5.830852462306613,South Asia,Overall
1600.0,1700.0,6.555555555555555,6.793333333333333,6.373333333333333,6.788624188482256,6.322486922628855,South Asia,Overall
1700.0,1800.0,4.511111111111111,4.666666666666667,4.333333333333333,4.688193082783436,4.334029139438786,South Asia,Overall
1800.0,1900.0,3.666666666666667,4.0,3.3333333333333335,3.970956976391759,3.3623763569415748,South Asia,Overall
1900.0,2000.0,5.222222222222222,5.5,4.873333333333333,5.536491902749577,4.9079525416948675,South Asia,Overall
2000.0,2025.0,6.266666666666667,6.333333333333333,6.04,6.425365076189841,6.107968257143492,South Asia,Overall
-1000.0,-900.0,5.666666666666667,6.0,5.0,6.138071187457698,5.195262145875636,South Asia,Subset: Culture & Lesure
-900.0,-800.0,5.8,6.0,5.24,6.2,5.3999999999999995,South Asia,Subset: Culture & Lesure
-800.0,-700.0,6.533333333333333,7.0,6.0,7.0322209849031925,6.034445681763474,South Asia,Subset: Culture & Lesure
-700.0,-600.0,6.866666666666666,7.0,7.0,7.206601300906185,6.526732032427147,South Asia,Subset: Culture & Lesure
-600.0,-500.0,7.333333333333333,8.0,7.0,7.804737854124364,6.861928812542302,South Asia,Subset: Culture & Lesure
-500.0,-400.0,7.666666666666667,8.0,7.0,8.1380711874577,7.195262145875636,South Asia,Subset: Culture & Lesure
-400.0,-300.0,7.133333333333334,7.0,7.0,7.473267967572853,6.793398699093815,South Asia,Subset: Culture & Lesure
-300.0,-200.0,8.0,9.0,7.0,8.894427190999917,7.105572809000084,South Asia,Subset: Culture & Lesure
-200.0,-100.0,8.2,9.0,8.0,8.741602560309063,7.658397439690935,South Asia,Subset: Culture & Lesure
-100.0,0.0,7.933333333333334,9.0,7.0,8.70505579351935,7.1616108731473185,South Asia,Subset: Culture & Lesure
0.0,100.0,8.066666666666666,9.0,7.0,8.838389126852682,7.294944206480651,South Asia,Subset: Culture & Lesure
100.0,200.0,7.6,8.0,7.0,8.211010092660779,6.988989907339221,South Asia,Subset: Culture & Lesure
200.0,300.0,7.2,7.0,7.0,7.741602560309064,6.658397439690936,South Asia,Subset: Culture & Lesure
300.0,400.0,7.6,8.0,7.0,8.211010092660779,6.988989907339221,South Asia,Subset: Culture & Lesure
400.0,500.0,7.266666666666667,8.0,7.0,7.840155017802842,6.693178315530491,South Asia,Subset: Culture & Lesure
500.0,600.0,7.2,8.0,7.0,7.853197264742181,6.5468027352578195,South Asia,Subset: Culture & Lesure
600.0,700.0,7.533333333333333,8.0,7.0,8.15157456636638,6.915092100300286,South Asia,Subset: Culture & Lesure
700.0,800.0,7.133333333333334,7.76,7.0,7.632220984903193,6.6344456817634745,South Asia,Subset: Culture & Lesure
800.0,900.0,7.533333333333333,8.0,7.0,8.032220984903192,7.034445681763474,South Asia,Subset: Culture & Lesure
900.0,1000.0,7.333333333333333,8.0,7.0,7.804737854124364,6.861928812542302,South Asia,Subset: Culture & Lesure
1000.0,1100.0,6.933333333333334,7.0,7.0,7.375549972047387,6.49111669461928,South Asia,Subset: Culture & Lesure
1100.0,1200.0,7.333333333333333,8.0,7.0,8.032539232113434,6.634127434553232,South Asia,Subset: Culture & Lesure
1200.0,1300.0,7.0,7.76,6.24,7.632455532033676,6.367544467966324,South Asia,Subset: Culture & Lesure
1300.0,1400.0,6.6,7.0,6.0,7.211010092660779,5.988989907339221,South Asia,Subset: Culture & Lesure
1400.0,1500.0,7.866666666666666,8.0,7.24,8.365554318236525,7.367779015096807,South Asia,Subset: Culture & Lesure
1500.0,1600.0,8.866666666666667,9.0,9.0,9.206601300906186,8.526732032427148,South Asia,Subset: Culture & Lesure
1600.0,1700.0,9.0,9.0,9.0,9.0,9.0,South Asia,Subset: Culture & Lesure
1700.0,1800.0,7.066666666666666,7.0,7.0,7.316110492451596,6.817222840881737,South Asia,Subset: Culture & Lesure
1800.0,1900.0,6.066666666666666,6.0,6.0,6.316110492451596,5.817222840881737,South Asia,Subset: Culture & Lesure
1900.0,2000.0,7.066666666666666,7.0,7.0,7.316110492451596,6.817222840881737,South Asia,Subset: Culture & Lesure
2000.0,2025.0,7.933333333333334,8.0,8.0,8.182777159118263,7.683889507548404,South Asia,Subset: Culture & Lesure
-1000.0,-900.0,3.0,3.0,3.0,3.0,3.0,South Asia,Subset: Economic Opportunity
-900.0,-800.0,3.8,4.0,3.24,4.2,3.4,South Asia,Subset: Economic Opportunity
-800.0,-700.0,4.133333333333334,4.0,4.0,4.473267967572853,3.793398699093814,South Asia,Subset: Economic Opportunity
-700.0,-600.0,4.4,5.0,4.0,4.889897948556636,3.910102051443365,South Asia,Subset: Economic Opportunity
-600.0,-500.0,5.0,5.76,4.24,5.632455532033676,4.367544467966324,South Asia,Subset: Economic Opportunity
-500.0,-400.0,5.733333333333333,6.0,5.0,6.175549972047387,5.29111669461928,South Asia,Subset: Economic Opportunity
-400.0,-300.0,5.0,5.0,5.0,5.365148371670111,4.634851628329889,South Asia,Subset: Economic Opportunity
-300.0,-200.0,5.8,7.0,5.0,6.7092121131323905,4.890787886867609,South Asia,Subset: Economic Opportunity
-200.0,-100.0,5.866666666666666,6.76,5.0,6.672203064906304,5.0611302684270285,South Asia,Subset: Economic Opportunity
-100.0,0.0,5.466666666666667,6.0,5.0,6.3510999440947735,4.58223338923856,South Asia,Subset: Economic Opportunity
0.0,100.0,5.866666666666666,7.0,5.0,6.751099944094773,4.9822333892385595,South Asia,Subset: Economic Opportunity
100.0,200.0,5.333333333333333,6.0,5.0,5.929618127333277,4.737048539333389,South Asia,Subset: Economic Opportunity
200.0,300.0,4.933333333333334,5.0,4.24,5.506821684469509,4.359844982197158,South Asia,Subset: Economic Opportunity
300.0,400.0,5.333333333333333,6.0,5.0,6.032539232113434,4.634127434553232,South Asia,Subset: Economic Opportunity
400.0,500.0,4.933333333333334,5.76,4.0,5.613202601812372,4.253464064854295,South Asia,Subset: Economic Opportunity
500.0,600.0,5.0,5.0,5.0,5.516397779494322,4.483602220505678,South Asia,Subset: Economic Opportunity
600.0,700.0,5.333333333333333,6.0,5.0,5.929618127333277,4.737048539333389,South Asia,Subset: Economic Opportunity
700.0,800.0,5.066666666666666,6.0,4.24,5.746535935145705,4.386797398187628,South Asia,Subset: Economic Opportunity
800.0,900.0,5.466666666666667,6.0,5.0,6.084907899699714,4.848425433633619,South Asia,Subset: Economic Opportunity
900.0,1000.0,5.133333333333334,6.0,5.0,5.751574566366381,4.515092100300286,South Asia,Subset: Economic Opportunity
1000.0,1100.0,4.666666666666667,5.0,4.0,5.262951460666611,4.070381872666723,South Asia,Subset: Economic Opportunity
1100.0,1200.0,5.0,5.76,4.24,5.632455532033676,4.367544467966324,South Asia,Subset: Economic Opportunity
1200.0,1300.0,4.933333333333334,5.76,4.0,5.613202601812372,4.253464064854295,South Asia,Subset: Economic Opportunity
1300.0,1400.0,4.466666666666667,5.0,4.0,5.184688640951268,3.748644692382066,South Asia,Subset: Economic Opportunity
1400.0,1500.0,5.333333333333333,6.0,5.0,5.929618127333277,4.737048539333389,South Asia,Subset: Economic Opportunity
1500.0,1600.0,6.666666666666667,7.0,6.0,7.138071187457698,6.195262145875636,South Asia,Subset: Economic Opportunity
1600.0,1700.0,7.066666666666666,7.0,7.0,7.50888330538072,6.624450027952613,South Asia,Subset: Economic Opportunity
1700.0,1800.0,5.066666666666666,5.0,5.0,5.50888330538072,4.624450027952613,South Asia,Subset: Economic Opportunity
1800.0,1900.0,4.666666666666667,5.0,4.0,5.365872565446768,3.967460767886566,South Asia,Subset: Economic Opportunity
1900.0,2000.0,6.0,6.0,6.0,6.365148371670111,5.634851628329889,South Asia,Subset: Economic Opportunity
2000.0,2025.0,7.066666666666666,7.0,7.0,7.316110492451596,6.817222840881737,South Asia,Subset: Economic Opportunity
-1000.0,-900.0,3.0,4.0,2.0,4.095445115010332,1.904554884989668,South Asia,Subset: Equality
-900.0,-800.0,2.6666666666666665,3.76,2.0,3.4554773044132823,1.877856028920051,South Asia,Subset: Equality
-800.0,-700.0,2.933333333333333,3.76,2.0,3.931108636473051,1.9355580301936155,South Asia,Subset: Equality
-700.0,-600.0,3.2666666666666666,4.0,2.24,4.195225885145608,2.338107448187725,South Asia,Subset: Equality
-600.0,-500.0,3.933333333333333,5.0,3.0,5.114669676444623,2.751996990222043,South Asia,Subset: Equality
-500.0,-400.0,4.466666666666667,5.76,4.0,5.4235133396271555,3.5098199937061785,South Asia,Subset: Equality
-400.0,-300.0,3.8,5.0,3.0,4.632666399786453,2.9673336002135464,South Asia,Subset: Equality
-300.0,-200.0,4.4,5.0,3.24,5.279393730551528,3.5206062694484723,South Asia,Subset: Equality
-200.0,-100.0,4.4,5.0,3.24,5.352190457139047,3.447809542860954,South Asia,Subset: Equality
-100.0,0.0,4.0,5.76,3.0,5.1547005383792515,2.8452994616207485,South Asia,Subset: Equality
0.0,100.0,4.066666666666666,5.76,3.0,5.248003009777957,2.885330323555376,South Asia,Subset: Equality
100.0,200.0,3.933333333333333,5.0,3.0,4.705055793519348,3.161610873147318,South Asia,Subset: Equality
200.0,300.0,3.6666666666666665,5.0,3.0,4.53589365402702,2.797439679306313,South Asia,Subset: Equality
300.0,400.0,4.0,5.0,3.0,4.966091783079296,3.033908216920704,South Asia,Subset: Equality
400.0,500.0,3.8,4.76,3.0,4.7092121131323905,2.890787886867609,South Asia,Subset: Equality
500.0,600.0,3.7333333333333334,4.0,3.0,4.413202601812372,3.0534640648542952,South Asia,Subset: Equality
600.0,700.0,3.933333333333333,5.0,3.0,4.861892551812274,3.004774114854392,South Asia,Subset: Equality
700.0,800.0,3.466666666666667,4.76,3.0,4.490819433049148,2.442513900284186,South Asia,Subset: Equality
800.0,900.0,3.933333333333333,5.0,3.0,4.861892551812274,3.004774114854392,South Asia,Subset: Equality
900.0,1000.0,3.466666666666667,4.0,3.0,4.184688640951268,2.748644692382066,South Asia,Subset: Equality
1000.0,1100.0,3.0,4.0,2.0,3.7302967433402214,2.2697032566597786,South Asia,Subset: Equality
1100.0,1200.0,3.066666666666667,4.0,2.0,3.9204165649910463,2.212916768342287,South Asia,Subset: Equality
1200.0,1300.0,3.0,3.76,2.0,3.8164965809277263,2.1835034190722737,South Asia,Subset: Equality
1300.0,1400.0,2.6666666666666665,3.0,2.0,3.3658725654467676,1.9674607678865657,South Asia,Subset: Equality
1400.0,1500.0,3.533333333333333,4.0,3.0,4.251355307617934,2.8153113590487324,South Asia,Subset: Equality
1500.0,1600.0,4.466666666666667,5.0,4.0,5.084907899699714,3.84842543363362,South Asia,Subset: Equality
1600.0,1700.0,4.733333333333333,5.0,4.0,5.413202601812372,4.053464064854295,South Asia,Subset: Equality
1700.0,1800.0,3.3333333333333335,4.0,3.0,3.8047378541243657,2.8619288125423017,South Asia,Subset: Equality
1800.0,1900.0,2.4,3.0,2.0,2.8898979485566354,1.910102051443364,South Asia,Subset: Equality
1900.0,2000.0,4.0,4.0,4.0,4.516397779494322,3.483602220505678,South Asia,Subset: Equality
2000.0,2025.0,4.533333333333333,5.0,4.0,5.151574566366381,3.9150921003002863,South Asia,Subset: Equality
-1000.0,-900.0,3.066666666666667,3.0,3.0,3.3161104924515965,2.8172228408817372,South Asia,Subset: Freedom
-900.0,-800.0,2.7333333333333334,3.0,2.0,3.1755499720473868,2.29111669461928,South Asia,Subset: Freedom
-800.0,-700.0,2.8666666666666667,3.0,2.0,3.4849078996997136,2.24842543363362,South Asia,Subset: Freedom
-700.0,-600.0,3.1333333333333333,4.0,2.24,3.8513553076179337,2.415311359048733,South Asia,Subset: Freedom
-600.0,-500.0,3.933333333333333,5.0,3.0,4.705055793519348,3.161610873147318,South Asia,Subset: Freedom
-500.0,-400.0,4.6,5.0,4.0,5.311805216802087,3.888194783197912,South Asia,Subset: Freedom
-400.0,-300.0,3.8666666666666663,4.0,3.24,4.3655543182365255,3.367779015096808,South Asia,Subset: Freedom
-300.0,-200.0,4.466666666666667,5.0,4.0,5.184688640951268,3.748644692382066,South Asia,Subset: Freedom
-200.0,-100.0,4.6,5.0,4.0,5.311805216802087,3.888194783197912,South Asia,Subset: Freedom
-100.0,0.0,4.066666666666666,5.0,3.0,5.248003009777957,2.885330323555376,South Asia,Subset: Freedom
0.0,100.0,4.4,5.76,3.24,5.543095213298817,3.256904786701184,South Asia,Subset: Freedom
100.0,200.0,4.0,4.76,3.24,4.632455532033676,3.367544467966324,South Asia,Subset: Freedom
200.0,300.0,3.6666666666666665,4.0,3.0,4.455477304413282,2.8778560289200508,South Asia,Subset: Freedom
300.0,400.0,4.0,5.0,3.0,4.730296743340221,3.2697032566597786,South Asia,Subset: Freedom
400.0,500.0,3.8,5.0,3.0,4.7092121131323905,2.890787886867609,South Asia,Subset: Freedom
500.0,600.0,3.6666666666666665,4.0,3.0,4.365872565446768,2.9674607678865654,South Asia,Subset: Freedom
600.0,700.0,3.7333333333333334,4.0,3.0,4.306821684469508,3.1598449821971584,South Asia,Subset: Freedom
700.0,800.0,3.2,4.0,3.0,3.9483314773547886,2.4516685226452117,South Asia,Subset: Freedom
800.0,900.0,3.933333333333333,4.76,3.0,4.613202601812371,3.2534640648542954,South Asia,Subset: Freedom
900.0,1000.0,3.3333333333333335,4.0,3.0,3.9296181273332778,2.737048539333389,South Asia,Subset: Freedom
1000.0,1100.0,2.533333333333333,3.0,2.0,3.032220984903192,2.0344456817634744,South Asia,Subset: Freedom
1100.0,1200.0,2.8,3.0,2.0,3.341602560309064,2.2583974396909356,South Asia,Subset: Freedom
1200.0,1300.0,2.7333333333333334,3.0,2.0,3.4132026018123716,2.0534640648542952,South Asia,Subset: Freedom
1300.0,1400.0,2.6,3.0,2.0,3.0898979485566356,2.1101020514433646,South Asia,Subset: Freedom
1400.0,1500.0,3.6,4.0,3.0,4.089897948556636,3.1101020514433646,South Asia,Subset: Freedom
1500.0,1600.0,4.6,5.0,4.0,5.089897948556636,4.110102051443364,South Asia,Subset: Freedom
1600.0,1700.0,5.066666666666666,5.0,5.0,5.316110492451596,4.817222840881737,South Asia,Subset: Freedom
1700.0,1800.0,3.0,3.0,3.0,3.0,3.0,South Asia,Subset: Freedom
1800.0,1900.0,2.0,2.0,2.0,2.0,2.0,South Asia,Subset: Freedom
1900.0,2000.0,4.533333333333333,5.0,4.0,5.0322209849031925,4.034445681763474,South Asia,Subset: Freedom
2000.0,2025.0,6.0,6.0,6.0,6.0,6.0,South Asia,Subset: Freedom
-1000.0,-900.0,3.933333333333333,4.0,4.0,4.182777159118262,3.683889507548403,South Asia,Subset: Health & Wellbeing
-900.0,-800.0,3.933333333333333,4.0,4.0,4.182777159118262,3.683889507548403,South Asia,Subset: Health & Wellbeing
-800.0,-700.0,4.333333333333333,5.0,4.0,4.804737854124364,3.861928812542301,South Asia,Subset: Health & Wellbeing
-700.0,-600.0,4.6,5.0,4.0,5.089897948556636,4.110102051443364,South Asia,Subset: Health & Wellbeing
-600.0,-500.0,5.2,5.76,5.0,5.6000000000000005,4.8,South Asia,Subset: Health & Wellbeing
-500.0,-400.0,5.866666666666666,6.0,5.24,6.3655543182365255,5.367779015096807,South Asia,Subset: Health & Wellbeing
-400.0,-300.0,5.266666666666667,6.0,5.0,5.70888330538072,4.824450027952613,South Asia,Subset: Health & Wellbeing
-300.0,-200.0,5.866666666666666,7.0,5.0,6.672203064906304,5.0611302684270285,South Asia,Subset: Health & Wellbeing
-200.0,-100.0,6.066666666666666,7.0,5.24,6.746535935145705,5.386797398187628,South Asia,Subset: Health & Wellbeing
-100.0,0.0,5.733333333333333,6.0,5.0,6.413202601812372,5.053464064854295,South Asia,Subset: Health & Wellbeing
0.0,100.0,6.0,7.0,5.0,6.730296743340221,5.269703256659779,South Asia,Subset: Health & Wellbeing
100.0,200.0,5.533333333333333,6.0,5.0,6.0322209849031925,5.034445681763474,South Asia,Subset: Health & Wellbeing
200.0,300.0,5.2,5.0,5.0,5.741602560309064,4.658397439690936,South Asia,Subset: Health & Wellbeing
300.0,400.0,5.6,6.0,5.0,6.2110100926607785,4.988989907339221,South Asia,Subset: Health & Wellbeing
400.0,500.0,5.266666666666667,6.0,5.0,5.840155017802842,4.693178315530491,South Asia,Subset: Health & Wellbeing
500.0,600.0,5.266666666666667,6.0,5.0,5.70888330538072,4.824450027952613,South Asia,Subset: Health & Wellbeing
600.0,700.0,5.4,6.0,5.0,6.011010092660779,4.7889899073392215,South Asia,Subset: Health & Wellbeing
700.0,800.0,5.066666666666666,5.76,5.0,5.640155017802842,4.493178315530491,South Asia,Subset: Health & Wellbeing
800.0,900.0,5.4,6.0,5.0,5.889897948556636,4.910102051443364,South Asia,Subset: Health & Wellbeing
900.0,1000.0,5.2,5.76,5.0,5.6000000000000005,4.8,South Asia,Subset: Health & Wellbeing
1000.0,1100.0,4.666666666666667,5.0,4.0,5.138071187457698,4.195262145875636,South Asia,Subset: Health & Wellbeing
1100.0,1200.0,4.8,5.0,4.24,5.2,4.3999999999999995,South Asia,Subset: Health & Wellbeing
1200.0,1300.0,4.6,5.0,4.0,5.2110100926607785,3.9889899073392208,South Asia,Subset: Health & Wellbeing
1300.0,1400.0,4.066666666666666,5.0,3.24,4.746535935145705,3.3867973981876283,South Asia,Subset: Health & Wellbeing
1400.0,1500.0,5.0,5.0,5.0,5.516397779494322,4.483602220505678,South Asia,Subset: Health & Wellbeing
1500.0,1600.0,6.2,6.76,6.0,6.6000000000000005,5.8,South Asia,Subset: Health & Wellbeing
1600.0,1700.0,6.8,7.0,6.24,7.2,6.3999999999999995,South Asia,Subset: Health & Wellbeing
1700.0,1800.0,5.0,5.0,5.0,5.0,5.0,South Asia,Subset: Health & Wellbeing
1800.0,1900.0,4.133333333333334,5.0,4.0,4.751574566366381,3.515092100300287,South Asia,Subset: Health & Wellbeing
1900.0,2000.0,5.666666666666667,6.0,5.0,6.138071187457698,5.195262145875636,South Asia,Subset: Health & Wellbeing
2000.0,2025.0,6.933333333333334,7.0,7.0,7.182777159118263,6.683889507548404,South Asia,Subset: Health & Wellbeing
-1000.0,-900.0,6.066666666666666,6.0,6.0,6.50888330538072,5.624450027952613,South Asia,Subset: Peace
-900.0,-800.0,5.2,5.76,5.0,5.6000000000000005,4.8,South Asia,Subset: Peace
-800.0,-700.0,5.066666666666666,5.0,5.0,5.50888330538072,4.624450027952613,South Asia,Subset: Peace
-700.0,-600.0,4.533333333333333,5.0,4.0,5.0322209849031925,4.034445681763474,South Asia,Subset: Peace
-600.0,-500.0,5.0,6.76,4.0,6.1547005383792515,3.845299461620749,South Asia,Subset: Peace
-500.0,-400.0,6.266666666666667,7.0,5.24,7.195225885145608,5.338107448187725,South Asia,Subset: Peace
-400.0,-300.0,5.2,6.0,5.0,5.948331477354788,4.451668522645212,South Asia,Subset: Peace
-300.0,-200.0,6.2,7.0,5.0,7.36619037896906,5.03380962103094,South Asia,Subset: Peace
-200.0,-100.0,6.0,7.0,5.24,7.032795558988644,4.967204441011356,South Asia,Subset: Peace
-100.0,0.0,5.4,7.0,4.0,6.8514360704718165,3.948563929528184,South Asia,Subset: Peace
0.0,100.0,5.8,7.0,5.0,7.022020185321557,4.577979814678443,South Asia,Subset: Peace
100.0,200.0,5.266666666666667,6.0,4.0,6.195225885145608,4.338107448187725,South Asia,Subset: Peace
200.0,300.0,4.733333333333333,5.0,4.0,5.587083231657713,3.8795834350089535,South Asia,Subset: Peace
300.0,400.0,5.266666666666667,6.0,4.24,6.264441969806384,4.268891363526949,South Asia,Subset: Peace
400.0,500.0,4.8,6.0,3.24,5.96619037896906,3.63380962103094,South Asia,Subset: Peace
500.0,600.0,4.933333333333334,6.0,4.0,5.787083231657713,4.079583435008954,South Asia,Subset: Peace
600.0,700.0,4.8,5.76,4.0,5.632666399786453,3.967333600213547,South Asia,Subset: Peace
700.0,800.0,4.066666666666666,5.0,3.0,4.920416564991046,3.2129167683422866,South Asia,Subset: Peace
800.0,900.0,4.666666666666667,5.76,4.0,5.53589365402702,3.797439679306314,South Asia,Subset: Peace
900.0,1000.0,4.333333333333333,5.0,4.0,5.122143971079948,3.5445226955867177,South Asia,Subset: Peace
1000.0,1100.0,3.066666666666667,3.0,3.0,3.50888330538072,2.6244500279526135,South Asia,Subset: Peace
1100.0,1200.0,3.2666666666666666,4.0,3.0,3.9465359351457048,2.5867973981876284,South Asia,Subset: Peace
1200.0,1300.0,3.066666666666667,4.0,2.0,3.995225885145608,2.138107448187726,South Asia,Subset: Peace
1300.0,1400.0,2.7333333333333334,3.0,2.0,3.4132026018123716,2.0534640648542952,South Asia,Subset: Peace
1400.0,1500.0,4.533333333333333,5.0,4.0,5.0322209849031925,4.034445681763474,South Asia,Subset: Peace
1500.0,1600.0,6.133333333333334,7.0,6.0,6.751574566366381,5.515092100300286,South Asia,Subset: Peace
1600.0,1700.0,6.666666666666667,7.0,6.0,7.138071187457698,6.195262145875636,South Asia,Subset: Peace
1700.0,1800.0,3.6,4.0,3.0,4.089897948556636,3.1101020514433646,South Asia,Subset: Peace
1800.0,1900.0,2.7333333333333334,3.0,2.0,3.3068216844695084,2.1598449821971584,South Asia,Subset: Peace
1900.0,2000.0,4.066666666666666,4.76,4.0,4.640155017802842,3.4931783155304914,South Asia,Subset: Peace
2000.0,2025.0,5.133333333333334,5.0,5.0,5.473267967572853,4.793398699093815,South Asia,Subset: Peace
-1000.0,-900.0,28000000.0,35000000.0,22000000.0,36996295.53390357,19003704.46609643,South Asia,Subset: Population
-900.0,-800.0,30666666.666666668,39280000.0,23480000.0,40489542.46191568,20843790.871417657,South Asia,Subset: Population
-800.0,-700.0,33466666.666666668,43800000.0,24720000.0,44223783.17414931,22709550.159184024,South Asia,Subset: Population
-700.0,-600.0,36733333.333333336,48320000.0,26960000.0,48369292.9222781,25097373.744388573,South Asia,Subset: Population
-600.0,-500.0,40266666.666666664,52840000.0,28960000.0,52764488.69914719,27768844.63418614,South Asia,Subset: Population
-500.0,-400.0,45066666.666666664,57600000.0,31200000.0,61043594.47592406,29089738.857409272,South Asia,Subset: Population
-400.0,-300.0,48266666.666666664,62600000.0,33440000.0,64306062.6098505,32227270.723482825,South Asia,Subset: Population
-300.0,-200.0,52066666.666666664,68080000.0,36200000.0,69082215.11180615,35051118.221527174,South Asia,Subset: Population
-200.0,-100.0,55933333.333333336,73800000.0,38200000.0,74159565.95435394,37707100.71231273,South Asia,Subset: Population
-100.0,0.0,60266666.666666664,79520000.0,40440000.0,80529824.25761372,40003509.0757196,South Asia,Subset: Population
0.0,100.0,64866666.666666664,85000000.0,43200000.0,86893518.96612658,42839814.36720675,South Asia,Subset: Population
100.0,200.0,69333333.33333333,90000000.0,46200000.0,93148361.2685585,45518305.398108155,South Asia,Subset: Population
200.0,300.0,73400000.0,95000000.0,48200000.0,99412304.78062256,47387695.21937743,South Asia,Subset: Population
300.0,400.0,77666666.66666667,100000000.0,50200000.0,105806002.51920986,49527330.81412349,South Asia,Subset: Population
400.0,500.0,81800000.0,105000000.0,52200000.0,112001986.68962029,51598013.31037973,South Asia,Subset: Population
500.0,600.0,86000000.0,110000000.0,54200000.0,118292413.96984749,53707586.03015253,South Asia,Subset: Population
600.0,700.0,90333333.33333331,115000000.0,56200000.0,124712913.83623584,55953752.830430806,South Asia,Subset: Population
700.0,800.0,94666666.66666669,120000000.0,58200000.0,131146189.08069448,58187144.25263888,South Asia,Subset: Population
800.0,900.0,99066666.66666669,125000000.0,61200000.0,137449764.7988162,60683568.53451712,South Asia,Subset: Population
900.0,1000.0,103733333.33333331,130000000.0,64200000.0,143960134.79150987,63506531.875156775,South Asia,Subset: Population
1000.0,1100.0,108933333.33333331,135000000.0,67440000.0,150875303.8269676,66991362.839699045,South Asia,Subset: Population
1100.0,1200.0,114133333.33333331,140000000.0,71200000.0,157973751.01179782,70292915.65486884,South Asia,Subset: Population
1200.0,1300.0,119266666.66666669,148800000.0,75720000.0,164972197.5743758,73561135.75895754,South Asia,Subset: Population
1300.0,1400.0,124466666.66666669,157600000.0,80000000.0,171823280.65973938,77110052.67359397,South Asia,Subset: Population
1400.0,1500.0,129133333.33333331,166400000.0,82720000.0,178787962.74713746,79478703.9195292,South Asia,Subset: Population
1500.0,1600.0,134866666.66666666,175200000.0,86200000.0,186071961.5317704,83661371.80156289,South Asia,Subset: Population
1600.0,1700.0,147333333.33333334,192800000.0,92400000.0,199674097.1370414,94992569.5296253,South Asia,Subset: Population
1700.0,1800.0,159333333.33333334,210400000.0,110000000.0,215096722.35835183,103569944.30831484,South Asia,Subset: Population
1800.0,1900.0,204000000.0,250000000.0,154400000.0,261596296.1772138,146403703.8227862,South Asia,Subset: Population
1900.0,2000.0,444000000.0,564000000.0,350000000.0,597005446.5261505,290994553.4738496,South Asia,Subset: Population
2000.0,2025.0,1800000000.0,1800000000.0,1800000000.0,1800000000.0,1800000000.0,South Asia,Subset: Population
-1000.0,-900.0,4.179487179487179,4.346666666666667,4.0,4.358056259963898,4.00091809901046,Southeast Asia,Overall
-900.0,-800.0,4.371794871794871,4.513333333333334,4.153333333333333,4.580103548836819,4.163486194752924,Southeast Asia,Overall
-800.0,-700.0,4.4230769230769225,4.666666666666667,4.166666666666667,4.645873682012599,4.200280164141246,Southeast Asia,Overall
-700.0,-600.0,4.6923076923076925,5.013333333333334,4.166666666666667,5.1491930687488585,4.2354223158665265,Southeast Asia,Overall
-600.0,-500.0,4.884615384615385,5.180000000000001,4.5,5.179765754697984,4.589465014532786,Southeast Asia,Overall
-500.0,-400.0,4.858974358974359,5.166666666666667,4.319999999999999,5.23929223010747,4.478656487841247,Southeast Asia,Overall
-400.0,-300.0,4.833333333333334,5.180000000000001,4.166666666666667,5.295583496854358,4.37108316981231,Southeast Asia,Overall
-300.0,-200.0,4.82051282051282,5.180000000000001,4.333333333333333,5.175342371874309,4.465683269151332,Southeast Asia,Overall
-200.0,-100.0,4.73076923076923,5.013333333333334,4.333333333333333,5.061130736582695,4.400407724955765,Southeast Asia,Overall
-100.0,0.0,4.743589743589744,5.166666666666667,4.319999999999999,5.1445255325926125,4.342653954586875,Southeast Asia,Overall
0.0,100.0,4.948717948717948,5.180000000000001,4.666666666666667,5.258008668764482,4.639427228671414,Southeast Asia,Overall
100.0,200.0,5.307692307692307,5.680000000000001,4.973333333333334,5.693587613930573,4.92179700145404,Southeast Asia,Overall
200.0,300.0,5.3076923076923075,5.666666666666667,5.0,5.652657026848043,4.962727588536572,Southeast Asia,Overall
300.0,400.0,5.243589743589744,5.666666666666667,4.833333333333333,5.633721129607768,4.85345835757172,Southeast Asia,Overall
400.0,500.0,5.3076923076923075,5.666666666666667,4.793333333333333,5.825932895677122,4.789451719707493,Southeast Asia,Overall
500.0,600.0,5.166666666666666,5.666666666666667,4.653333333333333,5.673036350208499,4.660296983124833,Southeast Asia,Overall
600.0,700.0,5.320512820512819,5.666666666666667,4.973333333333334,5.69297023195728,4.948055409068359,Southeast Asia,Overall
700.0,800.0,5.474358974358974,5.846666666666667,4.986666666666666,5.887012229216181,5.0617057195017665,Southeast Asia,Overall
800.0,900.0,5.435897435897436,5.666666666666667,5.293333333333333,5.759726434367054,5.112068437427818,Southeast Asia,Overall
900.0,1000.0,5.269230769230768,5.680000000000001,4.833333333333333,5.680287680561061,4.858173857900476,Southeast Asia,Overall
1000.0,1100.0,5.538461538461538,5.833333333333333,5.319999999999999,5.846153846153846,5.230769230769231,Southeast Asia,Overall
1100.0,1200.0,5.320512820512821,5.666666666666667,4.833333333333333,5.656791719194975,4.9842339218306675,Southeast Asia,Overall
1200.0,1300.0,5.076923076923077,5.5,4.833333333333333,5.387803991102106,4.766042162744047,Southeast Asia,Overall
1300.0,1400.0,5.141025641025641,5.526666666666666,4.833333333333333,5.563908269294119,4.718143012757164,Southeast Asia,Overall
1400.0,1500.0,5.5,5.833333333333333,5.153333333333333,5.839683110243379,5.160316889756621,Southeast Asia,Overall
1500.0,1600.0,4.538461538461538,4.846666666666667,4.319999999999999,4.831936490827169,4.244986586095908,Southeast Asia,Overall
1600.0,1700.0,4.012820512820513,4.346666666666667,3.8333333333333335,4.3965802447973275,3.629060780843698,Southeast Asia,Overall
1700.0,1800.0,3.641025641025642,3.8466666666666662,3.3200000000000003,4.009935758203543,3.27211552384774,Southeast Asia,Overall
1800.0,1900.0,3.9871794871794872,4.180000000000001,3.806666666666666,4.27556979177441,3.698789182584565,Southeast Asia,Overall
1900.0,2000.0,5.448717948717948,5.666666666666667,5.319999999999999,5.6692903914626305,5.2281455059732655,Southeast Asia,Overall
2000.0,2025.0,6.641025641025641,6.833333333333333,6.486666666666666,6.856318661842907,6.425732620208376,Southeast Asia,Overall
-1000.0,-900.0,5.153846153846154,5.08,5.0,5.514647366140264,4.793044941552044,Southeast Asia,Subset: Culture & Lesure
-900.0,-800.0,5.538461538461538,6.0,5.0,6.036980053723681,5.039943023199395,Southeast Asia,Subset: Culture & Lesure
-800.0,-700.0,6.076923076923077,6.0,6.0,6.343392431933673,5.81045372191248,Southeast Asia,Subset: Culture & Lesure
-700.0,-600.0,6.461538461538462,7.0,6.0,6.960056976800605,5.963019946276319,Southeast Asia,Subset: Culture & Lesure
-600.0,-500.0,6.846153846153846,7.0,6.92,7.206955058447956,6.485352633859736,Southeast Asia,Subset: Culture & Lesure
-500.0,-400.0,6.923076923076923,7.0,7.0,7.18954627808752,6.656607568066327,Southeast Asia,Subset: Culture & Lesure
-400.0,-300.0,6.923076923076923,7.08,6.0,7.538461538461539,6.3076923076923075,Southeast Asia,Subset: Culture & Lesure
-300.0,-200.0,6.923076923076923,7.08,6.0,7.538461538461539,6.3076923076923075,Southeast Asia,Subset: Culture & Lesure
-200.0,-100.0,7.076923076923077,8.0,6.92,7.6923076923076925,6.461538461538461,Southeast Asia,Subset: Culture & Lesure
-100.0,0.0,7.0,7.08,6.92,7.554700196225229,6.445299803774771,Southeast Asia,Subset: Culture & Lesure
0.0,100.0,7.3076923076923075,8.0,7.0,7.913385221077832,6.7019993943067835,Southeast Asia,Subset: Culture & Lesure
100.0,200.0,7.6923076923076925,8.0,7.0,8.153846153846153,7.230769230769231,Southeast Asia,Subset: Culture & Lesure
200.0,300.0,7.846153846153846,8.0,7.0,8.379092556175038,7.313215136132653,Southeast Asia,Subset: Culture & Lesure
300.0,400.0,7.769230769230769,8.0,7.0,8.344870367195991,7.193591171265547,Southeast Asia,Subset: Culture & Lesure
400.0,500.0,7.6923076923076925,8.0,7.0,8.413910116895913,6.970705267719473,Southeast Asia,Subset: Culture & Lesure
500.0,600.0,7.615384615384615,8.0,7.0,8.101888870795134,7.1288803599740955,Southeast Asia,Subset: Culture & Lesure
600.0,700.0,7.769230769230769,8.0,7.0,8.190555813465512,7.347905724996026,Southeast Asia,Subset: Culture & Lesure
700.0,800.0,7.923076923076923,8.08,7.0,8.538461538461538,7.307692307692308,Southeast Asia,Subset: Culture & Lesure
800.0,900.0,8.0,8.08,7.92,8.554700196225228,7.445299803774771,Southeast Asia,Subset: Culture & Lesure
900.0,1000.0,8.0,8.0,8.0,8.392232270276368,7.607767729723632,Southeast Asia,Subset: Culture & Lesure
1000.0,1100.0,8.384615384615385,9.0,8.0,9.009541415741229,7.759689353489542,Southeast Asia,Subset: Culture & Lesure
1100.0,1200.0,8.23076923076923,9.0,7.92,8.927337318318262,7.534201143220198,Southeast Asia,Subset: Culture & Lesure
1200.0,1300.0,7.6923076923076925,8.0,7.0,8.298000605693217,7.0866147789221685,Southeast Asia,Subset: Culture & Lesure
1300.0,1400.0,7.846153846153846,8.08,7.0,8.507871174387894,7.1844365179197975,Southeast Asia,Subset: Culture & Lesure
1400.0,1500.0,8.076923076923077,8.08,8.0,8.551108769459152,7.602737384387002,Southeast Asia,Subset: Culture & Lesure
1500.0,1600.0,7.153846153846154,8.0,7.0,7.686784863867347,6.6209074438249615,Southeast Asia,Subset: Culture & Lesure
1600.0,1700.0,6.538461538461538,7.0,6.0,7.036980053723681,6.039943023199395,Southeast Asia,Subset: Culture & Lesure
1700.0,1800.0,6.0,6.08,5.92,6.554700196225229,5.445299803774771,Southeast Asia,Subset: Culture & Lesure
1800.0,1900.0,6.076923076923077,6.08,6.0,6.551108769459152,5.602737384387002,Southeast Asia,Subset: Culture & Lesure
1900.0,2000.0,7.153846153846154,7.08,7.0,7.514647366140264,6.793044941552044,Southeast Asia,Subset: Culture & Lesure
2000.0,2025.0,8.0,8.0,8.0,8.0,8.0,Southeast Asia,Subset: Culture & Lesure
-1000.0,-900.0,2.769230769230769,3.0,2.0,3.1905558134655125,2.347905724996026,Southeast Asia,Subset: Economic Opportunity
-900.0,-800.0,3.769230769230769,4.0,3.0,4.1905558134655125,3.347905724996026,Southeast Asia,Subset: Economic Opportunity
-800.0,-700.0,3.769230769230769,4.0,3.0,4.1905558134655125,3.347905724996026,Southeast Asia,Subset: Economic Opportunity
-700.0,-600.0,4.538461538461538,5.0,4.0,5.172785480864255,3.9041375960588214,Southeast Asia,Subset: Economic Opportunity
-600.0,-500.0,4.769230769230769,5.0,4.0,5.1905558134655125,4.347905724996026,Southeast Asia,Subset: Economic Opportunity
-500.0,-400.0,4.923076923076923,5.0,4.92,5.397262615612998,4.448891230540848,Southeast Asia,Subset: Economic Opportunity
-400.0,-300.0,5.076923076923077,6.0,4.0,5.806679460038857,4.347166693807297,Southeast Asia,Subset: Economic Opportunity
-300.0,-200.0,5.230769230769231,6.0,5.0,5.806408828734453,4.655129632804009,Southeast Asia,Subset: Economic Opportunity
-200.0,-100.0,5.3076923076923075,6.0,5.0,5.769230769230769,4.846153846153846,Southeast Asia,Subset: Economic Opportunity
-100.0,0.0,5.384615384615385,6.0,5.0,5.8711196400259045,4.898111129204866,Southeast Asia,Subset: Economic Opportunity
0.0,100.0,5.461538461538462,6.0,5.0,5.960056976800605,4.963019946276319,Southeast Asia,Subset: Economic Opportunity
100.0,200.0,5.923076923076923,6.0,5.92,6.397262615612998,5.448891230540848,Southeast Asia,Subset: Economic Opportunity
200.0,300.0,6.153846153846154,7.0,6.0,6.686784863867347,5.6209074438249615,Southeast Asia,Subset: Economic Opportunity
300.0,400.0,6.076923076923077,7.0,5.92,6.692307692307692,5.461538461538462,Southeast Asia,Subset: Economic Opportunity
400.0,500.0,6.153846153846154,7.0,5.92,6.8155634820802025,5.492128825612106,Southeast Asia,Subset: Economic Opportunity
500.0,600.0,6.076923076923077,7.0,5.92,6.692307692307692,5.461538461538462,Southeast Asia,Subset: Economic Opportunity
600.0,700.0,6.230769230769231,7.0,6.0,6.806408828734453,5.655129632804009,Southeast Asia,Subset: Economic Opportunity
700.0,800.0,6.461538461538462,7.0,6.0,6.960056976800605,5.963019946276319,Southeast Asia,Subset: Economic Opportunity
800.0,900.0,6.461538461538462,7.0,6.0,7.095862403941179,5.827214519135745,Southeast Asia,Subset: Economic Opportunity
900.0,1000.0,6.384615384615385,7.0,6.0,7.009541415741228,5.759689353489542,Southeast Asia,Subset: Economic Opportunity
1000.0,1100.0,6.6923076923076925,7.0,6.0,7.298000605693216,6.0866147789221685,Southeast Asia,Subset: Economic Opportunity
1100.0,1200.0,6.6923076923076925,7.0,6.0,7.298000605693216,6.0866147789221685,Southeast Asia,Subset: Economic Opportunity
1200.0,1300.0,6.384615384615385,7.0,6.0,7.009541415741228,5.759689353489542,Southeast Asia,Subset: Economic Opportunity
1300.0,1400.0,6.384615384615385,7.0,6.0,7.009541415741228,5.759689353489542,Southeast Asia,Subset: Economic Opportunity
1400.0,1500.0,6.769230769230769,7.0,6.0,7.1905558134655125,6.347905724996026,Southeast Asia,Subset: Economic Opportunity
1500.0,1600.0,6.0,6.08,6.0,6.679366220486758,5.320633779513242,Southeast Asia,Subset: Economic Opportunity
1600.0,1700.0,5.230769230769231,6.0,5.0,6.03017729580102,4.431361165737441,Southeast Asia,Subset: Economic Opportunity
1700.0,1800.0,4.846153846153846,5.0,4.92,5.507871174387894,4.1844365179197975,Southeast Asia,Subset: Economic Opportunity
1800.0,1900.0,5.6923076923076925,6.0,5.0,6.2980006056932165,5.0866147789221685,Southeast Asia,Subset: Economic Opportunity
1900.0,2000.0,6.6923076923076925,7.0,6.0,7.153846153846154,6.230769230769231,Southeast Asia,Subset: Economic Opportunity
2000.0,2025.0,7.769230769230769,8.0,7.0,8.190555813465512,7.347905724996026,Southeast Asia,Subset: Economic Opportunity
-1000.0,-900.0,4.076923076923077,4.0,4.0,4.343392431933673,3.81045372191248,Southeast Asia,Subset: Equality
-900.0,-800.0,4.076923076923077,4.0,4.0,4.343392431933673,3.81045372191248,Southeast Asia,Subset: Equality
-800.0,-700.0,4.0,4.0,4.0,4.392232270276368,3.607767729723632,Southeast Asia,Subset: Equality
-700.0,-600.0,3.769230769230769,4.0,3.0,4.344870367195991,3.1935911712655476,Southeast Asia,Subset: Equality
-600.0,-500.0,3.8461538461538463,4.0,3.0,4.379092556175039,3.313215136132653,Southeast Asia,Subset: Equality
-500.0,-400.0,3.769230769230769,4.0,3.0,4.344870367195991,3.1935911712655476,Southeast Asia,Subset: Equality
-400.0,-300.0,3.692307692307693,4.0,3.0,4.2980006056932165,3.0866147789221685,Southeast Asia,Subset: Equality
-300.0,-200.0,3.5384615384615383,4.0,3.0,4.172785480864255,2.9041375960588214,Southeast Asia,Subset: Equality
-200.0,-100.0,3.4615384615384617,4.0,3.0,4.095862403941179,2.8272145191357447,Southeast Asia,Subset: Equality
-100.0,0.0,3.3846153846153846,4.0,3.0,4.1224356189711875,2.6467951502595817,Southeast Asia,Subset: Equality
0.0,100.0,3.4615384615384617,4.0,3.0,4.095862403941179,2.8272145191357447,Southeast Asia,Subset: Equality
100.0,200.0,3.692307692307693,4.0,3.0,4.2980006056932165,3.0866147789221685,Southeast Asia,Subset: Equality
200.0,300.0,3.5384615384615383,4.0,3.0,4.172785480864255,2.9041375960588214,Southeast Asia,Subset: Equality
300.0,400.0,3.4615384615384617,4.08,3.0,4.207335362679435,2.715741560397488,Southeast Asia,Subset: Equality
400.0,500.0,3.5384615384615383,4.08,3.0,4.284258439602512,2.7926646373205646,Southeast Asia,Subset: Equality
500.0,600.0,3.6153846153846154,4.08,3.0,4.353204849740418,2.8775643810288125,Southeast Asia,Subset: Equality
600.0,700.0,3.692307692307693,4.08,3.0,4.413910116895912,2.9707052677194725,Southeast Asia,Subset: Equality
700.0,800.0,3.769230769230769,5.0,3.0,4.568638834262559,2.96982270419898,Southeast Asia,Subset: Equality
800.0,900.0,3.692307692307693,4.08,3.0,4.413910116895912,2.9707052677194725,Southeast Asia,Subset: Equality
900.0,1000.0,3.4615384615384617,4.0,3.0,4.095862403941179,2.8272145191357447,Southeast Asia,Subset: Equality
1000.0,1100.0,3.692307692307693,4.08,3.0,4.413910116895912,2.9707052677194725,Southeast Asia,Subset: Equality
1100.0,1200.0,3.3846153846153846,4.0,3.0,4.009541415741228,2.7596893534895415,Southeast Asia,Subset: Equality
1200.0,1300.0,3.3846153846153846,4.0,3.0,3.871119640025905,2.8981111292048647,Southeast Asia,Subset: Equality
1300.0,1400.0,3.5384615384615383,4.0,3.0,4.036980053723681,3.0399430231993954,Southeast Asia,Subset: Equality
1400.0,1500.0,3.769230769230769,4.0,3.0,4.344870367195991,3.1935911712655476,Southeast Asia,Subset: Equality
1500.0,1600.0,3.0,3.0,3.0,3.3922322702763683,2.6077677297236317,Southeast Asia,Subset: Equality
1600.0,1700.0,2.5384615384615383,3.0,2.0,3.1727854808642553,1.9041375960588216,Southeast Asia,Subset: Equality
1700.0,1800.0,2.1538461538461537,2.08,2.0,2.5146473661402635,1.7930449415520435,Southeast Asia,Subset: Equality
1800.0,1900.0,2.230769230769231,3.0,2.0,2.652094275003974,1.8094441865344877,Southeast Asia,Subset: Equality
1900.0,2000.0,3.769230769230769,4.0,3.0,4.1905558134655125,3.347905724996026,Southeast Asia,Subset: Equality
2000.0,2025.0,4.923076923076923,5.0,4.92,5.397262615612998,4.448891230540848,Southeast Asia,Subset: Equality
-1000.0,-900.0,3.0,3.0,3.0,3.0,3.0,Southeast Asia,Subset: Freedom
-900.0,-800.0,3.0,3.0,3.0,3.0,3.0,Southeast Asia,Subset: Freedom
-800.0,-700.0,2.923076923076923,3.0,3.0,3.1895462780875192,2.6566075680663266,Southeast Asia,Subset: Freedom
-700.0,-600.0,2.923076923076923,3.08,2.0,3.5384615384615383,2.3076923076923075,Southeast Asia,Subset: Freedom
-600.0,-500.0,3.1538461538461537,3.08,3.0,3.514647366140264,2.7930449415520435,Southeast Asia,Subset: Freedom
-500.0,-400.0,2.923076923076923,3.08,2.0,3.5384615384615383,2.3076923076923075,Southeast Asia,Subset: Freedom
-400.0,-300.0,2.8461538461538463,3.0,2.0,3.3790925561750393,2.313215136132653,Southeast Asia,Subset: Freedom
-300.0,-200.0,2.923076923076923,3.08,2.0,3.5384615384615383,2.3076923076923075,Southeast Asia,Subset: Freedom
-200.0,-100.0,2.769230769230769,3.0,2.0,3.3448703671959907,2.1935911712655476,Southeast Asia,Subset: Freedom
-100.0,0.0,2.8461538461538463,3.08,2.0,3.5078711743878945,2.184436517919798,Southeast Asia,Subset: Freedom
0.0,100.0,3.1538461538461537,3.08,3.0,3.5146473661402635,2.793044941552044,Southeast Asia,Subset: Freedom
100.0,200.0,3.4615384615384617,4.0,3.0,4.095862403941179,2.8272145191357447,Southeast Asia,Subset: Freedom
200.0,300.0,3.230769230769231,4.0,3.0,3.927337318318263,2.5342011432201987,Southeast Asia,Subset: Freedom
300.0,400.0,3.3076923076923075,4.0,3.0,3.913385221077831,2.7019993943067835,Southeast Asia,Subset: Freedom
400.0,500.0,3.3846153846153846,4.0,3.0,4.009541415741228,2.7596893534895415,Southeast Asia,Subset: Freedom
500.0,600.0,3.230769230769231,4.0,2.92,3.927337318318263,2.5342011432201987,Southeast Asia,Subset: Freedom
600.0,700.0,3.4615384615384617,4.0,3.0,4.095862403941179,2.8272145191357447,Southeast Asia,Subset: Freedom
700.0,800.0,3.5384615384615383,4.0,3.0,4.172785480864255,2.9041375960588214,Southeast Asia,Subset: Freedom
800.0,900.0,3.5384615384615383,4.0,3.0,4.172785480864255,2.9041375960588214,Southeast Asia,Subset: Freedom
900.0,1000.0,3.230769230769231,4.0,3.0,3.652094275003974,2.8094441865344875,Southeast Asia,Subset: Freedom
1000.0,1100.0,3.3846153846153846,4.0,3.0,3.871119640025905,2.8981111292048647,Southeast Asia,Subset: Freedom
1100.0,1200.0,3.3076923076923075,4.0,2.92,4.029294732280527,2.5860898831040875,Southeast Asia,Subset: Freedom
1200.0,1300.0,3.230769230769231,4.0,3.0,3.652094275003974,2.8094441865344875,Southeast Asia,Subset: Freedom
1300.0,1400.0,3.3846153846153846,4.0,3.0,4.1224356189711875,2.6467951502595817,Southeast Asia,Subset: Freedom
1400.0,1500.0,3.923076923076923,4.08,3.0,4.538461538461538,3.3076923076923075,Southeast Asia,Subset: Freedom
1500.0,1600.0,2.923076923076923,3.08,2.0,3.5384615384615383,2.3076923076923075,Southeast Asia,Subset: Freedom
1600.0,1700.0,2.1538461538461537,3.0,2.0,2.686784863867347,1.6209074438249609,Southeast Asia,Subset: Freedom
1700.0,1800.0,1.8461538461538465,2.0,1.0,2.3790925561750393,1.3132151361326532,Southeast Asia,Subset: Freedom
1800.0,1900.0,1.9230769230769231,2.0,2.0,2.1895462780875197,1.6566075680663266,Southeast Asia,Subset: Freedom
1900.0,2000.0,4.538461538461538,5.0,4.0,5.036980053723681,4.039943023199395,Southeast Asia,Subset: Freedom
2000.0,2025.0,6.230769230769231,7.0,6.0,6.652094275003974,5.8094441865344875,Southeast Asia,Subset: Freedom
-1000.0,-900.0,3.769230769230769,4.0,3.0,4.1905558134655125,3.347905724996026,Southeast Asia,Subset: Health & Wellbeing
-900.0,-800.0,3.769230769230769,4.0,3.0,4.1905558134655125,3.347905724996026,Southeast Asia,Subset: Health & Wellbeing
-800.0,-700.0,3.923076923076923,4.08,3.0,4.538461538461538,3.3076923076923075,Southeast Asia,Subset: Health & Wellbeing
-700.0,-600.0,4.538461538461538,5.0,4.0,5.172785480864255,3.9041375960588214,Southeast Asia,Subset: Health & Wellbeing
-600.0,-500.0,4.6923076923076925,5.0,4.0,5.153846153846154,4.230769230769231,Southeast Asia,Subset: Health & Wellbeing
-500.0,-400.0,4.769230769230769,5.0,4.0,5.1905558134655125,4.347905724996026,Southeast Asia,Subset: Health & Wellbeing
-400.0,-300.0,4.769230769230769,5.0,4.0,5.1905558134655125,4.347905724996026,Southeast Asia,Subset: Health & Wellbeing
-300.0,-200.0,4.769230769230769,5.0,4.0,5.1905558134655125,4.347905724996026,Southeast Asia,Subset: Health & Wellbeing
-200.0,-100.0,4.769230769230769,5.0,4.0,5.1905558134655125,4.347905724996026,Southeast Asia,Subset: Health & Wellbeing
-100.0,0.0,4.769230769230769,5.0,4.0,5.1905558134655125,4.347905724996026,Southeast Asia,Subset: Health & Wellbeing
0.0,100.0,5.0,5.0,5.0,5.392232270276368,4.607767729723632,Southeast Asia,Subset: Health & Wellbeing
100.0,200.0,5.230769230769231,6.0,5.0,5.806408828734453,4.655129632804009,Southeast Asia,Subset: Health & Wellbeing
200.0,300.0,5.384615384615385,6.0,5.0,6.009541415741228,4.759689353489542,Southeast Asia,Subset: Health & Wellbeing
300.0,400.0,5.461538461538462,6.0,5.0,5.960056976800605,4.963019946276319,Southeast Asia,Subset: Health & Wellbeing
400.0,500.0,5.461538461538462,6.0,5.0,6.095862403941179,4.827214519135745,Southeast Asia,Subset: Health & Wellbeing
500.0,600.0,5.384615384615385,6.0,5.0,6.009541415741228,4.759689353489542,Southeast Asia,Subset: Health & Wellbeing
600.0,700.0,5.615384615384615,6.0,5.0,6.101888870795134,5.1288803599740955,Southeast Asia,Subset: Health & Wellbeing
700.0,800.0,5.846153846153846,6.0,5.0,6.3790925561750385,5.313215136132653,Southeast Asia,Subset: Health & Wellbeing
800.0,900.0,5.923076923076923,6.0,5.92,6.397262615612998,5.448891230540848,Southeast Asia,Subset: Health & Wellbeing
900.0,1000.0,5.923076923076923,6.08,5.0,6.538461538461538,5.307692307692308,Southeast Asia,Subset: Health & Wellbeing
1000.0,1100.0,6.076923076923077,7.0,5.92,6.692307692307692,5.461538461538462,Southeast Asia,Subset: Health & Wellbeing
1100.0,1200.0,5.923076923076923,6.0,5.92,6.397262615612998,5.448891230540848,Southeast Asia,Subset: Health & Wellbeing
1200.0,1300.0,5.769230769230769,6.0,5.0,6.1905558134655125,5.347905724996026,Southeast Asia,Subset: Health & Wellbeing
1300.0,1400.0,5.846153846153846,6.0,5.92,6.206955058447956,5.485352633859736,Southeast Asia,Subset: Health & Wellbeing
1400.0,1500.0,5.846153846153846,6.0,5.92,6.206955058447956,5.485352633859736,Southeast Asia,Subset: Health & Wellbeing
1500.0,1600.0,5.0,5.08,4.92,5.554700196225229,4.445299803774771,Southeast Asia,Subset: Health & Wellbeing
1600.0,1700.0,4.769230769230769,5.0,4.0,5.1905558134655125,4.347905724996026,Southeast Asia,Subset: Health & Wellbeing
1700.0,1800.0,4.384615384615385,5.0,4.0,5.009541415741228,3.759689353489542,Southeast Asia,Subset: Health & Wellbeing
1800.0,1900.0,5.0,6.0,4.0,5.679366220486758,4.320633779513242,Southeast Asia,Subset: Health & Wellbeing
1900.0,2000.0,6.076923076923077,6.0,6.0,6.343392431933673,5.81045372191248,Southeast Asia,Subset: Health & Wellbeing
2000.0,2025.0,7.076923076923077,7.0,7.0,7.343392431933673,6.81045372191248,Southeast Asia,Subset: Health & Wellbeing
-1000.0,-900.0,6.3076923076923075,7.0,6.0,6.769230769230769,5.846153846153846,Southeast Asia,Subset: Peace
-900.0,-800.0,6.076923076923077,6.0,6.0,6.343392431933673,5.81045372191248,Southeast Asia,Subset: Peace
-800.0,-700.0,5.846153846153846,6.0,5.92,6.206955058447956,5.485352633859736,Southeast Asia,Subset: Peace
-700.0,-600.0,5.923076923076923,7.0,5.0,6.652833306192703,5.193320539961143,Southeast Asia,Subset: Peace
-600.0,-500.0,6.0,7.0,5.0,6.784464540552737,5.215535459447263,Southeast Asia,Subset: Peace
-500.0,-400.0,5.846153846153846,7.0,5.0,6.872435697240487,4.819871995067205,Southeast Asia,Subset: Peace
-400.0,-300.0,5.6923076923076925,7.0,5.0,6.683392209748087,4.701223174867298,Southeast Asia,Subset: Peace
-300.0,-200.0,5.538461538461538,6.08,5.0,6.284258439602512,4.792664637320565,Southeast Asia,Subset: Peace
-200.0,-100.0,5.0,6.0,4.0,5.960768922830523,4.039231077169477,Southeast Asia,Subset: Peace
-100.0,0.0,5.076923076923077,6.0,4.0,5.993567329831768,4.1602788240143855,Southeast Asia,Subset: Peace
0.0,100.0,5.3076923076923075,6.0,4.0,6.217858428169172,4.397526187215443,Southeast Asia,Subset: Peace
100.0,200.0,5.846153846153846,7.0,4.92,6.872435697240487,4.819871995067205,Southeast Asia,Subset: Peace
200.0,300.0,5.6923076923076925,7.0,5.0,6.683392209748087,4.701223174867298,Southeast Asia,Subset: Peace
300.0,400.0,5.384615384615385,7.0,4.0,6.461538461538462,4.307692307692308,Southeast Asia,Subset: Peace
400.0,500.0,5.615384615384615,7.0,4.0,6.761512648134718,4.469256582634512,Southeast Asia,Subset: Peace
500.0,600.0,5.076923076923077,6.08,4.0,6.283414395489086,3.870431758357067,Southeast Asia,Subset: Peace
600.0,700.0,5.153846153846154,6.08,4.0,6.252527450545054,4.055164857147254,Southeast Asia,Subset: Peace
700.0,800.0,5.3076923076923075,6.08,4.0,6.443447927710261,4.1719366876743535,Southeast Asia,Subset: Peace
800.0,900.0,5.0,6.0,4.0,5.960768922830523,4.039231077169477,Southeast Asia,Subset: Peace
900.0,1000.0,4.615384615384615,5.08,3.92,5.692307692307692,3.538461538461538,Southeast Asia,Subset: Peace
1000.0,1100.0,5.0,5.08,4.0,5.784464540552737,4.215535459447263,Southeast Asia,Subset: Peace
1100.0,1200.0,4.384615384615385,5.0,4.0,5.122435618971188,3.646795150259582,Southeast Asia,Subset: Peace
1200.0,1300.0,4.0,4.08,3.92,4.554700196225229,3.44529980377477,Southeast Asia,Subset: Peace
1300.0,1400.0,3.8461538461538463,4.08,3.0,4.709613243101679,2.9826944492060137,Southeast Asia,Subset: Peace
1400.0,1500.0,4.615384615384615,5.08,4.0,5.618338831569638,3.612430399199592,Southeast Asia,Subset: Peace
1500.0,1600.0,3.1538461538461537,4.0,3.0,3.686784863867347,2.6209074438249607,Southeast Asia,Subset: Peace
1600.0,1700.0,2.8461538461538463,3.0,2.92,3.206955058447956,2.4853526338597365,Southeast Asia,Subset: Peace
1700.0,1800.0,2.6153846153846154,3.0,2.0,3.1018888707951353,2.1288803599740955,Southeast Asia,Subset: Peace
1800.0,1900.0,3.0,4.0,2.0,3.6793662204867577,2.3206337795132423,Southeast Asia,Subset: Peace
1900.0,2000.0,4.461538461538462,5.0,4.0,5.095862403941179,3.8272145191357447,Southeast Asia,Subset: Peace
2000.0,2025.0,5.846153846153846,6.0,5.92,6.206955058447956,5.485352633859736,Southeast Asia,Subset: Peace
-1000.0,-900.0,7076923.076923077,12000000.0,3920000.0,11061731.507055204,3092114.646790949,Southeast Asia,Subset: Population
-900.0,-800.0,7730769.230769231,13000000.0,4420000.0,11981449.649674969,3480088.811863495,Southeast Asia,Subset: Population
-800.0,-700.0,8384615.384615385,14000000.0,4920000.0,12903779.050238306,3865451.718992464,Southeast Asia,Subset: Population
-700.0,-600.0,9038461.538461538,15000000.0,5328000.0,13828280.623135336,4248642.453787741,Southeast Asia,Subset: Population
-600.0,-500.0,9692307.692307692,16000000.0,5644000.0,14754605.975234672,4630009.409380713,Southeast Asia,Subset: Population
-500.0,-400.0,10346153.846153846,17000000.0,5960000.0,15682475.740581388,5009831.951726304,Southeast Asia,Subset: Population
-400.0,-300.0,11007692.307692308,18000000.0,6368000.0,16612972.99626029,5402411.619124327,Southeast Asia,Subset: Population
-300.0,-200.0,11669230.76923077,19000000.0,6776000.0,17544391.600467596,5794069.937993943,Southeast Asia,Subset: Population
-200.0,-100.0,12330769.23076923,20000000.0,7184000.0,18476610.17784438,6184928.283694081,Southeast Asia,Subset: Population
-100.0,0.0,12992307.692307692,21000000.0,7592000.0,19409527.49991687,6575087.884698513,Southeast Asia,Subset: Population
0.0,100.0,13653846.153846154,22000000.0,8000000.0,20343058.523787588,6964633.783904719,Southeast Asia,Subset: Population
100.0,200.0,14361538.461538462,23000000.0,8500000.0,21296903.624298707,7426173.298778219,Southeast Asia,Subset: Population
200.0,300.0,15069230.76923077,24000000.0,9000000.0,22253335.511419985,7885126.027041555,Southeast Asia,Subset: Population
300.0,400.0,15776923.076923076,25000000.0,9500000.0,23212094.571107253,8341751.582738898,Southeast Asia,Subset: Population
400.0,500.0,16484615.384615384,26000000.0,10000000.0,24172952.82156355,8796277.947667219,Southeast Asia,Subset: Population
500.0,600.0,17192307.692307692,27000000.0,10500000.0,25135709.55398476,9248905.830630628,Southeast Asia,Subset: Population
600.0,700.0,17900000.0,28000000.0,11000000.0,26100187.61511448,9699812.38488552,Southeast Asia,Subset: Population
700.0,800.0,18607692.307692308,29000000.0,11500000.0,27066230.23722395,10149154.378160669,Southeast Asia,Subset: Population
800.0,900.0,19315384.615384616,30000000.0,12000000.0,28033698.33323397,10597070.89753526,Southeast Asia,Subset: Population
900.0,1000.0,20023076.923076924,31000000.0,12500000.0,29002468.186164934,11043685.659988914,Southeast Asia,Subset: Population
1000.0,1100.0,20807692.307692308,32000000.0,13000000.0,30047111.331923507,11568273.283461109,Southeast Asia,Subset: Population
1100.0,1200.0,21592307.692307692,33000000.0,13500000.0,31105170.364133548,12079445.020481836,Southeast Asia,Subset: Population
1200.0,1300.0,22376923.076923076,34000000.0,14000000.0,32175522.17978968,12578323.974056471,Southeast Asia,Subset: Population
1300.0,1400.0,23161538.46153846,35000000.0,14500000.0,33257123.06087528,13065953.862201637,Southeast Asia,Subset: Population
1400.0,1500.0,23946153.846153848,36000000.0,15000000.0,34349009.62156589,13543298.070741806,Southeast Asia,Subset: Population
1500.0,1600.0,24730769.230769232,37000000.0,15500000.0,35450297.39313108,14011241.06840739,Southeast Asia,Subset: Population
1600.0,1700.0,25592307.692307692,38000000.0,16000000.0,36747607.33235195,14437008.052263431,Southeast Asia,Subset: Population
1700.0,1800.0,26500000.0,39000000.0,16500000.0,38059212.11049372,14940787.889506282,Southeast Asia,Subset: Population
1800.0,1900.0,29153846.153846152,42240000.0,18000000.0,41820253.29330307,16487439.014389234,Southeast Asia,Subset: Population
1900.0,2000.0,66923076.92307692,90000000.0,39600000.0,99180363.60963346,34665790.23652038,Southeast Asia,Subset: Population
2000.0,2025.0,255923076.92307693,680000000.0,68000000.0,536986021.2935948,-25139867.447440986,Southeast Asia,Subset: Population
-1000.0,-900.0,5.874999999999998,5.833333333333333,5.833333333333333,6.148226605179248,5.601773394820748,Southern Africa,Overall
-900.0,-800.0,5.875000000000001,6.166666666666667,5.666666666666667,6.137863504926459,5.612136495073543,Southern Africa,Overall
-800.0,-700.0,5.9,6.166666666666667,5.666666666666667,6.190593262902712,5.609406737097289,Southern Africa,Overall
-700.0,-600.0,5.633333333333334,5.993333333333333,5.333333333333333,5.9649958123688736,5.301670854297794,Southern Africa,Overall
-600.0,-500.0,5.583333333333333,5.833333333333333,5.333333333333333,5.869592733955294,5.297073932711372,Southern Africa,Overall
-500.0,-400.0,5.583333333333334,5.833333333333333,5.333333333333333,5.892902927016779,5.273763739649889,Southern Africa,Overall
-400.0,-300.0,5.575,5.833333333333333,5.333333333333333,5.9019174207655505,5.24808257923445,Southern Africa,Overall
-300.0,-200.0,5.525,5.993333333333333,5.166666666666667,5.944242040936842,5.105757959063158,Southern Africa,Overall
-200.0,-100.0,5.4833333333333325,5.833333333333333,5.166666666666667,5.933333333333333,5.033333333333332,Southern Africa,Overall
-100.0,0.0,5.625000000000001,5.833333333333333,5.34,5.981974166510065,5.268025833489936,Southern Africa,Overall
0.0,100.0,5.616666666666668,5.833333333333333,5.34,5.928916566586588,5.304416766746748,Southern Africa,Overall
100.0,200.0,5.625000000000002,5.993333333333333,5.34,5.997211857235457,5.252788142764547,Southern Africa,Overall
200.0,300.0,5.750000000000001,6.166666666666667,5.34,6.179793231940922,5.32020676805908,Southern Africa,Overall
300.0,400.0,5.6499999999999995,6.16,5.333333333333333,6.179412672475619,5.12058732752438,Southern Africa,Overall
400.0,500.0,5.508333333333334,6.16,4.526666666666666,6.202505502179075,4.814161164487593,Southern Africa,Overall
500.0,600.0,5.366666666666665,6.0,4.666666666666667,6.0630860805258715,4.670247252807459,Southern Africa,Overall
600.0,700.0,5.483333333333333,6.0,4.84,6.062844621690457,4.90382204497621,Southern Africa,Overall
700.0,800.0,5.433333333333334,5.833333333333333,4.680000000000001,5.9820692544384775,4.88459741222819,Southern Africa,Overall
800.0,900.0,5.416666666666666,5.993333333333333,5.006666666666667,6.004742625479245,4.8285907078540875,Southern Africa,Overall
900.0,1000.0,5.275,6.0,4.5,6.028279865359188,4.5217201346408125,Southern Africa,Overall
1000.0,1100.0,5.225,5.666666666666667,4.673333333333334,5.896389520985314,4.553610479014686,Southern Africa,Overall
1100.0,1200.0,5.116666666666667,5.666666666666667,4.666666666666667,5.9056533585696425,4.327679974763692,Southern Africa,Overall
1200.0,1300.0,5.1000000000000005,5.666666666666667,4.34,5.742045342808608,4.457954657191393,Southern Africa,Overall
1300.0,1400.0,4.591666666666667,5.486666666666666,4.0,5.34531519954596,3.8380181337873736,Southern Africa,Overall
1400.0,1500.0,4.308333333333334,5.0,3.506666666666667,4.965082482129466,3.6515841845372017,Southern Africa,Overall
1500.0,1600.0,3.775,4.333333333333333,3.1666666666666665,4.4943264596520525,3.0556735403479474,Southern Africa,Overall
1600.0,1700.0,3.4166666666666665,4.16,2.6733333333333333,4.13642742938964,2.696905903943694,Southern Africa,Overall
1700.0,1800.0,3.3166666666666673,3.5,3.006666666666667,3.6658721139959503,2.9674612193373844,Southern Africa,Overall
1800.0,1900.0,2.666666666666666,3.1599999999999997,2.3333333333333335,3.035599060352977,2.297734272980355,Southern Africa,Overall
1900.0,2000.0,3.5333333333333328,4.16,3.006666666666667,4.037758198347385,3.0289084683192806,Southern Africa,Overall
2000.0,2025.0,5.991666666666668,6.333333333333333,5.666666666666667,6.32280527477176,5.660528058561576,Southern Africa,Overall
-1000.0,-900.0,6.95,7.0,7.0,7.167944947177034,6.732055052822966,Southern Africa,Subset: Culture & Lesure
-900.0,-800.0,7.0,7.0,7.0,7.0,7.0,Southern Africa,Subset: Culture & Lesure
-800.0,-700.0,7.0,7.0,7.0,7.0,7.0,Southern Africa,Subset: Culture & Lesure
-700.0,-600.0,6.9,7.0,7.0,7.335889894354068,6.464110105645933,Southern Africa,Subset: Culture & Lesure
-600.0,-500.0,7.0,7.0,7.0,7.447213595499958,6.552786404500042,Southern Africa,Subset: Culture & Lesure
-500.0,-400.0,7.2,8.0,7.0,7.709901951359279,6.6900980486407216,Southern Africa,Subset: Culture & Lesure
-400.0,-300.0,7.4,8.0,7.0,8.06332495807108,6.736675041928921,Southern Africa,Subset: Culture & Lesure
-300.0,-200.0,7.4,8.0,7.0,8.06332495807108,6.736675041928921,Southern Africa,Subset: Culture & Lesure
-200.0,-100.0,7.6,8.0,7.0,8.4,6.8,Southern Africa,Subset: Culture & Lesure
-100.0,0.0,7.85,8.0,7.04,8.326969600708473,7.373030399291527,Southern Africa,Subset: Culture & Lesure
0.0,100.0,7.8,8.0,7.0,8.309901951359278,7.290098048640721,Southern Africa,Subset: Culture & Lesure
100.0,200.0,7.9,8.0,8.0,8.335889894354068,7.464110105645933,Southern Africa,Subset: Culture & Lesure
200.0,300.0,7.85,8.0,7.04,8.326969600708473,7.373030399291527,Southern Africa,Subset: Culture & Lesure
300.0,400.0,7.75,8.0,7.0,8.286190264738181,7.21380973526182,Southern Africa,Subset: Culture & Lesure
400.0,500.0,7.6,8.0,7.0,8.4,6.8,Southern Africa,Subset: Culture & Lesure
500.0,600.0,7.5,8.0,7.0,8.306225774829855,6.693774225170145,Southern Africa,Subset: Culture & Lesure
600.0,700.0,7.6,8.0,7.0,8.18309518948453,7.01690481051547,Southern Africa,Subset: Culture & Lesure
700.0,800.0,7.7,8.0,7.0,8.256776436283003,7.143223563716998,Southern Africa,Subset: Culture & Lesure
800.0,900.0,7.65,8.0,7.0,8.303834841531101,6.996165158468899,Southern Africa,Subset: Culture & Lesure
900.0,1000.0,7.55,8.0,7.0,8.41458082328953,6.685419176710471,Southern Africa,Subset: Culture & Lesure
1000.0,1100.0,7.45,8.0,7.0,8.370597631976098,6.529402368023901,Southern Africa,Subset: Culture & Lesure
1100.0,1200.0,7.4,8.0,7.0,8.369535971483266,6.4304640285167345,Southern Africa,Subset: Culture & Lesure
1200.0,1300.0,7.3,8.0,7.0,8.014142842854286,6.585857157145715,Southern Africa,Subset: Culture & Lesure
1300.0,1400.0,6.8,7.959999999999999,6.0,7.72736184954957,5.872638150450429,Southern Africa,Subset: Culture & Lesure
1400.0,1500.0,6.4,7.0,6.0,7.2,5.6000000000000005,Southern Africa,Subset: Culture & Lesure
1500.0,1600.0,5.85,7.0,5.0,6.702936105461599,4.9970638945384005,Southern Africa,Subset: Culture & Lesure
1600.0,1700.0,5.5,6.0,5.0,6.474679434480897,4.525320565519103,Southern Africa,Subset: Culture & Lesure
1700.0,1800.0,5.55,6.0,5.0,6.289932429347437,4.810067570652563,Southern Africa,Subset: Culture & Lesure
1800.0,1900.0,4.85,5.0,4.04,5.503834841531101,4.196165158468898,Southern Africa,Subset: Culture & Lesure
1900.0,2000.0,5.7,6.0,5.04,6.340312423743285,5.0596875762567155,Southern Africa,Subset: Culture & Lesure
2000.0,2025.0,7.2,7.959999999999999,7.0,7.6,6.8,Southern Africa,Subset: Culture & Lesure
-1000.0,-900.0,3.0,3.0,3.0,3.0,3.0,Southern Africa,Subset: Economic Opportunity
-900.0,-800.0,4.0,4.0,4.0,4.0,4.0,Southern Africa,Subset: Economic Opportunity
-800.0,-700.0,4.7,5.0,4.0,5.158257569495584,4.2417424305044165,Southern Africa,Subset: Economic Opportunity
-700.0,-600.0,4.95,5.0,5.0,5.167944947177034,4.732055052822966,Southern Africa,Subset: Economic Opportunity
-600.0,-500.0,5.4,6.0,5.0,5.889897948556636,4.910102051443364,Southern Africa,Subset: Economic Opportunity
-500.0,-400.0,5.7,6.0,5.0,6.158257569495584,5.2417424305044165,Southern Africa,Subset: Economic Opportunity
-400.0,-300.0,5.9,6.0,5.04,6.438516480713451,5.3614835192865495,Southern Africa,Subset: Economic Opportunity
-300.0,-200.0,6.0,6.0,6.0,6.547722557505166,5.452277442494834,Southern Africa,Subset: Economic Opportunity
-200.0,-100.0,6.25,7.0,6.0,6.78619026473818,5.71380973526182,Southern Africa,Subset: Economic Opportunity
-100.0,0.0,6.35,7.0,6.0,7.0038348415311,5.696165158468899,Southern Africa,Subset: Economic Opportunity
0.0,100.0,6.3,7.0,6.0,6.856776436283002,5.743223563716998,Southern Africa,Subset: Economic Opportunity
100.0,200.0,6.25,7.0,6.0,6.948212002188447,5.551787997811553,Southern Africa,Subset: Economic Opportunity
200.0,300.0,6.35,7.0,6.0,7.076291952316697,5.623708047683302,Southern Africa,Subset: Economic Opportunity
300.0,400.0,6.25,7.0,6.0,6.78619026473818,5.71380973526182,Southern Africa,Subset: Economic Opportunity
400.0,500.0,5.95,7.0,5.0,6.689932429347437,5.210067570652563,Southern Africa,Subset: Economic Opportunity
500.0,600.0,5.9,7.0,5.0,6.668114574786861,5.13188542521314,Southern Africa,Subset: Economic Opportunity
600.0,700.0,6.05,7.0,5.04,6.718954408012983,5.381045591987017,Southern Africa,Subset: Economic Opportunity
700.0,800.0,6.1,7.0,5.04,6.8,5.3999999999999995,Southern Africa,Subset: Economic Opportunity
800.0,900.0,6.2,7.0,6.0,6.8782329983125265,5.521767001687474,Southern Africa,Subset: Economic Opportunity
900.0,1000.0,6.05,7.0,5.04,6.854673846971553,5.245326153028446,Southern Africa,Subset: Economic Opportunity
1000.0,1100.0,6.0,7.0,5.0,6.894427190999916,5.105572809000084,Southern Africa,Subset: Economic Opportunity
1100.0,1200.0,5.95,7.0,5.04,6.973474474522936,4.926525525477064,Southern Africa,Subset: Economic Opportunity
1200.0,1300.0,5.95,7.0,5.0,6.814580823289529,5.085419176710471,Southern Africa,Subset: Economic Opportunity
1300.0,1400.0,5.45,6.0,5.0,6.370597631976099,4.529402368023901,Southern Africa,Subset: Economic Opportunity
1400.0,1500.0,5.2,6.0,4.0,6.071779788708135,4.328220211291866,Southern Africa,Subset: Economic Opportunity
1500.0,1600.0,4.55,5.959999999999999,4.0,5.621214264281427,3.4787857357185725,Southern Africa,Subset: Economic Opportunity
1600.0,1700.0,4.25,5.0,3.04,5.192072184070838,3.3079278159291614,Southern Africa,Subset: Economic Opportunity
1700.0,1800.0,4.1,4.959999999999999,4.0,4.6385164807134505,3.5614835192865493,Southern Africa,Subset: Economic Opportunity
1800.0,1900.0,3.25,4.0,3.0,3.78619026473818,2.71380973526182,Southern Africa,Subset: Economic Opportunity
1900.0,2000.0,4.55,5.959999999999999,3.04,5.573474474522936,3.526525525477064,Southern Africa,Subset: Economic Opportunity
2000.0,2025.0,6.15,6.959999999999999,6.0,6.626969600708473,5.673030399291528,Southern Africa,Subset: Economic Opportunity
-1000.0,-900.0,6.0,6.0,6.0,6.447213595499958,5.552786404500042,Southern Africa,Subset: Equality
-900.0,-800.0,5.5,6.0,5.0,6.0,5.0,Southern Africa,Subset: Equality
-800.0,-700.0,5.3,6.0,5.0,5.856776436283002,4.743223563716998,Southern Africa,Subset: Equality
-700.0,-600.0,4.65,5.0,4.0,5.303834841531101,3.9961651584688993,Southern Africa,Subset: Equality
-600.0,-500.0,4.3,5.0,4.0,4.9403124237432845,3.659687576256715,Southern Africa,Subset: Equality
-500.0,-400.0,4.05,5.0,3.0,4.854673846971554,3.245326153028446,Southern Africa,Subset: Equality
-400.0,-300.0,3.95,4.0,3.0,4.689932429347437,3.210067570652563,Southern Africa,Subset: Equality
-300.0,-200.0,3.8,4.0,3.0,4.548331477354788,3.0516685226452114,Southern Africa,Subset: Equality
-200.0,-100.0,3.65,4.0,3.0,4.376291952316698,2.923708047683302,Southern Africa,Subset: Equality
-100.0,0.0,3.75,4.0,3.0,4.516485485837794,2.9835145141622053,Southern Africa,Subset: Equality
0.0,100.0,3.75,4.959999999999999,3.0,4.5791561975888495,2.92084380241115,Southern Africa,Subset: Equality
100.0,200.0,3.65,4.959999999999999,3.0,4.5596702699330125,2.7403297300669873,Southern Africa,Subset: Equality
200.0,300.0,3.85,5.0,3.0,4.759670269933013,2.9403297300669875,Southern Africa,Subset: Equality
300.0,400.0,3.75,4.959999999999999,3.0,4.637411967464942,2.8625880325350574,Southern Africa,Subset: Equality
400.0,500.0,3.75,4.959999999999999,3.0,4.5791561975888495,2.92084380241115,Southern Africa,Subset: Equality
500.0,600.0,3.55,4.0,3.0,4.289932429347437,2.810067570652562,Southern Africa,Subset: Equality
600.0,700.0,3.7,4.0,3.0,4.414142842854285,2.9858571571457153,Southern Africa,Subset: Equality
700.0,800.0,3.6,4.0,3.0,4.4,2.8000000000000003,Southern Africa,Subset: Equality
800.0,900.0,3.5,4.959999999999999,3.0,4.366025403784438,2.6339745962155616,Southern Africa,Subset: Equality
900.0,1000.0,3.4,4.959999999999999,2.04,4.419803902718557,2.380196097281443,Southern Africa,Subset: Equality
1000.0,1100.0,3.4,4.0,3.0,4.2,2.5999999999999996,Southern Africa,Subset: Equality
1100.0,1200.0,3.3,4.0,3.0,4.2,2.4,Southern Africa,Subset: Equality
1200.0,1300.0,3.3,4.0,3.0,4.081024967590666,2.5189750324093345,Southern Africa,Subset: Equality
1300.0,1400.0,2.9,3.959999999999999,2.0,3.668114574786861,2.131885425213139,Southern Africa,Subset: Equality
1400.0,1500.0,2.6,3.0,2.0,3.26332495807108,1.93667504192892,Southern Africa,Subset: Equality
1500.0,1600.0,2.25,3.0,2.0,2.872494979899437,1.6275050201005634,Southern Africa,Subset: Equality
1600.0,1700.0,1.9,3.0,1.0,2.668114574786861,1.131885425213139,Southern Africa,Subset: Equality
1700.0,1800.0,2.1,2.959999999999999,2.0,2.6385164807134505,1.5614835192865495,Southern Africa,Subset: Equality
1800.0,1900.0,1.45,2.0,1.0,1.94749371855331,0.95250628144669,Southern Africa,Subset: Equality
1900.0,2000.0,1.7,2.0,1.0,2.158257569495584,1.241742430504416,Southern Africa,Subset: Equality
2000.0,2025.0,4.45,5.0,4.0,4.94749371855331,3.95250628144669,Southern Africa,Subset: Equality
-1000.0,-900.0,7.0,7.0,7.0,7.447213595499958,6.552786404500042,Southern Africa,Subset: Freedom
-900.0,-800.0,6.4,7.0,6.0,6.889897948556636,5.910102051443364,Southern Africa,Subset: Freedom
-800.0,-700.0,6.25,7.0,6.0,6.78619026473818,5.71380973526182,Southern Africa,Subset: Freedom
-700.0,-600.0,5.65,6.0,5.0,6.303834841531101,4.9961651584689,Southern Africa,Subset: Freedom
-600.0,-500.0,5.25,6.0,5.0,5.872494979899437,4.627505020100563,Southern Africa,Subset: Freedom
-500.0,-400.0,5.05,5.959999999999999,4.04,5.789932429347437,4.310067570652563,Southern Africa,Subset: Freedom
-400.0,-300.0,4.9,5.0,4.0,5.668114574786861,4.13188542521314,Southern Africa,Subset: Freedom
-300.0,-200.0,4.65,5.0,4.0,5.5029361054615995,3.797063894538401,Southern Africa,Subset: Freedom
-200.0,-100.0,4.5,5.0,4.0,5.4219544457292885,3.5780455542707115,Southern Africa,Subset: Freedom
-100.0,0.0,4.6,5.0,4.0,5.460232526704262,3.739767473295737,Southern Africa,Subset: Freedom
0.0,100.0,4.6,5.0,4.0,5.460232526704262,3.739767473295737,Southern Africa,Subset: Freedom
100.0,200.0,4.6,5.959999999999999,4.0,5.5695359714832655,3.6304640285167338,Southern Africa,Subset: Freedom
200.0,300.0,4.8,6.0,4.0,5.779795897113271,3.820204102886728,Southern Africa,Subset: Freedom
300.0,400.0,4.7,6.0,4.0,5.653939201416946,3.7460607985830543,Southern Africa,Subset: Freedom
400.0,500.0,4.6,6.0,3.04,5.757583690279022,3.4424163097209775,Southern Africa,Subset: Freedom
500.0,600.0,4.4,5.0,3.04,5.4677078252031315,3.3322921747968692,Southern Africa,Subset: Freedom
600.0,700.0,4.55,5.0,3.0,5.573474474522936,3.526525525477064,Southern Africa,Subset: Freedom
700.0,800.0,4.4,5.0,3.04,5.316515138991168,3.4834848610088325,Southern Africa,Subset: Freedom
800.0,900.0,4.4,5.0,4.0,5.316515138991169,3.483484861008832,Southern Africa,Subset: Freedom
900.0,1000.0,4.3,5.959999999999999,3.0,5.4874342087037915,3.112565791296208,Southern Africa,Subset: Freedom
1000.0,1100.0,4.15,5.0,3.0,5.113068014212912,3.186931985787089,Southern Africa,Subset: Freedom
1100.0,1200.0,4.0,5.0,3.0,5.048808848170152,2.9511911518298484,Southern Africa,Subset: Freedom
1200.0,1300.0,4.0,5.0,3.0,4.894427190999916,3.1055728090000843,Southern Africa,Subset: Freedom
1300.0,1400.0,3.55,4.959999999999999,3.0,4.523396116696589,2.5766038833034104,Southern Africa,Subset: Freedom
1400.0,1500.0,3.15,4.0,2.04,3.8762919523166977,2.423708047683302,Southern Africa,Subset: Freedom
1500.0,1600.0,2.6,3.0,2.0,3.3348469228349535,1.8651530771650464,Southern Africa,Subset: Freedom
1600.0,1700.0,2.25,3.0,1.04,3.0164854858377947,1.4835145141622053,Southern Africa,Subset: Freedom
1700.0,1800.0,2.2,3.0,2.0,2.709901951359279,1.6900980486407218,Southern Africa,Subset: Freedom
1800.0,1900.0,1.6,2.0,1.0,2.089897948556636,1.1101020514433644,Southern Africa,Subset: Freedom
1900.0,2000.0,2.2,3.0,2.0,2.878232998312527,1.5217670016874734,Southern Africa,Subset: Freedom
2000.0,2025.0,5.85,6.0,5.04,6.326969600708472,5.373030399291527,Southern Africa,Subset: Freedom
-1000.0,-900.0,4.25,4.0,4.0,4.872494979899437,3.627505020100563,Southern Africa,Subset: Health & Wellbeing
-900.0,-800.0,5.05,5.0,5.0,5.5474937185533095,4.55250628144669,Southern Africa,Subset: Health & Wellbeing
-800.0,-700.0,5.15,5.0,5.0,5.72227615711298,4.57772384288702,Southern Africa,Subset: Health & Wellbeing
-700.0,-600.0,5.25,5.959999999999999,5.0,5.78619026473818,4.71380973526182,Southern Africa,Subset: Health & Wellbeing
-600.0,-500.0,5.45,6.0,5.0,6.03949130612758,4.86050869387242,Southern Africa,Subset: Health & Wellbeing
-500.0,-400.0,5.7,6.0,5.0,6.340312423743285,5.0596875762567155,Southern Africa,Subset: Health & Wellbeing
-400.0,-300.0,5.75,6.0,5.0,6.372494979899437,5.127505020100563,Southern Africa,Subset: Health & Wellbeing
-300.0,-200.0,5.85,6.0,5.0,6.42227615711298,5.27772384288702,Southern Africa,Subset: Health & Wellbeing
-200.0,-100.0,5.9,6.0,6.0,6.335889894354068,5.464110105645933,Southern Africa,Subset: Health & Wellbeing
-100.0,0.0,6.0,6.0,6.0,6.316227766016838,5.683772233983162,Southern Africa,Subset: Health & Wellbeing
0.0,100.0,6.05,6.0,6.0,6.43405728739343,5.66594271260657,Southern Africa,Subset: Health & Wellbeing
100.0,200.0,6.05,6.0,6.0,6.43405728739343,5.66594271260657,Southern Africa,Subset: Health & Wellbeing
200.0,300.0,6.1,6.0,6.0,6.535889894354067,5.664110105645932,Southern Africa,Subset: Health & Wellbeing
300.0,400.0,5.95,6.0,6.0,6.44749371855331,5.4525062814466905,Southern Africa,Subset: Health & Wellbeing
400.0,500.0,5.9,6.0,5.04,6.438516480713451,5.3614835192865495,Southern Africa,Subset: Health & Wellbeing
500.0,600.0,5.8,6.0,5.0,6.3999999999999995,5.2,Southern Africa,Subset: Health & Wellbeing
600.0,700.0,5.9,6.0,5.04,6.438516480713451,5.3614835192865495,Southern Africa,Subset: Health & Wellbeing
700.0,800.0,5.9,6.0,5.04,6.438516480713451,5.3614835192865495,Southern Africa,Subset: Health & Wellbeing
800.0,900.0,5.8,6.0,5.04,6.2,5.3999999999999995,Southern Africa,Subset: Health & Wellbeing
900.0,1000.0,5.65,6.0,5.0,6.126969600708473,5.173030399291528,Southern Africa,Subset: Health & Wellbeing
1000.0,1100.0,5.7,6.0,5.0,6.256776436283002,5.143223563716998,Southern Africa,Subset: Health & Wellbeing
1100.0,1200.0,5.65,6.0,5.0,6.22227615711298,5.07772384288702,Southern Africa,Subset: Health & Wellbeing
1200.0,1300.0,5.6,6.0,5.0,6.089897948556636,5.110102051443364,Southern Africa,Subset: Health & Wellbeing
1300.0,1400.0,5.2,6.0,5.0,5.948331477354788,4.451668522645212,Southern Africa,Subset: Health & Wellbeing
1400.0,1500.0,5.1,6.0,5.0,5.7244997998398395,4.47550020016016,Southern Africa,Subset: Health & Wellbeing
1500.0,1600.0,4.65,5.0,4.0,5.3762919523166985,3.9237080476833026,Southern Africa,Subset: Health & Wellbeing
1600.0,1700.0,4.15,5.0,4.0,4.8762919523166985,3.4237080476833026,Southern Africa,Subset: Health & Wellbeing
1700.0,1800.0,3.8,4.0,3.0,4.3099019513592784,3.290098048640721,Southern Africa,Subset: Health & Wellbeing
1800.0,1900.0,3.25,4.0,3.0,3.683012701892219,2.816987298107781,Southern Africa,Subset: Health & Wellbeing
1900.0,2000.0,4.4,5.0,4.0,4.98309518948453,3.8169048105154704,Southern Africa,Subset: Health & Wellbeing
2000.0,2025.0,6.35,7.0,6.0,6.826969600708472,5.873030399291527,Southern Africa,Subset: Health & Wellbeing
-1000.0,-900.0,8.05,8.0,8.0,8.434057287393431,7.665942712606571,Southern Africa,Subset: Peace
-900.0,-800.0,7.3,8.0,7.0,7.758257569495584,6.841742430504416,Southern Africa,Subset: Peace
-800.0,-700.0,7.0,7.0,7.0,7.447213595499958,6.552786404500042,Southern Africa,Subset: Peace
-700.0,-600.0,6.4,7.0,6.0,6.889897948556636,5.910102051443364,Southern Africa,Subset: Peace
-600.0,-500.0,6.1,6.959999999999999,6.0,6.6385164807134505,5.561483519286549,Southern Africa,Subset: Peace
-500.0,-400.0,5.8,6.0,5.04,6.2,5.3999999999999995,Southern Africa,Subset: Peace
-400.0,-300.0,5.55,6.0,5.0,6.218954408012983,4.881045591987017,Southern Africa,Subset: Peace
-300.0,-200.0,5.45,6.0,5.0,6.118954408012983,4.781045591987017,Southern Africa,Subset: Peace
-200.0,-100.0,5.0,5.959999999999999,4.0,5.774596669241483,4.225403330758517,Southern Africa,Subset: Peace
-100.0,0.0,5.2,6.0,5.0,5.948331477354788,4.451668522645212,Southern Africa,Subset: Peace
0.0,100.0,5.2,6.0,4.04,5.948331477354788,4.451668522645212,Southern Africa,Subset: Peace
100.0,200.0,5.3,6.0,5.0,6.014142842854285,4.585857157145715,Southern Africa,Subset: Peace
200.0,300.0,5.55,6.0,5.0,6.354673846971554,4.745326153028445,Southern Africa,Subset: Peace
300.0,400.0,5.5,6.0,5.0,6.4219544457292885,4.5780455542707115,Southern Africa,Subset: Peace
400.0,500.0,5.25,6.0,4.0,6.384680571791022,4.115319428208978,Southern Africa,Subset: Peace
500.0,600.0,5.05,6.0,4.0,6.121214264281427,3.978785735718573,Southern Africa,Subset: Peace
600.0,700.0,5.1,6.0,4.0,6.09498743710662,4.105012562893379,Southern Africa,Subset: Peace
700.0,800.0,4.9,6.0,4.0,5.730662386291808,4.069337613708193,Southern Africa,Subset: Peace
800.0,900.0,4.95,6.0,4.0,5.870597631976098,4.029402368023902,Southern Africa,Subset: Peace
900.0,1000.0,4.7,6.0,4.0,5.704987562112089,3.695012437887911,Southern Africa,Subset: Peace
1000.0,1100.0,4.65,5.0,4.0,5.559670269933013,3.7403297300669873,Southern Africa,Subset: Peace
1100.0,1200.0,4.4,5.0,4.0,5.369535971483266,3.4304640285167345,Southern Africa,Subset: Peace
1200.0,1300.0,4.45,5.0,3.04,5.370597631976099,3.5294023680239017,Southern Africa,Subset: Peace
1300.0,1400.0,3.65,4.0,3.0,4.5596702699330125,2.7403297300669873,Southern Africa,Subset: Peace
1400.0,1500.0,3.4,4.0,3.0,4.260232526704263,2.539767473295737,Southern Africa,Subset: Peace
1500.0,1600.0,2.75,3.0,2.0,3.57915619758885,1.92084380241115,Southern Africa,Subset: Peace
1600.0,1700.0,2.45,3.0,2.0,3.189932429347438,1.710067570652563,Southern Africa,Subset: Peace
1700.0,1800.0,2.15,2.959999999999999,2.0,2.6269696007084726,1.6730303992915272,Southern Africa,Subset: Peace
1800.0,1900.0,1.6,2.0,1.0,2.089897948556636,1.1101020514433644,Southern Africa,Subset: Peace
1900.0,2000.0,2.65,3.0,2.0,3.1269696007084726,2.173030399291527,Southern Africa,Subset: Peace
2000.0,2025.0,5.95,6.0,6.0,6.44749371855331,5.4525062814466905,Southern Africa,Subset: Peace
-1000.0,-900.0,1875000.0,3439999.9999999986,1000000.0,3331665.7131957216,418334.2868042784,Southern Africa,Subset: Population
-900.0,-800.0,2050000.0,3639999.9999999986,1100000.0,3602256.422115882,497743.57788411784,Southern Africa,Subset: Population
-800.0,-700.0,2240000.0,3939999.9999999986,1200000.0,3897226.598869328,582773.4011306721,Southern Africa,Subset: Population
-700.0,-600.0,2430000.0,4239999.999999999,1300000.0,4194964.588879902,665035.4111200983,Southern Africa,Subset: Population
-600.0,-500.0,2630000.0,4543999.999999999,1400000.0,4507791.255704424,752208.7442955754,Southern Africa,Subset: Population
-500.0,-400.0,2830000.0,4847999.999999999,1500000.0,4823765.282073093,836234.7179269071,Southern Africa,Subset: Population
-400.0,-300.0,3030000.0,5151999.999999999,1600000.0,5142368.339092404,917631.6609075963,Southern Africa,Subset: Population
-300.0,-200.0,3245000.0,5459999.999999999,1700000.0,5481844.876159275,1008155.1238407256,Southern Africa,Subset: Population
-200.0,-100.0,3460000.0,5767999.999999999,1800000.0,5825036.997596444,1094963.0024035564,Southern Africa,Subset: Population
-100.0,0.0,3680000.0,6075999.999999999,1900000.0,6175315.611300502,1184684.3886994976,Southern Africa,Subset: Population
0.0,100.0,3895000.0,6384000.0,2000000.0,6524538.932969049,1265461.0670309518,Southern Africa,Subset: Population
100.0,200.0,4110000.0,6692000.0,2100000.0,6876026.030246281,1343973.969753719,Southern Africa,Subset: Population
200.0,300.0,4330000.0,7000000.0,2200000.0,7232946.778706079,1427053.2212939211,Southern Africa,Subset: Population
300.0,400.0,4550000.0,7500000.0,2300000.0,7591792.234851026,1508207.765148974,Southern Africa,Subset: Population
400.0,500.0,4770000.0,7992000.0,2400000.0,7952310.481395554,1587689.5186044462,Southern Africa,Subset: Population
500.0,600.0,4990000.0,8480000.0,2500000.0,8314289.3977510445,1665710.602248956,Southern Africa,Subset: Population
600.0,700.0,5210000.0,8968000.0,2600000.0,8677549.567057405,1742450.4329425944,Southern Africa,Subset: Population
700.0,800.0,5430000.0,9460000.0,2700000.0,9041938.537683057,1818061.4623169457,Southern Africa,Subset: Population
800.0,900.0,5650000.0,9951999.999999998,2800000.0,9407326.176950838,1892673.823049162,Southern Africa,Subset: Population
900.0,1000.0,5870000.0,10443999.999999998,2900000.0,9773600.90173163,1966399.0982683692,Southern Africa,Subset: Population
1000.0,1100.0,6090000.0,10935999.999999998,3000000.0,10140666.611806013,2039333.388193988,Southern Africa,Subset: Population
1100.0,1200.0,6315000.0,11427999.999999998,3100000.0,10509672.216037864,2120327.783962136,Southern Africa,Subset: Population
1200.0,1300.0,6540000.0,11919999.999999998,3200000.0,10879400.880305944,2200599.119694056,Southern Africa,Subset: Population
1300.0,1400.0,6765000.0,12411999.999999998,3300000.0,11249782.603426836,2280217.396573162,Southern Africa,Subset: Population
1400.0,1500.0,6990000.0,12903999.999999998,3400000.0,11620755.877823835,2359244.1221761648,Southern Africa,Subset: Population
1500.0,1600.0,7215000.0,13395999.999999998,3500000.0,11992266.47780925,2437733.5221907496,Southern Africa,Subset: Population
1600.0,1700.0,7460000.0,13887999.999999998,3600000.0,12388732.08847874,2531267.9115212606,Southern Africa,Subset: Population
1700.0,1800.0,7740000.0,14379999.999999998,3700000.0,12847974.158117874,2632025.8418821264,Southern Africa,Subset: Population
1800.0,1900.0,8345000.0,14879999.999999998,4000000.0,13833941.15472192,2856058.845278081,Southern Africa,Subset: Population
1900.0,2000.0,26825000.0,39799999.99999999,15200000.0,38995943.8828712,14654056.117128797,Southern Africa,Subset: Population
2000.0,2025.0,56950000.0,67000000.0,60000000.0,71665552.99674463,42234447.00325537,Southern Africa,Subset: Population
-1000.0,-900.0,3.797619047619048,4.0,3.513333333333333,4.154960262376277,3.4402778328618187,Southern Europe & Mediterranean,Overall
-900.0,-800.0,4.357142857142858,4.653333333333333,4.013333333333334,4.664829713888574,4.049456000397141,Southern Europe & Mediterranean,Overall
-800.0,-700.0,4.547619047619048,4.833333333333333,4.333333333333333,4.906345694602843,4.188892400635254,Southern Europe & Mediterranean,Overall
-700.0,-600.0,4.654761904761904,4.833333333333333,4.5,5.002454330155005,4.307069479368804,Southern Europe & Mediterranean,Overall
-600.0,-500.0,4.916666666666666,5.166666666666667,4.513333333333334,5.282629194022366,4.550704139310966,Southern Europe & Mediterranean,Overall
-500.0,-400.0,4.928571428571429,5.319999999999999,4.5,5.320525657932246,4.536617199210611,Southern Europe & Mediterranean,Overall
-400.0,-300.0,4.964285714285715,5.166666666666667,4.5,5.3877004581852095,4.540870970386221,Southern Europe & Mediterranean,Overall
-300.0,-200.0,5.095238095238095,5.333333333333333,4.833333333333333,5.3198566936203955,4.870619496855794,Southern Europe & Mediterranean,Overall
-200.0,-100.0,5.761904761904762,6.486666666666666,5.013333333333334,6.4065231605086135,5.11728636330091,Southern Europe & Mediterranean,Overall
-100.0,0.0,6.464285714285715,6.666666666666667,6.166666666666667,6.754185610997284,6.174385817574146,Southern Europe & Mediterranean,Overall
0.0,100.0,6.404761904761905,6.806666666666667,6.166666666666667,6.781223530972427,6.0283002785513835,Southern Europe & Mediterranean,Overall
100.0,200.0,6.095238095238095,6.819999999999999,5.666666666666667,6.621207667485107,5.5692685229910825,Southern Europe & Mediterranean,Overall
200.0,300.0,4.488095238095238,4.986666666666666,4.013333333333334,4.973862041978647,4.0023284342118295,Southern Europe & Mediterranean,Overall
300.0,400.0,4.583333333333333,4.986666666666666,4.193333333333333,4.932652398836219,4.234014267830447,Southern Europe & Mediterranean,Overall
400.0,500.0,3.1785714285714284,3.486666666666667,3.0,3.391862772228201,2.9652800849146557,Southern Europe & Mediterranean,Overall
500.0,600.0,3.023809523809524,3.1666666666666665,2.8333333333333335,3.2112859017621864,2.836333145856862,Southern Europe & Mediterranean,Overall
600.0,700.0,3.4404761904761907,3.8333333333333335,3.013333333333333,3.805663372623285,3.075289008329096,Southern Europe & Mediterranean,Overall
700.0,800.0,3.797619047619047,4.319999999999999,3.1666666666666665,4.325337149030988,3.269900946207107,Southern Europe & Mediterranean,Overall
800.0,900.0,4.107142857142857,4.666666666666667,3.526666666666667,4.665652576463804,3.548633137821909,Southern Europe & Mediterranean,Overall
900.0,1000.0,4.0,4.486666666666666,3.6666666666666665,4.538221645497967,3.461778354502033,Southern Europe & Mediterranean,Overall
1000.0,1100.0,4.571428571428571,4.819999999999999,4.333333333333333,4.89701891264708,4.245838230210063,Southern Europe & Mediterranean,Overall
1100.0,1200.0,5.1309523809523805,5.333333333333333,4.833333333333333,5.368153081490134,4.893751680414627,Southern Europe & Mediterranean,Overall
1200.0,1300.0,5.380952380952381,5.666666666666667,4.846666666666667,5.786413961093486,4.975490800811277,Southern Europe & Mediterranean,Overall
1300.0,1400.0,3.5595238095238093,3.8333333333333335,3.026666666666667,3.9136779709677025,3.205369648079916,Southern Europe & Mediterranean,Overall
1400.0,1500.0,5.642857142857143,5.833333333333333,5.346666666666667,5.9090557116071185,5.376658574107168,Southern Europe & Mediterranean,Overall
1500.0,1600.0,5.36904761904762,5.5,5.166666666666667,5.588883158483565,5.149212079611676,Southern Europe & Mediterranean,Overall
1600.0,1700.0,4.654761904761904,4.666666666666667,4.513333333333334,4.858538604388377,4.4509852051354315,Southern Europe & Mediterranean,Overall
1700.0,1800.0,5.059523809523809,5.319999999999999,4.846666666666667,5.274139956872856,4.844907662174762,Southern Europe & Mediterranean,Overall
1800.0,1900.0,5.607142857142857,5.819999999999999,5.5,5.7919544606697615,5.422331253615952,Southern Europe & Mediterranean,Overall
1900.0,2000.0,6.7857142857142865,7.0,6.513333333333334,7.0331501153669835,6.538278456061589,Southern Europe & Mediterranean,Overall
2000.0,2025.0,7.773809523809525,7.833333333333333,7.666666666666667,7.90902162728096,7.6385974203380895,Southern Europe & Mediterranean,Overall
-1000.0,-900.0,5.285714285714286,6.0,5.0,5.874729375088237,4.696699196340334,Southern Europe & Mediterranean,Subset: Culture & Lesure
-900.0,-800.0,6.285714285714286,7.0,6.0,6.874729375088237,5.696699196340334,Southern Europe & Mediterranean,Subset: Culture & Lesure
-800.0,-700.0,6.714285714285714,7.0,6.0,7.414139926509479,6.014431502061949,Southern Europe & Mediterranean,Subset: Culture & Lesure
-700.0,-600.0,7.214285714285714,8.0,7.0,7.888141509432614,6.540429919138814,Southern Europe & Mediterranean,Subset: Culture & Lesure
-600.0,-500.0,7.785714285714286,8.0,7.0,8.34358926256476,7.22783930886381,Southern Europe & Mediterranean,Subset: Culture & Lesure
-500.0,-400.0,8.0,9.0,7.0,8.755928946018454,7.244071053981545,Southern Europe & Mediterranean,Subset: Culture & Lesure
-400.0,-300.0,8.071428571428571,9.0,7.08,8.774918414414007,7.367938728443136,Southern Europe & Mediterranean,Subset: Culture & Lesure
-300.0,-200.0,8.071428571428571,8.92,8.0,8.66475884735129,7.478098295505852,Southern Europe & Mediterranean,Subset: Culture & Lesure
-200.0,-100.0,8.214285714285714,9.0,8.0,8.888141509432614,7.540429919138813,Southern Europe & Mediterranean,Subset: Culture & Lesure
-100.0,0.0,8.928571428571429,9.0,9.0,9.186110805390284,8.671032051752572,Southern Europe & Mediterranean,Subset: Culture & Lesure
0.0,100.0,8.857142857142858,9.0,9.0,9.20706996325474,8.507215751030975,Southern Europe & Mediterranean,Subset: Culture & Lesure
100.0,200.0,8.571428571428571,9.0,8.0,9.19412842050581,7.948728722351332,Southern Europe & Mediterranean,Subset: Culture & Lesure
200.0,300.0,7.357142857142857,8.0,7.0,7.9674288389512515,6.746856875334462,Southern Europe & Mediterranean,Subset: Culture & Lesure
300.0,400.0,7.285714285714286,8.0,7.0,7.737468237166912,6.8339603342616595,Southern Europe & Mediterranean,Subset: Culture & Lesure
400.0,500.0,5.785714285714286,6.0,5.0,6.343589262564761,5.22783930886381,Southern Europe & Mediterranean,Subset: Culture & Lesure
500.0,600.0,4.857142857142857,5.0,4.08,5.37222161078057,4.342064103505144,Southern Europe & Mediterranean,Subset: Culture & Lesure
600.0,700.0,5.357142857142857,6.0,5.0,5.836300280892812,4.877985433392902,Southern Europe & Mediterranean,Subset: Culture & Lesure
700.0,800.0,6.0,7.0,5.0,6.755928946018455,5.244071053981545,Southern Europe & Mediterranean,Subset: Culture & Lesure
800.0,900.0,6.285714285714286,7.0,6.0,6.985568497938051,5.585860073490521,Southern Europe & Mediterranean,Subset: Culture & Lesure
900.0,1000.0,6.285714285714286,7.0,5.08,7.081109194690003,5.490319376738568,Southern Europe & Mediterranean,Subset: Culture & Lesure
1000.0,1100.0,7.071428571428571,7.0,7.0,7.328967948247428,6.813889194609715,Southern Europe & Mediterranean,Subset: Culture & Lesure
1100.0,1200.0,7.857142857142857,8.0,8.0,8.207069963254739,7.507215751030974,Southern Europe & Mediterranean,Subset: Culture & Lesure
1200.0,1300.0,7.928571428571429,8.0,8.0,8.186110805390285,7.671032051752572,Southern Europe & Mediterranean,Subset: Culture & Lesure
1300.0,1400.0,6.285714285714286,7.0,6.0,6.737468237166912,5.8339603342616595,Southern Europe & Mediterranean,Subset: Culture & Lesure
1400.0,1500.0,9.0,9.0,9.0,9.0,9.0,Southern Europe & Mediterranean,Subset: Culture & Lesure
1500.0,1600.0,8.5,9.0,8.0,9.0,8.0,Southern Europe & Mediterranean,Subset: Culture & Lesure
1600.0,1700.0,8.071428571428571,8.92,8.0,8.66475884735129,7.478098295505852,Southern Europe & Mediterranean,Subset: Culture & Lesure
1700.0,1800.0,8.0,8.0,8.0,8.53452248382485,7.465477516175151,Southern Europe & Mediterranean,Subset: Culture & Lesure
1800.0,1900.0,7.5,8.0,7.0,8.0,7.0,Southern Europe & Mediterranean,Subset: Culture & Lesure
1900.0,2000.0,8.357142857142858,9.0,8.0,8.836300280892813,7.877985433392903,Southern Europe & Mediterranean,Subset: Culture & Lesure
2000.0,2025.0,9.0,9.0,9.0,9.0,9.0,Southern Europe & Mediterranean,Subset: Culture & Lesure
-1000.0,-900.0,3.2142857142857144,3.92,3.0,3.624611617609859,2.8039598109615693,Southern Europe & Mediterranean,Subset: Economic Opportunity
-900.0,-800.0,4.214285714285714,4.92,4.0,4.624611617609859,3.8039598109615698,Southern Europe & Mediterranean,Subset: Economic Opportunity
-800.0,-700.0,4.428571428571429,5.0,4.0,4.923443087876822,3.933699769266035,Southern Europe & Mediterranean,Subset: Economic Opportunity
-700.0,-600.0,4.928571428571429,5.0,5.0,5.385937445530918,4.4712054116119395,Southern Europe & Mediterranean,Subset: Economic Opportunity
-600.0,-500.0,5.357142857142857,6.0,5.0,5.836300280892812,4.877985433392902,Southern Europe & Mediterranean,Subset: Economic Opportunity
-500.0,-400.0,5.428571428571429,6.0,5.0,5.923443087876822,4.933699769266036,Southern Europe & Mediterranean,Subset: Economic Opportunity
-400.0,-300.0,5.857142857142857,6.0,6.0,6.207069963254739,5.507215751030975,Southern Europe & Mediterranean,Subset: Economic Opportunity
-300.0,-200.0,6.214285714285714,6.92,6.0,6.624611617609859,5.80395981096157,Southern Europe & Mediterranean,Subset: Economic Opportunity
-200.0,-100.0,7.0,7.0,7.0,7.377964473009227,6.622035526990773,Southern Europe & Mediterranean,Subset: Economic Opportunity
-100.0,0.0,7.285714285714286,8.0,7.0,7.737468237166911,6.83396033426166,Southern Europe & Mediterranean,Subset: Economic Opportunity
0.0,100.0,7.214285714285714,7.92,7.0,7.624611617609859,6.80395981096157,Southern Europe & Mediterranean,Subset: Economic Opportunity
100.0,200.0,7.0,7.0,7.0,7.534522483824849,6.465477516175151,Southern Europe & Mediterranean,Subset: Economic Opportunity
200.0,300.0,5.428571428571429,6.0,5.0,6.0512712776486675,4.80587157949419,Southern Europe & Mediterranean,Subset: Economic Opportunity
300.0,400.0,5.285714285714286,6.0,5.0,5.874729375088237,4.696699196340334,Southern Europe & Mediterranean,Subset: Economic Opportunity
400.0,500.0,3.5,4.0,3.0,4.0,3.0,Southern Europe & Mediterranean,Subset: Economic Opportunity
500.0,600.0,3.2142857142857144,3.92,3.0,3.624611617609859,2.8039598109615698,Southern Europe & Mediterranean,Subset: Economic Opportunity
600.0,700.0,3.5714285714285716,4.0,3.0,4.066300230733965,3.076556912123178,Southern Europe & Mediterranean,Subset: Economic Opportunity
700.0,800.0,4.0,5.0,3.0,4.755928946018455,3.2440710539815454,Southern Europe & Mediterranean,Subset: Economic Opportunity
800.0,900.0,4.357142857142857,5.0,4.0,5.074991115794349,3.639294598491365,Southern Europe & Mediterranean,Subset: Economic Opportunity
900.0,1000.0,4.357142857142857,5.0,4.0,5.168415477971467,3.5458702363142462,Southern Europe & Mediterranean,Subset: Economic Opportunity
1000.0,1100.0,5.357142857142857,6.0,5.0,5.836300280892812,4.877985433392902,Southern Europe & Mediterranean,Subset: Economic Opportunity
1100.0,1200.0,6.071428571428571,6.0,6.0,6.328967948247428,5.813889194609715,Southern Europe & Mediterranean,Subset: Economic Opportunity
1200.0,1300.0,6.428571428571429,7.0,6.0,6.923443087876822,5.933699769266036,Southern Europe & Mediterranean,Subset: Economic Opportunity
1300.0,1400.0,3.7857142857142856,4.0,3.0,4.459570080861186,3.111858490567385,Southern Europe & Mediterranean,Subset: Economic Opportunity
1400.0,1500.0,6.214285714285714,6.92,6.0,6.624611617609859,5.80395981096157,Southern Europe & Mediterranean,Subset: Economic Opportunity
1500.0,1600.0,6.928571428571429,7.0,7.0,7.186110805390285,6.671032051752572,Southern Europe & Mediterranean,Subset: Economic Opportunity
1600.0,1700.0,5.857142857142857,6.0,6.0,6.20706996325474,5.507215751030974,Southern Europe & Mediterranean,Subset: Economic Opportunity
1700.0,1800.0,6.0,6.0,6.0,6.0,6.0,Southern Europe & Mediterranean,Subset: Economic Opportunity
1800.0,1900.0,6.785714285714286,7.0,6.08,7.19604018903843,6.375388382390141,Southern Europe & Mediterranean,Subset: Economic Opportunity
1900.0,2000.0,7.714285714285714,8.0,7.0,8.16603966573834,7.262531762833088,Southern Europe & Mediterranean,Subset: Economic Opportunity
2000.0,2025.0,8.071428571428571,8.0,8.0,8.328967948247428,7.813889194609715,Southern Europe & Mediterranean,Subset: Economic Opportunity
-1000.0,-900.0,2.357142857142857,3.0,2.0,2.9674288389512524,1.746856875334462,Southern Europe & Mediterranean,Subset: Equality
-900.0,-800.0,2.9285714285714284,3.0,3.0,3.3859374455309177,2.471205411611939,Southern Europe & Mediterranean,Subset: Equality
-800.0,-700.0,2.9285714285714284,3.0,3.0,3.3859374455309177,2.471205411611939,Southern Europe & Mediterranean,Subset: Equality
-700.0,-600.0,3.0,3.0,3.0,3.654653670707977,2.345346329292023,Southern Europe & Mediterranean,Subset: Equality
-600.0,-500.0,3.2857142857142856,4.0,3.0,3.9855684979380506,2.5858600734905206,Southern Europe & Mediterranean,Subset: Equality
-500.0,-400.0,3.2857142857142856,4.0,3.0,3.874729375088237,2.696699196340334,Southern Europe & Mediterranean,Subset: Equality
-400.0,-300.0,3.142857142857143,3.92,3.0,3.6579358964948554,2.62777838921943,Southern Europe & Mediterranean,Subset: Equality
-300.0,-200.0,3.0,3.0,3.0,3.534522483824849,2.465477516175151,Southern Europe & Mediterranean,Subset: Equality
-200.0,-100.0,3.5,4.0,3.0,4.0,3.0,Southern Europe & Mediterranean,Subset: Equality
-100.0,0.0,3.7857142857142856,4.0,3.0,4.459570080861186,3.111858490567385,Southern Europe & Mediterranean,Subset: Equality
0.0,100.0,3.7857142857142856,4.92,3.0,4.558332416170854,3.0130961552577165,Southern Europe & Mediterranean,Subset: Equality
100.0,200.0,3.7857142857142856,4.0,3.0,4.459570080861186,3.111858490567385,Southern Europe & Mediterranean,Subset: Equality
200.0,300.0,2.7142857142857144,3.0,2.0,3.303300803659666,2.1252706249117628,Southern Europe & Mediterranean,Subset: Equality
300.0,400.0,3.0,3.0,3.0,3.534522483824849,2.465477516175151,Southern Europe & Mediterranean,Subset: Equality
400.0,500.0,2.0,2.0,2.0,2.0,2.0,Southern Europe & Mediterranean,Subset: Equality
500.0,600.0,2.0,2.0,2.0,2.0,2.0,Southern Europe & Mediterranean,Subset: Equality
600.0,700.0,2.2857142857142856,3.0,2.0,2.7374682371669112,1.83396033426166,Southern Europe & Mediterranean,Subset: Equality
700.0,800.0,2.642857142857143,3.0,2.0,3.253143124665538,2.0325711610487476,Southern Europe & Mediterranean,Subset: Equality
800.0,900.0,2.857142857142857,3.0,2.0,3.496019422142797,2.2182662921429173,Southern Europe & Mediterranean,Subset: Equality
900.0,1000.0,2.7857142857142856,3.0,2.0,3.3435892625647607,2.2278393088638104,Southern Europe & Mediterranean,Subset: Equality
1000.0,1100.0,3.0,3.0,3.0,3.3779644730092273,2.6220355269907727,Southern Europe & Mediterranean,Subset: Equality
1100.0,1200.0,3.2857142857142856,4.0,3.0,3.7374682371669112,2.83396033426166,Southern Europe & Mediterranean,Subset: Equality
1200.0,1300.0,3.357142857142857,4.0,3.0,3.836300280892812,2.8779854333929022,Southern Europe & Mediterranean,Subset: Equality
1300.0,1400.0,2.9285714285714284,4.0,2.0,3.7271671348213538,2.1299757223215035,Southern Europe & Mediterranean,Subset: Equality
1400.0,1500.0,3.642857142857143,4.0,3.0,4.122014566607097,3.163699719107188,Southern Europe & Mediterranean,Subset: Equality
1500.0,1600.0,3.0714285714285716,3.0,3.0,3.328967948247428,2.813889194609715,Southern Europe & Mediterranean,Subset: Equality
1600.0,1700.0,2.9285714285714284,3.0,3.0,3.186110805390285,2.671032051752572,Southern Europe & Mediterranean,Subset: Equality
1700.0,1800.0,3.7142857142857144,4.0,3.0,4.1660396657383405,3.2625317628330888,Southern Europe & Mediterranean,Subset: Equality
1800.0,1900.0,4.0,4.0,4.0,4.0,4.0,Southern Europe & Mediterranean,Subset: Equality
1900.0,2000.0,5.214285714285714,5.92,5.0,5.624611617609859,4.80395981096157,Southern Europe & Mediterranean,Subset: Equality
2000.0,2025.0,6.357142857142857,7.0,6.0,6.836300280892812,5.877985433392902,Southern Europe & Mediterranean,Subset: Equality
-1000.0,-900.0,2.857142857142857,3.0,3.0,3.2070699632547397,2.5072157510309747,Southern Europe & Mediterranean,Subset: Freedom
-900.0,-800.0,3.5714285714285716,4.0,3.0,4.066300230733965,3.076556912123178,Southern Europe & Mediterranean,Subset: Freedom
-800.0,-700.0,3.5714285714285716,4.0,3.0,4.066300230733965,3.076556912123178,Southern Europe & Mediterranean,Subset: Freedom
-700.0,-600.0,3.642857142857143,4.0,3.0,4.454129763685754,2.8315845220285323,Southern Europe & Mediterranean,Subset: Freedom
-600.0,-500.0,4.214285714285714,5.0,3.08,4.986903844742283,3.4416675838291453,Southern Europe & Mediterranean,Subset: Freedom
-500.0,-400.0,4.428571428571429,5.0,4.0,4.923443087876822,3.933699769266035,Southern Europe & Mediterranean,Subset: Freedom
-400.0,-300.0,4.0,4.92,3.08,4.654653670707977,3.345346329292023,Southern Europe & Mediterranean,Subset: Freedom
-300.0,-200.0,4.142857142857143,4.92,4.0,4.657935896494856,3.62777838921943,Southern Europe & Mediterranean,Subset: Freedom
-200.0,-100.0,4.142857142857143,5.0,3.0,4.975850270692186,3.3098640150221,Southern Europe & Mediterranean,Subset: Freedom
-100.0,0.0,4.785714285714286,5.92,4.0,5.645828184199449,3.925600387229122,Southern Europe & Mediterranean,Subset: Freedom
0.0,100.0,4.857142857142857,5.92,4.0,5.846886175753644,3.86739953853207,Southern Europe & Mediterranean,Subset: Freedom
100.0,200.0,4.714285714285714,5.92,4.0,5.672600561785624,3.755970866785805,Southern Europe & Mediterranean,Subset: Freedom
200.0,300.0,3.2857142857142856,4.0,3.0,3.9855684979380506,2.5858600734905206,Southern Europe & Mediterranean,Subset: Freedom
300.0,400.0,3.4285714285714284,4.0,3.0,3.923443087876822,2.9336997692660347,Southern Europe & Mediterranean,Subset: Freedom
400.0,500.0,2.142857142857143,2.0,2.0,2.4927842489690253,1.79293003674526,Southern Europe & Mediterranean,Subset: Freedom
500.0,600.0,2.0,2.0,2.0,2.0,2.0,Southern Europe & Mediterranean,Subset: Freedom
600.0,700.0,2.5714285714285716,3.0,2.0,3.0663002307339653,2.076556912123178,Southern Europe & Mediterranean,Subset: Freedom
700.0,800.0,2.7857142857142856,3.0,2.08,3.1960401890384302,2.375388382390141,Southern Europe & Mediterranean,Subset: Freedom
800.0,900.0,3.142857142857143,4.0,3.0,3.7817337078570823,2.503980577857203,Southern Europe & Mediterranean,Subset: Freedom
900.0,1000.0,3.0,3.0,3.0,3.534522483824849,2.465477516175151,Southern Europe & Mediterranean,Subset: Freedom
1000.0,1100.0,3.4285714285714284,4.0,3.0,3.923443087876822,2.9336997692660347,Southern Europe & Mediterranean,Subset: Freedom
1100.0,1200.0,4.0,4.0,4.0,4.534522483824849,3.465477516175151,Southern Europe & Mediterranean,Subset: Freedom
1200.0,1300.0,4.357142857142857,5.0,4.0,4.9674288389512515,3.7468568753344615,Southern Europe & Mediterranean,Subset: Freedom
1300.0,1400.0,2.7857142857142856,3.0,2.08,3.1960401890384307,2.3753883823901405,Southern Europe & Mediterranean,Subset: Freedom
1400.0,1500.0,4.928571428571429,5.0,5.0,5.385937445530918,4.4712054116119395,Southern Europe & Mediterranean,Subset: Freedom
1500.0,1600.0,4.214285714285714,4.92,4.0,4.624611617609859,3.8039598109615698,Southern Europe & Mediterranean,Subset: Freedom
1600.0,1700.0,3.2142857142857144,3.92,3.0,3.624611617609859,2.8039598109615698,Southern Europe & Mediterranean,Subset: Freedom
1700.0,1800.0,4.214285714285714,4.92,4.0,4.624611617609859,3.8039598109615698,Southern Europe & Mediterranean,Subset: Freedom
1800.0,1900.0,5.214285714285714,5.92,5.0,5.624611617609859,4.80395981096157,Southern Europe & Mediterranean,Subset: Freedom
1900.0,2000.0,6.642857142857143,7.0,6.0,7.122014566607098,6.163699719107188,Southern Europe & Mediterranean,Subset: Freedom
2000.0,2025.0,8.0,8.0,8.0,8.0,8.0,Southern Europe & Mediterranean,Subset: Freedom
-1000.0,-900.0,3.7857142857142856,4.0,3.08,4.19604018903843,3.3753883823901405,Southern Europe & Mediterranean,Subset: Health & Wellbeing
-900.0,-800.0,4.142857142857143,4.0,4.0,4.492784248969026,3.7929300367452607,Southern Europe & Mediterranean,Subset: Health & Wellbeing
-800.0,-700.0,4.785714285714286,5.0,4.08,5.19604018903843,4.375388382390141,Southern Europe & Mediterranean,Subset: Health & Wellbeing
-700.0,-600.0,4.928571428571429,5.0,5.0,5.186110805390285,4.671032051752572,Southern Europe & Mediterranean,Subset: Health & Wellbeing
-600.0,-500.0,5.071428571428571,5.0,5.0,5.328967948247428,4.813889194609715,Southern Europe & Mediterranean,Subset: Health & Wellbeing
-500.0,-400.0,5.214285714285714,5.92,5.0,5.624611617609859,4.80395981096157,Southern Europe & Mediterranean,Subset: Health & Wellbeing
-400.0,-300.0,5.357142857142857,6.0,5.0,5.836300280892812,4.877985433392902,Southern Europe & Mediterranean,Subset: Health & Wellbeing
-300.0,-200.0,5.714285714285714,6.0,5.0,6.1660396657383405,5.262531762833088,Southern Europe & Mediterranean,Subset: Health & Wellbeing
-200.0,-100.0,6.5,7.0,6.0,7.2319250547114,5.7680749452886,Southern Europe & Mediterranean,Subset: Health & Wellbeing
-100.0,0.0,7.0,7.0,7.0,7.0,7.0,Southern Europe & Mediterranean,Subset: Health & Wellbeing
0.0,100.0,6.928571428571429,7.0,7.0,7.186110805390285,6.671032051752572,Southern Europe & Mediterranean,Subset: Health & Wellbeing
100.0,200.0,6.571428571428571,7.0,6.0,7.066300230733964,6.076556912123178,Southern Europe & Mediterranean,Subset: Health & Wellbeing
200.0,300.0,4.785714285714286,5.0,4.0,5.343589262564761,4.22783930886381,Southern Europe & Mediterranean,Subset: Health & Wellbeing
300.0,400.0,5.0,5.0,5.0,5.377964473009227,4.622035526990773,Southern Europe & Mediterranean,Subset: Health & Wellbeing
400.0,500.0,3.642857142857143,4.0,3.0,4.122014566607097,3.163699719107188,Southern Europe & Mediterranean,Subset: Health & Wellbeing
500.0,600.0,3.4285714285714284,4.0,3.0,3.923443087876822,2.9336997692660347,Southern Europe & Mediterranean,Subset: Health & Wellbeing
600.0,700.0,3.7857142857142856,4.0,3.0,4.343589262564761,3.2278393088638104,Southern Europe & Mediterranean,Subset: Health & Wellbeing
700.0,800.0,3.928571428571429,4.92,3.0,4.632061271556864,3.2250815855859924,Southern Europe & Mediterranean,Subset: Health & Wellbeing
800.0,900.0,4.214285714285714,5.0,4.0,4.77216069113619,3.6564107374352393,Southern Europe & Mediterranean,Subset: Health & Wellbeing
900.0,1000.0,4.142857142857143,5.0,4.0,4.781733707857083,3.5039805778572033,Southern Europe & Mediterranean,Subset: Health & Wellbeing
1000.0,1100.0,4.928571428571429,5.0,4.08,5.521901704494148,4.33524115264871,Southern Europe & Mediterranean,Subset: Health & Wellbeing
1100.0,1200.0,5.357142857142857,6.0,5.0,5.9674288389512515,4.746856875334462,Southern Europe & Mediterranean,Subset: Health & Wellbeing
1200.0,1300.0,5.571428571428571,6.0,5.0,6.066300230733964,5.076556912123178,Southern Europe & Mediterranean,Subset: Health & Wellbeing
1300.0,1400.0,2.2857142857142856,3.0,2.0,2.7374682371669112,1.83396033426166,Southern Europe & Mediterranean,Subset: Health & Wellbeing
1400.0,1500.0,5.285714285714286,6.0,5.0,5.737468237166912,4.8339603342616595,Southern Europe & Mediterranean,Subset: Health & Wellbeing
1500.0,1600.0,5.714285714285714,6.0,5.0,6.1660396657383405,5.262531762833088,Southern Europe & Mediterranean,Subset: Health & Wellbeing
1600.0,1700.0,5.0,5.0,5.0,5.377964473009227,4.622035526990773,Southern Europe & Mediterranean,Subset: Health & Wellbeing
1700.0,1800.0,5.428571428571429,6.0,5.0,5.923443087876822,4.933699769266036,Southern Europe & Mediterranean,Subset: Health & Wellbeing
1800.0,1900.0,6.071428571428571,6.0,6.0,6.328967948247428,5.813889194609715,Southern Europe & Mediterranean,Subset: Health & Wellbeing
1900.0,2000.0,7.142857142857143,7.0,7.0,7.492784248969026,6.79293003674526,Southern Europe & Mediterranean,Subset: Health & Wellbeing
2000.0,2025.0,8.142857142857142,8.0,8.0,8.492784248969025,7.792930036745259,Southern Europe & Mediterranean,Subset: Health & Wellbeing
-1000.0,-900.0,5.285714285714286,6.0,4.0,6.315871792989711,4.25555677843886,Southern Europe & Mediterranean,Subset: Peace
-900.0,-800.0,5.0,6.0,4.08,5.8451542547285165,4.1548457452714835,Southern Europe & Mediterranean,Subset: Peace
-800.0,-700.0,4.857142857142857,5.0,5.0,5.496019422142797,4.218266292142917,Southern Europe & Mediterranean,Subset: Peace
-700.0,-600.0,4.214285714285714,5.0,4.0,4.77216069113619,3.6564107374352393,Southern Europe & Mediterranean,Subset: Peace
-600.0,-500.0,3.7857142857142856,4.0,3.0,4.343589262564761,3.2278393088638104,Southern Europe & Mediterranean,Subset: Peace
-500.0,-400.0,3.2142857142857144,3.92,3.0,4.074399612770878,2.3541718158005507,Southern Europe & Mediterranean,Subset: Peace
-400.0,-300.0,3.357142857142857,4.0,3.0,4.328676464909675,2.38560924937604,Southern Europe & Mediterranean,Subset: Peace
-300.0,-200.0,3.4285714285714284,4.0,3.0,4.157002787656112,2.700140069486745,Southern Europe & Mediterranean,Subset: Peace
-200.0,-100.0,5.214285714285714,7.0,3.0,7.148140910097269,3.2804305184741596,Southern Europe & Mediterranean,Subset: Peace
-100.0,0.0,7.0,7.0,7.0,7.377964473009227,6.622035526990773,Southern Europe & Mediterranean,Subset: Peace
0.0,100.0,6.785714285714286,7.0,6.0,7.459570080861186,6.111858490567386,Southern Europe & Mediterranean,Subset: Peace
100.0,200.0,5.928571428571429,7.0,5.0,6.812094062632356,5.045048794510501,Southern Europe & Mediterranean,Subset: Peace
200.0,300.0,3.357142857142857,4.0,3.0,3.836300280892812,2.8779854333929022,Southern Europe & Mediterranean,Subset: Peace
300.0,400.0,3.5,4.0,3.0,4.2319250547114,2.7680749452886,Southern Europe & Mediterranean,Subset: Peace
400.0,500.0,2.0,2.0,2.0,2.0,2.0,Southern Europe & Mediterranean,Subset: Peace
500.0,600.0,2.642857142857143,3.0,2.0,3.1220145666070978,2.163699719107188,Southern Europe & Mediterranean,Subset: Peace
600.0,700.0,3.0714285714285716,3.92,3.0,3.6647588473512913,2.478098295505852,Southern Europe & Mediterranean,Subset: Peace
700.0,800.0,3.4285714285714284,4.0,3.0,4.157002787656112,2.700140069486745,Southern Europe & Mediterranean,Subset: Peace
800.0,900.0,3.7857142857142856,4.92,3.0,4.7983890627684165,2.773039508660155,Southern Europe & Mediterranean,Subset: Peace
900.0,1000.0,3.4285714285714284,4.0,3.0,4.157002787656112,2.700140069486745,Southern Europe & Mediterranean,Subset: Peace
1000.0,1100.0,3.642857142857143,4.92,3.0,4.454129763685754,2.8315845220285323,Southern Europe & Mediterranean,Subset: Peace
1100.0,1200.0,4.214285714285714,5.0,4.0,4.77216069113619,3.6564107374352393,Southern Europe & Mediterranean,Subset: Peace
1200.0,1300.0,4.642857142857143,5.92,4.0,5.6143907506239605,3.671323535090326,Southern Europe & Mediterranean,Subset: Peace
1300.0,1400.0,3.2857142857142856,4.0,3.0,3.7374682371669112,2.83396033426166,Southern Europe & Mediterranean,Subset: Peace
1400.0,1500.0,4.785714285714286,5.0,4.0,5.459570080861186,4.111858490567386,Southern Europe & Mediterranean,Subset: Peace
1500.0,1600.0,3.7857142857142856,4.0,3.0,4.459570080861186,3.111858490567385,Southern Europe & Mediterranean,Subset: Peace
1600.0,1700.0,2.857142857142857,3.0,2.08,3.37222161078057,2.3420641035051446,Southern Europe & Mediterranean,Subset: Peace
1700.0,1800.0,3.0,3.92,2.08,3.654653670707977,2.345346329292023,Southern Europe & Mediterranean,Subset: Peace
1800.0,1900.0,4.071428571428571,4.0,4.0,4.328967948247428,3.813889194609714,Southern Europe & Mediterranean,Subset: Peace
1900.0,2000.0,5.642857142857143,6.0,5.0,6.122014566607098,5.163699719107188,Southern Europe & Mediterranean,Subset: Peace
2000.0,2025.0,7.071428571428571,7.0,7.0,7.328967948247428,6.813889194609715,Southern Europe & Mediterranean,Subset: Peace
-1000.0,-900.0,6900000.0,12000000.0,3024000.0,12038371.05928106,1761628.9407189414,Southern Europe & Mediterranean,Subset: Population
-900.0,-800.0,7585714.285714285,13000000.0,3500000.0,13157564.086640513,2013864.4847880583,Southern Europe & Mediterranean,Subset: Population
-800.0,-700.0,8278571.428571428,14000000.0,3724000.0,14282995.81771132,2274147.0394315375,Southern Europe & Mediterranean,Subset: Population
-700.0,-600.0,8907142.857142856,15000000.0,3948000.0,15177420.167678684,2636865.5466070287,Southern Europe & Mediterranean,Subset: Population
-600.0,-500.0,9635714.285714284,16000000.0,4264000.0,16310143.864643233,2961284.706785338,Southern Europe & Mediterranean,Subset: Population
-500.0,-400.0,10364285.714285716,17000000.0,4672000.0,17445710.82740052,3282860.6011709077,Southern Europe & Mediterranean,Subset: Population
-400.0,-300.0,11128571.42857143,18000000.0,5080000.0,18531314.990582608,3725827.8665602505,Southern Europe & Mediterranean,Subset: Population
-300.0,-200.0,12585714.285714284,20000000.0,5620000.0,21529735.204969876,3641693.3664586935,Southern Europe & Mediterranean,Subset: Population
-200.0,-100.0,14450000.0,22000000.0,6120000.0,24730546.817029864,4169453.182970136,Southern Europe & Mediterranean,Subset: Population
-100.0,0.0,16678571.42857143,25000000.0,7080000.0,28488989.261474513,4868153.595668348,Southern Europe & Mediterranean,Subset: Population
0.0,100.0,18407142.85714286,29760000.0,8040000.0,31780007.935657755,5034277.77862796,Southern Europe & Mediterranean,Subset: Population
100.0,200.0,19214285.714285713,31680000.0,8540000.0,33204428.01637303,5224143.412198395,Southern Europe & Mediterranean,Subset: Population
200.0,300.0,18728571.42857143,30680000.0,9000000.0,32624379.04769725,4832763.809445612,Southern Europe & Mediterranean,Subset: Population
300.0,400.0,17985714.285714287,29680000.0,8500000.0,31908812.11131418,4062616.4601143934,Southern Europe & Mediterranean,Subset: Population
400.0,500.0,15285714.285714284,24840000.0,7000000.0,26412763.512252107,4158665.0591764655,Southern Europe & Mediterranean,Subset: Population
500.0,600.0,13478571.42857143,21840000.0,6040000.0,23103255.361892384,3853887.495250474,Southern Europe & Mediterranean,Subset: Population
600.0,700.0,12592857.142857144,20840000.0,5816000.0,21156773.49376262,4028940.7919516694,Southern Europe & Mediterranean,Subset: Population
700.0,800.0,12428571.42857143,20760000.0,5724000.0,21151319.076567,3705823.7805758584,Southern Europe & Mediterranean,Subset: Population
800.0,900.0,13050000.0,21760000.0,6000000.0,22376823.835429877,3723176.164570125,Southern Europe & Mediterranean,Subset: Population
900.0,1000.0,13735714.285714284,22760000.0,6224000.0,23504367.295861237,3967061.275567334,Southern Europe & Mediterranean,Subset: Population
1000.0,1100.0,14657142.857142856,24760000.0,6540000.0,25140784.146975197,4173501.567310514,Southern Europe & Mediterranean,Subset: Population
1100.0,1200.0,15857142.857142856,26760000.0,7040000.0,27412025.207147505,4302260.507138208,Southern Europe & Mediterranean,Subset: Population
1200.0,1300.0,17057142.85714286,29680000.0,7540000.0,29378999.99254684,4735285.721738873,Southern Europe & Mediterranean,Subset: Population
1300.0,1400.0,16121428.57142857,27760000.0,7040000.0,27908781.271397695,4334075.871459447,Southern Europe & Mediterranean,Subset: Population
1400.0,1500.0,15107142.857142856,26680000.0,7016000.0,25875712.48531236,4338573.228973353,Southern Europe & Mediterranean,Subset: Population
1500.0,1600.0,16407142.857142856,29680000.0,7500000.0,28047802.15890029,4766483.555385424,Southern Europe & Mediterranean,Subset: Population
1600.0,1700.0,17250000.0,31600000.0,7632000.0,29292469.490456328,5207530.509543674,Southern Europe & Mediterranean,Subset: Population
1700.0,1800.0,18385714.285714287,34440000.0,8040000.0,31142273.222918604,5629155.348509971,Southern Europe & Mediterranean,Subset: Population
1800.0,1900.0,23607142.85714286,39600000.0,12000000.0,37617570.82479376,9596714.889491951,Southern Europe & Mediterranean,Subset: Population
1900.0,2000.0,44857142.85714286,59200000.0,40000000.0,62279858.501041874,27434427.21324385,Southern Europe & Mediterranean,Subset: Population
2000.0,2025.0,53678571.428571425,64600000.0,52000000.0,73033902.12919787,34323240.72794499,Southern Europe & Mediterranean,Subset: Population
-1000.0,-900.0,5.300000000000001,5.5,5.166666666666667,5.5523959264800125,5.047604073519989,West Africa,Overall
-900.0,-800.0,5.344444444444445,5.5,5.333333333333333,5.626412834232212,5.062476054656678,West Africa,Overall
-800.0,-700.0,5.466666666666667,5.666666666666667,5.166666666666667,5.795525524154416,5.137807809178917,West Africa,Overall
-700.0,-600.0,5.422222222222222,5.666666666666667,5.166666666666667,5.737668212590631,5.106776231853813,West Africa,Overall
-600.0,-500.0,5.388888888888888,5.666666666666667,5.04,5.851036318735231,4.926741459042546,West Africa,Overall
-500.0,-400.0,5.533333333333333,5.92,5.08,5.9895658926143955,5.077100774052271,West Africa,Overall
-400.0,-300.0,5.477777777777778,5.96,5.0,6.038421147179683,4.917134408375873,West Africa,Overall
-300.0,-200.0,5.48888888888889,5.833333333333333,4.66,6.116838717819769,4.86093905995801,West Africa,Overall
-200.0,-100.0,5.455555555555557,6.0,5.0,6.050181696011541,4.860929415099572,West Africa,Overall
-100.0,0.0,5.655555555555554,6.0,5.333333333333333,6.112869236161258,5.19824187494985,West Africa,Overall
0.0,100.0,5.877777777777777,6.166666666666667,5.666666666666667,6.279010446339283,5.476545109216271,West Africa,Overall
100.0,200.0,5.888888888888888,6.166666666666667,5.5,6.322079748658176,5.455698029119601,West Africa,Overall
200.0,300.0,5.78888888888889,6.46,5.08,6.4512826027017285,5.126495175076051,West Africa,Overall
300.0,400.0,5.866666666666666,6.46,5.286666666666667,6.602520919546597,5.130812413786735,West Africa,Overall
400.0,500.0,6.066666666666667,6.5,5.54,6.757345345240892,5.375987988092443,West Africa,Overall
500.0,600.0,6.133333333333332,6.793333333333333,5.246666666666667,6.9084080011820115,5.3582586654846525,West Africa,Overall
600.0,700.0,6.344444444444446,7.0,5.746666666666667,7.0234051607756545,5.665483728113237,West Africa,Overall
700.0,800.0,6.466666666666667,7.126666666666667,6.0,7.078887880620263,5.854445452713071,West Africa,Overall
800.0,900.0,6.477777777777777,7.126666666666667,5.873333333333333,7.103955680160238,5.851599875395316,West Africa,Overall
900.0,1000.0,6.377777777777777,7.126666666666667,5.706666666666667,7.177005800371308,5.5785497551842465,West Africa,Overall
1000.0,1100.0,6.188888888888889,7.0,5.246666666666667,6.993658620543637,5.384119157234141,West Africa,Overall
1100.0,1200.0,6.077777777777779,6.96,5.54,6.83756982210128,5.317985733454279,West Africa,Overall
1200.0,1300.0,6.155555555555556,7.0,5.54,7.12445463807074,5.1866564730403715,West Africa,Overall
1300.0,1400.0,5.98888888888889,7.166666666666667,4.746666666666667,7.186829508617206,4.790948269160574,West Africa,Overall
1400.0,1500.0,5.644444444444444,6.92,4.373333333333333,6.79249700916351,4.496391879725378,West Africa,Overall
1500.0,1600.0,5.000000000000001,5.793333333333333,4.413333333333333,6.012880015562518,3.9871199844374834,West Africa,Overall
1600.0,1700.0,3.888888888888889,4.626666666666667,3.4133333333333336,4.565664103681825,3.212113674095953,West Africa,Overall
1700.0,1800.0,3.4,3.6666666666666665,3.0,3.886103174538386,2.913896825461614,West Africa,Overall
1800.0,1900.0,3.3333333333333335,3.8333333333333335,2.8333333333333335,3.904232559051784,2.762434107614883,West Africa,Overall
1900.0,2000.0,4.688888888888889,4.96,4.333333333333333,5.048243591751028,4.32953418602675,West Africa,Overall
2000.0,2025.0,5.788888888888889,6.126666666666667,5.333333333333333,6.101977840080119,5.4757999376976585,West Africa,Overall
-1000.0,-900.0,6.066666666666666,6.0,6.0,6.316110492451596,5.817222840881737,West Africa,Subset: Culture & Lesure
-900.0,-800.0,6.066666666666666,6.0,6.0,6.316110492451596,5.817222840881737,West Africa,Subset: Culture & Lesure
-800.0,-700.0,6.466666666666667,7.0,6.0,6.965554318236526,5.9677790150968075,West Africa,Subset: Culture & Lesure
-700.0,-600.0,6.866666666666666,7.0,7.0,7.206601300906185,6.526732032427147,West Africa,Subset: Culture & Lesure
-600.0,-500.0,6.866666666666666,7.0,7.0,7.206601300906185,6.526732032427147,West Africa,Subset: Culture & Lesure
-500.0,-400.0,7.133333333333334,7.0,7.0,7.473267967572853,6.793398699093815,West Africa,Subset: Culture & Lesure
-400.0,-300.0,7.066666666666666,7.0,7.0,7.50888330538072,6.624450027952613,West Africa,Subset: Culture & Lesure
-300.0,-200.0,7.2,8.0,7.0,7.741602560309064,6.658397439690936,West Africa,Subset: Culture & Lesure
-200.0,-100.0,7.333333333333333,8.0,7.0,7.929618127333277,6.737048539333389,West Africa,Subset: Culture & Lesure
-100.0,0.0,7.6,8.0,7.0,8.089897948556635,7.110102051443364,West Africa,Subset: Culture & Lesure
0.0,100.0,8.0,8.0,8.0,8.365148371670111,7.634851628329889,West Africa,Subset: Culture & Lesure
100.0,200.0,7.933333333333334,8.0,8.0,8.375549972047386,7.49111669461928,West Africa,Subset: Culture & Lesure
200.0,300.0,7.866666666666666,8.0,7.24,8.584688640951267,7.1486446923820655,West Africa,Subset: Culture & Lesure
300.0,400.0,8.066666666666666,9.0,7.24,9.064441969806383,7.068891363526949,West Africa,Subset: Culture & Lesure
400.0,500.0,8.266666666666667,9.0,8.0,9.120416564991046,7.412916768342288,West Africa,Subset: Culture & Lesure
500.0,600.0,8.4,9.0,8.0,9.01101009266078,7.788989907339221,West Africa,Subset: Culture & Lesure
600.0,700.0,8.4,9.0,8.0,9.01101009266078,7.788989907339221,West Africa,Subset: Culture & Lesure
700.0,800.0,8.6,9.0,8.0,9.089897948556636,8.110102051443365,West Africa,Subset: Culture & Lesure
800.0,900.0,8.666666666666666,9.0,8.0,9.138071187457696,8.195262145875635,West Africa,Subset: Culture & Lesure
900.0,1000.0,8.6,9.0,8.0,9.21101009266078,7.988989907339221,West Africa,Subset: Culture & Lesure
1000.0,1100.0,8.2,9.0,7.0,9.032666399786452,7.367333600213546,West Africa,Subset: Culture & Lesure
1100.0,1200.0,8.066666666666666,9.0,7.0,8.995225885145608,7.138107448187725,West Africa,Subset: Culture & Lesure
1200.0,1300.0,8.2,9.0,7.0,9.245625809423874,7.1543741905761244,West Africa,Subset: Culture & Lesure
1300.0,1400.0,8.066666666666666,9.0,7.0,9.129158496700615,7.004174836632718,West Africa,Subset: Culture & Lesure
1400.0,1500.0,7.8,9.0,7.0,8.77979589711327,6.820204102886729,West Africa,Subset: Culture & Lesure
1500.0,1600.0,7.066666666666666,8.0,7.0,7.995225885145608,6.138107448187725,West Africa,Subset: Culture & Lesure
1600.0,1700.0,6.0,6.76,6.0,6.730296743340221,5.269703256659779,West Africa,Subset: Culture & Lesure
1700.0,1800.0,5.6,6.0,5.0,6.089897948556636,5.110102051443364,West Africa,Subset: Culture & Lesure
1800.0,1900.0,5.2,6.0,5.0,5.853197264742181,4.5468027352578195,West Africa,Subset: Culture & Lesure
1900.0,2000.0,6.2,7.0,6.0,6.741602560309064,5.658397439690936,West Africa,Subset: Culture & Lesure
2000.0,2025.0,7.133333333333334,7.0,7.0,7.473267967572853,6.793398699093815,West Africa,Subset: Culture & Lesure
-1000.0,-900.0,3.8666666666666663,5.0,3.0,4.823513339627155,2.9098199937061784,West Africa,Subset: Economic Opportunity
-900.0,-800.0,4.533333333333333,5.0,4.0,5.151574566366381,3.9150921003002863,West Africa,Subset: Economic Opportunity
-800.0,-700.0,5.0,6.0,4.0,5.894427190999916,4.105572809000084,West Africa,Subset: Economic Opportunity
-700.0,-600.0,5.533333333333333,6.0,5.0,6.0322209849031925,5.034445681763474,West Africa,Subset: Economic Opportunity
-600.0,-500.0,5.933333333333334,6.0,5.24,6.506821684469509,5.359844982197158,West Africa,Subset: Economic Opportunity
-500.0,-400.0,6.266666666666667,7.0,6.0,6.840155017802841,5.693178315530492,West Africa,Subset: Economic Opportunity
-400.0,-300.0,6.466666666666667,7.0,6.0,6.965554318236526,5.9677790150968075,West Africa,Subset: Economic Opportunity
-300.0,-200.0,6.533333333333333,7.0,6.0,7.0322209849031925,6.034445681763474,West Africa,Subset: Economic Opportunity
-200.0,-100.0,6.666666666666667,7.0,6.0,7.262951460666611,6.070381872666723,West Africa,Subset: Economic Opportunity
-100.0,0.0,6.866666666666666,7.0,7.0,7.484907899699714,6.248425433633619,West Africa,Subset: Economic Opportunity
0.0,100.0,7.066666666666666,7.0,7.0,7.316110492451596,6.817222840881737,West Africa,Subset: Economic Opportunity
100.0,200.0,7.0,7.0,7.0,7.365148371670111,6.634851628329889,West Africa,Subset: Economic Opportunity
200.0,300.0,6.866666666666666,7.0,6.24,7.584688640951267,6.1486446923820655,West Africa,Subset: Economic Opportunity
300.0,400.0,6.8,7.0,6.24,7.7092121131323905,5.890787886867609,West Africa,Subset: Economic Opportunity
400.0,500.0,6.933333333333334,8.0,6.0,7.787083231657713,6.079583435008954,West Africa,Subset: Economic Opportunity
500.0,600.0,7.066666666666666,8.0,6.24,7.920416564991046,6.212916768342287,West Africa,Subset: Economic Opportunity
600.0,700.0,7.2,8.0,7.0,7.853197264742181,6.5468027352578195,West Africa,Subset: Economic Opportunity
700.0,800.0,7.466666666666667,8.0,7.0,7.965554318236526,6.9677790150968075,West Africa,Subset: Economic Opportunity
800.0,900.0,7.333333333333333,8.0,7.0,7.929618127333277,6.737048539333389,West Africa,Subset: Economic Opportunity
900.0,1000.0,7.4,8.0,7.0,8.200000000000001,6.6000000000000005,West Africa,Subset: Economic Opportunity
1000.0,1100.0,7.133333333333334,8.0,6.24,8.01776661076144,6.248900055905227,West Africa,Subset: Economic Opportunity
1100.0,1200.0,6.866666666666666,8.0,6.0,7.823513339627155,5.9098199937061775,West Africa,Subset: Economic Opportunity
1200.0,1300.0,7.0,8.0,6.0,8.032795558988644,5.967204441011356,West Africa,Subset: Economic Opportunity
1300.0,1400.0,6.933333333333334,8.0,6.0,7.861892551812275,6.004774114854392,West Africa,Subset: Economic Opportunity
1400.0,1500.0,6.666666666666667,7.76,6.0,7.609475708248731,5.723857625084603,West Africa,Subset: Economic Opportunity
1500.0,1600.0,6.066666666666666,7.0,5.24,7.064441969806384,5.068891363526949,West Africa,Subset: Economic Opportunity
1600.0,1700.0,4.866666666666666,5.76,4.24,5.751099944094773,3.98223338923856,West Africa,Subset: Economic Opportunity
1700.0,1800.0,4.266666666666667,5.0,4.0,4.946535935145705,3.5867973981876284,West Africa,Subset: Economic Opportunity
1800.0,1900.0,4.0,5.0,3.0,4.730296743340221,3.2697032566597786,West Africa,Subset: Economic Opportunity
1900.0,2000.0,5.733333333333333,6.0,5.0,6.175549972047387,5.29111669461928,West Africa,Subset: Economic Opportunity
2000.0,2025.0,6.6,7.0,6.0,7.089897948556636,6.110102051443364,West Africa,Subset: Economic Opportunity
-1000.0,-900.0,5.133333333333334,5.0,5.0,5.473267967572853,4.793398699093815,West Africa,Subset: Equality
-900.0,-800.0,5.0,5.0,5.0,5.516397779494322,4.483602220505678,West Africa,Subset: Equality
-800.0,-700.0,4.8,5.0,4.0,5.4531972647421805,4.146802735257819,West Africa,Subset: Equality
-700.0,-600.0,4.466666666666667,5.0,4.0,5.184688640951268,3.748644692382066,West Africa,Subset: Equality
-600.0,-500.0,4.133333333333334,5.0,4.0,5.0177666107614405,3.248900055905227,West Africa,Subset: Equality
-500.0,-400.0,4.2,5.0,3.0,5.109212113132391,3.2907878868676095,West Africa,Subset: Equality
-400.0,-300.0,4.066666666666666,5.0,3.0,4.995225885145608,3.138107448187725,West Africa,Subset: Equality
-300.0,-200.0,3.933333333333333,5.0,3.0,4.93110863647305,2.9355580301936155,West Africa,Subset: Equality
-200.0,-100.0,3.7333333333333334,5.0,3.0,4.731108636473051,2.735558030193616,West Africa,Subset: Equality
-100.0,0.0,3.8,5.0,3.0,4.632666399786453,2.9673336002135464,West Africa,Subset: Equality
0.0,100.0,3.8666666666666663,5.0,3.0,4.751099944094773,2.9822333892385604,West Africa,Subset: Equality
100.0,200.0,3.933333333333333,5.0,3.0,4.7870832316577125,3.0795834350089533,West Africa,Subset: Equality
200.0,300.0,3.8666666666666663,5.0,3.0,4.751099944094773,2.9822333892385604,West Africa,Subset: Equality
300.0,400.0,4.0,5.0,3.0,4.730296743340221,3.2697032566597786,West Africa,Subset: Equality
400.0,500.0,4.2,5.0,4.0,4.948331477354788,3.451668522645212,West Africa,Subset: Equality
500.0,600.0,4.133333333333334,5.0,3.0,5.0901800062938225,3.1764866603728454,West Africa,Subset: Equality
600.0,700.0,4.466666666666667,5.0,3.24,5.4235133396271555,3.5098199937061785,West Africa,Subset: Equality
700.0,800.0,4.466666666666667,5.76,3.24,5.490819433049148,3.442513900284186,West Africa,Subset: Equality
800.0,900.0,4.466666666666667,5.76,3.24,5.490819433049148,3.442513900284186,West Africa,Subset: Equality
900.0,1000.0,4.333333333333333,5.76,3.0,5.468625757728426,3.19804090893824,West Africa,Subset: Equality
1000.0,1100.0,4.4,5.0,3.24,5.2,3.6000000000000005,West Africa,Subset: Equality
1100.0,1200.0,4.266666666666667,5.0,4.0,4.946535935145705,3.5867973981876284,West Africa,Subset: Equality
1200.0,1300.0,4.266666666666667,5.0,3.24,5.195225885145608,3.338107448187725,West Africa,Subset: Equality
1300.0,1400.0,4.133333333333334,5.0,3.0,5.443125513625901,2.823541153040767,West Africa,Subset: Equality
1400.0,1500.0,3.8,5.0,2.24,5.022020185321557,2.5779798146784425,West Africa,Subset: Equality
1500.0,1600.0,3.3333333333333335,4.0,2.0,4.468625757728427,2.19804090893824,West Africa,Subset: Equality
1600.0,1700.0,2.4,3.0,1.2400000000000002,3.279393730551528,1.520606269448472,West Africa,Subset: Equality
1700.0,1800.0,2.0,2.76,1.2400000000000002,2.632455532033676,1.367544467966324,West Africa,Subset: Equality
1800.0,1900.0,2.3333333333333335,3.0,2.0,3.0325392321134346,1.6341274345532324,West Africa,Subset: Equality
1900.0,2000.0,3.3333333333333335,4.0,3.0,3.9296181273332778,2.7370485393333897,West Africa,Subset: Equality
2000.0,2025.0,4.466666666666667,5.0,4.0,4.965554318236526,3.967779015096808,West Africa,Subset: Equality
-1000.0,-900.0,5.733333333333333,6.0,5.24,6.306821684469508,5.159844982197159,West Africa,Subset: Freedom
-900.0,-800.0,5.6,6.0,5.0,6.311805216802087,4.888194783197912,West Africa,Subset: Freedom
-800.0,-700.0,5.466666666666667,6.0,5.0,6.084907899699714,4.848425433633619,West Africa,Subset: Freedom
-700.0,-600.0,5.133333333333334,6.0,4.24,5.8513553076179345,4.415311359048733,West Africa,Subset: Freedom
-600.0,-500.0,4.933333333333334,5.76,4.24,5.931108636473051,3.935558030193616,West Africa,Subset: Freedom
-500.0,-400.0,4.933333333333334,6.0,4.0,5.995825163367282,3.870841503299385,West Africa,Subset: Freedom
-400.0,-300.0,4.733333333333333,6.0,3.24,5.914669676444623,3.5519969902220434,West Africa,Subset: Freedom
-300.0,-200.0,4.8,5.76,3.24,5.907549848389077,3.692450151610923,West Africa,Subset: Freedom
-200.0,-100.0,4.666666666666667,6.0,4.0,5.67771672587354,3.6556166074597938,West Africa,Subset: Freedom
-100.0,0.0,4.933333333333334,6.0,4.0,5.931108636473051,3.935558030193615,West Africa,Subset: Freedom
0.0,100.0,5.266666666666667,6.0,4.24,6.329158496700615,4.204174836632718,West Africa,Subset: Freedom
100.0,200.0,5.4,6.0,4.24,6.483205120618129,4.316794879381872,West Africa,Subset: Freedom
200.0,300.0,5.266666666666667,6.0,4.0,6.448003009777956,4.085330323555377,West Africa,Subset: Freedom
300.0,400.0,5.333333333333333,6.0,5.0,6.344383392540206,4.32228327412646,West Africa,Subset: Freedom
400.0,500.0,5.533333333333333,6.0,5.0,6.557486099715814,4.509180566950852,West Africa,Subset: Freedom
500.0,600.0,5.733333333333333,7.0,4.24,6.969815799399427,4.49685086726724,West Africa,Subset: Freedom
600.0,700.0,5.933333333333334,7.0,5.0,7.056819969756848,4.809846696909819,West Africa,Subset: Freedom
700.0,800.0,6.066666666666666,7.0,5.0,7.064441969806384,5.068891363526949,West Africa,Subset: Freedom
800.0,900.0,5.866666666666666,7.0,5.0,7.013643368939016,4.719689964394316,West Africa,Subset: Freedom
900.0,1000.0,5.8,7.0,5.0,7.022020185321557,4.577979814678443,West Africa,Subset: Freedom
1000.0,1100.0,5.6,7.0,4.0,6.743095213298816,4.456904786701183,West Africa,Subset: Freedom
1100.0,1200.0,5.6,7.0,5.0,6.683205120618128,4.516794879381871,West Africa,Subset: Freedom
1200.0,1300.0,5.733333333333333,7.0,5.0,7.122177777066645,4.344488889600022,West Africa,Subset: Freedom
1300.0,1400.0,5.466666666666667,7.0,4.0,7.1741664633154265,3.759166870017907,West Africa,Subset: Freedom
1400.0,1500.0,5.0,6.76,3.0,6.6329931618554525,3.367006838144548,West Africa,Subset: Freedom
1500.0,1600.0,4.333333333333333,6.0,3.0,5.9109546088265645,2.755712057840102,West Africa,Subset: Freedom
1600.0,1700.0,3.0,4.0,2.0,4.032795558988644,1.9672044410113556,West Africa,Subset: Freedom
1700.0,1800.0,2.4,3.0,2.0,3.279393730551528,1.520606269448472,West Africa,Subset: Freedom
1800.0,1900.0,2.4,3.0,2.0,3.2,1.6,West Africa,Subset: Freedom
1900.0,2000.0,3.7333333333333334,4.0,3.0,4.306821684469509,3.1598449821971584,West Africa,Subset: Freedom
2000.0,2025.0,5.666666666666667,6.0,5.0,6.138071187457698,5.195262145875636,West Africa,Subset: Freedom
-1000.0,-900.0,3.933333333333333,4.0,4.0,4.182777159118262,3.683889507548403,West Africa,Subset: Health & Wellbeing
-900.0,-800.0,4.066666666666666,4.0,4.0,4.50888330538072,3.624450027952613,West Africa,Subset: Health & Wellbeing
-800.0,-700.0,4.733333333333333,5.0,4.24,5.306821684469508,4.159844982197159,West Africa,Subset: Health & Wellbeing
-700.0,-600.0,4.8,5.0,4.24,5.2,4.3999999999999995,West Africa,Subset: Health & Wellbeing
-600.0,-500.0,4.866666666666666,5.0,5.0,5.206601300906185,4.526732032427147,West Africa,Subset: Health & Wellbeing
-500.0,-400.0,5.133333333333334,5.76,5.0,5.632220984903193,4.6344456817634745,West Africa,Subset: Health & Wellbeing
-400.0,-300.0,5.2,6.0,5.0,5.741602560309064,4.658397439690936,West Africa,Subset: Health & Wellbeing
-300.0,-200.0,5.333333333333333,6.0,5.0,5.929618127333277,4.737048539333389,West Africa,Subset: Health & Wellbeing
-200.0,-100.0,5.533333333333333,6.0,5.0,6.0322209849031925,5.034445681763474,West Africa,Subset: Health & Wellbeing
-100.0,0.0,5.6,6.0,5.0,6.089897948556636,5.110102051443364,West Africa,Subset: Health & Wellbeing
0.0,100.0,5.733333333333333,6.0,5.0,6.175549972047387,5.29111669461928,West Africa,Subset: Health & Wellbeing
100.0,200.0,5.8,6.0,5.24,6.2,5.3999999999999995,West Africa,Subset: Health & Wellbeing
200.0,300.0,5.866666666666666,6.0,5.24,6.584688640951267,5.1486446923820655,West Africa,Subset: Health & Wellbeing
300.0,400.0,5.933333333333334,7.0,5.24,6.861892551812275,5.004774114854392,West Africa,Subset: Health & Wellbeing
400.0,500.0,6.2,7.0,6.0,7.032666399786454,5.367333600213547,West Africa,Subset: Health & Wellbeing
500.0,600.0,6.2,7.0,6.0,6.853197264742181,5.5468027352578195,West Africa,Subset: Health & Wellbeing
600.0,700.0,6.4,7.0,6.0,7.011010092660779,5.7889899073392215,West Africa,Subset: Health & Wellbeing
700.0,800.0,6.533333333333333,7.0,6.0,7.0322209849031925,6.034445681763474,West Africa,Subset: Health & Wellbeing
800.0,900.0,6.733333333333333,7.0,6.0,7.175549972047387,6.29111669461928,West Africa,Subset: Health & Wellbeing
900.0,1000.0,6.6,7.0,6.0,7.211010092660779,5.988989907339221,West Africa,Subset: Health & Wellbeing
1000.0,1100.0,6.333333333333333,7.0,5.24,7.122143971079948,5.544522695586718,West Africa,Subset: Health & Wellbeing
1100.0,1200.0,6.333333333333333,7.0,6.0,6.929618127333277,5.737048539333389,West Africa,Subset: Health & Wellbeing
1200.0,1300.0,6.333333333333333,7.0,6.0,7.032539232113434,5.634127434553232,West Africa,Subset: Health & Wellbeing
1300.0,1400.0,6.266666666666667,7.0,5.0,7.329158496700615,5.204174836632718,West Africa,Subset: Health & Wellbeing
1400.0,1500.0,6.0,7.0,5.0,7.032795558988644,4.967204441011356,West Africa,Subset: Health & Wellbeing
1500.0,1600.0,5.333333333333333,6.0,5.0,6.408301033106473,4.258365633560193,West Africa,Subset: Health & Wellbeing
1600.0,1700.0,4.333333333333333,5.0,3.24,5.202560320693686,3.46410634597298,West Africa,Subset: Health & Wellbeing
1700.0,1800.0,3.7333333333333334,4.0,3.0,4.306821684469508,3.1598449821971584,West Africa,Subset: Health & Wellbeing
1800.0,1900.0,3.6,4.0,3.0,4.089897948556636,3.1101020514433646,West Africa,Subset: Health & Wellbeing
1900.0,2000.0,5.133333333333334,5.0,5.0,5.473267967572853,4.793398699093815,West Africa,Subset: Health & Wellbeing
2000.0,2025.0,6.066666666666666,6.0,6.0,6.316110492451596,5.817222840881737,West Africa,Subset: Health & Wellbeing
-1000.0,-900.0,7.066666666666666,7.0,7.0,7.316110492451596,6.817222840881737,West Africa,Subset: Peace
-900.0,-800.0,6.8,7.0,6.24,7.2,6.3999999999999995,West Africa,Subset: Peace
-800.0,-700.0,6.333333333333333,7.0,6.0,6.804737854124364,5.861928812542302,West Africa,Subset: Peace
-700.0,-600.0,5.733333333333333,6.0,5.0,6.306821684469508,5.159844982197159,West Africa,Subset: Peace
-600.0,-500.0,5.6,6.0,5.0,6.3999999999999995,4.8,West Africa,Subset: Peace
-500.0,-400.0,5.533333333333333,6.0,5.0,6.41776661076144,4.6489000559052265,West Africa,Subset: Peace
-400.0,-300.0,5.333333333333333,6.0,4.24,6.408301033106473,4.258365633560193,West Africa,Subset: Peace
-300.0,-200.0,5.133333333333334,6.0,4.24,6.337031339017853,3.9296353276488145,West Africa,Subset: Peace
-200.0,-100.0,4.8,5.76,4.0,5.779795897113271,3.820204102886728,West Africa,Subset: Peace
-100.0,0.0,5.133333333333334,6.0,4.0,6.157486099715815,4.109180566950853,West Africa,Subset: Peace
0.0,100.0,5.333333333333333,6.0,5.0,6.202560320693686,4.46410634597298,West Africa,Subset: Peace
100.0,200.0,5.266666666666667,6.0,4.24,6.1204165649910465,4.412916768342287,West Africa,Subset: Peace
200.0,300.0,5.0,6.0,4.0,6.211060141638996,3.788939858361004,West Africa,Subset: Peace
300.0,400.0,5.066666666666666,6.0,4.0,6.129158496700615,4.004174836632718,West Africa,Subset: Peace
400.0,500.0,5.266666666666667,6.0,4.24,6.264441969806384,4.268891363526949,West Africa,Subset: Peace
500.0,600.0,5.266666666666667,6.0,4.0,6.50314913273276,4.030184200600573,West Africa,Subset: Peace
600.0,700.0,5.666666666666667,7.0,5.0,6.801959091061761,4.531374242271573,West Africa,Subset: Peace
700.0,800.0,5.666666666666667,7.0,5.0,6.741634366439807,4.591698966893527,West Africa,Subset: Peace
800.0,900.0,5.8,7.0,5.0,6.907549848389077,4.692450151610923,West Africa,Subset: Peace
900.0,1000.0,5.533333333333333,6.76,4.0,6.8431255136259,4.223541153040767,West Africa,Subset: Peace
1000.0,1100.0,5.466666666666667,7.0,4.0,6.826405203624743,4.1069281297085904,West Africa,Subset: Peace
1100.0,1200.0,5.333333333333333,6.0,5.0,6.344383392540206,4.32228327412646,West Africa,Subset: Peace
1200.0,1300.0,5.4,6.76,4.24,6.804753833713699,3.995246166286302,West Africa,Subset: Peace
1300.0,1400.0,5.066666666666666,7.0,3.24,6.677739463145943,3.45559387018739,West Africa,Subset: Peace
1400.0,1500.0,4.6,6.76,3.0,6.304894913672589,2.89510508632741,West Africa,Subset: Peace
1500.0,1600.0,3.8666666666666663,5.0,3.0,5.070364672351186,2.6629686609821475,West Africa,Subset: Peace
1600.0,1700.0,2.7333333333333334,3.0,2.0,3.4132026018123716,2.0534640648542952,West Africa,Subset: Peace
1700.0,1800.0,2.4,3.0,2.0,3.011010092660779,1.788989907339221,West Africa,Subset: Peace
1800.0,1900.0,2.466666666666667,3.0,2.0,3.1846886409512676,1.7486446923820662,West Africa,Subset: Peace
1900.0,2000.0,4.0,4.0,4.0,4.516397779494322,3.483602220505678,West Africa,Subset: Peace
2000.0,2025.0,4.8,5.0,4.0,5.341602560309064,4.258397439690936,West Africa,Subset: Peace
-1000.0,-900.0,7000000.0,10000000.0,1500000.0,11457203.906785809,2542796.0932141924,West Africa,Subset: Population
-900.0,-800.0,7666666.666666667,11000000.0,1700000.0,12476748.671049636,2856584.662283697,West Africa,Subset: Population
-800.0,-700.0,8340000.0,12000000.0,1900000.0,13501240.161046568,3178759.8389534326,West Africa,Subset: Population
-700.0,-600.0,9020000.0,13000000.0,2100000.0,14530015.123996183,3509984.8760038177,West Africa,Subset: Population
-600.0,-500.0,9700000.0,14000000.0,2300000.0,15560147.893469356,3839852.106530644,West Africa,Subset: Population
-500.0,-400.0,10380000.0,15000000.0,2500000.0,16591408.857900113,4168591.142099886,West Africa,Subset: Population
-400.0,-300.0,11060000.0,16000000.0,2700000.0,17623616.889083844,4496383.110916157,West Africa,Subset: Population
-300.0,-200.0,11746666.666666666,17000000.0,2900000.0,18659443.886343926,4833889.446989404,West Africa,Subset: Population
-200.0,-100.0,12433333.333333334,18000000.0,3100000.0,19696084.57205517,5170582.094611499,West Africa,Subset: Population
-100.0,0.0,13120000.0,19000000.0,3300000.0,20733426.736146256,5506573.263853742,West Africa,Subset: Population
0.0,100.0,13806666.666666666,20000000.0,3500000.0,21771377.723712128,5841955.609621205,West Africa,Subset: Population
100.0,200.0,14526666.666666666,21000000.0,3700000.0,22828109.64698976,6225223.686343572,West Africa,Subset: Population
200.0,300.0,15246666.666666666,22000000.0,3900000.0,23886872.425533496,6606460.907799834,West Africa,Subset: Population
300.0,400.0,15966666.666666666,23000000.0,4100000.0,24947436.245172855,6985897.088160478,West Africa,Subset: Population
400.0,500.0,16686666.666666666,24000000.0,4300000.0,26009603.733683452,7363729.59964988,West Africa,Subset: Population
500.0,600.0,17406666.666666668,25000000.0,4500000.0,27073204.59684392,7740128.736489415,West Africa,Subset: Population
600.0,700.0,18126666.666666668,26000000.0,4700000.0,28138091.251720596,8115242.08161274,West Africa,Subset: Population
700.0,800.0,18846666.666666668,27000000.0,4900000.0,29204135.25486695,8489198.078466384,West Africa,Subset: Population
800.0,900.0,19566666.666666668,28000000.0,5100000.0,30271224.366803348,8862108.966529986,West Africa,Subset: Population
900.0,1000.0,20286666.666666668,29000000.0,5300000.0,31339260.128032297,9234073.20530104,West Africa,Subset: Population
1000.0,1100.0,21006666.666666668,30000000.0,5500000.0,32408155.84815325,9605177.485180086,West Africa,Subset: Population
1100.0,1200.0,21726666.666666668,31000000.0,5700000.0,33477834.930101395,9975498.40323194,West Africa,Subset: Population
1200.0,1300.0,22446666.666666668,32000000.0,5900000.0,34548229.46748798,10345103.865845354,West Africa,Subset: Population
1300.0,1400.0,23166666.666666668,33000000.0,6100000.0,35619279.06549911,10714054.267834222,West Africa,Subset: Population
1400.0,1500.0,23886666.666666668,34000000.0,6300000.0,36690929.84560654,11082403.48772679,West Africa,Subset: Population
1500.0,1600.0,24606666.666666668,35000000.0,6500000.0,37763133.60206472,11450199.731268613,West Africa,Subset: Population
1600.0,1700.0,25326666.666666668,36000000.0,6700000.0,38835847.08427734,11817486.249055998,West Africa,Subset: Population
1700.0,1800.0,26046666.666666668,37000000.0,6900000.0,39909031.38397069,12184301.94936264,West Africa,Subset: Population
1800.0,1900.0,26766666.666666668,38000000.0,7100000.0,40982651.40998369,12550681.923349649,West Africa,Subset: Population
1900.0,2000.0,47600000.0,56400000.0,35000000.0,72338094.77977909,22861905.220220912,West Africa,Subset: Population
2000.0,2025.0,118300000.0,318399999.99999994,45000000.0,259744193.94234604,-23144193.942346036,West Africa,Subset: Population
-1000.0,-900.0,3.314814814814815,3.5466666666666664,3.0,3.608203324402868,3.021426305226762,Western Europe,Overall
-900.0,-800.0,3.4537037037037037,3.6666666666666665,3.1666666666666665,3.724764466079712,3.1826429413276953,Western Europe,Overall
-800.0,-700.0,3.5185185185185186,3.88,3.12,3.878083108128659,3.158953928908378,Western Europe,Overall
-700.0,-600.0,3.5833333333333335,3.88,3.3333333333333335,3.893898330208304,3.272768336458362,Western Europe,Overall
-600.0,-500.0,3.731481481481481,4.046666666666667,3.3333333333333335,4.074574209512016,3.3883887534509456,Western Europe,Overall
-500.0,-400.0,4.12962962962963,4.713333333333333,3.62,4.618883141245293,3.6403761180139664,Western Europe,Overall
-400.0,-300.0,4.546296296296297,5.0,4.12,5.069833516415822,4.022759076176771,Western Europe,Overall
-300.0,-200.0,5.333333333333333,5.713333333333333,4.6466666666666665,5.9494742503560785,4.717192416310588,Western Europe,Overall
-200.0,-100.0,5.898148148148148,6.5,5.5,6.395483296370214,5.400812999926082,Western Europe,Overall
-100.0,0.0,6.027777777777778,6.5,5.666666666666667,6.375832335726157,5.679723219829398,Western Europe,Overall
0.0,100.0,5.833333333333334,6.333333333333333,5.5,6.218233512793084,5.448433153873584,Western Europe,Overall
100.0,200.0,5.277777777777778,6.046666666666667,4.5,5.984884558964325,4.570670996591231,Western Europe,Overall
200.0,300.0,4.046296296296297,4.5,3.5266666666666664,4.542596047528052,3.549996545064541,Western Europe,Overall
300.0,400.0,3.8333333333333335,4.213333333333333,3.5,4.201847198928378,3.4648194677382893,Western Europe,Overall
400.0,500.0,2.6296296296296293,2.8333333333333335,2.286666666666666,2.8934779046069443,2.3657813546523143,Western Europe,Overall
500.0,600.0,2.6203703703703707,2.8333333333333335,2.3333333333333335,2.8676116652373835,2.373129075503358,Western Europe,Overall
600.0,700.0,3.3333333333333335,3.5466666666666664,3.0733333333333333,3.657275105269183,3.0093915613974835,Western Europe,Overall
700.0,800.0,4.333333333333333,4.666666666666667,4.0,4.637623643058426,4.02904302360824,Western Europe,Overall
800.0,900.0,4.074074074074074,4.666666666666667,3.4533333333333336,4.62185923917589,3.5262889089722584,Western Europe,Overall
900.0,1000.0,3.0092592592592595,3.3333333333333335,2.786666666666666,3.2726196787653317,2.7458988397531874,Western Europe,Overall
1000.0,1100.0,4.157407407407408,4.5,3.8333333333333335,4.478825091809441,3.835989723005375,Western Europe,Overall
1100.0,1200.0,5.018518518518518,5.38,4.666666666666667,5.378083108128659,4.658953928908377,Western Europe,Overall
1200.0,1300.0,5.240740740740742,5.64,4.833333333333333,5.678968872822195,4.802512608659289,Western Europe,Overall
1300.0,1400.0,3.4722222222222223,3.6666666666666665,3.286666666666666,3.756859743498878,3.1875847009455667,Western Europe,Overall
1400.0,1500.0,4.777777777777779,5.333333333333333,4.333333333333333,5.182228327182251,4.373327228373306,Western Europe,Overall
1500.0,1600.0,5.0,5.333333333333333,4.666666666666667,5.283278861866266,4.716721138133734,Western Europe,Overall
1600.0,1700.0,4.064814814814815,4.333333333333333,3.786666666666666,4.384628074799455,3.745001554830175,Western Europe,Overall
1700.0,1800.0,5.138888888888889,5.5,4.833333333333333,5.423526410165545,4.854251367612234,Western Europe,Overall
1800.0,1900.0,5.453703703703704,5.713333333333333,5.166666666666667,5.74133749198165,5.1660699154257586,Western Europe,Overall
1900.0,2000.0,6.638888888888888,6.833333333333333,6.453333333333333,6.841114163591125,6.436663614186652,Western Europe,Overall
2000.0,2025.0,7.898148148148146,8.046666666666667,7.786666666666666,8.075046047912432,7.7212502483838605,Western Europe,Overall
-1000.0,-900.0,2.888888888888889,3.0,3.0,3.203158569416243,2.5746192083615345,Western Europe,Subset: Culture & Lesure
-900.0,-800.0,3.0555555555555554,3.0,3.0,3.284616979200981,2.8264941319101298,Western Europe,Subset: Culture & Lesure
-800.0,-700.0,3.5,4.0,3.0,4.0,3.0,Western Europe,Subset: Culture & Lesure
-700.0,-600.0,3.8333333333333335,4.0,3.72,4.206011329583299,3.4606553370833684,Western Europe,Subset: Culture & Lesure
-600.0,-500.0,4.111111111111111,4.0,4.0,4.4253807916384655,3.796841430583756,Western Europe,Subset: Culture & Lesure
-500.0,-400.0,4.555555555555555,5.0,4.0,5.0524595505555085,4.058651560555602,Western Europe,Subset: Culture & Lesure
-400.0,-300.0,5.166666666666667,6.0,5.0,5.767591879243998,4.565741454089336,Western Europe,Subset: Culture & Lesure
-300.0,-200.0,5.833333333333333,6.0,5.0,6.434258545910664,5.232408120756002,Western Europe,Subset: Culture & Lesure
-200.0,-100.0,6.611111111111111,7.0,6.0,7.0986091326328955,6.123613089589326,Western Europe,Subset: Culture & Lesure
-100.0,0.0,7.055555555555555,7.0,7.0,7.460006104960028,6.651105006151083,Western Europe,Subset: Culture & Lesure
0.0,100.0,6.888888888888889,7.0,6.720000000000001,7.3470117361797405,6.430766041598038,Western Europe,Subset: Culture & Lesure
100.0,200.0,6.444444444444445,7.0,5.720000000000001,7.206183844489005,5.682705044399884,Western Europe,Subset: Culture & Lesure
200.0,300.0,5.5,6.0,5.0,6.187184270936276,4.812815729063724,Western Europe,Subset: Culture & Lesure
300.0,400.0,5.277777777777778,6.0,5.0,5.836104201173383,4.719451354382173,Western Europe,Subset: Culture & Lesure
400.0,500.0,3.6666666666666665,4.0,3.0,4.138071187457698,3.1952621458756347,Western Europe,Subset: Culture & Lesure
500.0,600.0,2.9444444444444446,3.0,3.0,3.1735058680898702,2.715383020799019,Western Europe,Subset: Culture & Lesure
600.0,700.0,3.8333333333333335,4.0,3.72,4.206011329583299,3.4606553370833684,Western Europe,Subset: Culture & Lesure
700.0,800.0,4.833333333333333,5.0,4.720000000000001,5.206011329583298,4.460655337083368,Western Europe,Subset: Culture & Lesure
800.0,900.0,5.055555555555555,6.0,4.0,5.760476530024973,4.350634581086138,Western Europe,Subset: Culture & Lesure
900.0,1000.0,3.7222222222222223,4.0,3.0,4.280548645617827,3.1638957988266174,Western Europe,Subset: Culture & Lesure
1000.0,1100.0,4.777777777777778,5.0,4.0,5.310647947034747,4.244907608520808,Western Europe,Subset: Culture & Lesure
1100.0,1200.0,6.166666666666667,6.279999999999999,6.0,6.539344662916632,5.793988670416702,Western Europe,Subset: Culture & Lesure
1200.0,1300.0,6.777777777777778,7.0,6.0,7.193517487419327,6.362038068136228,Western Europe,Subset: Culture & Lesure
1300.0,1400.0,4.777777777777778,5.0,4.0,5.310647947034747,4.244907608520808,Western Europe,Subset: Culture & Lesure
1400.0,1500.0,6.944444444444445,7.0,6.720000000000001,7.468554507336478,6.420334381552411,Western Europe,Subset: Culture & Lesure
1500.0,1600.0,7.444444444444445,8.0,7.0,7.941348439444398,6.9475404494444915,Western Europe,Subset: Culture & Lesure
1600.0,1700.0,6.777777777777778,7.0,6.0,7.310647947034747,6.244907608520808,Western Europe,Subset: Culture & Lesure
1700.0,1800.0,7.166666666666667,7.279999999999999,7.0,7.539344662916632,6.793988670416702,Western Europe,Subset: Culture & Lesure
1800.0,1900.0,6.611111111111111,7.0,6.0,7.0986091326328955,6.123613089589326,Western Europe,Subset: Culture & Lesure
1900.0,2000.0,7.722222222222222,8.0,7.0,8.170125430461031,7.274319013983414,Western Europe,Subset: Culture & Lesure
2000.0,2025.0,8.666666666666666,9.0,8.0,9.138071187457696,8.195262145875635,Western Europe,Subset: Culture & Lesure
-1000.0,-900.0,2.2222222222222223,3.0,2.0,2.6379619318637713,1.8064825125806736,Western Europe,Subset: Economic Opportunity
-900.0,-800.0,3.0,3.0,3.0,3.3333333333333335,2.6666666666666665,Western Europe,Subset: Economic Opportunity
-800.0,-700.0,3.1666666666666665,4.0,3.0,3.6666666666666665,2.6666666666666665,Western Europe,Subset: Economic Opportunity
-700.0,-600.0,3.4444444444444446,4.0,3.0,3.941348439444398,2.9475404494444915,Western Europe,Subset: Economic Opportunity
-600.0,-500.0,3.7222222222222223,4.0,3.0,4.280548645617827,3.1638957988266174,Western Europe,Subset: Economic Opportunity
-500.0,-400.0,4.388888888888889,5.0,4.0,4.876386910410674,3.901390867367105,Western Europe,Subset: Economic Opportunity
-400.0,-300.0,5.111111111111111,6.0,5.0,5.677668834843642,4.5445533873785795,Western Europe,Subset: Economic Opportunity
-300.0,-200.0,6.055555555555555,6.279999999999999,6.0,6.579665618447589,5.531445492663522,Western Europe,Subset: Economic Opportunity
-200.0,-100.0,6.777777777777778,7.0,6.0,7.193517487419327,6.362038068136228,Western Europe,Subset: Economic Opportunity
-100.0,0.0,7.0,7.0,7.0,7.0,7.0,Western Europe,Subset: Economic Opportunity
0.0,100.0,6.722222222222222,7.0,6.0,7.170125430461031,6.274319013983414,Western Europe,Subset: Economic Opportunity
100.0,200.0,6.111111111111111,7.0,5.0,6.8481388423012,5.3740833799210215,Western Europe,Subset: Economic Opportunity
200.0,300.0,4.833333333333333,5.0,4.0,5.333333333333333,4.333333333333333,Western Europe,Subset: Economic Opportunity
300.0,400.0,4.333333333333333,5.0,4.0,4.804737854124364,3.8619288125423017,Western Europe,Subset: Economic Opportunity
400.0,500.0,2.888888888888889,3.0,3.0,3.203158569416243,2.5746192083615345,Western Europe,Subset: Economic Opportunity
500.0,600.0,2.888888888888889,3.0,3.0,3.203158569416243,2.5746192083615345,Western Europe,Subset: Economic Opportunity
600.0,700.0,3.3333333333333335,4.0,3.0,3.8047378541243657,2.8619288125423017,Western Europe,Subset: Economic Opportunity
700.0,800.0,4.388888888888889,5.0,4.0,4.876386910410674,3.901390867367105,Western Europe,Subset: Economic Opportunity
800.0,900.0,4.444444444444445,5.0,4.0,5.0427960896816115,3.8460927992072778,Western Europe,Subset: Economic Opportunity
900.0,1000.0,3.2777777777777777,4.0,3.0,3.7256809860165863,2.829874569538969,Western Europe,Subset: Economic Opportunity
1000.0,1100.0,4.5,5.0,4.0,5.0,4.0,Western Europe,Subset: Economic Opportunity
1100.0,1200.0,5.555555555555555,6.0,5.0,6.0524595505555085,5.058651560555602,Western Europe,Subset: Economic Opportunity
1200.0,1300.0,6.166666666666667,7.0,6.0,6.666666666666667,5.666666666666667,Western Europe,Subset: Economic Opportunity
1300.0,1400.0,3.7777777777777777,4.0,3.0,4.310647947034747,3.244907608520809,Western Europe,Subset: Economic Opportunity
1400.0,1500.0,5.166666666666667,6.0,5.0,5.767591879243998,4.565741454089336,Western Europe,Subset: Economic Opportunity
1500.0,1600.0,6.0,6.0,6.0,6.333333333333333,5.666666666666667,Western Europe,Subset: Economic Opportunity
1600.0,1700.0,5.166666666666667,6.0,5.0,5.666666666666667,4.666666666666667,Western Europe,Subset: Economic Opportunity
1700.0,1800.0,6.055555555555555,6.0,6.0,6.460006104960028,5.651105006151083,Western Europe,Subset: Economic Opportunity
1800.0,1900.0,7.111111111111111,7.0,7.0,7.4253807916384655,6.796841430583756,Western Europe,Subset: Economic Opportunity
1900.0,2000.0,7.611111111111111,8.0,7.0,8.098609132632895,7.123613089589326,Western Europe,Subset: Economic Opportunity
2000.0,2025.0,8.11111111111111,8.0,8.0,8.425380791638466,7.796841430583756,Western Europe,Subset: Economic Opportunity
-1000.0,-900.0,3.5555555555555554,4.0,3.0,4.153907200792722,2.9572039103183885,Western Europe,Subset: Equality
-900.0,-800.0,3.5,4.0,3.0,4.100925212577332,2.899074787422669,Western Europe,Subset: Equality
-800.0,-700.0,3.388888888888889,4.0,3.0,3.9794525451519247,2.798325232625853,Western Europe,Subset: Equality
-700.0,-600.0,3.2777777777777777,4.0,3.0,3.8361042011733826,2.719451354382173,Western Europe,Subset: Equality
-600.0,-500.0,3.2222222222222223,4.0,3.0,3.755092391479191,2.6893520529652535,Western Europe,Subset: Equality
-500.0,-400.0,3.4444444444444446,4.0,3.0,4.206183844489005,2.682705044399884,Western Europe,Subset: Equality
-400.0,-300.0,3.5555555555555554,4.0,3.0,4.240490444774331,2.87062066633678,Western Europe,Subset: Equality
-300.0,-200.0,4.0,5.0,3.0,4.74535599249993,3.25464400750007,Western Europe,Subset: Equality
-200.0,-100.0,4.055555555555555,5.0,3.0,5.081454739589966,3.0296563715211446,Western Europe,Subset: Equality
-100.0,0.0,3.888888888888889,5.0,3.0,4.825127752575151,2.952650025202627,Western Europe,Subset: Equality
0.0,100.0,3.888888888888889,5.0,3.0,4.825127752575151,2.952650025202627,Western Europe,Subset: Equality
100.0,200.0,3.5555555555555554,4.279999999999999,3.0,4.387034974838653,2.7240761362724575,Western Europe,Subset: Equality
200.0,300.0,3.0,4.0,2.0,3.6666666666666665,2.3333333333333335,Western Europe,Subset: Equality
300.0,400.0,2.9444444444444446,3.0,2.72,3.4685545073364783,2.420334381552411,Western Europe,Subset: Equality
400.0,500.0,2.0555555555555554,2.0,2.0,2.4600061049600286,1.651105006151082,Western Europe,Subset: Equality
500.0,600.0,2.0555555555555554,2.0,2.0,2.4600061049600286,1.651105006151082,Western Europe,Subset: Equality
600.0,700.0,2.7777777777777777,3.0,2.72,3.3106479470347465,2.244907608520809,Western Europe,Subset: Equality
700.0,800.0,3.3333333333333335,4.0,3.0,3.910683602522959,2.755983064143708,Western Europe,Subset: Equality
800.0,900.0,3.1666666666666665,3.2799999999999994,3.0,3.5393446629166316,2.7939886704167014,Western Europe,Subset: Equality
900.0,1000.0,2.3333333333333335,3.0,2.0,2.8047378541243653,1.8619288125423017,Western Europe,Subset: Equality
1000.0,1100.0,3.0,3.0,3.0,3.3333333333333335,2.6666666666666665,Western Europe,Subset: Equality
1100.0,1200.0,3.611111111111111,4.0,3.0,4.0986091326328955,3.123613089589327,Western Europe,Subset: Equality
1200.0,1300.0,3.4444444444444446,4.0,3.0,3.941348439444398,2.9475404494444915,Western Europe,Subset: Equality
1300.0,1400.0,3.6666666666666665,4.0,3.0,4.333333333333333,3.0,Western Europe,Subset: Equality
1400.0,1500.0,3.611111111111111,4.0,3.0,4.0986091326328955,3.123613089589327,Western Europe,Subset: Equality
1500.0,1600.0,3.388888888888889,4.0,3.0,3.876386910410673,2.9013908673671045,Western Europe,Subset: Equality
1600.0,1700.0,2.9444444444444446,3.0,3.0,3.348894993848918,2.5399938950399714,Western Europe,Subset: Equality
1700.0,1800.0,4.055555555555555,4.0,4.0,4.284616979200981,3.8264941319101298,Western Europe,Subset: Equality
1800.0,1900.0,3.4444444444444446,4.0,3.0,3.941348439444398,2.9475404494444915,Western Europe,Subset: Equality
1900.0,2000.0,5.444444444444445,6.0,5.0,5.941348439444398,4.9475404494444915,Western Europe,Subset: Equality
2000.0,2025.0,6.888888888888889,7.0,7.0,7.203158569416244,6.5746192083615345,Western Europe,Subset: Equality
-1000.0,-900.0,2.3333333333333335,3.0,2.0,2.8047378541243653,1.8619288125423017,Western Europe,Subset: Freedom
-900.0,-800.0,2.3333333333333335,3.0,2.0,2.8047378541243653,1.8619288125423017,Western Europe,Subset: Freedom
-800.0,-700.0,2.5,3.0,2.0,3.0,2.0,Western Europe,Subset: Freedom
-700.0,-600.0,2.5555555555555554,3.0,2.0,3.0524595505555085,2.058651560555602,Western Europe,Subset: Freedom
-600.0,-500.0,2.7777777777777777,3.0,2.0,3.1935174874193266,2.3620380681362287,Western Europe,Subset: Freedom
-500.0,-400.0,3.111111111111111,4.0,2.72,3.7684533092332906,2.4537689129889317,Western Europe,Subset: Freedom
-400.0,-300.0,3.4444444444444446,4.0,3.0,4.206183844489005,2.682705044399884,Western Europe,Subset: Freedom
-300.0,-200.0,4.111111111111111,5.0,3.72,4.920012209920057,3.3022100123021643,Western Europe,Subset: Freedom
-200.0,-100.0,4.444444444444445,5.0,3.72,5.340250860922062,3.548638027966828,Western Europe,Subset: Freedom
-100.0,0.0,4.5,5.0,4.0,5.333333333333333,3.6666666666666665,Western Europe,Subset: Freedom
0.0,100.0,4.388888888888889,5.0,4.0,5.067030867540762,3.7107469102370167,Western Europe,Subset: Freedom
100.0,200.0,3.888888888888889,5.0,3.0,4.937109014672956,2.840668763104822,Western Europe,Subset: Freedom
200.0,300.0,2.7777777777777777,4.0,2.0,3.6312384164298455,1.92431713912571,Western Europe,Subset: Freedom
300.0,400.0,2.6666666666666665,3.0,2.0,3.244016935856292,2.089316397477041,Western Europe,Subset: Freedom
400.0,500.0,1.6111111111111112,2.0,1.0,2.0986091326328955,1.1236130895893266,Western Europe,Subset: Freedom
500.0,600.0,1.6666666666666667,2.0,1.0,2.1380711874576983,1.195262145875635,Western Europe,Subset: Freedom
600.0,700.0,2.611111111111111,3.0,2.0,3.0986091326328955,2.123613089589327,Western Europe,Subset: Freedom
700.0,800.0,3.611111111111111,4.0,3.0,4.0986091326328955,3.123613089589327,Western Europe,Subset: Freedom
800.0,900.0,3.3333333333333335,4.0,2.72,4.149829914261059,2.5168367524056077,Western Europe,Subset: Freedom
900.0,1000.0,2.2222222222222223,3.0,2.0,2.755092391479191,1.6893520529652537,Western Europe,Subset: Freedom
1000.0,1100.0,3.3333333333333335,4.0,3.0,3.910683602522959,2.755983064143708,Western Europe,Subset: Freedom
1100.0,1200.0,4.166666666666667,5.0,3.72,4.853850937602943,3.47948239573039,Western Europe,Subset: Freedom
1200.0,1300.0,4.333333333333333,5.0,3.72,5.215250437021529,3.4514162296451363,Western Europe,Subset: Freedom
1300.0,1400.0,2.8333333333333335,3.0,2.0,3.3333333333333335,2.3333333333333335,Western Europe,Subset: Freedom
1400.0,1500.0,4.111111111111111,5.0,3.72,4.768453309233291,3.453768912988931,Western Europe,Subset: Freedom
1500.0,1600.0,4.555555555555555,5.0,4.0,5.240490444774331,3.87062066633678,Western Europe,Subset: Freedom
1600.0,1700.0,3.111111111111111,3.2799999999999994,3.0,3.5692339584019623,2.65298826382026,Western Europe,Subset: Freedom
1700.0,1800.0,4.888888888888889,5.279999999999999,4.0,5.6259166200789785,4.1518611576988,Western Europe,Subset: Freedom
1800.0,1900.0,5.388888888888889,6.0,5.0,6.067030867540762,4.710746910237017,Western Europe,Subset: Freedom
1900.0,2000.0,6.611111111111111,7.0,6.0,7.0986091326328955,6.123613089589326,Western Europe,Subset: Freedom
2000.0,2025.0,8.222222222222221,9.0,8.0,8.63796193186377,7.806482512580672,Western Europe,Subset: Freedom
-1000.0,-900.0,3.1666666666666665,3.2799999999999994,3.0,3.5393446629166316,2.7939886704167014,Western Europe,Subset: Health & Wellbeing
-900.0,-800.0,3.1666666666666665,3.2799999999999994,3.0,3.5393446629166316,2.7939886704167014,Western Europe,Subset: Health & Wellbeing
-800.0,-700.0,3.2222222222222223,4.0,3.0,3.6379619318637713,2.8064825125806734,Western Europe,Subset: Health & Wellbeing
-700.0,-600.0,3.4444444444444446,4.0,3.0,3.941348439444398,2.9475404494444915,Western Europe,Subset: Health & Wellbeing
-600.0,-500.0,3.611111111111111,4.0,3.0,4.201674767374147,3.0205474548480753,Western Europe,Subset: Health & Wellbeing
-500.0,-400.0,4.388888888888889,5.0,4.0,4.979452545151926,3.798325232625853,Western Europe,Subset: Health & Wellbeing
-400.0,-300.0,5.0,6.0,4.0,5.666666666666667,4.333333333333333,Western Europe,Subset: Health & Wellbeing
-300.0,-200.0,5.777777777777778,6.0,5.0,6.489236026381428,5.066319529174128,Western Europe,Subset: Health & Wellbeing
-200.0,-100.0,6.5,7.0,6.0,7.100925212577332,5.899074787422668,Western Europe,Subset: Health & Wellbeing
-100.0,0.0,6.833333333333333,7.0,6.720000000000001,7.206011329583298,6.460655337083368,Western Europe,Subset: Health & Wellbeing
0.0,100.0,6.666666666666667,7.0,6.0,7.138071187457698,6.195262145875636,Western Europe,Subset: Health & Wellbeing
100.0,200.0,6.111111111111111,7.0,5.720000000000001,6.768453309233291,5.453768912988931,Western Europe,Subset: Health & Wellbeing
200.0,300.0,4.611111111111111,5.0,4.0,5.289253089762983,3.932969132459238,Western Europe,Subset: Health & Wellbeing
300.0,400.0,4.5,5.0,4.0,5.0,4.0,Western Europe,Subset: Health & Wellbeing
400.0,500.0,3.2777777777777777,4.0,3.0,3.7256809860165863,2.829874569538969,Western Europe,Subset: Health & Wellbeing
500.0,600.0,3.2222222222222223,4.0,3.0,3.6379619318637713,2.8064825125806734,Western Europe,Subset: Health & Wellbeing
600.0,700.0,3.5555555555555554,4.0,3.0,4.0524595505555085,3.058651560555602,Western Europe,Subset: Health & Wellbeing
700.0,800.0,4.555555555555555,5.0,4.0,5.0524595505555085,4.058651560555602,Western Europe,Subset: Health & Wellbeing
800.0,900.0,4.444444444444445,5.0,4.0,5.12937933366322,3.7595095552256694,Western Europe,Subset: Health & Wellbeing
900.0,1000.0,3.5555555555555554,4.0,3.0,4.0524595505555085,3.058651560555602,Western Europe,Subset: Health & Wellbeing
1000.0,1100.0,4.611111111111111,5.0,4.0,5.0986091326328955,4.123613089589326,Western Europe,Subset: Health & Wellbeing
1100.0,1200.0,5.5,6.0,5.0,6.0,5.0,Western Europe,Subset: Health & Wellbeing
1200.0,1300.0,5.666666666666667,6.0,5.0,6.138071187457698,5.195262145875636,Western Europe,Subset: Health & Wellbeing
1300.0,1400.0,2.0555555555555554,2.0,2.0,2.284616979200981,1.8264941319101295,Western Europe,Subset: Health & Wellbeing
1400.0,1500.0,4.333333333333333,5.0,4.0,4.910683602522958,3.7559830641437073,Western Europe,Subset: Health & Wellbeing
1500.0,1600.0,5.166666666666667,6.0,5.0,5.666666666666667,4.666666666666667,Western Europe,Subset: Health & Wellbeing
1600.0,1700.0,4.277777777777778,5.0,4.0,4.928038883928868,3.627516671626688,Western Europe,Subset: Health & Wellbeing
1700.0,1800.0,5.277777777777778,6.0,5.0,5.836104201173383,4.719451354382173,Western Europe,Subset: Health & Wellbeing
1800.0,1900.0,5.666666666666667,6.0,5.0,6.333333333333334,5.0,Western Europe,Subset: Health & Wellbeing
1900.0,2000.0,7.055555555555555,7.0,7.0,7.284616979200981,6.826494131910129,Western Europe,Subset: Health & Wellbeing
2000.0,2025.0,8.055555555555555,8.0,8.0,8.284616979200981,7.826494131910129,Western Europe,Subset: Health & Wellbeing
-1000.0,-900.0,5.722222222222222,7.0,4.720000000000001,6.817949051295335,4.62649539314911,Western Europe,Subset: Peace
-900.0,-800.0,5.666666666666667,6.279999999999999,4.720000000000001,6.720759220056127,4.612574113277207,Western Europe,Subset: Peace
-800.0,-700.0,5.333333333333333,6.0,4.0,6.438874930118466,4.2277917365482,Western Europe,Subset: Peace
-700.0,-600.0,4.944444444444445,6.0,4.720000000000001,6.023138213274867,3.8657506756140223,Western Europe,Subset: Peace
-600.0,-500.0,4.944444444444445,6.0,4.0,6.023138213274867,3.8657506756140223,Western Europe,Subset: Peace
-500.0,-400.0,4.888888888888889,6.0,3.72,5.937109014672956,3.8406687631048224,Western Europe,Subset: Peace
-400.0,-300.0,5.0,6.0,4.0,6.1547005383792515,3.845299461620749,Western Europe,Subset: Peace
-300.0,-200.0,6.222222222222222,7.0,4.720000000000001,7.536906618466581,4.9075378259778635,Western Europe,Subset: Peace
-200.0,-100.0,7.0,8.0,7.0,8.0,6.0,Western Europe,Subset: Peace
-100.0,0.0,6.888888888888889,7.0,6.720000000000001,7.546231087011069,6.231546690766709,Western Europe,Subset: Peace
0.0,100.0,6.444444444444445,7.0,5.720000000000001,7.206183844489005,5.682705044399884,Western Europe,Subset: Peace
100.0,200.0,5.555555555555555,6.279999999999999,4.720000000000001,6.621295894069493,4.489815217041618,Western Europe,Subset: Peace
200.0,300.0,3.5555555555555554,4.0,3.0,4.0524595505555085,3.058651560555602,Western Europe,Subset: Peace
300.0,400.0,3.2777777777777777,4.0,3.0,3.8361042011733826,2.719451354382173,Western Europe,Subset: Peace
400.0,500.0,2.2777777777777777,3.0,2.0,2.8361042011733826,1.7194513543821728,Western Europe,Subset: Peace
500.0,600.0,2.9444444444444446,3.2799999999999994,2.0,3.5655744381943864,2.323314450694503,Western Europe,Subset: Peace
600.0,700.0,3.888888888888889,4.0,3.0,4.4554466126214205,3.322331165156357,Western Europe,Subset: Peace
700.0,800.0,5.277777777777778,6.0,5.0,5.836104201173383,4.719451354382173,Western Europe,Subset: Peace
800.0,900.0,4.0,5.279999999999999,3.0,5.105541596785134,2.8944584032148666,Western Europe,Subset: Peace
900.0,1000.0,2.9444444444444446,3.0,3.0,3.348894993848918,2.5399938950399714,Western Europe,Subset: Peace
1000.0,1100.0,4.722222222222222,5.0,4.0,5.372483328373312,4.071961116071132,Western Europe,Subset: Peace
1100.0,1200.0,5.111111111111111,6.0,4.0,6.104919101111017,4.117303121111204,Western Europe,Subset: Peace
1200.0,1300.0,5.055555555555555,6.0,4.0,6.134249324385977,3.9768617867251335,Western Europe,Subset: Peace
1300.0,1400.0,3.7222222222222223,4.0,3.0,4.170125430461031,3.2743190139834137,Western Europe,Subset: Peace
1400.0,1500.0,4.5,5.0,3.72,5.263762615825973,3.736237384174027,Western Europe,Subset: Peace
1500.0,1600.0,3.4444444444444446,4.0,3.0,4.12937933366322,2.7595095552256694,Western Europe,Subset: Peace
1600.0,1700.0,2.111111111111111,2.0,2.0,2.4253807916384655,1.7968414305837568,Western Europe,Subset: Peace
1700.0,1800.0,3.388888888888889,4.0,3.0,3.876386910410673,2.9013908673671045,Western Europe,Subset: Peace
1800.0,1900.0,4.5,5.0,4.0,5.187184270936276,3.8128157290637232,Western Europe,Subset: Peace
1900.0,2000.0,5.388888888888889,6.0,5.0,5.979452545151926,4.798325232625853,Western Europe,Subset: Peace
2000.0,2025.0,7.444444444444445,8.0,7.0,7.941348439444398,6.9475404494444915,Western Europe,Subset: Peace
-1000.0,-900.0,6144444.444444444,10000000.0,2804000.0,11043449.13045774,1245439.7584311469,Western Europe,Subset: Population
-900.0,-800.0,6711111.111111111,11000000.0,3004000.0,11862366.50167033,1559855.7205518903,Western Europe,Subset: Population
-800.0,-700.0,7283333.333333333,12000000.0,3276000.0,12687575.49420412,1879091.172462548,Western Europe,Subset: Population
-700.0,-600.0,7855555.555555556,13000000.0,3548000.0,13516554.900216084,2194556.210895029,Western Europe,Subset: Population
-600.0,-500.0,8422222.222222222,14000000.0,3748000.0,14347362.216401031,2497082.228043411,Western Europe,Subset: Population
-500.0,-400.0,9016666.666666666,15000000.0,3948000.0,15216868.276291952,2816465.0570413787,Western Europe,Subset: Population
-400.0,-300.0,9638888.888888888,16000000.0,4220000.0,16091290.585491557,3186487.192286219,Western Europe,Subset: Population
-300.0,-200.0,10288888.888888888,17000000.0,4576000.0,16981412.818110947,3596364.9596668286,Western Europe,Subset: Population
-200.0,-100.0,10950000.0,18000000.0,5004000.0,17876218.304385155,4023781.695614842,Western Europe,Subset: Population
-100.0,0.0,11783333.333333334,20000000.0,5360000.0,19156577.00367424,4410089.662992429,Western Europe,Subset: Population
0.0,100.0,12561111.111111112,22000000.0,5716000.0,20298332.75492048,4823889.467301746,Western Europe,Subset: Population
100.0,200.0,13033333.333333334,23000000.0,6000000.0,21056009.528552316,5010657.138114352,Western Europe,Subset: Population
200.0,300.0,12750000.0,22000000.0,6200000.0,20747100.168880664,4752899.831119338,Western Europe,Subset: Population
300.0,400.0,12122222.222222222,21000000.0,6288000.0,19776673.037529,4467771.406915443,Western Europe,Subset: Population
400.0,500.0,10066666.666666666,15839999.999999998,5580000.0,16508974.741676224,3624358.5916571096,Western Europe,Subset: Population
500.0,600.0,8833333.333333334,14839999.999999998,5080000.0,14262165.824967444,3404500.841699224,Western Europe,Subset: Population
600.0,700.0,8911111.111111112,14399999.999999996,5280000.0,14516256.454542238,3305965.7676799847,Western Europe,Subset: Population
700.0,800.0,9527777.777777778,15399999.999999996,5580000.0,15383620.591731068,3671934.963824488,Western Europe,Subset: Population
800.0,900.0,9977777.777777778,16399999.999999996,5608000.0,16117317.713089213,3838237.8424663423,Western Europe,Subset: Population
900.0,1000.0,9405555.555555556,15119999.999999998,5636000.0,15260702.600129263,3550408.5109818457,Western Europe,Subset: Population
1000.0,1100.0,10172222.222222222,16840000.0,6080000.0,16430088.876420632,3914355.568023812,Western Europe,Subset: Population
1100.0,1200.0,11405555.555555556,19119999.999999996,6580000.0,18286242.877668902,4524868.233442207,Western Europe,Subset: Population
1200.0,1300.0,12694444.444444444,21399999.999999996,7080000.0,20428099.051436335,4960789.837452552,Western Europe,Subset: Population
1300.0,1400.0,11800000.0,20119999.999999996,6664000.0,19161310.269842517,4438689.730157484,Western Europe,Subset: Population
1400.0,1500.0,11883333.333333334,19959999.999999996,6780000.0,19388831.3181442,4377835.348522466,Western Europe,Subset: Population
1500.0,1600.0,13000000.0,21959999.999999996,7080000.0,21166666.666666668,4833333.333333333,Western Europe,Subset: Population
1600.0,1700.0,13666666.666666666,22959999.999999996,7292000.0,22198762.931165017,5134570.402168317,Western Europe,Subset: Population
1700.0,1800.0,14833333.333333334,24959999.999999996,7720000.0,24040818.21128876,5625848.455377912,Western Europe,Subset: Population
1800.0,1900.0,22250000.0,36400000.0,13040000.000000002,33874029.230673656,10625970.769326344,Western Europe,Subset: Population
1900.0,2000.0,38861111.11111111,41400000.0,24400000.000000004,62132341.296062395,15589880.926159829,Western Europe,Subset: Population
2000.0,2025.0,44333333.333333336,45000000.0,32160000.000000007,71099813.19984631,17566853.466820363,Western Europe,Subset: Population
